modality,resnet18_val_success,simplecnn_val_success,delta_abs_points
RGB,0.6768642447418739,0.2028893137879753,0.4739749309538986
RGB-D,0.6541321436158912,0.378585086042065,0.27554705757382625
