index,wall_time,sim_time_ns,object_x,object_y,object_z,tcp_x,tcp_y,tcp_z,dist_tcp_object,attached_state,object_disp_from_start,tcp_disp_from_start,object_step,tcp_step,anomaly_detached_object_motion,anomaly_far_attached,anomaly_object_moves_more_than_tcp
0,1773732636.8846273,1773732636884630268,,,,,,,,,,,,,False,False,False
1,1773732636.934276,1773732636934278369,,,,,,,,,,,,,False,False,False
2,1773732636.984299,1773732636984301278,,,,,,,,,,,,,False,False,False
3,1773732637.0342774,1773732637034279358,,,,,,,,,,,,,False,False,False
4,1773732637.0843892,1773732637084390547,,,,,,,,,,,,,False,False,False
5,1773732637.1342597,1773732637134261377,,,,,,,,,,,,,False,False,False
6,1773732637.1842508,1773732637184254137,,,,,,,,,,,,,False,False,False
7,1773732637.2343173,1773732637234320176,,,,,,,,,,,,,False,False,False
8,1773732637.284242,1773732637284243816,,,,,,,,,,,,,False,False,False
9,1773732637.3342183,1773732637334219955,,,,,,,,,,,,,False,False,False
10,1773732637.384238,1773732637384240235,,,,,,,,,,,,,False,False,False
11,1773732637.4342508,1773732637434252825,,,,,,,,,,,,,False,False,False
12,1773732637.4842448,1773732637484246754,,,,,,,,,,,,,False,False,False
13,1773732637.5342164,1773732637534218104,,,,,,,,,,,,,False,False,False
14,1773732637.584262,1773732637584265673,,,,,,,,,,,,,False,False,False
15,1773732637.634253,1773732637634255103,,,,,,,,,,,,,False,False,False
16,1773732637.6842892,1773732637684291842,,,,,,,,,,,,,False,False,False
17,1773732637.7345626,1773732637734564570,,,,,,,,,,,,,False,False,False
18,1773732637.7842345,1773732637784236001,,,,,,,,,,,,,False,False,False
19,1773732637.8342483,1773732637834249901,,,,,,,,,,,,,False,False,False
20,1773732637.8842528,1773732637884254851,,,,,,,,,,,,,False,False,False
21,1773732637.9342508,1773732637934252520,,,,,,,,,,,,,False,False,False
22,1773732637.9842434,1773732637984245649,,,,,,,,,,,,,False,False,False
23,1773732638.0343223,1773732638034324099,,,,,,,,,,,,,False,False,False
24,1773732638.084211,1773732638084212809,,,,,,,,,,,,,False,False,False
25,1773732638.1342351,1773732638134236488,,,,,,,,,,,,,False,False,False
26,1773732638.1842403,1773732638184241968,,,,,,,,,,,,,False,False,False
27,1773732638.2342587,1773732638234261917,,,,,,,,,,,,,False,False,False
28,1773732638.2842133,1773732638284215047,,,,,,,,,,,,,False,False,False
29,1773732638.3342395,1773732638334241106,,,,,,,,,,,,,False,False,False
30,1773732638.384251,1773732638384253056,,,,,,,,,,,,,False,False,False
31,1773732638.4343753,1773732638434376865,,,,,,,,,,,,,False,False,False
32,1773732638.4842486,1773732638484251685,,,,,,,,,,,,,False,False,False
33,1773732638.5342515,1773732638534253235,,,,,,,,,,,,,False,False,False
34,1773732638.5843232,1773732638584325374,,,,,,,,,,,,,False,False,False
35,1773732638.6342425,1773732638634244393,,,,,,,,,,,,,False,False,False
36,1773732638.684242,1773732638684243593,,,,,,,,,,,,,False,False,False
37,1773732638.7342353,1773732638734237243,,,,,,,,,,,,,False,False,False
38,1773732638.7842445,1773732638784246502,,,,,,,,,,,,,False,False,False
39,1773732638.8342502,1773732638834252082,,,,,,,,,,,,,False,False,False
40,1773732638.8843062,1773732638884308811,,,,,,,,,,,,,False,False,False
41,1773732638.9342587,1773732638934260811,,,,,,,,,,,,,False,False,False
42,1773732638.9842896,1773732638984292200,,,,,,,,,,,,,False,False,False
43,1773732639.0342424,1773732639034244060,,,,,,,,,,,,,False,False,False
44,1773732639.0842528,1773732639084255209,,,,,,,,,,,,,False,False,False
45,1773732639.1342363,1773732639134238379,,,,,,,,,,,,,False,False,False
46,1773732639.1842384,1773732639184240449,,,,,,,,,,,,,False,False,False
47,1773732639.2342372,1773732639234239288,,,,,,,,,,,,,False,False,False
48,1773732639.284332,1773732639284334847,,,,,,,,,,,,,False,False,False
49,1773732639.3342154,1773732639334217417,,,,,,,,,,,,,False,False,False
50,1773732639.3842502,1773732639384252467,,,,,,,,,,,,,False,False,False
51,1773732639.434254,1773732639434256976,,,,,,,,,,,,,False,False,False
52,1773732639.484569,1773732639484573384,,,,,,,,,,,,,False,False,False
53,1773732639.5343156,1773732639534317885,,,,,,,,,,,,,False,False,False
54,1773732639.5843012,1773732639584303134,,,,,,,,,,,,,False,False,False
55,1773732639.6343215,1773732639634323424,,,,,,,,,,,,,False,False,False
56,1773732639.6842575,1773732639684260314,,,,,,,,,,,,,False,False,False
57,1773732639.7342448,1773732639734247233,,,,,,,,,,,,,False,False,False
58,1773732639.784242,1773732639784244282,,,,,,,,,,,,,False,False,False
59,1773732639.8342495,1773732639834251602,,,,,,,,,,,,,False,False,False
60,1773732639.8842435,1773732639884245011,,,,,,,,,,,,,False,False,False
61,1773732639.9342523,1773732639934253741,,,,,,,,,,,,,False,False,False
62,1773732639.9843123,1773732639984314050,,,,,,,,,,,,,False,False,False
63,1773732640.0342436,1773732640034245429,,,,,,,,,,,,,False,False,False
64,1773732640.0842524,1773732640084253889,,,,,,,,,,,,,False,False,False
65,1773732640.1342392,1773732640134241009,,,,,,,,,,,,,False,False,False
66,1773732640.184275,1773732640184276948,,,,,,,,,,,,,False,False,False
67,1773732640.2342281,1773732640234229858,,,,,,,,,,,,,False,False,False
68,1773732640.2842994,1773732640284302837,,,,,,,,,,,,,False,False,False
69,1773732640.3342528,1773732640334255137,,,,,,,,,,,,,False,False,False
70,1773732640.3842416,1773732640384243677,,,,,,,,,,,,,False,False,False
71,1773732640.43428,1773732640434282686,,,,,,,,,,,,,False,False,False
72,1773732640.4842432,1773732640484245175,,,,,,,,,,,,,False,False,False
73,1773732640.5342467,1773732640534248355,,,,,,,,,,,,,False,False,False
74,1773732640.58424,1773732640584241955,,,,,,,,,,,,,False,False,False
75,1773732640.634229,1773732640634231014,,,,,,,,,,,,,False,False,False
76,1773732640.6842332,1773732640684235124,,,,,,,,,,,,,False,False,False
77,1773732640.7343132,1773732640734315723,,,,,,,,,,,,,False,False,False
78,1773732640.7842634,1773732640784265723,,,,,,,,,,,,,False,False,False
79,1773732640.8342948,1773732640834296572,,,,,,,,,,,,,False,False,False
80,1773732640.8842785,1773732640884283152,,,,,,,,,,,,,False,False,False
81,1773732640.9342418,1773732640934244481,,,,,,,,,,,,,False,False,False
82,1773732640.984318,1773732640984322141,,,,,,,,,,,,,False,False,False
83,1773732641.0342407,1773732641034243471,,,,,,,,,,,,,False,False,False
84,1773732641.0843663,1773732641084370499,,,,,,,,,,,,,False,False,False
85,1773732641.134465,1773732641134471019,,,,,,,,,,,,,False,False,False
86,1773732641.1845016,1773732641184505678,,,,,,,,,,,,,False,False,False
87,1773732641.2344186,1773732641234423328,,,,,,,,,,,,,False,False,False
88,1773732641.2844174,1773732641284420978,,,,,,,,,,,,,False,False,False
89,1773732641.334305,1773732641334308288,,,,,,,,,,,,,False,False,False
90,1773732641.3842497,1773732641384251797,,,,,,,,,,,,,False,False,False
91,1773732641.4342518,1773732641434253527,,,,,,,,,,,,,False,False,False
92,1773732641.4843128,1773732641484314456,,,,,,,,,,,,,False,False,False
93,1773732641.534238,1773732641534239956,,,,,,,,,,,,,False,False,False
94,1773732641.5842407,1773732641584242906,,,,,,,,,,,,,False,False,False
95,1773732641.6342452,1773732641634247285,,,,,,,,,,,,,False,False,False
96,1773732641.6842532,1773732641684256514,,,,,,,,,,,,,False,False,False
97,1773732641.7342377,1773732641734239654,,,,,,,,,,,,,False,False,False
98,1773732641.7842555,1773732641784257514,,,,,,,,,,,,,False,False,False
99,1773732641.8343408,1773732641834343073,,,,,,,,,,,,,False,False,False
100,1773732641.884422,1773732641884424282,,,,,,,,,,,,,False,False,False
101,1773732641.9343388,1773732641934341882,,,,,,,,,,,,,False,False,False
102,1773732641.984304,1773732641984306472,,,,,,,,,,,,,False,False,False
103,1773732642.0342524,1773732642034254442,,,,,,,,,,,,,False,False,False
104,1773732642.0842423,1773732642084244041,,,,,,,,,,,,,False,False,False
105,1773732642.1342354,1773732642134237181,,,,,,,,,,,,,False,False,False
106,1773732642.1842325,1773732642184234440,,,,,,,,,,,,,False,False,False
107,1773732642.2342358,1773732642234237340,,,,,,,,,,,,,False,False,False
108,1773732642.2842278,1773732642284229739,,,,,,,,,,,,,False,False,False
109,1773732642.3343024,1773732642334304319,,,,,,,,,,,,,False,False,False
110,1773732642.3842657,1773732642384275568,,,,,,,,,,,,,False,False,False
111,1773732642.4342632,1773732642434265498,,,,,,,,,,,,,False,False,False
112,1773732642.4842613,1773732642484265658,,,,,,,,,,,,,False,False,False
113,1773732642.5342607,1773732642534264057,,,,,,,,,,,,,False,False,False
114,1773732642.5843182,1773732642584319956,,,,,,,,,,,,,False,False,False
115,1773732642.6342957,1773732642634297866,,,,,,,,,,,,,False,False,False
116,1773732642.6842248,1773732642684226356,,,,,,,,,,,,,False,False,False
117,1773732642.734434,1773732642734435804,,,,,,,,,,,,,False,False,False
118,1773732642.7842197,1773732642784221055,,,,,,,,,,,,,False,False,False
119,1773732642.8343308,1773732642834335154,,,,,,,,,,,,,False,False,False
120,1773732642.884219,1773732642884220864,,,,,,,,,,,,,False,False,False
121,1773732642.9342422,1773732642934244174,,,,,,,,,,,,,False,False,False
122,1773732642.9842098,1773732642984211093,,,,,,,,,,,,,False,False,False
123,1773732643.0343394,1773732643034341062,,,,,,,,,,,,,False,False,False
124,1773732643.084221,1773732643084222582,,,,,,,,,,,,,False,False,False
125,1773732643.134281,1773732643134284082,,,,,,,,,,,,,False,False,False
126,1773732643.1842551,1773732643184257351,,,,,,,,,,,,,False,False,False
127,1773732643.2342875,1773732643234289451,,,,,,,,,,,,,False,False,False
128,1773732643.2842407,1773732643284242100,,,,,,,,,,,,,False,False,False
129,1773732643.3342435,1773732643334245280,,,,,,,,,,,,,False,False,False
130,1773732643.3843257,1773732643384328159,,,,,,,,,,,,,False,False,False
131,1773732643.4342377,1773732643434239799,,,,,,,,,,,,,False,False,False
132,1773732643.4842744,1773732643484278248,,,,,,,,,,,,,False,False,False
133,1773732643.534248,1773732643534249998,,,,,,,,,,,,,False,False,False
134,1773732643.5842378,1773732643584239598,,,,,,,,,,,,,False,False,False
135,1773732643.6343129,1773732643634314727,,,,,,,,,,,,,False,False,False
136,1773732643.6842353,1773732643684237077,,,,,,,,,,,,,False,False,False
137,1773732643.7342386,1773732643734240676,,,,,,,,,,,,,False,False,False
138,1773732643.7846723,1773732643784675664,,,,,,,,,,,,,False,False,False
139,1773732643.8342988,1773732643834300605,,,,,,,,,,,,,False,False,False
140,1773732643.88432,1773732643884321545,,,,,,,,,,,,,False,False,False
141,1773732643.934423,1773732643934429324,,,,,,,,,,,,,False,False,False
142,1773732643.9846098,1773732643984618962,,,,,,,,,,,,,False,False,False
143,1773732644.0344357,1773732644034439373,,,,,,,,,,,,,False,False,False
144,1773732644.084313,1773732644084317663,,,,,,,,,,,,,False,False,False
145,1773732644.1342878,1773732644134291353,,,,,,,,,,,,,False,False,False
146,1773732644.1843822,1773732644184384072,,,,,,,,,,,,,False,False,False
147,1773732644.2343583,1773732644234361811,,,,,,,,,,,,,False,False,False
148,1773732644.2843506,1773732644284352881,,,,,,,,,,,,,False,False,False
149,1773732644.3342462,1773732644334250031,,,,,,,,,,,,,False,False,False
150,1773732644.3844154,1773732644384418840,,,,,,,,,,,,,False,False,False
151,1773732644.4346378,1773732644434639738,,,,,,,,,,,,,False,False,False
152,1773732644.4843075,1773732644484310889,,,,,,,,,,,,,False,False,False
153,1773732644.5342894,1773732644534292949,,,,,,,,,,,,,False,False,False
154,1773732644.5843232,1773732644584325068,,,,,,,,,,,,,False,False,False
155,1773732644.6342907,1773732644634293118,,,,,,,,,,,,,False,False,False
156,1773732644.6842496,1773732644684251548,,,,,,,,,,,,,False,False,False
157,1773732644.7342525,1773732644734254517,,,,,,,,,,,,,False,False,False
158,1773732644.7842562,1773732644784258237,,,,,,,,,,,,,False,False,False
159,1773732644.834253,1773732644834254987,,,,,,,,,,,,,False,False,False
160,1773732644.8842986,1773732644884300616,,,,,,,,,,,,,False,False,False
161,1773732644.934263,1773732644934264945,,,,,,,,,,,,,False,False,False
162,1773732644.9842484,1773732644984250315,,,,,,,,,,,,,False,False,False
163,1773732645.0343142,1773732645034317764,,,,,,,,,,,,,False,False,False
164,1773732645.084343,1773732645084345814,,,,,,,,,,,,,False,False,False
165,1773732645.1342561,1773732645134257944,,,,,,,,,,,,,False,False,False
166,1773732645.1844227,1773732645184424733,,,,,,,,,,,,,False,False,False
167,1773732645.2342463,1773732645234247973,,,,,,,,,,,,,False,False,False
168,1773732645.284244,1773732645284246033,,,,,,,,,,,,,False,False,False
169,1773732645.3342428,1773732645334244912,,,,,,,,,,,,,False,False,False
170,1773732645.384264,1773732645384265891,,,,,,,,,,,,,False,False,False
171,1773732645.434222,1773732645434224131,,,,,,,,,,,,,False,False,False
172,1773732645.484301,1773732645484305110,,,,,,,,,,,,,False,False,False
173,1773732645.5342894,1773732645534292140,,,,,,,,,,,,,False,False,False
174,1773732645.5842664,1773732645584275810,,,,,,,,,,,,,False,False,False
175,1773732645.6342554,1773732645634257209,,,,,,,,,,,,,False,False,False
176,1773732645.6842568,1773732645684258589,,,,,,,,,,,,,False,False,False
177,1773732645.7342393,1773732645734241059,,,,,,,,,,,,,False,False,False
178,1773732645.7842414,1773732645784243038,,,,,,,,,,,,,False,False,False
179,1773732645.8342383,1773732645834239997,,,,,,,,,,,,,False,False,False
180,1773732645.8842506,1773732645884252867,,,,,,,,,,,,,False,False,False
181,1773732645.9343152,1773732645934317436,,,,,,,,,,,,,False,False,False
182,1773732645.9842534,1773732645984255257,,,,,,,,,,,,,False,False,False
183,1773732646.034286,1773732646034289156,,,,,,,,,,,,,False,False,False
184,1773732646.0842526,1773732646084254195,,,,,,,,,,,,,False,False,False
185,1773732646.13432,1773732646134321945,,,,,,,,,,,,,False,False,False
186,1773732646.1842306,1773732646184232025,,,,,,,,,,,,,False,False,False
187,1773732646.2342932,1773732646234295374,,,,,,,,,,,,,False,False,False
188,1773732646.284246,1773732646284249004,,,,,,,,,,,,,False,False,False
189,1773732646.3343096,1773732646334310843,,,,,,,,,,,,,False,False,False
190,1773732646.384257,1773732646384258423,,,,,,,,,,,,,False,False,False
191,1773732646.4342232,1773732646434225493,,,,,,,,,,,,,False,False,False
192,1773732646.484384,1773732646484388381,,,,,,,,,,,,,False,False,False
193,1773732646.5342395,1773732646534241611,,,,,,,,,,,,,False,False,False
194,1773732646.584241,1773732646584242731,,,,,,,,,,,,,False,False,False
195,1773732646.6342235,1773732646634225341,,,,,,,,,,,,,False,False,False
196,1773732646.6842394,1773732646684241160,,,,,,,,,,,,,False,False,False
197,1773732646.7342649,1773732646734266700,,,,,,,,,,,,,False,False,False
198,1773732646.78432,1773732646784321779,,,,,,,,,,,,,False,False,False
199,1773732646.8346224,1773732646834624537,,,,,,,,,,,,,False,False,False
200,1773732646.8843079,1773732646884312018,,,,,,,,,,,,,False,False,False
201,1773732646.9345083,1773732646934510457,,,,,,,,,,,,,False,False,False
202,1773732646.9842792,1773732646984281748,,,,,,,,,,,,,False,False,False
203,1773732647.0343168,1773732647034319467,,,,,,,,,,,,,False,False,False
204,1773732647.0842957,1773732647084297816,,,,,,,,,,,,,False,False,False
205,1773732647.134293,1773732647134296376,,,,,,,,,,,,,False,False,False
206,1773732647.1842473,1773732647184250086,,,,,,,,,,,,,False,False,False
207,1773732647.2342381,1773732647234239955,,,,,,,,,,,,,False,False,False
208,1773732647.2843175,1773732647284319275,,,,,,,,,,,,,False,False,False
209,1773732647.334357,1773732647334360344,,,,,,,,,,,,,False,False,False
210,1773732647.3843408,1773732647384343733,,,,,,,,,,,,,False,False,False
211,1773732647.4342768,1773732647434279334,,,,,,,,,,,,,False,False,False
212,1773732647.4844086,1773732647484413432,,,,,,,,,,,,,False,False,False
213,1773732647.5344174,1773732647534419452,,,,,,,,,,,,,False,False,False
214,1773732647.5843055,1773732647584310322,,,,,,,,,,,,,False,False,False
215,1773732647.6343148,1773732647634318141,,,,,,,,,,,,,False,False,False
216,1773732647.6843066,1773732647684309391,,,,,,,,,,,,,False,False,False
217,1773732647.7343204,1773732647734324111,,,,,,,,,,,,,False,False,False
218,1773732647.7843115,1773732647784314460,,,,,,,,,,,,,False,False,False
219,1773732647.8342936,1773732647834296270,,,,,,,,,,,,,False,False,False
220,1773732647.8843138,1773732647884317009,,,,,,,,,,,,,False,False,False
221,1773732647.9343076,1773732647934310059,,,,,,,,,,,,,False,False,False
222,1773732647.9842594,1773732647984261339,,,,,,,,,,,,,False,False,False
223,1773732648.0342824,1773732648034284658,,,,,,,,,,,,,False,False,False
224,1773732648.0843067,1773732648084309367,,,,,,,,,,,,,False,False,False
225,1773732648.1342437,1773732648134245738,,,,,,,,,,,,,False,False,False
226,1773732648.1843534,1773732648184356506,,,,,,,,,,,,,False,False,False
227,1773732648.234383,1773732648234385016,,,,,,,,,,,,,False,False,False
228,1773732648.2842793,1773732648284280946,,,,,,,,,,,,,False,False,False
229,1773732648.3343008,1773732648334302695,,,,,,,,,,,,,False,False,False
230,1773732648.3842616,1773732648384263055,,,,,,,,,,,,,False,False,False
231,1773732648.4343011,1773732648434303205,,,,,,,,,,,,,False,False,False
232,1773732648.4842892,1773732648484293084,,,,,,,,,,,,,False,False,False
233,1773732648.5342665,1773732648534290204,,,,,,,,,,,,,False,False,False
234,1773732648.5842886,1773732648584291093,,,,,,,,,,,,,False,False,False
235,1773732648.6342852,1773732648634289893,,,,,,,,,,,,,False,False,False
236,1773732648.68422,1773732648684221833,,,,,,,,,,,,,False,False,False
237,1773732648.7344434,1773732648734445431,,,,,,,,,,,,,False,False,False
238,1773732648.7842412,1773732648784242922,,,,,,,,,,,,,False,False,False
239,1773732648.834239,1773732648834240851,,,,,,,,,,,,,False,False,False
240,1773732648.884317,1773732648884318991,,,,,,,,,,,,,False,False,False
241,1773732648.934295,1773732648934297410,,,,,,,,,,,,,False,False,False
242,1773732648.9842224,1773732648984224280,,,,,,,,,,,,,False,False,False
243,1773732649.0342424,1773732649034244410,,,,,,,,,,,,,False,False,False
244,1773732649.0842867,1773732649084289529,,,,,,,,,,,,,False,False,False
245,1773732649.1342635,1773732649134265299,,,,,,,,,,,,,False,False,False
246,1773732649.1842518,1773732649184253419,,,,,,,,,,,,,False,False,False
247,1773732649.234251,1773732649234252928,,,,,,,,,,,,,False,False,False
248,1773732649.28428,1773732649284282397,,,,,,,,,,,,,False,False,False
249,1773732649.3343034,1773732649334305337,,,,,,,,,,,,,False,False,False
250,1773732649.384238,1773732649384240267,,,,,,,,,,,,,False,False,False
251,1773732649.434244,1773732649434245756,,,,,,,,,,,,,False,False,False
252,1773732649.484253,1773732649484255436,,,,,,,,,,,,,False,False,False
253,1773732649.5342865,1773732649534288795,,,,,,,,,,,,,False,False,False
254,1773732649.584407,1773732649584410694,,,,,,,,,,,,,False,False,False
255,1773732649.6342454,1773732649634247375,,,,,,,,,,,,,False,False,False
256,1773732649.684221,1773732649684223204,,,,,,,,,,,,,False,False,False
257,1773732649.73436,1773732649734363543,,,,,,,,,,,,,False,False,False
258,1773732649.7842596,1773732649784261523,,,,,,,,,,,,,False,False,False
259,1773732649.8342195,1773732649834221533,,,,,,,,,,,,,False,False,False
260,1773732649.8842435,1773732649884245422,,,,,,,,,,,,,False,False,False
261,1773732649.9345515,1773732649934553880,,,,,,,,,,,,,False,False,False
262,1773732649.9843214,1773732649984323211,,,,,,,,,,,,,False,False,False
263,1773732650.0342562,1773732650034259421,,,,,,,,,,,,,False,False,False
264,1773732650.0842407,1773732650084242581,,,,,,,,,,,,,False,False,False
265,1773732650.1343112,1773732650134312960,,,,,,,,,,,,,False,False,False
266,1773732650.1842744,1773732650184278110,,,,,,,,,,,,,False,False,False
267,1773732650.2343156,1773732650234317339,,,,,,,,,,,,,False,False,False
268,1773732650.284235,1773732650284236939,,,,,,,,,,,,,False,False,False
269,1773732650.33423,1773732650334231619,,,,,,,,,,,,,False,False,False
270,1773732650.3842876,1773732650384289558,,,,,,,,,,,,,False,False,False
271,1773732650.4344902,1773732650434492057,,,,,,,,,,,,,False,False,False
272,1773732650.484282,1773732650484285627,,,,,,,,,,,,,False,False,False
273,1773732650.5342436,1773732650534245667,,,,,,,,,,,,,False,False,False
274,1773732650.5844388,1773732650584442665,,,,,,,,,,,,,False,False,False
275,1773732650.6342516,1773732650634253466,,,,,,,,,,,,,False,False,False
276,1773732650.6842434,1773732650684245366,,,,,,,,,,,,,False,False,False
277,1773732650.7342534,1773732650734255415,,,,,,,,,,,,,False,False,False
278,1773732650.7842543,1773732650784256934,,,,,,,,,,,,,False,False,False
279,1773732650.8342614,1773732650834263834,,,,,,,,,,,,,False,False,False
280,1773732650.8842576,1773732650884259404,,,,,,,,,,,,,False,False,False
281,1773732650.9342384,1773732650934240514,,,,,,,,,,,,,False,False,False
282,1773732650.9842365,1773732650984238313,,,,,,,,,,,,,False,False,False
283,1773732651.0342405,1773732651034242682,,,,,,,,,,,,,False,False,False
284,1773732651.084248,1773732651084250132,,,,,,,,,,,,,False,False,False
285,1773732651.1342611,1773732651134264072,,,,,,,,,,,,,False,False,False
286,1773732651.184302,1773732651184305381,,,,,,,,,,,,,False,False,False
287,1773732651.2343187,1773732651234321620,,,,,,,,,,,,,False,False,False
288,1773732651.2842822,1773732651284285250,,,,,,,,,,,,,False,False,False
289,1773732651.3342557,1773732651334257540,,,,,,,,,,,,,False,False,False
290,1773732651.3842533,1773732651384255849,,,,,,,,,,,,,False,False,False
291,1773732651.43424,1773732651434241829,,,,,,,,,,,,,False,False,False
292,1773732651.4842932,1773732651484295809,,,,,,,,,,,,,False,False,False
293,1773732651.5343194,1773732651534321078,,,,,,,,,,,,,False,False,False
294,1773732651.5842786,1773732651584281637,,,,,,,,,,,,,False,False,False
295,1773732651.634259,1773732651634260807,,,,,,,,,,,,,False,False,False
296,1773732651.6842887,1773732651684290767,,,,,,,,,,,,,False,False,False
297,1773732651.734228,1773732651734229897,,,,,,,,,,,,,False,False,False
298,1773732651.78429,1773732651784292726,,,,,,,,,,,,,False,False,False
299,1773732651.8345025,1773732651834504464,,,,,,,,,,,,,False,False,False
300,1773732651.8842084,1773732651884210985,,,,,,,,,,,,,False,False,False
301,1773732651.9342916,1773732651934295604,,,,,,,,,,,,,False,False,False
302,1773732651.9842916,1773732651984294484,,,,,,,,,,,,,False,False,False
303,1773732652.0343115,1773732652034314164,,,,,,,,,,,,,False,False,False
304,1773732652.0842862,1773732652084289643,,,,,,,,,,,,,False,False,False
305,1773732652.1342516,1773732652134253423,,,,,,,,,,,,,False,False,False
306,1773732652.1842601,1773732652184262393,,,,,,,,,,,,,False,False,False
307,1773732652.2343183,1773732652234321152,,,,,,,,,,,,,False,False,False
308,1773732652.2843683,1773732652284371671,,,,,,,,,,,,,False,False,False
309,1773732652.3342953,1773732652334298741,,,,,,,,,,,,,False,False,False
310,1773732652.384254,1773732652384256281,,,,,,,,,,,,,False,False,False
311,1773732652.434281,1773732652434283260,,,,,,,,,,,,,False,False,False
312,1773732652.4842641,1773732652484266380,,,,,,,,,,,,,False,False,False
313,1773732652.5342803,1773732652534283140,,,,,,,,,,,,,False,False,False
314,1773732652.584263,1773732652584266479,,,,,,,,,,,,,False,False,False
315,1773732652.634263,1773732652634264868,,,,,,,,,,,,,False,False,False
316,1773732652.684245,1773732652684247088,,,,,,,,,,,,,False,False,False
317,1773732652.7342541,1773732652734255878,,,,,,,,,,,,,False,False,False
318,1773732652.784277,1773732652784279388,,,,,,,,,,,,,False,False,False
319,1773732652.8342397,1773732652834241557,,,,,,,,,,,,,False,False,False
320,1773732652.884252,1773732652884254326,,,,,,,,,,,,,False,False,False
321,1773732652.9342487,1773732652934250576,,,,,,,,,,,,,False,False,False
322,1773732652.9843118,1773732652984316475,,,,,,,,,,,,,False,False,False
323,1773732653.0342944,1773732653034296405,,,,,,,,,,,,,False,False,False
324,1773732653.084283,1773732653084285265,,,,,,,,,,,,,False,False,False
325,1773732653.1342626,1773732653134264574,,,,,,,,,,,,,False,False,False
326,1773732653.1842625,1773732653184264654,,,,,,,,,,,,,False,False,False
327,1773732653.2342832,1773732653234285543,,,,,,,,,,,,,False,False,False
328,1773732653.2842593,1773732653284261343,,,,,,,,,,,,,False,False,False
329,1773732653.3342538,1773732653334255993,,,,,,,,,,,,,False,False,False
330,1773732653.3842373,1773732653384239362,,,,,,,,,,,,,False,False,False
331,1773732653.43429,1773732653434292072,,,,,,,,,,,,,False,False,False
332,1773732653.4842625,1773732653484264171,,,,,,,,,,,,,False,False,False
333,1773732653.534255,1773732653534257131,,,,,,,,,,,,,False,False,False
334,1773732653.584309,1773732653584312701,,,,,,,,,,,,,False,False,False
335,1773732653.6342967,1773732653634298810,,,,,,,,,,,,,False,False,False
336,1773732653.6843245,1773732653684326760,,,,,,,,,,,,,False,False,False
337,1773732653.7342906,1773732653734293149,,,,,,,,,,,,,False,False,False
338,1773732653.7842526,1773732653784255109,,,,,,,,,,,,,False,False,False
339,1773732653.8342633,1773732653834265289,,,,,,,,,,,,,False,False,False
340,1773732653.8843126,1773732653884314758,,,,,,,,,,,,,False,False,False
341,1773732653.9342966,1773732653934299938,,,,,,,,,,,,,False,False,False
342,1773732653.984319,1773732653984320827,,,,,,,,,,,,,False,False,False
343,1773732654.03431,1773732654034311796,,,,,,,,,,,,,False,False,False
344,1773732654.0842643,1773732654084266347,,,,,,,,,,,,,False,False,False
345,1773732654.1342494,1773732654134251446,,,,,,,,,,,,,False,False,False
346,1773732654.1842532,1773732654184255135,,,,,,,,,,,,,False,False,False
347,1773732654.234667,1773732654234669033,,,,,,,,,,,,,False,False,False
348,1773732654.2843916,1773732654284393634,,,,,,,,,,,,,False,False,False
349,1773732654.3342474,1773732654334249505,,,,,,,,,,,,,False,False,False
350,1773732654.384319,1773732654384321014,,,,,,,,,,,,,False,False,False
351,1773732654.434626,1773732654434627932,,,,,,,,,,,,,False,False,False
352,1773732654.4842284,1773732654484230493,,,,,,,,,,,,,False,False,False
353,1773732654.5342643,1773732654534266193,,,,,,,,,,,,,False,False,False
354,1773732654.5842502,1773732654584252072,,,,,,,,,,,,,False,False,False
355,1773732654.6343832,1773732654634385051,,,,,,,,,,,,,False,False,False
356,1773732654.6842487,1773732654684250521,,,,,,,,,,,,,False,False,False
357,1773732654.7345607,1773732654734562650,,,,,,,,,,,,,False,False,False
358,1773732654.7842438,1773732654784245441,,,,,,,,,,,,,False,False,False
359,1773732654.8342338,1773732654834235830,,,,,,,,,,,,,False,False,False
360,1773732654.884261,1773732654884263440,,,,,,,,,,,,,False,False,False
361,1773732654.934439,1773732654934440868,,,,,,,,,,,,,False,False,False
362,1773732654.9842389,1773732654984240929,,,,,,,,,,,,,False,False,False
363,1773732655.0342634,1773732655034265558,,,,,,,,,,,,,False,False,False
364,1773732655.0842414,1773732655084243478,,,,,,,,,,,,,False,False,False
365,1773732655.1342425,1773732655134244688,,,,,,,,,,,,,False,False,False
366,1773732655.1842542,1773732655184255947,,,,,,,,,,,,,False,False,False
367,1773732655.2347956,1773732655234797274,,,,,,,,,,,,,False,False,False
368,1773732655.2842414,1773732655284243066,,,,,,,,,,,,,False,False,False
369,1773732655.3342664,1773732655334275556,,,,,,,,,,,,,False,False,False
370,1773732655.3842418,1773732655384243906,,,,,,,,,,,,,False,False,False
371,1773732655.4344344,1773732655434436164,,,,,,,,,,,,,False,False,False
372,1773732655.4842753,1773732655484277885,,,,,,,,,,,,,False,False,False
373,1773732655.5342908,1773732655534294674,,,,,,,,,,,,,False,False,False
374,1773732655.5842443,1773732655584246294,,,,,,,,,,,,,False,False,False
375,1773732655.634259,1773732655634260973,,,,,,,,,,,,,False,False,False
376,1773732655.684228,1773732655684230203,,,,,,,,,,,,,False,False,False
377,1773732655.734248,1773732655734249943,,,,,,,,,,,,,False,False,False
378,1773732655.7842786,1773732655784280692,,,,,,,,,,,,,False,False,False
379,1773732655.8342452,1773732655834246992,,,,,,,,,,,,,False,False,False
380,1773732655.884243,1773732655884244981,,,,,,,,,,,,,False,False,False
381,1773732655.93424,1773732655934241761,,,,,,,,,,,,,False,False,False
382,1773732655.9842896,1773732655984291630,,,,,,,,,,,,,False,False,False
383,1773732656.0342548,1773732656034256900,,,,,,,,,,,,,False,False,False
384,1773732656.0842388,1773732656084240820,,,,,,,,,,,,,False,False,False
385,1773732656.1343374,1773732656134340959,,,,,,,,,,,,,False,False,False
386,1773732656.1843522,1773732656184354588,,,,,,,,,,,,,False,False,False
387,1773732656.2342455,1773732656234247529,,,,,,,,,,,,,False,False,False
388,1773732656.2842884,1773732656284292138,,,,,,,,,,,,,False,False,False
389,1773732656.3342545,1773732656334256368,,,,,,,,,,,,,False,False,False
390,1773732656.3842578,1773732656384259887,,,,,,,,,,,,,False,False,False
391,1773732656.434249,1773732656434252157,,,,,,,,,,,,,False,False,False
392,1773732656.4842877,1773732656484289786,,,,,,,,,,,,,False,False,False
393,1773732656.5342968,1773732656534298896,,,,,,,,,,,,,False,False,False
394,1773732656.584409,1773732656584411465,,,,,,,,,,,,,False,False,False
395,1773732656.6342807,1773732656634282725,,,,,,,,,,,,,False,False,False
396,1773732656.6842468,1773732656684248665,,,,,,,,,,,,,False,False,False
397,1773732656.73426,1773732656734262084,,,,,,,,,,,,,False,False,False
398,1773732656.7842345,1773732656784236544,,,,,,,,,,,,,False,False,False
399,1773732656.8342414,1773732656834243194,,,,,,,,,,,,,False,False,False
400,1773732656.8842196,1773732656884222253,,,,,,,,,,,,,False,False,False
401,1773732656.9342465,1773732656934248512,,,,,,,,,,,,,False,False,False
402,1773732656.9842367,1773732656984238862,,,,,,,,,,,,,False,False,False
403,1773732657.0342517,1773732657034253862,,,,,,,,,,,,,False,False,False
404,1773732657.0842514,1773732657084253412,,,,,,,,,,,,,False,False,False
405,1773732657.1342309,1773732657134232781,,,,,,,,,,,,,False,False,False
406,1773732657.1842377,1773732657184239630,,,,,,,,,,,,,False,False,False
407,1773732657.234249,1773732657234251010,,,,,,,,,,,,,False,False,False
408,1773732657.2842503,1773732657284252360,,,,,,,,,,,,,False,False,False
409,1773732657.3342488,1773732657334250649,,,,,,,,,,,,,False,False,False
410,1773732657.3842409,1773732657384242959,,,,,,,,,,,,,False,False,False
411,1773732657.4342449,1773732657434247079,,,,,,,,,,,,,False,False,False
412,1773732657.484296,1773732657484298708,,,,,,,,,,,,,False,False,False
413,1773732657.5342424,1773732657534244068,,,,,,,,,,,,,False,False,False
414,1773732657.5842462,1773732657584248337,,,,,,,,,,,,,False,False,False
415,1773732657.6344156,1773732657634417626,,,,,,,,,,,,,False,False,False
416,1773732657.6842377,1773732657684239617,,,,,,,,,,,,,False,False,False
417,1773732657.7342362,1773732657734237866,,,,,,,,,,,,,False,False,False
418,1773732657.7842379,1773732657784239895,,,,,,,,,,,,,False,False,False
419,1773732657.8342597,1773732657834261755,,,,,,,,,,,,,False,False,False
420,1773732657.8842564,1773732657884258195,,,,,,,,,,,,,False,False,False
421,1773732657.9342647,1773732657934266504,,,,,,,,,,,,,False,False,False
422,1773732657.9842265,1773732657984228814,,,,,,,,,,,,,False,False,False
423,1773732658.0342607,1773732658034262543,,,,,,,,,,,,,False,False,False
424,1773732658.0842376,1773732658084239593,,,,,,,,,,,,,False,False,False
425,1773732658.1353357,1773732658135339107,,,,,,,,,,,,,False,False,False
426,1773732658.1842358,1773732658184237352,,,,,,,,,,,,,False,False,False
427,1773732658.2342358,1773732658234237442,,,,,,,,,,,,,False,False,False
428,1773732658.2842484,1773732658284250161,,,,,,,,,,,,,False,False,False
429,1773732658.3342364,1773732658334238021,,,,,,,,,,,,,False,False,False
430,1773732658.384246,1773732658384247740,,,,,,,,,,,,,False,False,False
431,1773732658.4343307,1773732658434332990,,,,,,,,,,,,,False,False,False
432,1773732658.4842424,1773732658484244110,,,,,,,,,,,,,False,False,False
433,1773732658.534246,1773732658534247580,,,,,,,,,,,,,False,False,False
434,1773732658.5842369,1773732658584238629,,,,,,,,,,,,,False,False,False
435,1773732658.6342442,1773732658634247968,,,,,,,,,,,,,False,False,False
436,1773732658.6841938,1773732658684195418,,,,,,,,,,,,,False,False,False
437,1773732658.734236,1773732658734237918,,,,,,,,,,,,,False,False,False
438,1773732658.7842357,1773732658784237728,,,,,,,,,,,,,False,False,False
439,1773732658.8342404,1773732658834242397,,,,,,,,,,,,,False,False,False
440,1773732658.884296,1773732658884299756,,,,,,,,,,,,,False,False,False
441,1773732658.934261,1773732658934263156,,,,,,,,,,,,,False,False,False
442,1773732658.984237,1773732658984238946,,,,,,,,,,,,,False,False,False
443,1773732659.0342069,1773732659034209046,,,,,,,,,,,,,False,False,False
444,1773732659.0842571,1773732659084259015,,,,,,,,,,,,,False,False,False
445,1773732659.1342864,1773732659134288754,,,,,,,,,,,,,False,False,False
446,1773732659.184239,1773732659184240764,,,,,,,,,,,,,False,False,False
447,1773732659.2343426,1773732659234345113,,,,,,,,,,,,,False,False,False
448,1773732659.2842445,1773732659284246303,,,,,,,,,,,,,False,False,False
449,1773732659.334333,1773732659334335112,,,,,,,,,,,,,False,False,False
450,1773732659.3843162,1773732659384320032,,,,,,,,,,,,,False,False,False
451,1773732659.43424,1773732659434247012,,,,,,,,,,,,,False,False,False
452,1773732659.484308,1773732659484309441,,,,,,,,,,,,,False,False,False
453,1773732659.5342743,1773732659534277791,,,,,,,,,,,,,False,False,False
454,1773732659.5843503,1773732659584352530,,,,,,,,,,,,,False,False,False
455,1773732659.6342824,1773732659634284750,,,,,,,,,,,,,False,False,False
456,1773732659.6845484,1773732659684549958,,,,,,,,,,,,,False,False,False
457,1773732659.7343864,1773732659734388429,,,,,,,,,,,,,False,False,False
458,1773732659.7842577,1773732659784259839,,,,,,,,,,,,,False,False,False
459,1773732659.8342435,1773732659834245599,,,,,,,,,,,,,False,False,False
460,1773732659.8842316,1773732659884233888,,,,,,,,,,,,,False,False,False
461,1773732659.9344218,1773732659934423777,,,,,,,,,,,,,False,False,False
462,1773732659.9842389,1773732659984240798,,,,,,,,,,,,,False,False,False
463,1773732660.0342462,1773732660034248127,,,,,,,,,,,,,False,False,False
464,1773732660.0842469,1773732660084248606,,,,,,,,,,,,,False,False,False
465,1773732660.1343832,1773732660134385316,,,,,,,,,,,,,False,False,False
466,1773732660.1842587,1773732660184260696,,,,,,,,,,,,,False,False,False
467,1773732660.2342083,1773732660234210336,,,,,,,,,,,,,False,False,False
468,1773732660.284266,1773732660284277755,,,,,,,,,,,,,False,False,False
469,1773732660.334322,1773732660334323914,,,,,,,,,,,,,False,False,False
470,1773732660.3842905,1773732660384292504,,,,,,,,,,,,,False,False,False
471,1773732660.434226,1773732660434227684,,,,,,,,,,,,,False,False,False
472,1773732660.4843757,1773732660484377383,,,,,,,,,,,,,False,False,False
473,1773732660.5342932,1773732660534296523,,,,,,,,,,,,,False,False,False
474,1773732660.5844553,1773732660584457922,,,,,,,,,,,,,False,False,False
475,1773732660.6342413,1773732660634243282,,,,,,,,,,,,,False,False,False
476,1773732660.6842327,1773732660684234502,,,,,,,,,,,,,False,False,False
477,1773732660.7342348,1773732660734236591,,,,,,,,,,,,,False,False,False
478,1773732660.78425,1773732660784253071,,,,,,,,,,,,,False,False,False
479,1773732660.834263,1773732660834289170,,,,,,,,,,,,,False,False,False
480,1773732660.8843124,1773732660884313980,,,,,,,,,,,,,False,False,False
481,1773732660.9342422,1773732660934244340,,,,,,,,,,,,,False,False,False
482,1773732660.9842975,1773732660984299269,,,,,,,,,,,,,False,False,False
483,1773732661.0342538,1773732661034255919,,,,,,,,,,,,,False,False,False
484,1773732661.084238,1773732661084240179,,,,,,,,,,,,,False,False,False
485,1773732661.1342595,1773732661134261358,,,,,,,,,,,,,False,False,False
486,1773732661.184233,1773732661184235258,,,,,,,,,,,,,False,False,False
487,1773732661.2342386,1773732661234241057,,,,,,,,,,,,,False,False,False
488,1773732661.2844672,1773732661284470516,,,,,,,,,,,,,False,False,False
489,1773732661.3343327,1773732661334334216,,,,,,,,,,,,,False,False,False
490,1773732661.38424,1773732661384241576,,,,,,,,,,,,,False,False,False
491,1773732661.4342968,1773732661434299895,,,,,,,,,,,,,False,False,False
492,1773732661.4842405,1773732661484242425,,,,,,,,,,,,,False,False,False
493,1773732661.5342867,1773732661534288675,,,,,,,,,,,,,False,False,False
494,1773732661.5842404,1773732661584242104,,,,,,,,,,,,,False,False,False
495,1773732661.6342955,1773732661634297624,,,,,,,,,,,,,False,False,False
496,1773732661.6842442,1773732661684246204,,,,,,,,,,,,,False,False,False
497,1773732661.734249,1773732661734251123,,,,,,,,,,,,,False,False,False
498,1773732661.7842405,1773732661784242343,,,,,,,,,,,,,False,False,False
499,1773732661.8342552,1773732661834256982,,,,,,,,,,,,,False,False,False
500,1773732661.884302,1773732661884303592,,,,,,,,,,,,,False,False,False
501,1773732661.9342394,1773732661934241342,,,,,,,,,,,,,False,False,False
502,1773732661.984239,1773732661984241091,,,,,,,,,,,,,False,False,False
503,1773732662.0342531,1773732662034254961,,,,,,,,,,,,,False,False,False
504,1773732662.0842423,1773732662084244201,,,,,,,,,,,,,False,False,False
505,1773732662.1342368,1773732662134238880,,,,,,,,,,,,,False,False,False
506,1773732662.1843998,1773732662184401649,,,,,,,,,,,,,False,False,False
507,1773732662.2342434,1773732662234245369,,,,,,,,,,,,,False,False,False
508,1773732662.284236,1773732662284237839,,,,,,,,,,,,,False,False,False
509,1773732662.3342507,1773732662334252828,,,,,,,,,,,,,False,False,False
510,1773732662.3842747,1773732662384276938,,,,,,,,,,,,,False,False,False
511,1773732662.4342513,1773732662434253098,,,,,,,,,,,,,False,False,False
512,1773732662.4842367,1773732662484238877,,,,,,,,,,,,,False,False,False
513,1773732662.5342374,1773732662534239507,,,,,,,,,,,,,False,False,False
514,1773732662.5842156,1773732662584217617,,,,,,,,,,,,,False,False,False
515,1773732662.63428,1773732662634283456,,,,,,,,,,,,,False,False,False
516,1773732662.6842973,1773732662684301025,,,,,,,,,,,,,False,False,False
517,1773732662.7343159,1773732662734317955,,,,,,,,,,,,,False,False,False
518,1773732662.7842412,1773732662784243145,,,,,,,,,,,,,False,False,False
519,1773732662.8343048,1773732662834307704,,,,,,,,,,,,,False,False,False
520,1773732662.8842611,1773732662884263004,,,,,,,,,,,,,False,False,False
521,1773732662.934246,1773732662934247954,,,,,,,,,,,,,False,False,False
522,1773732662.9842377,1773732662984239403,,,,,,,,,,,,,False,False,False
523,1773732663.0342362,1773732663034238163,,,,,,,,,,,,,False,False,False
524,1773732663.0842414,1773732663084243102,,,,,,,,,,,,,False,False,False
525,1773732663.1342428,1773732663134245052,,,,,,,,,,,,,False,False,False
526,1773732663.1842375,1773732663184239292,,,,,,,,,,,,,False,False,False
527,1773732663.234252,1773732663234253861,,,,,,,,,,,,,False,False,False
528,1773732663.2842414,1773732663284243401,,,,,,,,,,,,,False,False,False
529,1773732663.33423,1773732663334231900,,,,,,,,,,,,,False,False,False
530,1773732663.3842156,1773732663384217440,,,,,,,,,,,,,False,False,False
531,1773732663.4343078,1773732663434309949,,,,,,,,,,,,,False,False,False
532,1773732663.4842646,1773732663484287739,,,,,,,,,,,,,False,False,False
533,1773732663.5342417,1773732663534243789,,,,,,,,,,,,,False,False,False
534,1773732663.5842934,1773732663584295518,,,,,,,,,,,,,False,False,False
535,1773732663.6342413,1773732663634243178,,,,,,,,,,,,,False,False,False
536,1773732663.6842327,1773732663684234347,,,,,,,,,,,,,False,False,False
537,1773732663.7342353,1773732663734237397,,,,,,,,,,,,,False,False,False
538,1773732663.7843416,1773732663784345076,,,,,,,,,,,,,False,False,False
539,1773732663.834236,1773732663834237786,,,,,,,,,,,,,False,False,False
540,1773732663.8842716,1773732663884274936,,,,,,,,,,,,,False,False,False
541,1773732663.9342575,1773732663934259186,,,,,,,,,,,,,False,False,False
542,1773732663.984285,1773732663984287515,,,,,,,,,,,,,False,False,False
543,1773732664.0342505,1773732664034252514,,,,,,,,,,,,,False,False,False
544,1773732664.0842767,1773732664084278874,,,,,,,,,,,,,False,False,False
545,1773732664.1343129,1773732664134314973,,,,,,,,,,,,,False,False,False
546,1773732664.1842906,1773732664184292563,,,,,,,,,,,,,False,False,False
547,1773732664.2343278,1773732664234330003,,,,,,,,,,,,,False,False,False
548,1773732664.2842507,1773732664284252583,,,,,,,,,,,,,False,False,False
549,1773732664.3342485,1773732664334250342,,,,,,,,,,,,,False,False,False
550,1773732664.3842854,1773732664384287622,,,,,,,,,,,,,False,False,False
551,1773732664.4342394,1773732664434240992,,,,,,,,,,,,,False,False,False
552,1773732664.4842384,1773732664484239971,,,,,,,,,,,,,False,False,False
553,1773732664.5342164,1773732664534218021,,,,,,,,,,,,,False,False,False
554,1773732664.5842366,1773732664584238100,,,,,,,,,,,,,False,False,False
555,1773732664.6344345,1773732664634436479,,,,,,,,,,,,,False,False,False
556,1773732664.6843374,1773732664684339129,,,,,,,,,,,,,False,False,False
557,1773732664.7342505,1773732664734252339,,,,,,,,,,,,,False,False,False
558,1773732664.7842536,1773732664784257489,,,,,,,,,,,,,False,False,False
559,1773732664.8342268,1773732664834228749,,,,,,,,,,,,,False,False,False
560,1773732664.8842483,1773732664884250048,,,,,,,,,,,,,False,False,False
561,1773732664.9342628,1773732664934264657,,,,,,,,,,,,,False,False,False
562,1773732664.9842439,1773732664984246137,,,,,,,,,,,,,False,False,False
563,1773732665.0342553,1773732665034257577,,,,,,,,,,,,,False,False,False
564,1773732665.0842404,1773732665084242346,,,,,,,,,,,,,False,False,False
565,1773732665.134294,1773732665134296256,,,,,,,,,,,,,False,False,False
566,1773732665.1842396,1773732665184241486,,,,,,,,,,,,,False,False,False
567,1773732665.2342417,1773732665234243875,,,,,,,,,,,,,False,False,False
568,1773732665.284323,1773732665284325885,,,,,,,,,,,,,False,False,False
569,1773732665.3343334,1773732665334335464,,,,,,,,,,,,,False,False,False
570,1773732665.384254,1773732665384255964,,,,,,,,,,,,,False,False,False
571,1773732665.4342396,1773732665434242824,,,,,,,,,,,,,False,False,False
572,1773732665.4842968,1773732665484300753,,,,,,,,,,,,,False,False,False
573,1773732665.5343246,1773732665534327312,,,,,,,,,,,,,False,False,False
574,1773732665.5842814,1773732665584283862,,,,,,,,,,,,,False,False,False
575,1773732665.6342452,1773732665634247152,,,,,,,,,,,,,False,False,False
576,1773732665.6842413,1773732665684243192,,,,,,,,,,,,,False,False,False
577,1773732665.7342663,1773732665734289911,,,,,,,,,,,,,False,False,False
578,1773732665.784244,1773732665784245831,,,,,,,,,,,,,False,False,False
579,1773732665.8342009,1773732665834202980,,,,,,,,,,,,,False,False,False
580,1773732665.8842516,1773732665884253840,,,,,,,,,,,,,False,False,False
581,1773732665.9343119,1773732665934313469,,,,,,,,,,,,,False,False,False
582,1773732665.984236,1773732665984237889,,,,,,,,,,,,,False,False,False
583,1773732666.0343466,1773732666034350078,,,,,,,,,,,,,False,False,False
584,1773732666.084371,1773732666084373268,,,,,,,,,,,,,False,False,False
585,1773732666.1342847,1773732666134288298,,,,,,,,,,,,,False,False,False
586,1773732666.1842268,1773732666184228708,,,,,,,,,,,,,False,False,False
587,1773732666.2342365,1773732666234238317,,,,,,,,,,,,,False,False,False
588,1773732666.2842627,1773732666284264567,,,,,,,,,,,,,False,False,False
589,1773732666.3343215,1773732666334323276,,,,,,,,,,,,,False,False,False
590,1773732666.384292,1773732666384294366,,,,,,,,,,,,,False,False,False
591,1773732666.4342782,1773732666434281786,,,,,,,,,,,,,False,False,False
592,1773732666.4842486,1773732666484250585,,,,,,,,,,,,,False,False,False
593,1773732666.5343108,1773732666534312575,,,,,,,,,,,,,False,False,False
594,1773732666.5843408,1773732666584343384,,,,,,,,,,,,,False,False,False
595,1773732666.6343057,1773732666634307944,,,,,,,,,,,,,False,False,False
596,1773732666.684217,1773732666684219094,,,,,,,,,,,,,False,False,False
597,1773732666.7342381,1773732666734240263,,,,,,,,,,,,,False,False,False
598,1773732666.7842796,1773732666784281553,,,,,,,,,,,,,False,False,False
599,1773732666.8342488,1773732666834251033,,,,,,,,,,,,,False,False,False
600,1773732666.884253,1773732666884254822,,,,,,,,,,,,,False,False,False
601,1773732666.9342492,1773732666934251151,,,,,,,,,,,,,False,False,False
602,1773732666.9842823,1773732666984284991,,,,,,,,,,,,,False,False,False
603,1773732667.0342562,1773732667034258061,,,,,,,,,,,,,False,False,False
604,1773732667.0842538,1773732667084256241,,,,,,,,,,,,,False,False,False
605,1773732667.1342368,1773732667134238970,,,,,,,,,,,,,False,False,False
606,1773732667.1843157,1773732667184318390,,,,,,,,,,,,,False,False,False
607,1773732667.2342393,1773732667234241029,,,,,,,,,,,,,False,False,False
608,1773732667.284246,1773732667284247869,,,,,,,,,,,,,False,False,False
609,1773732667.334251,1773732667334253088,,,,,,,,,,,,,False,False,False
610,1773732667.3842607,1773732667384262268,,,,,,,,,,,,,False,False,False
611,1773732667.434284,1773732667434285988,,,,,,,,,,,,,False,False,False
612,1773732667.4842432,1773732667484244767,,,,,,,,,,,,,False,False,False
613,1773732667.534254,1773732667534255967,,,,,,,,,,,,,False,False,False
614,1773732667.5842469,1773732667584248736,,,,,,,,,,,,,False,False,False
615,1773732667.634233,1773732667634234876,,,,,,,,,,,,,False,False,False
616,1773732667.6842282,1773732667684229626,,,,,,,,,,,,,False,False,False
617,1773732667.7342384,1773732667734240306,,,,,,,,,,,,,False,False,False
618,1773732667.7842488,1773732667784251065,,,,,,,,,,,,,False,False,False
619,1773732667.8342266,1773732667834228365,,,,,,,,,,,,,False,False,False
620,1773732667.8842316,1773732667884234484,,,,,,,,,,,,,False,False,False
621,1773732667.9342391,1773732667934241274,,,,,,,,,,,,,False,False,False
622,1773732667.9842753,1773732667984278223,,,,,,,,,,,,,False,False,False
623,1773732668.0342505,1773732668034252743,,,,,,,,,,,,,False,False,False
624,1773732668.084238,1773732668084239873,,,,,,,,,,,,,False,False,False
625,1773732668.1342394,1773732668134241492,,,,,,,,,,,,,False,False,False
626,1773732668.1842396,1773732668184241492,,,,,,,,,,,,,False,False,False
627,1773732668.2342334,1773732668234235291,,,,,,,,,,,,,False,False,False
628,1773732668.2844005,1773732668284402470,,,,,,,,,,,,,False,False,False
629,1773732668.3343148,1773732668334317570,,,,,,,,,,,,,False,False,False
630,1773732668.384285,1773732668384288730,,,,,,,,,,,,,False,False,False
631,1773732668.434259,1773732668434262120,,,,,,,,,,,,,False,False,False
632,1773732668.4842563,1773732668484258150,,,,,,,,,,,,,False,False,False
633,1773732668.534239,1773732668534240829,,,,,,,,,,,,,False,False,False
634,1773732668.5842273,1773732668584229599,,,,,,,,,,,,,False,False,False
635,1773732668.634411,1773732668634412998,,,,,,,,,,,,,False,False,False
636,1773732668.6844633,1773732668684465947,,,,,,,,,,,,,False,False,False
637,1773732668.7342365,1773732668734238438,,,,,,,,,,,,,False,False,False
638,1773732668.784239,1773732668784240907,,,,,,,,,,,,,False,False,False
639,1773732668.8342893,1773732668834290977,,,,,,,,,,,,,False,False,False
640,1773732668.8843346,1773732668884338806,,,,,,,,,,,,,False,False,False
641,1773732668.9342463,1773732668934248486,,,,,,,,,,,,,False,False,False
642,1773732668.9842262,1773732668984227856,,,,,,,,,,,,,False,False,False
643,1773732669.0343213,1773732669034325975,,,,,,,,,,,,,False,False,False
644,1773732669.0842402,1773732669084242075,,,,,,,,,,,,,False,False,False
645,1773732669.1343226,1773732669134324694,,,,,,,,,,,,,False,False,False
646,1773732669.1842434,1773732669184245414,,,,,,,,,,,,,False,False,False
647,1773732669.2342749,1773732669234276934,,,,,,,,,,,,,False,False,False
648,1773732669.2842488,1773732669284250773,,,,,,,,,,,,,False,False,False
649,1773732669.3342388,1773732669334240583,,,,,,,,,,,,,False,False,False
650,1773732669.3842573,1773732669384259432,,,,,,,,,,,,,False,False,False
651,1773732669.434281,1773732669434284682,,,,,,,,,,,,,False,False,False
652,1773732669.4842517,1773732669484253732,,,,,,,,,,,,,False,False,False
653,1773732669.5343518,1773732669534354451,,,,,,,,,,,,,False,False,False
654,1773732669.5845363,1773732669584538340,,,,,,,,,,,,,False,False,False
655,1773732669.634262,1773732669634264020,,,,,,,,,,,,,False,False,False
656,1773732669.6842532,1773732669684255230,,,,,,,,,,,,,False,False,False
657,1773732669.7343876,1773732669734389239,,,,,,,,,,,,,False,False,False
658,1773732669.7842822,1773732669784284209,,,,,,,,,,,,,False,False,False
659,1773732669.834264,1773732669834265559,,,,,,,,,,,,,False,False,False
660,1773732669.8842914,1773732669884293979,,,,,,,,,,,,,False,False,False
661,1773732669.934194,1773732669934196188,,,,,,,,,,,,,False,False,False
662,1773732669.9844835,1773732669984485737,,,,,,,,,,,,,False,False,False
663,1773732670.0342622,1773732670034264267,,,,,,,,,,,,,False,False,False
664,1773732670.0842402,1773732670084242047,,,,,,,,,,,,,False,False,False
665,1773732670.1343026,1773732670134305956,,,,,,,,,,,,,False,False,False
666,1773732670.1843116,1773732670184313416,,,,,,,,,,,,,False,False,False
667,1773732670.2342334,1773732670234235236,,,,,,,,,,,,,False,False,False
668,1773732670.2842457,1773732670284247845,,,,,,,,,,,,,False,False,False
669,1773732670.3342483,1773732670334249985,,,,,,,,,,,,,False,False,False
670,1773732670.3842518,1773732670384253805,,,,,,,,,,,,,False,False,False
671,1773732670.4343164,1773732670434318994,,,,,,,,,,,,,False,False,False
672,1773732670.4842646,1773732670484272284,,,,,,,,,,,,,False,False,False
673,1773732670.5343246,1773732670534326423,,,,,,,,,,,,,False,False,False
674,1773732670.5842535,1773732670584255163,,,,,,,,,,,,,False,False,False
675,1773732670.6342432,1773732670634245093,,,,,,,,,,,,,False,False,False
676,1773732670.684237,1773732670684238642,,,,,,,,,,,,,False,False,False
677,1773732670.734327,1773732670734329012,,,,,,,,,,,,,False,False,False
678,1773732670.7842443,1773732670784246042,,,,,,,,,,,,,False,False,False
679,1773732670.8342407,1773732670834242692,,,,,,,,,,,,,False,False,False
680,1773732670.884243,1773732670884244991,,,,,,,,,,,,,False,False,False
681,1773732670.934235,1773732670934236841,,,,,,,,,,,,,False,False,False
682,1773732670.9842405,1773732670984242610,,,,,,,,,,,,,False,False,False
683,1773732671.034252,1773732671034254270,,,,,,,,,,,,,False,False,False
684,1773732671.0842245,1773732671084226400,,,,,,,,,,,,,False,False,False
685,1773732671.1342366,1773732671134238669,,,,,,,,,,,,,False,False,False
686,1773732671.1842525,1773732671184254699,,,,,,,,,,,,,False,False,False
687,1773732671.2342536,1773732671234255118,,,,,,,,,,,,,False,False,False
688,1773732671.284242,1773732671284243728,,,,,,,,,,,,,False,False,False
689,1773732671.3342493,1773732671334251217,,,,,,,,,,,,,False,False,False
690,1773732671.38422,1773732671384221577,,,,,,,,,,,,,False,False,False
691,1773732671.4343927,1773732671434394486,,,,,,,,,,,,,False,False,False
692,1773732671.4842446,1773732671484246216,,,,,,,,,,,,,False,False,False
693,1773732671.5342443,1773732671534246296,,,,,,,,,,,,,False,False,False
694,1773732671.58425,1773732671584251786,,,,,,,,,,,,,False,False,False
695,1773732671.6342397,1773732671634241785,,,,,,,,,,,,,False,False,False
696,1773732671.6842413,1773732671684243205,,,,,,,,,,,,,False,False,False
697,1773732671.7342463,1773732671734248224,,,,,,,,,,,,,False,False,False
698,1773732671.7842941,1773732671784296294,,,,,,,,,,,,,False,False,False
699,1773732671.834259,1773732671834260784,,,,,,,,,,,,,False,False,False
700,1773732671.8842452,1773732671884247253,,,,,,,,,,,,,False,False,False
701,1773732671.9342563,1773732671934259503,,,,,,,,,,,,,False,False,False
702,1773732671.984222,1773732671984224083,,,,,,,,,,,,,False,False,False
703,1773732672.0342426,1773732672034244542,,,,,,,,,,,,,False,False,False
704,1773732672.084196,1773732672084198172,,,,,,,,,,,,,False,False,False
705,1773732672.1342845,1773732672134287131,,,,,,,,,,,,,False,False,False
706,1773732672.1842365,1773732672184238331,,,,,,,,,,,,,False,False,False
707,1773732672.2342277,1773732672234229751,,,,,,,,,,,,,False,False,False
708,1773732672.2842412,1773732672284243070,,,,,,,,,,,,,False,False,False
709,1773732672.3342638,1773732672334265600,,,,,,,,,,,,,False,False,False
710,1773732672.3842661,1773732672384275979,,,,,,,,,,,,,False,False,False
711,1773732672.4342413,1773732672434243179,,,,,,,,,,,,,False,False,False
712,1773732672.484239,1773732672484242799,,,,,,,,,,,,,False,False,False
713,1773732672.5342793,1773732672534282618,,,,,,,,,,,,,False,False,False
714,1773732672.584326,1773732672584328277,,,,,,,,,,,,,False,False,False
715,1773732672.6343615,1773732672634363767,,,,,,,,,,,,,False,False,False
716,1773732672.6842375,1773732672684239447,,,,,,,,,,,,,False,False,False
717,1773732672.7342343,1773732672734236177,,,,,,,,,,,,,False,False,False
718,1773732672.7842882,1773732672784290296,,,,,,,,,,,,,False,False,False
719,1773732672.8342495,1773732672834251506,,,,,,,,,,,,,False,False,False
720,1773732672.8842485,1773732672884250936,,,,,,,,,,,,,False,False,False
721,1773732672.9343872,1773732672934389405,,,,,,,,,,,,,False,False,False
722,1773732672.9842613,1773732672984263285,,,,,,,,,,,,,False,False,False
723,1773732673.0343213,1773732673034323264,,,,,,,,,,,,,False,False,False
724,1773732673.0842397,1773732673084241474,,,,,,,,,,,,,False,False,False
725,1773732673.1342368,1773732673134238764,,,,,,,,,,,,,False,False,False
726,1773732673.1842651,1773732673184273273,,,,,,,,,,,,,False,False,False
727,1773732673.2343411,1773732673234343593,,,,,,,,,,,,,False,False,False
728,1773732673.2842207,1773732673284222713,,,,,,,,,,,,,False,False,False
729,1773732673.334235,1773732673334236522,,,,,,,,,,,,,False,False,False
730,1773732673.3842258,1773732673384227652,,,,,,,,,,,,,False,False,False
731,1773732673.4342585,1773732673434260571,,,,,,,,,,,,,False,False,False
732,1773732673.4843771,1773732673484378890,,,,,,,,,,,,,False,False,False
733,1773732673.534254,1773732673534255920,,,,,,,,,,,,,False,False,False
734,1773732673.5842402,1773732673584241810,,,,,,,,,,,,,False,False,False
735,1773732673.6345353,1773732673634537408,,,,,,,,,,,,,False,False,False
736,1773732673.6842406,1773732673684242520,,,,,,,,,,,,,False,False,False
737,1773732673.734257,1773732673734258619,,,,,,,,,,,,,False,False,False
738,1773732673.784262,1773732673784263489,,,,,,,,,,,,,False,False,False
739,1773732673.83426,1773732673834261728,,,,,,,,,,,,,False,False,False
740,1773732673.88432,1773732673884321988,,,,,,,,,,,,,False,False,False
741,1773732673.9344277,1773732673934429517,,,,,,,,,,,,,False,False,False
742,1773732673.9842641,1773732673984266037,,,,,,,,,,,,,False,False,False
743,1773732674.0342093,1773732674034211527,,,,,,,,,,,,,False,False,False
744,1773732674.0842557,1773732674084258037,,,,,,,,,,,,,False,False,False
745,1773732674.1343899,1773732674134391865,,,,,,,,,,,,,False,False,False
746,1773732674.1842597,1773732674184261566,,,,,,,,,,,,,False,False,False
747,1773732674.2342572,1773732674234259395,,,,,,,,,,,,,False,False,False
748,1773732674.284237,1773732674284238635,,,,,,,,,,,,,False,False,False
749,1773732674.3342383,1773732674334240045,,,,,,,,,,,,,False,False,False
750,1773732674.384256,1773732674384258204,,,,,,,,,,,,,False,False,False
751,1773732674.4342284,1773732674434230464,,,,,,,,,,,,,False,False,False
752,1773732674.4843106,1773732674484313103,,,,,,,,,,,,,False,False,False
753,1773732674.5342739,1773732674534278193,,,,,,,,,,,,,False,False,False
754,1773732674.5845633,1773732674584565301,,,,,,,,,,,,,False,False,False
755,1773732674.6342442,1773732674634246072,,,,,,,,,,,,,False,False,False
756,1773732674.6842804,1773732674684282352,,,,,,,,,,,,,False,False,False
757,1773732674.7342577,1773732674734259561,,,,,,,,,,,,,False,False,False
758,1773732674.7842202,1773732674784222241,,,,,,,,,,,,,False,False,False
759,1773732674.8342488,1773732674834250521,,,,,,,,,,,,,False,False,False
760,1773732674.8843138,1773732674884315800,,,,,,,,,,,,,False,False,False
761,1773732674.934253,1773732674934255270,,,,,,,,,,,,,False,False,False
762,1773732674.984236,1773732674984237750,,,,,,,,,,,,,False,False,False
763,1773732675.0343242,1773732675034325899,,,,,,,,,,,,,False,False,False
764,1773732675.0844266,1773732675084428748,,,,,,,,,,,,,False,False,False
765,1773732675.1342492,1773732675134251089,,,,,,,,,,,,,False,False,False
766,1773732675.1842723,1773732675184275758,,,,,,,,,,,,,False,False,False
767,1773732675.2342515,1773732675234253828,,,,,,,,,,,,,False,False,False
768,1773732675.2842305,1773732675284232098,,,,,,,,,,,,,False,False,False
769,1773732675.3344061,1773732675334407996,,,,,,,,,,,,,False,False,False
770,1773732675.384371,1773732675384373246,,,,,,,,,,,,,False,False,False
771,1773732675.4342546,1773732675434256376,,,,,,,,,,,,,False,False,False
772,1773732675.484306,1773732675484308136,,,,,,,,,,,,,False,False,False
773,1773732675.5342398,1773732675534241626,,,,,,,,,,,,,False,False,False
774,1773732675.5842483,1773732675584250065,,,,,,,,,,,,,False,False,False
775,1773732675.6342459,1773732675634247815,,,,,,,,,,,,,False,False,False
776,1773732675.6842608,1773732675684262705,,,,,,,,,,,,,False,False,False
777,1773732675.7343202,1773732675734322124,,,,,,,,,,,,,False,False,False
778,1773732675.7842462,1773732675784248464,,,,,,,,,,,,,False,False,False
779,1773732675.8342552,1773732675834256853,,,,,,,,,,,,,False,False,False
780,1773732675.884335,1773732675884338103,,,,,,,,,,,,,False,False,False
781,1773732675.9341922,1773732675934194063,,,,,,,,,,,,,False,False,False
782,1773732675.9842637,1773732675984265702,,,,,,,,,,,,,False,False,False
783,1773732676.0342515,1773732676034253792,,,,,,,,,,,,,False,False,False
784,1773732676.0842557,1773732676084257812,,,,,,,,,,,,,False,False,False
785,1773732676.1342366,1773732676134238551,,,,,,,,,,,,,False,False,False
786,1773732676.1841972,1773732676184199211,,,,,,,,,,,,,False,False,False
787,1773732676.234304,1773732676234306100,,,,,,,,,,,,,False,False,False
788,1773732676.2844028,1773732676284404819,,,,,,,,,,,,,False,False,False
789,1773732676.3343155,1773732676334317489,,,,,,,,,,,,,False,False,False
790,1773732676.3842614,1773732676384263299,,,,,,,,,,,,,False,False,False
791,1773732676.434243,1773732676434245369,,,,,,,,,,,,,False,False,False
792,1773732676.484254,1773732676484256379,,,,,,,,,,,,,False,False,False
793,1773732676.5342505,1773732676534252158,,,,,,,,,,,,,False,False,False
794,1773732676.5842474,1773732676584249318,,,,,,,,,,,,,False,False,False
795,1773732676.634267,1773732676634276877,,,,,,,,,,,,,False,False,False
796,1773732676.6842985,1773732676684300267,,,,,,,,,,,,,False,False,False
797,1773732676.7344346,1773732676734436606,,,,,,,,,,,,,False,False,False
798,1773732676.7842593,1773732676784261026,,,,,,,,,,,,,False,False,False
799,1773732676.8342407,1773732676834242446,,,,,,,,,,,,,False,False,False
800,1773732676.8842545,1773732676884256146,,,,,,,,,,,,,False,False,False
801,1773732676.93428,1773732676934283235,,,,,,,,,,,,,False,False,False
802,1773732676.984252,1773732676984254335,,,,,,,,,,,,,False,False,False
803,1773732677.0342789,1773732677034281174,,,,,,,,,,,,,False,False,False
804,1773732677.0842385,1773732677084240194,,,,,,,,,,,,,False,False,False
805,1773732677.1342385,1773732677134240234,,,,,,,,,,,,,False,False,False
806,1773732677.184239,1773732677184240853,,,,,,,,,,,,,False,False,False
807,1773732677.234262,1773732677234263903,,,,,,,,,,,,,False,False,False
808,1773732677.2842343,1773732677284236173,,,,,,,,,,,,,False,False,False
809,1773732677.3342507,1773732677334252562,,,,,,,,,,,,,False,False,False
810,1773732677.3842814,1773732677384283392,,,,,,,,,,,,,False,False,False
811,1773732677.4342384,1773732677434240511,,,,,,,,,,,,,False,False,False
812,1773732677.484242,1773732677484244001,,,,,,,,,,,,,False,False,False
813,1773732677.534333,1773732677534335410,,,,,,,,,,,,,False,False,False
814,1773732677.5842505,1773732677584252770,,,,,,,,,,,,,False,False,False
815,1773732677.6342447,1773732677634246540,,,,,,,,,,,,,False,False,False
816,1773732677.6842437,1773732677684245520,,,,,,,,,,,,,False,False,False
817,1773732677.734277,1773732677734279239,,,,,,,,,,,,,False,False,False
818,1773732677.7842426,1773732677784244619,,,,,,,,,,,,,False,False,False
819,1773732677.8342814,1773732677834285538,,,,,,,,,,,,,False,False,False
820,1773732677.8842518,1773732677884253928,,,,,,,,,,,,,False,False,False
821,1773732677.934253,1773732677934255958,,,,,,,,,,,,,False,False,False
822,1773732677.9842608,1773732677984262837,,,,,,,,,,,,,False,False,False
823,1773732678.0342922,1773732678034294337,,,,,,,,,,,,,False,False,False
824,1773732678.084254,1773732678084255667,,,,,,,,,,,,,False,False,False
825,1773732678.1342902,1773732678134294246,,,,,,,,,,,,,False,False,False
826,1773732678.18428,1773732678184281926,,,,,,,,,,,,,False,False,False
827,1773732678.2344658,1773732678234469524,,,,,,,,,,,,,False,False,False
828,1773732678.2842398,1773732678284241625,,,,,,,,,,,,,False,False,False
829,1773732678.3343077,1773732678334310934,,,,,,,,,,,,,False,False,False
830,1773732678.38425,1773732678384251654,,,,,,,,,,,,,False,False,False
831,1773732678.4342265,1773732678434228174,,,,,,,,,,,,,False,False,False
832,1773732678.4842384,1773732678484240324,,,,,,,,,,,,,False,False,False
833,1773732678.5342827,1773732678534284893,,,,,,,,,,,,,False,False,False
834,1773732678.5842392,1773732678584241303,,,,,,,,,,,,,False,False,False
835,1773732678.6342394,1773732678634241522,,,,,,,,,,,,,False,False,False
836,1773732678.6842835,1773732678684285402,,,,,,,,,,,,,False,False,False
837,1773732678.7342398,1773732678734241992,,,,,,,,,,,,,False,False,False
838,1773732678.784287,1773732678784289001,,,,,,,,,,,,,False,False,False
839,1773732678.8343458,1773732678834348050,,,,,,,,,,,,,False,False,False
840,1773732678.8842645,1773732678884266521,,,,,,,,,,,,,False,False,False
841,1773732678.934248,1773732678934249890,,,,,,,,,,,,,False,False,False
842,1773732678.984239,1773732678984241170,,,,,,,,,,,,,False,False,False
843,1773732679.0342417,1773732679034243969,,,,,,,,,,,,,False,False,False
844,1773732679.0842159,1773732679084217909,,,,,,,,,,,,,False,False,False
845,1773732679.1342728,1773732679134274849,,,,,,,,,,,,,False,False,False
846,1773732679.184234,1773732679184235909,,,,,,,,,,,,,False,False,False
847,1773732679.2342596,1773732679234261948,,,,,,,,,,,,,False,False,False
848,1773732679.284226,1773732679284228088,,,,,,,,,,,,,False,False,False
849,1773732679.33425,1773732679334251897,,,,,,,,,,,,,False,False,False
850,1773732679.3845515,1773732679384553716,,,,,,,,,,,,,False,False,False
851,1773732679.434254,1773732679434255736,,,,,,,,,,,,,False,False,False
852,1773732679.4842753,1773732679484279076,,,,,,,,,,,,,False,False,False
853,1773732679.5342379,1773732679534239986,,,,,,,,,,,,,False,False,False
854,1773732679.5842595,1773732679584262405,,,,,,,,,,,,,False,False,False
855,1773732679.6342654,1773732679634273505,,,,,,,,,,,,,False,False,False
856,1773732679.68424,1773732679684241855,,,,,,,,,,,,,False,False,False
857,1773732679.7342393,1773732679734240935,,,,,,,,,,,,,False,False,False
858,1773732679.784241,1773732679784242644,,,,,,,,,,,,,False,False,False
859,1773732679.8346386,1773732679834640392,,,,,,,,,,,,,False,False,False
860,1773732679.884245,1773732679884246583,,,,,,,,,,,,,False,False,False
861,1773732679.934252,1773732679934254083,,,,,,,,,,,,,False,False,False
862,1773732679.984254,1773732679984256373,,,,,,,,,,,,,False,False,False
863,1773732680.0342507,1773732680034252942,,,,,,,,,,,,,False,False,False
864,1773732680.0844111,1773732680084413391,,,,,,,,,,,,,False,False,False
865,1773732680.1342537,1773732680134255602,,,,,,,,,,,,,False,False,False
866,1773732680.1842427,1773732680184244551,,,,,,,,,,,,,False,False,False
867,1773732680.2342358,1773732680234237731,,,,,,,,,,,,,False,False,False
868,1773732680.2843106,1773732680284312100,,,,,,,,,,,,,False,False,False
869,1773732680.3342664,1773732680334275690,,,,,,,,,,,,,False,False,False
870,1773732680.3843234,1773732680384325169,,,,,,,,,,,,,False,False,False
871,1773732680.4342597,1773732680434262869,,,,,,,,,,,,,False,False,False
872,1773732680.4842417,1773732680484243559,,,,,,,,,,,,,False,False,False
873,1773732680.5342464,1773732680534248299,,,,,,,,,,,,,False,False,False
874,1773732680.5843198,1773732680584322148,,,,,,,,,,,,,False,False,False
875,1773732680.6342597,1773732680634263918,,,,,,,,,,,,,False,False,False
876,1773732680.6842332,1773732680684234977,,,,,,,,,,,,,False,False,False
877,1773732680.7344065,1773732680734408276,,,,,,,,,,,,,False,False,False
878,1773732680.7842453,1773732680784247217,,,,,,,,,,,,,False,False,False
879,1773732680.8343163,1773732680834319406,,,,,,,,,,,,,False,False,False
880,1773732680.8842227,1773732680884224726,,,,,,,,,,,,,False,False,False
881,1773732680.934412,1773732680934414045,,,,,,,,,,,,,False,False,False
882,1773732680.9842432,1773732680984244965,,,,,,,,,,,,,False,False,False
883,1773732681.0342808,1773732681034284315,,,,,,,,,,,,,False,False,False
884,1773732681.0845613,1773732681084563463,,,,,,,,,,,,,False,False,False
885,1773732681.1343136,1773732681134315194,,,,,,,,,,,,,False,False,False
886,1773732681.1842422,1773732681184244214,,,,,,,,,,,,,False,False,False
887,1773732681.2342544,1773732681234256003,,,,,,,,,,,,,False,False,False
888,1773732681.2842402,1773732681284241963,,,,,,,,,,,,,False,False,False
889,1773732681.3342388,1773732681334240523,,,,,,,,,,,,,False,False,False
890,1773732681.3842633,1773732681384264932,,,,,,,,,,,,,False,False,False
891,1773732681.4342473,1773732681434249152,,,,,,,,,,,,,False,False,False
892,1773732681.4842565,1773732681484258552,,,,,,,,,,,,,False,False,False
893,1773732681.5342433,1773732681534245331,,,,,,,,,,,,,False,False,False
894,1773732681.5842574,1773732681584259251,,,,,,,,,,,,,False,False,False
895,1773732681.6342554,1773732681634257350,,,,,,,,,,,,,False,False,False
896,1773732681.684233,1773732681684234770,,,,,,,,,,,,,False,False,False
897,1773732681.734303,1773732681734306929,,,,,,,,,,,,,False,False,False
898,1773732681.78429,1773732681784292059,,,,,,,,,,,,,False,False,False
899,1773732681.8342526,1773732681834254509,,,,,,,,,,,,,False,False,False
900,1773732681.8842452,1773732681884247029,,,,,,,,,,,,,False,False,False
901,1773732681.9342623,1773732681934264218,,,,,,,,,,,,,False,False,False
902,1773732681.9842358,1773732681984237858,,,,,,,,,,,,,False,False,False
903,1773732682.0342562,1773732682034258087,,,,,,,,,,,,,False,False,False
904,1773732682.0842588,1773732682084260747,,,,,,,,,,,,,False,False,False
905,1773732682.1342418,1773732682134243937,,,,,,,,,,,,,False,False,False
906,1773732682.184242,1773732682184243887,,,,,,,,,,,,,False,False,False
907,1773732682.234235,1773732682234237067,,,,,,,,,,,,,False,False,False
908,1773732682.2842593,1773732682284262306,,,,,,,,,,,,,False,False,False
909,1773732682.3342352,1773732682334237006,,,,,,,,,,,,,False,False,False
910,1773732682.384237,1773732682384238805,,,,,,,,,,,,,False,False,False
911,1773732682.4342391,1773732682434241205,,,,,,,,,,,,,False,False,False
912,1773732682.484295,1773732682484297164,,,,,,,,,,,,,False,False,False
913,1773732682.534239,1773732682534240734,,,,,,,,,,,,,False,False,False
914,1773732682.5842457,1773732682584247894,,,,,,,,,,,,,False,False,False
915,1773732682.6342337,1773732682634235574,,,,,,,,,,,,,False,False,False
916,1773732682.6842177,1773732682684219403,,,,,,,,,,,,,False,False,False
917,1773732682.7343206,1773732682734324772,,,,,,,,,,,,,False,False,False
918,1773732682.7842388,1773732682784240412,,,,,,,,,,,,,False,False,False
919,1773732682.8346353,1773732682834637450,,,,,,,,,,,,,False,False,False
920,1773732682.88429,1773732682884291821,,,,,,,,,,,,,False,False,False
921,1773732682.9343805,1773732682934382431,,,,,,,,,,,,,False,False,False
922,1773732682.98429,1773732682984291550,,,,,,,,,,,,,False,False,False
923,1773732683.0342581,1773732683034260810,,,,,,,,,,,,,False,False,False
924,1773732683.0843265,1773732683084329020,,,,,,,,,,,,,False,False,False
925,1773732683.1342876,1773732683134290220,,,,,,,,,,,,,False,False,False
926,1773732683.1842437,1773732683184245610,,,,,,,,,,,,,False,False,False
927,1773732683.2343917,1773732683234393708,,,,,,,,,,,,,False,False,False
928,1773732683.28429,1773732683284292349,,,,,,,,,,,,,False,False,False
929,1773732683.334599,1773732683334606297,,,,,,,,,,,,,False,False,False
930,1773732683.3842442,1773732683384247378,,,,,,,,,,,,,False,False,False
931,1773732683.4343972,1773732683434399117,,,,,,,,,,,,,False,False,False
932,1773732683.484283,1773732683484287357,,,,,,,,,,,,,False,False,False
933,1773732683.534275,1773732683534278517,,,,,,,,,,,,,False,False,False
934,1773732683.5843186,1773732683584320516,,,,,,,,,,,,,False,False,False
935,1773732683.6342514,1773732683634253186,,,,,,,,,,,,,False,False,False
936,1773732683.684245,1773732683684246636,,,,,,,,,,,,,False,False,False
937,1773732683.7342367,1773732683734238475,,,,,,,,,,,,,False,False,False
938,1773732683.7842875,1773732683784289455,,,,,,,,,,,,,False,False,False
939,1773732683.8342314,1773732683834233325,,,,,,,,,,,,,False,False,False
940,1773732683.8842902,1773732683884292594,,,,,,,,,,,,,False,False,False
941,1773732683.93424,1773732683934241914,,,,,,,,,,,,,False,False,False
942,1773732683.9842744,1773732683984276843,,,,,,,,,,,,,False,False,False
943,1773732684.0342424,1773732684034244113,,,,,,,,,,,,,False,False,False
944,1773732684.0842736,1773732684084275853,,,,,,,,,,,,,False,False,False
945,1773732684.1342552,1773732684134258463,,,,,,,,,,,,,False,False,False
946,1773732684.184219,1773732684184220622,,,,,,,,,,,,,False,False,False
947,1773732684.234198,1773732684234199862,,,,,,,,,,,,,False,False,False
948,1773732684.284249,1773732684284251251,,,,,,,,,,,,,False,False,False
949,1773732684.3342304,1773732684334232241,,,,,,,,,,,,,False,False,False
950,1773732684.3844008,1773732684384403040,,,,,,,,,,,,,False,False,False
951,1773732684.4342372,1773732684434239111,,,,,,,,,,,,,False,False,False
952,1773732684.4842427,1773732684484244810,,,,,,,,,,,,,False,False,False
953,1773732684.534241,1773732684534242820,,,,,,,,,,,,,False,False,False
954,1773732684.5844517,1773732684584453929,,,,,,,,,,,,,False,False,False
955,1773732684.6342402,1773732684634242489,,,,,,,,,,,,,False,False,False
956,1773732684.6842458,1773732684684247599,,,,,,,,,,,,,False,False,False
957,1773732684.734238,1773732684734239828,,,,,,,,,,,,,False,False,False
958,1773732684.7842627,1773732684784264578,,,,,,,,,,,,,False,False,False
959,1773732684.834354,1773732684834356707,,,,,,,,,,,,,False,False,False
960,1773732684.8843021,1773732684884305727,,,,,,,,,,,,,False,False,False
961,1773732684.9342575,1773732684934259487,,,,,,,,,,,,,False,False,False
962,1773732684.984296,1773732684984298156,,,,,,,,,,,,,False,False,False
963,1773732685.034319,1773732685034321456,,,,,,,,,,,,,False,False,False
964,1773732685.0843039,1773732685084305446,,,,,,,,,,,,,False,False,False
965,1773732685.13422,1773732685134221925,,,,,,,,,,,,,False,False,False
966,1773732685.1842573,1773732685184259315,,,,,,,,,,,,,False,False,False
967,1773732685.2342412,1773732685234243055,,,,,,,,,,,,,False,False,False
968,1773732685.2844129,1773732685284414974,,,,,,,,,,,,,False,False,False
969,1773732685.3342524,1773732685334254724,,,,,,,,,,,,,False,False,False
970,1773732685.3842325,1773732685384234374,,,,,,,,,,,,,False,False,False
971,1773732685.4342365,1773732685434238274,,,,,,,,,,,,,False,False,False
972,1773732685.4842389,1773732685484240973,,,,,,,,,,,,,False,False,False
973,1773732685.5342493,1773732685534251453,,,,,,,,,,,,,False,False,False
974,1773732685.5843258,1773732685584328032,,,,,,,,,,,,,False,False,False
975,1773732685.6344078,1773732685634409531,,,,,,,,,,,,,False,False,False
976,1773732685.6842747,1773732685684277911,,,,,,,,,,,,,False,False,False
977,1773732685.7343278,1773732685734329741,,,,,,,,,,,,,False,False,False
978,1773732685.7844517,1773732685784453610,,,,,,,,,,,,,False,False,False
979,1773732685.8342416,1773732685834243111,,,,,,,,,,,,,False,False,False
980,1773732685.884328,1773732685884329720,,,,,,,,,,,,,False,False,False
981,1773732685.9342577,1773732685934259800,,,,,,,,,,,,,False,False,False
982,1773732685.9842505,1773732685984252760,,,,,,,,,,,,,False,False,False
983,1773732686.0342412,1773732686034243039,,,,,,,,,,,,,False,False,False
984,1773732686.084245,1773732686084247029,,,,,,,,,,,,,False,False,False
985,1773732686.134233,1773732686134234798,,,,,,,,,,,,,False,False,False
986,1773732686.1842418,1773732686184243698,,,,,,,,,,,,,False,False,False
987,1773732686.234233,1773732686234234728,,,,,,,,,,,,,False,False,False
988,1773732686.2842374,1773732686284239307,,,,,,,,,,,,,False,False,False
989,1773732686.334237,1773732686334238867,,,,,,,,,,,,,False,False,False
990,1773732686.3843694,1773732686384374216,,,,,,,,,,,,,False,False,False
991,1773732686.4342313,1773732686434233187,,,,,,,,,,,,,False,False,False
992,1773732686.484229,1773732686484230926,,,,,,,,,,,,,False,False,False
993,1773732686.5342443,1773732686534246326,,,,,,,,,,,,,False,False,False
994,1773732686.5843103,1773732686584311875,,,,,,,,,,,,,False,False,False
995,1773732686.6342297,1773732686634231885,,,,,,,,,,,,,False,False,False
996,1773732686.6842613,1773732686684263104,,,,,,,,,,,,,False,False,False
997,1773732686.7342372,1773732686734239124,,,,,,,,,,,,,False,False,False
998,1773732686.7842455,1773732686784247344,,,,,,,,,,,,,False,False,False
999,1773732686.8342397,1773732686834242134,,,,,,,,,,,,,False,False,False
1000,1773732686.8843093,1773732686884311283,,,,,,,,,,,,,False,False,False
1001,1773732686.9343305,1773732686934333982,,,,,,,,,,,,,False,False,False
1002,1773732686.9843223,1773732686984324422,,,,,,,,,,,,,False,False,False
1003,1773732687.0342648,1773732687034266772,,,,,,,,,,,,,False,False,False
1004,1773732687.0842469,1773732687084248702,,,,,,,,,,,,,False,False,False
1005,1773732687.1342576,1773732687134259621,,,,,,,,,,,,,False,False,False
1006,1773732687.184257,1773732687184258951,,,,,,,,,,,,,False,False,False
1007,1773732687.2342806,1773732687234282660,,,,,,,,,,,,,False,False,False
1008,1773732687.284256,1773732687284258120,,,,,,,,,,,,,False,False,False
1009,1773732687.334283,1773732687334287000,,,,,,,,,,,,,False,False,False
1010,1773732687.3843238,1773732687384325839,,,,,,,,,,,,,False,False,False
1011,1773732687.434312,1773732687434314259,,,,,,,,,,,,,False,False,False
1012,1773732687.484246,1773732687484248079,,,,,,,,,,,,,False,False,False
1013,1773732687.5343308,1773732687534332738,,,,,,,,,,,,,False,False,False
1014,1773732687.584296,1773732687584298038,,,,,,,,,,,,,False,False,False
1015,1773732687.634274,1773732687634277028,,,,,,,,,,,,,False,False,False
1016,1773732687.6843045,1773732687684307577,,,,,,,,,,,,,False,False,False
1017,1773732687.7344148,1773732687734416816,,,,,,,,,,,,,False,False,False
1018,1773732687.784224,1773732687784226217,,,,,,,,,,,,,False,False,False
1019,1773732687.83428,1773732687834282006,,,,,,,,,,,,,False,False,False
1020,1773732687.8842473,1773732687884249206,,,,,,,,,,,,,False,False,False
1021,1773732687.9342422,1773732687934244086,,,,,,,,,,,,,False,False,False
1022,1773732687.9842358,1773732687984237486,,,,,,,,,,,,,False,False,False
1023,1773732688.034438,1773732688034439914,,,,,,,,,,,,,False,False,False
1024,1773732688.0842955,1773732688084297235,,,,,,,,,,,,,False,False,False
1025,1773732688.1342814,1773732688134283754,,,,,,,,,,,,,False,False,False
1026,1773732688.184315,1773732688184316604,,,,,,,,,,,,,False,False,False
1027,1773732688.234207,1773732688234210714,,,,,,,,,,,,,False,False,False
1028,1773732688.28434,1773732688284342433,,,,,,,,,,,,,False,False,False
1029,1773732688.3342602,1773732688334262053,,,,,,,,,,,,,False,False,False
1030,1773732688.3842986,1773732688384302612,,,,,,,,,,,,,False,False,False
1031,1773732688.4343367,1773732688434339652,,,,,,,,,,,,,False,False,False
1032,1773732688.484294,1773732688484309512,,,,,,,,,,,,,False,False,False
1033,1773732688.5342896,1773732688534291781,,,,,,,,,,,,,False,False,False
1034,1773732688.5842605,1773732688584262461,,,,,,,,,,,,,False,False,False
1035,1773732688.634256,1773732688634257591,,,,,,,,,,,,,False,False,False
1036,1773732688.68424,1773732688684241820,,,,,,,,,,,,,False,False,False
1037,1773732688.7343128,1773732688734314450,,,,,,,,,,,,,False,False,False
1038,1773732688.7843306,1773732688784332450,,,,,,,,,,,,,False,False,False
1039,1773732688.8343108,1773732688834313219,,,,,,,,,,,,,False,False,False
1040,1773732688.8844361,1773732688884439698,,,,,,,,,,,,,False,False,False
1041,1773732688.93446,1773732688934461788,,,,,,,,,,,,,False,False,False
1042,1773732688.9842389,1773732688984240719,,,,,,,,,,,,,False,False,False
1043,1773732689.0343306,1773732689034332838,,,,,,,,,,,,,False,False,False
1044,1773732689.0842476,1773732689084249438,,,,,,,,,,,,,False,False,False
1045,1773732689.1342616,1773732689134263817,,,,,,,,,,,,,False,False,False
1046,1773732689.1842818,1773732689184284137,,,,,,,,,,,,,False,False,False
1047,1773732689.234305,1773732689234307277,,,,,,,,,,,,,False,False,False
1048,1773732689.2843227,1773732689284324906,,,,,,,,,,,,,False,False,False
1049,1773732689.334209,1773732689334210906,,,,,,,,,,,,,False,False,False
1050,1773732689.3842523,1773732689384254246,,,,,,,,,,,,,False,False,False
1051,1773732689.4342747,1773732689434277185,,,,,,,,,,,,,False,False,False
1052,1773732689.4842553,1773732689484257245,,,,,,,,,,,,,False,False,False
1053,1773732689.534558,1773732689534560033,,,,,,,,,,,,,False,False,False
1054,1773732689.5842278,1773732689584229654,,,,,,,,,,,,,False,False,False
1055,1773732689.6342547,1773732689634256604,,,,,,,,,,,,,False,False,False
1056,1773732689.6842506,1773732689684252474,,,,,,,,,,,,,False,False,False
1057,1773732689.734299,1773732689734301103,,,,,,,,,,,,,False,False,False
1058,1773732689.7842355,1773732689784237353,,,,,,,,,,,,,False,False,False
1059,1773732689.8342998,1773732689834301922,,,,,,,,,,,,,False,False,False
1060,1773732689.8842652,1773732689884277712,,,,,,,,,,,,,False,False,False
1061,1773732689.9343896,1773732689934391761,,,,,,,,,,,,,False,False,False
1062,1773732689.9842453,1773732689984247252,,,,,,,,,,,,,False,False,False
1063,1773732690.0342817,1773732690034283881,,,,,,,,,,,,,False,False,False
1064,1773732690.0842373,1773732690084239181,,,,,,,,,,,,,False,False,False
1065,1773732690.1342928,1773732690134294850,,,,,,,,,,,,,False,False,False
1066,1773732690.1842377,1773732690184239730,,,,,,,,,,,,,False,False,False
1067,1773732690.2342556,1773732690234257690,,,,,,,,,,,,,False,False,False
1068,1773732690.2842567,1773732690284258749,,,,,,,,,,,,,False,False,False
1069,1773732690.3343103,1773732690334311959,,,,,,,,,,,,,False,False,False
1070,1773732690.3842413,1773732690384243299,,,,,,,,,,,,,False,False,False
1071,1773732690.4343116,1773732690434313828,,,,,,,,,,,,,False,False,False
1072,1773732690.4842274,1773732690484228818,,,,,,,,,,,,,False,False,False
1073,1773732690.5342505,1773732690534252408,,,,,,,,,,,,,False,False,False
1074,1773732690.5842319,1773732690584233798,,,,,,,,,,,,,False,False,False
1075,1773732690.6343162,1773732690634318447,,,,,,,,,,,,,False,False,False
1076,1773732690.6842556,1773732690684257617,,,,,,,,,,,,,False,False,False
1077,1773732690.7342875,1773732690734290156,,,,,,,,,,,,,False,False,False
1078,1773732690.7842453,1773732690784247116,,,,,,,,,,,,,False,False,False
1079,1773732690.834312,1773732690834313836,,,,,,,,,,,,,False,False,False
1080,1773732690.884261,1773732690884262815,,,,,,,,,,,,,False,False,False
1081,1773732690.9342563,1773732690934258145,,,,,,,,,,,,,False,False,False
1082,1773732690.9842832,1773732690984285524,,,,,,,,,,,,,False,False,False
1083,1773732691.034275,1773732691034277374,,,,,,,,,,,,,False,False,False
1084,1773732691.0842538,1773732691084255544,,,,,,,,,,,,,False,False,False
1085,1773732691.1342661,1773732691134274604,,,,,,,,,,,,,False,False,False
1086,1773732691.1843731,1773732691184377783,,,,,,,,,,,,,False,False,False
1087,1773732691.2342134,1773732691234215333,,,,,,,,,,,,,False,False,False
1088,1773732691.2842395,1773732691284241503,,,,,,,,,,,,,False,False,False
1089,1773732691.3342268,1773732691334228732,,,,,,,,,,,,,False,False,False
1090,1773732691.384236,1773732691384237902,,,,,,,,,,,,,False,False,False
1091,1773732691.434322,1773732691434324241,,,,,,,,,,,,,False,False,False
1092,1773732691.4842114,1773732691484213291,,,,,,,,,,,,,False,False,False
1093,1773732691.5342767,1773732691534278731,,,,,,,,,,,,,False,False,False
1094,1773732691.5842552,1773732691584257190,,,,,,,,,,,,,False,False,False
1095,1773732691.634245,1773732691634246680,,,,,,,,,,,,,False,False,False
1096,1773732691.6842263,1773732691684227720,,,,,,,,,,,,,False,False,False
1097,1773732691.734217,1773732691734219050,,,,,,,,,,,,,False,False,False
1098,1773732691.7842338,1773732691784235429,,,,,,,,,,,,,False,False,False
1099,1773732691.8342614,1773732691834263189,,,,,,,,,,,,,False,False,False
1100,1773732691.8842397,1773732691884241458,,,,,,,,,,,,,False,False,False
1101,1773732691.9342449,1773732691934246568,,,,,,,,,,,,,False,False,False
1102,1773732691.9842947,1773732691984296628,,,,,,,,,,,,,False,False,False
1103,1773732692.0342948,1773732692034296597,,,,,,,,,,,,,False,False,False
1104,1773732692.084233,1773732692084234507,,,,,,,,,,,,,False,False,False
1105,1773732692.134236,1773732692134237917,,,,,,,,,,,,,False,False,False
1106,1773732692.1842482,1773732692184250317,,,,,,,,,,,,,False,False,False
1107,1773732692.2343428,1773732692234346455,,,,,,,,,,,,,False,False,False
1108,1773732692.2843254,1773732692284327605,,,,,,,,,,,,,False,False,False
1109,1773732692.3342469,1773732692334249306,,,,,,,,,,,,,False,False,False
1110,1773732692.3842762,1773732692384278585,,,,,,,,,,,,,False,False,False
1111,1773732692.4343278,1773732692434329994,,,,,,,,,,,,,False,False,False
1112,1773732692.4842079,1773732692484209664,,,,,,,,,,,,,False,False,False
1113,1773732692.5342925,1773732692534294584,,,,,,,,,,,,,False,False,False
1114,1773732692.5842361,1773732692584237794,,,,,,,,,,,,,False,False,False
1115,1773732692.6342397,1773732692634241803,,,,,,,,,,,,,False,False,False
1116,1773732692.6843007,1773732692684302803,,,,,,,,,,,,,False,False,False
1117,1773732692.7343137,1773732692734316272,,,,,,,,,,,,,False,False,False
1118,1773732692.784298,1773732692784299952,,,,,,,,,,,,,False,False,False
1119,1773732692.8342996,1773732692834301612,,,,,,,,,,,,,False,False,False
1120,1773732692.8842468,1773732692884248942,,,,,,,,,,,,,False,False,False
1121,1773732692.9342828,1773732692934284901,,,,,,,,,,,,,False,False,False
1122,1773732692.984597,1773732692984598579,,,,,,,,,,,,,False,False,False
1123,1773732693.0344443,1773732693034446200,,,,,,,,,,,,,False,False,False
1124,1773732693.0842457,1773732693084247600,,,,,,,,,,,,,False,False,False
1125,1773732693.134261,1773732693134262680,,,,,,,,,,,,,False,False,False
1126,1773732693.1842868,1773732693184288879,,,,,,,,,,,,,False,False,False
1127,1773732693.2344117,1773732693234413969,,,,,,,,,,,,,False,False,False
1128,1773732693.2842057,1773732693284207639,,,,,,,,,,,,,False,False,False
1129,1773732693.3342388,1773732693334240419,,,,,,,,,,,,,False,False,False
1130,1773732693.384236,1773732693384238039,,,,,,,,,,,,,False,False,False
1131,1773732693.4342775,1773732693434279648,,,,,,,,,,,,,False,False,False
1132,1773732693.4842336,1773732693484236078,,,,,,,,,,,,,False,False,False
1133,1773732693.5342848,1773732693534286627,,,,,,,,,,,,,False,False,False
1134,1773732693.5842435,1773732693584245357,,,,,,,,,,,,,False,False,False
1135,1773732693.6342378,1773732693634239887,,,,,,,,,,,,,False,False,False
1136,1773732693.6842382,1773732693684239876,,,,,,,,,,,,,False,False,False
1137,1773732693.7343926,1773732693734395725,,,,,,,,,,,,,False,False,False
1138,1773732693.7842507,1773732693784253795,,,,,,,,,,,,,False,False,False
1139,1773732693.8343,1773732693834302115,,,,,,,,,,,,,False,False,False
1140,1773732693.884242,1773732693884244405,,,,,,,,,,,,,False,False,False
1141,1773732693.934244,1773732693934245955,,,,,,,,,,,,,False,False,False
1142,1773732693.9842758,1773732693984277834,,,,,,,,,,,,,False,False,False
1143,1773732694.034323,1773732694034325104,,,,,,,,,,,,,False,False,False
1144,1773732694.084241,1773732694084242914,,,,,,,,,,,,,False,False,False
1145,1773732694.1343048,1773732694134306803,,,,,,,,,,,,,False,False,False
1146,1773732694.184249,1773732694184250653,,,,,,,,,,,,,False,False,False
1147,1773732694.2342722,1773732694234276303,,,,,,,,,,,,,False,False,False
1148,1773732694.284318,1773732694284321422,,,,,,,,,,,,,False,False,False
1149,1773732694.334284,1773732694334286332,,,,,,,,,,,,,False,False,False
1150,1773732694.3842325,1773732694384234412,,,,,,,,,,,,,False,False,False
1151,1773732694.4342864,1773732694434288461,,,,,,,,,,,,,False,False,False
1152,1773732694.4842086,1773732694484210631,,,,,,,,,,,,,False,False,False
1153,1773732694.534256,1773732694534259181,,,,,,,,,,,,,False,False,False
1154,1773732694.5842476,1773732694584249420,,,,,,,,,,,,,False,False,False
1155,1773732694.6342418,1773732694634243860,,,,,,,,,,,,,False,False,False
1156,1773732694.6842644,1773732694684266430,,,,,,,,,,,,,False,False,False
1157,1773732694.7342741,1773732694734277279,,,,,,,,,,,,,False,False,False
1158,1773732694.7842464,1773732694784248259,,,,,,,,,,,,,False,False,False
1159,1773732694.834257,1773732694834258699,,,,,,,,,,,,,False,False,False
1160,1773732694.8842819,1773732694884283928,,,,,,,,,,,,,False,False,False
1161,1773732694.9342413,1773732694934242998,,,,,,,,,,,,,False,False,False
1162,1773732694.9842536,1773732694984256557,,,,,,,,,,,,,False,False,False
1163,1773732695.0342317,1773732695034233337,,,,,,,,,,,,,False,False,False
1164,1773732695.0843241,1773732695084326117,,,,,,,,,,,,,False,False,False
1165,1773732695.1342237,1773732695134225417,,,,,,,,,,,,,False,False,False
1166,1773732695.18424,1773732695184241836,,,,,,,,,,,,,False,False,False
1167,1773732695.2342882,1773732695234290156,,,,,,,,,,,,,False,False,False
1168,1773732695.2842534,1773732695284255406,,,,,,,,,,,,,False,False,False
1169,1773732695.3342009,1773732695334203145,,,,,,,,,,,,,False,False,False
1170,1773732695.3842402,1773732695384242025,,,,,,,,,,,,,False,False,False
1171,1773732695.4343963,1773732695434398414,,,,,,,,,,,,,False,False,False
1172,1773732695.4842613,1773732695484263454,,,,,,,,,,,,,False,False,False
1173,1773732695.5344071,1773732695534409483,,,,,,,,,,,,,False,False,False
1174,1773732695.584226,1773732695584227624,,,,,,,,,,,,,False,False,False
1175,1773732695.6343486,1773732695634350783,,,,,,,,,,,,,False,False,False
1176,1773732695.6842523,1773732695684255463,,,,,,,,,,,,,False,False,False
1177,1773732695.7342749,1773732695734278592,,,,,,,,,,,,,False,False,False
1178,1773732695.7842243,1773732695784225882,,,,,,,,,,,,,False,False,False
1179,1773732695.834243,1773732695834244902,,,,,,,,,,,,,False,False,False
1180,1773732695.8842576,1773732695884259722,,,,,,,,,,,,,False,False,False
1181,1773732695.93443,1773732695934433111,,,,,,,,,,,,,False,False,False
1182,1773732695.9842434,1773732695984245161,,,,,,,,,,,,,False,False,False
1183,1773732696.0342472,1773732696034249271,,,,,,,,,,,,,False,False,False
1184,1773732696.084264,1773732696084265710,,,,,,,,,,,,,False,False,False
1185,1773732696.1343293,1773732696134331910,,,,,,,,,,,,,False,False,False
1186,1773732696.1842263,1773732696184228150,,,,,,,,,,,,,False,False,False
1187,1773732696.2343383,1773732696234340479,,,,,,,,,,,,,False,False,False
1188,1773732696.2842474,1773732696284249169,,,,,,,,,,,,,False,False,False
1189,1773732696.3342333,1773732696334235209,,,,,,,,,,,,,False,False,False
1190,1773732696.3842947,1773732696384298198,,,,,,,,,,,,,False,False,False
1191,1773732696.434647,1773732696434649506,,,,,,,,,,,,,False,False,False
1192,1773732696.4842434,1773732696484245538,,,,,,,,,,,,,False,False,False
1193,1773732696.5342355,1773732696534237368,,,,,,,,,,,,,False,False,False
1194,1773732696.5842345,1773732696584236387,,,,,,,,,,,,,False,False,False
1195,1773732696.6342475,1773732696634249317,,,,,,,,,,,,,False,False,False
1196,1773732696.6842363,1773732696684238146,,,,,,,,,,,,,False,False,False
1197,1773732696.734237,1773732696734238916,,,,,,,,,,,,,False,False,False
1198,1773732696.7842314,1773732696784233286,,,,,,,,,,,,,False,False,False
1199,1773732696.8342428,1773732696834245215,,,,,,,,,,,,,False,False,False
1200,1773732696.884286,1773732696884288275,,,,,,,,,,,,,False,False,False
1201,1773732696.9342427,1773732696934245075,,,,,,,,,,,,,False,False,False
1202,1773732696.9842815,1773732696984283714,,,,,,,,,,,,,False,False,False
1203,1773732697.0342476,1773732697034249514,,,,,,,,,,,,,False,False,False
1204,1773732697.084239,1773732697084241294,,,,,,,,,,,,,False,False,False
1205,1773732697.1343262,1773732697134329563,,,,,,,,,,,,,False,False,False
1206,1773732697.1843107,1773732697184313613,,,,,,,,,,,,,False,False,False
1207,1773732697.2342546,1773732697234256623,,,,,,,,,,,,,False,False,False
1208,1773732697.2842581,1773732697284260123,,,,,,,,,,,,,False,False,False
1209,1773732697.334259,1773732697334261092,,,,,,,,,,,,,False,False,False
1210,1773732697.3842404,1773732697384242212,,,,,,,,,,,,,False,False,False
1211,1773732697.434247,1773732697434249151,,,,,,,,,,,,,False,False,False
1212,1773732697.484415,1773732697484416850,,,,,,,,,,,,,False,False,False
1213,1773732697.5342438,1773732697534245720,,,,,,,,,,,,,False,False,False
1214,1773732697.5842645,1773732697584266390,,,,,,,,,,,,,False,False,False
1215,1773732697.6342468,1773732697634250320,,,,,,,,,,,,,False,False,False
1216,1773732697.6842453,1773732697684247350,,,,,,,,,,,,,False,False,False
1217,1773732697.7342806,1773732697734284289,,,,,,,,,,,,,False,False,False
1218,1773732697.7842321,1773732697784233799,,,,,,,,,,,,,False,False,False
1219,1773732697.8342493,1773732697834251639,,,,,,,,,,,,,False,False,False
1220,1773732697.8842497,1773732697884251559,,,,,,,,,,,,,False,False,False
1221,1773732697.934247,1773732697934248828,,,,,,,,,,,,,False,False,False
1222,1773732697.9842644,1773732697984266158,,,,,,,,,,,,,False,False,False
1223,1773732698.0342555,1773732698034257517,,,,,,,,,,,,,False,False,False
1224,1773732698.0842402,1773732698084241947,,,,,,,,,,,,,False,False,False
1225,1773732698.1342366,1773732698134238397,,,,,,,,,,,,,False,False,False
1226,1773732698.1842475,1773732698184249416,,,,,,,,,,,,,False,False,False
1227,1773732698.2343082,1773732698234310296,,,,,,,,,,,,,False,False,False
1228,1773732698.2843397,1773732698284341645,,,,,,,,,,,,,False,False,False
1229,1773732698.334277,1773732698334278825,,,,,,,,,,,,,False,False,False
1230,1773732698.3843222,1773732698384324125,,,,,,,,,,,,,False,False,False
1231,1773732698.4342513,1773732698434253415,,,,,,,,,,,,,False,False,False
1232,1773732698.4842398,1773732698484241985,,,,,,,,,,,,,False,False,False
1233,1773732698.5342402,1773732698534242204,,,,,,,,,,,,,False,False,False
1234,1773732698.5842168,1773732698584219164,,,,,,,,,,,,,False,False,False
1235,1773732698.6342757,1773732698634277723,,,,,,,,,,,,,False,False,False
1236,1773732698.6843162,1773732698684320213,,,,,,,,,,,,,False,False,False
1237,1773732698.7342508,1773732698734253043,,,,,,,,,,,,,False,False,False
1238,1773732698.7843223,1773732698784325172,,,,,,,,,,,,,False,False,False
1239,1773732698.8342595,1773732698834262722,,,,,,,,,,,,,False,False,False
1240,1773732698.8842971,1773732698884299492,,,,,,,,,,,,,False,False,False
1241,1773732698.9342594,1773732698934261501,,,,,,,,,,,,,False,False,False
1242,1773732698.984291,1773732698984293011,,,,,,,,,,,,,False,False,False
1243,1773732699.034241,1773732699034243071,,,,,,,,,,,,,False,False,False
1244,1773732699.084234,1773732699084235681,,,,,,,,,,,,,False,False,False
1245,1773732699.1342378,1773732699134239450,,,,,,,,,,,,,False,False,False
1246,1773732699.1842637,1773732699184266680,,,,,,,,,,,,,False,False,False
1247,1773732699.2342343,1773732699234236090,,,,,,,,,,,,,False,False,False
1248,1773732699.2842433,1773732699284245429,,,,,,,,,,,,,False,False,False
1249,1773732699.3342764,1773732699334280459,,,,,,,,,,,,,False,False,False
1250,1773732699.3843145,1773732699384316378,,,,,,,,,,,,,False,False,False
1251,1773732699.4345272,1773732699434529257,,,,,,,,,,,,,False,False,False
1252,1773732699.4842627,1773732699484264688,,,,,,,,,,,,,False,False,False
1253,1773732699.534259,1773732699534261658,,,,,,,,,,,,,False,False,False
1254,1773732699.5842354,1773732699584237347,,,,,,,,,,,,,False,False,False
1255,1773732699.63424,1773732699634241917,,,,,,,,,,,,,False,False,False
1256,1773732699.6842632,1773732699684265316,,,,,,,,,,,,,False,False,False
1257,1773732699.7342317,1773732699734233666,,,,,,,,,,,,,False,False,False
1258,1773732699.7842462,1773732699784248066,,,,,,,,,,,,,False,False,False
1259,1773732699.834238,1773732699834240016,,,,,,,,,,,,,False,False,False
1260,1773732699.88424,1773732699884241655,,,,,,,,,,,,,False,False,False
1261,1773732699.934245,1773732699934248085,,,,,,,,,,,,,False,False,False
1262,1773732699.9842417,1773732699984243635,,,,,,,,,,,,,False,False,False
1263,1773732700.0342424,1773732700034244435,,,,,,,,,,,,,False,False,False
1264,1773732700.0843,1773732700084302284,,,,,,,,,,,,,False,False,False
1265,1773732700.1342387,1773732700134240624,,,,,,,,,,,,,False,False,False
1266,1773732700.184255,1773732700184256703,,,,,,,,,,,,,False,False,False
1267,1773732700.2342353,1773732700234237403,,,,,,,,,,,,,False,False,False
1268,1773732700.2842746,1773732700284277993,,,,,,,,,,,,,False,False,False
1269,1773732700.334277,1773732700334280332,,,,,,,,,,,,,False,False,False
1270,1773732700.3842382,1773732700384240142,,,,,,,,,,,,,False,False,False
1271,1773732700.4342659,1773732700434272801,,,,,,,,,,,,,False,False,False
1272,1773732700.4842525,1773732700484254481,,,,,,,,,,,,,False,False,False
1273,1773732700.534244,1773732700534246321,,,,,,,,,,,,,False,False,False
1274,1773732700.5842595,1773732700584263261,,,,,,,,,,,,,False,False,False
1275,1773732700.6343021,1773732700634304690,,,,,,,,,,,,,False,False,False
1276,1773732700.6842437,1773732700684245810,,,,,,,,,,,,,False,False,False
1277,1773732700.7342768,1773732700734279090,,,,,,,,,,,,,False,False,False
1278,1773732700.784419,1773732700784422969,,,,,,,,,,,,,False,False,False
1279,1773732700.8342984,1773732700834300419,,,,,,,,,,,,,False,False,False
1280,1773732700.884245,1773732700884247059,,,,,,,,,,,,,False,False,False
1281,1773732700.9342563,1773732700934257959,,,,,,,,,,,,,False,False,False
1282,1773732700.984328,1773732700984330428,,,,,,,,,,,,,False,False,False
1283,1773732701.034263,1773732701034264568,,,,,,,,,,,,,False,False,False
1284,1773732701.084212,1773732701084214128,,,,,,,,,,,,,False,False,False
1285,1773732701.134359,1773732701134363057,,,,,,,,,,,,,False,False,False
1286,1773732701.1842551,1773732701184257117,,,,,,,,,,,,,False,False,False
1287,1773732701.2342649,1773732701234266536,,,,,,,,,,,,,False,False,False
1288,1773732701.2843127,1773732701284314326,,,,,,,,,,,,,False,False,False
1289,1773732701.3342574,1773732701334259256,,,,,,,,,,,,,False,False,False
1290,1773732701.3842611,1773732701384263256,,,,,,,,,,,,,False,False,False
1291,1773732701.4343302,1773732701434333605,,,,,,,,,,,,,False,False,False
1292,1773732701.4844346,1773732701484436584,,,,,,,,,,,,,False,False,False
1293,1773732701.5343318,1773732701534333794,,,,,,,,,,,,,False,False,False
1294,1773732701.584217,1773732701584218665,,,,,,,,,,,,,False,False,False
1295,1773732701.634248,1773732701634249554,,,,,,,,,,,,,False,False,False
1296,1773732701.6842577,1773732701684259624,,,,,,,,,,,,,False,False,False
1297,1773732701.7342463,1773732701734247913,,,,,,,,,,,,,False,False,False
1298,1773732701.7842538,1773732701784255753,,,,,,,,,,,,,False,False,False
1299,1773732701.8342478,1773732701834249783,,,,,,,,,,,,,False,False,False
1300,1773732701.884242,1773732701884243792,,,,,,,,,,,,,False,False,False
1301,1773732701.934251,1773732701934252912,,,,,,,,,,,,,False,False,False
1302,1773732701.984233,1773732701984234402,,,,,,,,,,,,,False,False,False
1303,1773732702.0342863,1773732702034288581,,,,,,,,,,,,,False,False,False
1304,1773732702.0842478,1773732702084250191,,,,,,,,,,,,,False,False,False
1305,1773732702.13424,1773732702134241871,,,,,,,,,,,,,False,False,False
1306,1773732702.1842353,1773732702184237571,,,,,,,,,,,,,False,False,False
1307,1773732702.2344089,1773732702234412690,,,,,,,,,,,,,False,False,False
1308,1773732702.2842968,1773732702284301160,,,,,,,,,,,,,False,False,False
1309,1773732702.3342366,1773732702334238630,,,,,,,,,,,,,False,False,False
1310,1773732702.3842359,1773732702384237729,,,,,,,,,,,,,False,False,False
1311,1773732702.434241,1773732702434243569,,,,,,,,,,,,,False,False,False
1312,1773732702.4842484,1773732702484250659,,,,,,,,,,,,,False,False,False
1313,1773732702.5343137,1773732702534317798,,,,,,,,,,,,,False,False,False
1314,1773732702.5842826,1773732702584284878,,,,,,,,,,,,,False,False,False
1315,1773732702.6342611,1773732702634263178,,,,,,,,,,,,,False,False,False
1316,1773732702.6843257,1773732702684327657,,,,,,,,,,,,,False,False,False
1317,1773732702.734237,1773732702734239087,,,,,,,,,,,,,False,False,False
1318,1773732702.7842405,1773732702784242357,,,,,,,,,,,,,False,False,False
1319,1773732702.8342183,1773732702834220196,,,,,,,,,,,,,False,False,False
1320,1773732702.8843036,1773732702884305606,,,,,,,,,,,,,False,False,False
1321,1773732702.9342866,1773732702934288915,,,,,,,,,,,,,False,False,False
1322,1773732702.9842782,1773732702984282385,,,,,,,,,,,,,False,False,False
1323,1773732703.034218,1773732703034219995,,,,,,,,,,,,,False,False,False
1324,1773732703.0842328,1773732703084234545,,,,,,,,,,,,,False,False,False
1325,1773732703.1342394,1773732703134241395,,,,,,,,,,,,,False,False,False
1326,1773732703.1842964,1773732703184298654,,,,,,,,,,,,,False,False,False
1327,1773732703.234238,1773732703234239984,,,,,,,,,,,,,False,False,False
1328,1773732703.2842662,1773732703284291563,,,,,,,,,,,,,False,False,False
1329,1773732703.3343647,1773732703334368943,,,,,,,,,,,,,False,False,False
1330,1773732703.3842626,1773732703384264473,,,,,,,,,,,,,False,False,False
1331,1773732703.4342275,1773732703434229303,,,,,,,,,,,,,False,False,False
1332,1773732703.4842,1773732703484202062,,,,,,,,,,,,,False,False,False
1333,1773732703.5342493,1773732703534251112,,,,,,,,,,,,,False,False,False
1334,1773732703.584289,1773732703584293131,,,,,,,,,,,,,False,False,False
1335,1773732703.6342432,1773732703634245251,,,,,,,,,,,,,False,False,False
1336,1773732703.684261,1773732703684263091,,,,,,,,,,,,,False,False,False
1337,1773732703.734231,1773732703734232801,,,,,,,,,,,,,False,False,False
1338,1773732703.7842565,1773732703784259160,,,,,,,,,,,,,False,False,False
1339,1773732703.8342457,1773732703834247690,,,,,,,,,,,,,False,False,False
1340,1773732703.8842974,1773732703884299759,,,,,,,,,,,,,False,False,False
1341,1773732703.9342916,1773732703934293879,,,,,,,,,,,,,False,False,False
1342,1773732703.9842494,1773732703984250659,,,,,,,,,,,,,False,False,False
1343,1773732704.034683,1773732704034684797,,,,,,,,,,,,,False,False,False
1344,1773732704.0842316,1773732704084233429,,,,,,,,,,,,,False,False,False
1345,1773732704.134299,1773732704134300788,,,,,,,,,,,,,False,False,False
1346,1773732704.184253,1773732704184254598,,,,,,,,,,,,,False,False,False
1347,1773732704.234238,1773732704234239458,,,,,,,,,,,,,False,False,False
1348,1773732704.2842517,1773732704284253507,,,,,,,,,,,,,False,False,False
1349,1773732704.3342733,1773732704334274837,,,,,,,,,,,,,False,False,False
1350,1773732704.3842196,1773732704384221447,,,,,,,,,,,,,False,False,False
1351,1773732704.4344041,1773732704434407565,,,,,,,,,,,,,False,False,False
1352,1773732704.4843185,1773732704484320426,,,,,,,,,,,,,False,False,False
1353,1773732704.5342352,1773732704534236996,,,,,,,,,,,,,False,False,False
1354,1773732704.5842097,1773732704584211156,,,,,,,,,,,,,False,False,False
1355,1773732704.634208,1773732704634210075,,,,,,,,,,,,,False,False,False
1356,1773732704.684237,1773732704684239045,,,,,,,,,,,,,False,False,False
1357,1773732704.7343175,1773732704734320724,,,,,,,,,,,,,False,False,False
1358,1773732704.7842965,1773732704784299924,,,,,,,,,,,,,False,False,False
1359,1773732704.8342495,1773732704834252644,,,,,,,,,,,,,False,False,False
1360,1773732704.8842955,1773732704884297663,,,,,,,,,,,,,False,False,False
1361,1773732704.9342391,1773732704934241033,,,,,,,,,,,,,False,False,False
1362,1773732704.984252,1773732704984253733,,,,,,,,,,,,,False,False,False
1363,1773732705.0342357,1773732705034237503,,,,,,,,,,,,,False,False,False
1364,1773732705.0842397,1773732705084241732,,,,,,,,,,,,,False,False,False
1365,1773732705.134276,1773732705134279702,,,,,,,,,,,,,False,False,False
1366,1773732705.184272,1773732705184274911,,,,,,,,,,,,,False,False,False
1367,1773732705.2342327,1773732705234234631,,,,,,,,,,,,,False,False,False
1368,1773732705.2842503,1773732705284252221,,,,,,,,,,,,,False,False,False
1369,1773732705.3342762,1773732705334278940,,,,,,,,,,,,,False,False,False
1370,1773732705.3842301,1773732705384232310,,,,,,,,,,,,,False,False,False
1371,1773732705.434291,1773732705434293370,,,,,,,,,,,,,False,False,False
1372,1773732705.484319,1773732705484321549,,,,,,,,,,,,,False,False,False
1373,1773732705.5342336,1773732705534235249,,,,,,,,,,,,,False,False,False
1374,1773732705.584445,1773732705584448208,,,,,,,,,,,,,False,False,False
1375,1773732705.6344652,1773732705634467288,,,,,,,,,,,,,False,False,False
1376,1773732705.6843638,1773732705684367128,,,,,,,,,,,,,False,False,False
1377,1773732705.7342446,1773732705734247108,,,,,,,,,,,,,False,False,False
1378,1773732705.7843032,1773732705784305257,,,,,,,,,,,,,False,False,False
1379,1773732705.8341742,1773732705834176218,,,,,,,,,,,,,False,False,False
1380,1773732705.8842497,1773732705884251697,,,,,,,,,,,,,False,False,False
1381,1773732705.9343235,1773732705934325326,,,,,,,,,,,,,False,False,False
1382,1773732705.9845698,1773732705984571975,,,,,,,,,,,,,False,False,False
1383,1773732706.0342858,1773732706034288156,,,,,,,,,,,,,False,False,False
1384,1773732706.084212,1773732706084213616,,,,,,,,,,,,,False,False,False
1385,1773732706.1342967,1773732706134298595,,,,,,,,,,,,,False,False,False
1386,1773732706.1842191,1773732706184221135,,,,,,,,,,,,,False,False,False
1387,1773732706.2342362,1773732706234238045,,,,,,,,,,,,,False,False,False
1388,1773732706.2842429,1773732706284244724,,,,,,,,,,,,,False,False,False
1389,1773732706.3342476,1773732706334249654,,,,,,,,,,,,,False,False,False
1390,1773732706.384274,1773732706384275784,,,,,,,,,,,,,False,False,False
1391,1773732706.4342618,1773732706434263484,,,,,,,,,,,,,False,False,False
1392,1773732706.4842296,1773732706484231074,,,,,,,,,,,,,False,False,False
1393,1773732706.5342598,1773732706534261773,,,,,,,,,,,,,False,False,False
1394,1773732706.5843399,1773732706584341992,,,,,,,,,,,,,False,False,False
1395,1773732706.634255,1773732706634256753,,,,,,,,,,,,,False,False,False
1396,1773732706.6842349,1773732706684236542,,,,,,,,,,,,,False,False,False
1397,1773732706.7342575,1773732706734259492,,,,,,,,,,,,,False,False,False
1398,1773732706.7842371,1773732706784239052,,,,,,,,,,,,,False,False,False
1399,1773732706.8342361,1773732706834237801,,,,,,,,,,,,,False,False,False
1400,1773732706.884215,1773732706884216871,,,,,,,,,,,,,False,False,False
1401,1773732706.934282,1773732706934283911,,,,,,,,,,,,,False,False,False
1402,1773732706.9843178,1773732706984319540,,,,,,,,,,,,,False,False,False
1403,1773732707.034288,1773732707034289880,,,,,,,,,,,,,False,False,False
1404,1773732707.0842466,1773732707084248230,,,,,,,,,,,,,False,False,False
1405,1773732707.1344283,1773732707134429588,,,,,,,,,,,,,False,False,False
1406,1773732707.1842577,1773732707184259619,,,,,,,,,,,,,False,False,False
1407,1773732707.2342422,1773732707234243999,,,,,,,,,,,,,False,False,False
1408,1773732707.284243,1773732707284245238,,,,,,,,,,,,,False,False,False
1409,1773732707.3343337,1773732707334337888,,,,,,,,,,,,,False,False,False
1410,1773732707.3843865,1773732707384388537,,,,,,,,,,,,,False,False,False
1411,1773732707.4342785,1773732707434280517,,,,,,,,,,,,,False,False,False
1412,1773732707.4842575,1773732707484259497,,,,,,,,,,,,,False,False,False
1413,1773732707.53432,1773732707534322066,,,,,,,,,,,,,False,False,False
1414,1773732707.584279,1773732707584281456,,,,,,,,,,,,,False,False,False
1415,1773732707.6342626,1773732707634264596,,,,,,,,,,,,,False,False,False
1416,1773732707.6842582,1773732707684260116,,,,,,,,,,,,,False,False,False
1417,1773732707.7342346,1773732707734236366,,,,,,,,,,,,,False,False,False
1418,1773732707.7842402,1773732707784242066,,,,,,,,,,,,,False,False,False
1419,1773732707.8342397,1773732707834241735,,,,,,,,,,,,,False,False,False
1420,1773732707.8842397,1773732707884241455,,,,,,,,,,,,,False,False,False
1421,1773732707.9343042,1773732707934306424,,,,,,,,,,,,,False,False,False
1422,1773732707.9842424,1773732707984245374,,,,,,,,,,,,,False,False,False
1423,1773732708.0342624,1773732708034264704,,,,,,,,,,,,,False,False,False
1424,1773732708.0842612,1773732708084263083,,,,,,,,,,,,,False,False,False
1425,1773732708.1342463,1773732708134248653,,,,,,,,,,,,,False,False,False
1426,1773732708.1842546,1773732708184256613,,,,,,,,,,,,,False,False,False
1427,1773732708.2343032,1773732708234307722,,,,,,,,,,,,,False,False,False
1428,1773732708.2842517,1773732708284254682,,,,,,,,,,,,,False,False,False
1429,1773732708.3342893,1773732708334291812,,,,,,,,,,,,,False,False,False
1430,1773732708.3842528,1773732708384254651,,,,,,,,,,,,,False,False,False
1431,1773732708.4342396,1773732708434241821,,,,,,,,,,,,,False,False,False
1432,1773732708.48429,1773732708484291901,,,,,,,,,,,,,False,False,False
1433,1773732708.534325,1773732708534327650,,,,,,,,,,,,,False,False,False
1434,1773732708.5843177,1773732708584319440,,,,,,,,,,,,,False,False,False
1435,1773732708.6343114,1773732708634313380,,,,,,,,,,,,,False,False,False
1436,1773732708.684244,1773732708684246010,,,,,,,,,,,,,False,False,False
1437,1773732708.7342362,1773732708734238150,,,,,,,,,,,,,False,False,False
1438,1773732708.7842584,1773732708784261589,,,,,,,,,,,,,False,False,False
1439,1773732708.8342495,1773732708834251639,,,,,,,,,,,,,False,False,False
1440,1773732708.8842504,1773732708884252499,,,,,,,,,,,,,False,False,False
1441,1773732708.9342875,1773732708934291488,,,,,,,,,,,,,False,False,False
1442,1773732708.984328,1773732708984329948,,,,,,,,,,,,,False,False,False
1443,1773732709.0342302,1773732709034233078,,,,,,,,,,,,,False,False,False
1444,1773732709.0842376,1773732709084239497,,,,,,,,,,,,,False,False,False
1445,1773732709.134304,1773732709134305947,,,,,,,,,,,,,False,False,False
1446,1773732709.1842325,1773732709184233757,,,,,,,,,,,,,False,False,False
1447,1773732709.2343678,1773732709234371726,,,,,,,,,,,,,False,False,False
1448,1773732709.2842379,1773732709284239636,,,,,,,,,,,,,False,False,False
1449,1773732709.3343885,1773732709334390395,,,,,,,,,,,,,False,False,False
1450,1773732709.3842485,1773732709384250855,,,,,,,,,,,,,False,False,False
1451,1773732709.434255,1773732709434257005,,,,,,,,,,,,,False,False,False
1452,1773732709.4845734,1773732709484575124,,,,,,,,,,,,,False,False,False
1453,1773732709.5342839,1773732709534286154,,,,,,,,,,,,,False,False,False
1454,1773732709.584226,1773732709584227374,,,,,,,,,,,,,False,False,False
1455,1773732709.6343195,1773732709634321294,,,,,,,,,,,,,False,False,False
1456,1773732709.684257,1773732709684260984,,,,,,,,,,,,,False,False,False
1457,1773732709.734302,1773732709734304673,,,,,,,,,,,,,False,False,False
1458,1773732709.7842546,1773732709784256353,,,,,,,,,,,,,False,False,False
1459,1773732709.8342545,1773732709834256713,,,,,,,,,,,,,False,False,False
1460,1773732709.8842585,1773732709884260813,,,,,,,,,,,,,False,False,False
1461,1773732709.9341905,1773732709934192682,,,,,,,,,,,,,False,False,False
1462,1773732709.984261,1773732709984265622,,,,,,,,,,,,,False,False,False
1463,1773732710.0342562,1773732710034259482,,,,,,,,,,,,,False,False,False
1464,1773732710.0842826,1773732710084285441,,,,,,,,,,,,,False,False,False
1465,1773732710.134301,1773732710134303411,,,,,,,,,,,,,False,False,False
1466,1773732710.1842117,1773732710184213381,,,,,,,,,,,,,False,False,False
1467,1773732710.234292,1773732710234294000,,,,,,,,,,,,,False,False,False
1468,1773732710.2844784,1773732710284480149,,,,,,,,,,,,,False,False,False
1469,1773732710.3343184,1773732710334320310,,,,,,,,,,,,,False,False,False
1470,1773732710.3842514,1773732710384253319,,,,,,,,,,,,,False,False,False
1471,1773732710.4342413,1773732710434243139,,,,,,,,,,,,,False,False,False
1472,1773732710.4842565,1773732710484259729,,,,,,,,,,,,,False,False,False
1473,1773732710.5342474,1773732710534249388,,,,,,,,,,,,,False,False,False
1474,1773732710.5842376,1773732710584239548,,,,,,,,,,,,,False,False,False
1475,1773732710.6343358,1773732710634339868,,,,,,,,,,,,,False,False,False
1476,1773732710.6842399,1773732710684241718,,,,,,,,,,,,,False,False,False
1477,1773732710.7342386,1773732710734240597,,,,,,,,,,,,,False,False,False
1478,1773732710.7842383,1773732710784240197,,,,,,,,,,,,,False,False,False
1479,1773732710.8342571,1773732710834259777,,,,,,,,,,,,,False,False,False
1480,1773732710.8843188,1773732710884320606,,,,,,,,,,,,,False,False,False
1481,1773732710.934286,1773732710934288276,,,,,,,,,,,,,False,False,False
1482,1773732710.9842558,1773732710984257626,,,,,,,,,,,,,False,False,False
1483,1773732711.0342643,1773732711034266376,,,,,,,,,,,,,False,False,False
1484,1773732711.0842378,1773732711084239765,,,,,,,,,,,,,False,False,False
1485,1773732711.1342177,1773732711134219865,,,,,,,,,,,,,False,False,False
1486,1773732711.1842437,1773732711184245675,,,,,,,,,,,,,False,False,False
1487,1773732711.2342608,1773732711234263324,,,,,,,,,,,,,False,False,False
1488,1773732711.2842512,1773732711284253184,,,,,,,,,,,,,False,False,False
1489,1773732711.3342552,1773732711334257464,,,,,,,,,,,,,False,False,False
1490,1773732711.3842723,1773732711384275463,,,,,,,,,,,,,False,False,False
1491,1773732711.43428,1773732711434282513,,,,,,,,,,,,,False,False,False
1492,1773732711.4842355,1773732711484237383,,,,,,,,,,,,,False,False,False
1493,1773732711.5342867,1773732711534289482,,,,,,,,,,,,,False,False,False
1494,1773732711.5842311,1773732711584233002,,,,,,,,,,,,,False,False,False
1495,1773732711.6342537,1773732711634255732,,,,,,,,,,,,,False,False,False
1496,1773732711.6842537,1773732711684255541,,,,,,,,,,,,,False,False,False
1497,1773732711.7342463,1773732711734249221,,,,,,,,,,,,,False,False,False
1498,1773732711.7842362,1773732711784238481,,,,,,,,,,,,,False,False,False
1499,1773732711.8342462,1773732711834248321,,,,,,,,,,,,,False,False,False
1500,1773732711.8842437,1773732711884245760,,,,,,,,,,,,,False,False,False
1501,1773732711.9342408,1773732711934242860,,,,,,,,,,,,,False,False,False
1502,1773732711.9842162,1773732711984218100,,,,,,,,,,,,,False,False,False
1503,1773732712.0342438,1773732712034245750,,,,,,,,,,,,,False,False,False
1504,1773732712.0842454,1773732712084247309,,,,,,,,,,,,,False,False,False
1505,1773732712.1342504,1773732712134252999,,,,,,,,,,,,,False,False,False
1506,1773732712.1842349,1773732712184236679,,,,,,,,,,,,,False,False,False
1507,1773732712.234287,1773732712234291188,,,,,,,,,,,,,False,False,False
1508,1773732712.2842243,1773732712284226298,,,,,,,,,,,,,False,False,False
1509,1773732712.3342626,1773732712334264538,,,,,,,,,,,,,False,False,False
1510,1773732712.3842356,1773732712384237498,,,,,,,,,,,,,False,False,False
1511,1773732712.4342384,1773732712434240447,,,,,,,,,,,,,False,False,False
1512,1773732712.484251,1773732712484253057,,,,,,,,,,,,,False,False,False
1513,1773732712.534352,1773732712534355716,,,,,,,,,,,,,False,False,False
1514,1773732712.5843203,1773732712584322266,,,,,,,,,,,,,False,False,False
1515,1773732712.6342425,1773732712634244626,,,,,,,,,,,,,False,False,False
1516,1773732712.6842077,1773732712684209486,,,,,,,,,,,,,False,False,False
1517,1773732712.73425,1773732712734252345,,,,,,,,,,,,,False,False,False
1518,1773732712.7842345,1773732712784236295,,,,,,,,,,,,,False,False,False
1519,1773732712.8343155,1773732712834320735,,,,,,,,,,,,,False,False,False
1520,1773732712.8841846,1773732712884186565,,,,,,,,,,,,,False,False,False
1521,1773732712.9342625,1773732712934264544,,,,,,,,,,,,,False,False,False
1522,1773732712.984251,1773732712984253054,,,,,,,,,,,,,False,False,False
1523,1773732713.0344622,1773732713034465852,,,,,,,,,,,,,False,False,False
1524,1773732713.0842626,1773732713084264913,,,,,,,,,,,,,False,False,False
1525,1773732713.1342487,1773732713134250453,,,,,,,,,,,,,False,False,False
1526,1773732713.1843195,1773732713184321142,,,,,,,,,,,,,False,False,False
1527,1773732713.2342224,1773732713234224572,,,,,,,,,,,,,False,False,False
1528,1773732713.2842507,1773732713284252462,,,,,,,,,,,,,False,False,False
1529,1773732713.334431,1773732713334433181,,,,,,,,,,,,,False,False,False
1530,1773732713.3842435,1773732713384244931,,,,,,,,,,,,,False,False,False
1531,1773732713.4342816,1773732713434284501,,,,,,,,,,,,,False,False,False
1532,1773732713.4842427,1773732713484244501,,,,,,,,,,,,,False,False,False
1533,1773732713.5342605,1773732713534263221,,,,,,,,,,,,,False,False,False
1534,1773732713.5842373,1773732713584239270,,,,,,,,,,,,,False,False,False
1535,1773732713.6342366,1773732713634238520,,,,,,,,,,,,,False,False,False
1536,1773732713.6842015,1773732713684203440,,,,,,,,,,,,,False,False,False
1537,1773732713.7342255,1773732713734227380,,,,,,,,,,,,,False,False,False
1538,1773732713.784237,1773732713784238619,,,,,,,,,,,,,False,False,False
1539,1773732713.834293,1773732713834297159,,,,,,,,,,,,,False,False,False
1540,1773732713.8842747,1773732713884277309,,,,,,,,,,,,,False,False,False
1541,1773732713.9342544,1773732713934256768,,,,,,,,,,,,,False,False,False
1542,1773732713.984239,1773732713984240878,,,,,,,,,,,,,False,False,False
1543,1773732714.0342405,1773732714034242558,,,,,,,,,,,,,False,False,False
1544,1773732714.084244,1773732714084245827,,,,,,,,,,,,,False,False,False
1545,1773732714.1342807,1773732714134282887,,,,,,,,,,,,,False,False,False
1546,1773732714.1842387,1773732714184240547,,,,,,,,,,,,,False,False,False
1547,1773732714.2342982,1773732714234302966,,,,,,,,,,,,,False,False,False
1548,1773732714.2842474,1773732714284249376,,,,,,,,,,,,,False,False,False
1549,1773732714.3342514,1773732714334253546,,,,,,,,,,,,,False,False,False
1550,1773732714.3842506,1773732714384252535,,,,,,,,,,,,,False,False,False
1551,1773732714.4342487,1773732714434251605,,,,,,,,,,,,,False,False,False
1552,1773732714.4842496,1773732714484253505,,,,,,,,,,,,,False,False,False
1553,1773732714.53426,1773732714534262354,,,,,,,,,,,,,False,False,False
1554,1773732714.584254,1773732714584255684,,,,,,,,,,,,,False,False,False
1555,1773732714.6342762,1773732714634278244,,,,,,,,,,,,,False,False,False
1556,1773732714.6842408,1773732714684242594,,,,,,,,,,,,,False,False,False
1557,1773732714.7342832,1773732714734286103,,,,,,,,,,,,,False,False,False
1558,1773732714.7841983,1773732714784200203,,,,,,,,,,,,,False,False,False
1559,1773732714.8343375,1773732714834339362,,,,,,,,,,,,,False,False,False
1560,1773732714.884237,1773732714884239013,,,,,,,,,,,,,False,False,False
1561,1773732714.9342985,1773732714934300832,,,,,,,,,,,,,False,False,False
1562,1773732714.9842346,1773732714984236202,,,,,,,,,,,,,False,False,False
1563,1773732715.0343187,1773732715034322661,,,,,,,,,,,,,False,False,False
1564,1773732715.08443,1773732715084432051,,,,,,,,,,,,,False,False,False
1565,1773732715.1342635,1773732715134286961,,,,,,,,,,,,,False,False,False
1566,1773732715.1842618,1773732715184265781,,,,,,,,,,,,,False,False,False
1567,1773732715.2343082,1773732715234310690,,,,,,,,,,,,,False,False,False
1568,1773732715.2842517,1773732715284253710,,,,,,,,,,,,,False,False,False
1569,1773732715.3342392,1773732715334241190,,,,,,,,,,,,,False,False,False
1570,1773732715.3842442,1773732715384246200,,,,,,,,,,,,,False,False,False
1571,1773732715.4342482,1773732715434250690,,,,,,,,,,,,,False,False,False
1572,1773732715.4842377,1773732715484239629,,,,,,,,,,,,,False,False,False
1573,1773732715.5343952,1773732715534397688,,,,,,,,,,,,,False,False,False
1574,1773732715.5844631,1773732715584464928,,,,,,,,,,,,,False,False,False
1575,1773732715.6342459,1773732715634248258,,,,,,,,,,,,,False,False,False
1576,1773732715.684397,1773732715684399067,,,,,,,,,,,,,False,False,False
1577,1773732715.7344258,1773732715734428247,,,,,,,,,,,,,False,False,False
1578,1773732715.784264,1773732715784266177,,,,,,,,,,,,,False,False,False
1579,1773732715.834239,1773732715834240957,,,,,,,,,,,,,False,False,False
1580,1773732715.8842566,1773732715884259807,,,,,,,,,,,,,False,False,False
1581,1773732715.934321,1773732715934322886,,,,,,,,,,,,,False,False,False
1582,1773732715.9842362,1773732715984238226,,,,,,,,,,,,,False,False,False
1583,1773732716.0342166,1773732716034219026,,,,,,,,,,,,,False,False,False
1584,1773732716.0842972,1773732716084300705,,,,,,,,,,,,,False,False,False
1585,1773732716.1343656,1773732716134367325,,,,,,,,,,,,,False,False,False
1586,1773732716.1843412,1773732716184343165,,,,,,,,,,,,,False,False,False
1587,1773732716.2342887,1773732716234290474,,,,,,,,,,,,,False,False,False
1588,1773732716.2842114,1773732716284213275,,,,,,,,,,,,,False,False,False
1589,1773732716.3342347,1773732716334236244,,,,,,,,,,,,,False,False,False
1590,1773732716.3842807,1773732716384283243,,,,,,,,,,,,,False,False,False
1591,1773732716.4343362,1773732716434338363,,,,,,,,,,,,,False,False,False
1592,1773732716.4842792,1773732716484283283,,,,,,,,,,,,,False,False,False
1593,1773732716.5342884,1773732716534290343,,,,,,,,,,,,,False,False,False
1594,1773732716.5842888,1773732716584292412,,,,,,,,,,,,,False,False,False
1595,1773732716.6342425,1773732716634244442,,,,,,,,,,,,,False,False,False
1596,1773732716.6842518,1773732716684253842,,,,,,,,,,,,,False,False,False
1597,1773732716.734235,1773732716734236952,,,,,,,,,,,,,False,False,False
1598,1773732716.784249,1773732716784251442,,,,,,,,,,,,,False,False,False
1599,1773732716.834265,1773732716834266731,,,,,,,,,,,,,False,False,False
1600,1773732716.884503,1773732716884506580,,,,,,,,,,,,,False,False,False
1601,1773732716.9342263,1773732716934228271,,,,,,,,,,,,,False,False,False
1602,1773732716.984238,1773732716984239641,,,,,,,,,,,,,False,False,False
1603,1773732717.0342548,1773732717034257530,,,,,,,,,,,,,False,False,False
1604,1773732717.084241,1773732717084242760,,,,,,,,,,,,,False,False,False
1605,1773732717.1342735,1773732717134277289,,,,,,,,,,,,,False,False,False
1606,1773732717.1842518,1773732717184253959,,,,,,,,,,,,,False,False,False
1607,1773732717.234232,1773732717234234339,,,,,,,,,,,,,False,False,False
1608,1773732717.2842894,1773732717284291659,,,,,,,,,,,,,False,False,False
1609,1773732717.3342464,1773732717334248328,,,,,,,,,,,,,False,False,False
1610,1773732717.3842633,1773732717384265048,,,,,,,,,,,,,False,False,False
1611,1773732717.4342475,1773732717434251078,,,,,,,,,,,,,False,False,False
1612,1773732717.4842427,1773732717484244727,,,,,,,,,,,,,False,False,False
1613,1773732717.5342476,1773732717534249617,,,,,,,,,,,,,False,False,False
1614,1773732717.584241,1773732717584242577,,,,,,,,,,,,,False,False,False
1615,1773732717.6342006,1773732717634202517,,,,,,,,,,,,,False,False,False
1616,1773732717.6842926,1773732717684294656,,,,,,,,,,,,,False,False,False
1617,1773732717.7342172,1773732717734219226,,,,,,,,,,,,,False,False,False
1618,1773732717.7842371,1773732717784238986,,,,,,,,,,,,,False,False,False
1619,1773732717.8342936,1773732717834295745,,,,,,,,,,,,,False,False,False
1620,1773732717.88425,1773732717884253005,,,,,,,,,,,,,False,False,False
1621,1773732717.934256,1773732717934258115,,,,,,,,,,,,,False,False,False
1622,1773732717.9843175,1773732717984319354,,,,,,,,,,,,,False,False,False
1623,1773732718.0342395,1773732718034241414,,,,,,,,,,,,,False,False,False
1624,1773732718.0843048,1773732718084306964,,,,,,,,,,,,,False,False,False
1625,1773732718.1342356,1773732718134237554,,,,,,,,,,,,,False,False,False
1626,1773732718.184254,1773732718184255843,,,,,,,,,,,,,False,False,False
1627,1773732718.2343307,1773732718234333193,,,,,,,,,,,,,False,False,False
1628,1773732718.2842352,1773732718284237183,,,,,,,,,,,,,False,False,False
1629,1773732718.3342407,1773732718334242802,,,,,,,,,,,,,False,False,False
1630,1773732718.3842568,1773732718384258752,,,,,,,,,,,,,False,False,False
1631,1773732718.434251,1773732718434252842,,,,,,,,,,,,,False,False,False
1632,1773732718.4842446,1773732718484246912,,,,,,,,,,,,,False,False,False
1633,1773732718.5342448,1773732718534246971,,,,,,,,,,,,,False,False,False
1634,1773732718.584241,1773732718584242921,,,,,,,,,,,,,False,False,False
1635,1773732718.634232,1773732718634233971,,,,,,,,,,,,,False,False,False
1636,1773732718.6842363,1773732718684238031,,,,,,,,,,,,,False,False,False
1637,1773732718.7342436,1773732718734245730,,,,,,,,,,,,,False,False,False
1638,1773732718.7842407,1773732718784242580,,,,,,,,,,,,,False,False,False
1639,1773732718.8343287,1773732718834330589,,,,,,,,,,,,,False,False,False
1640,1773732718.8843222,1773732718884325299,,,,,,,,,,,,,False,False,False
1641,1773732718.9342852,1773732718934288249,,,,,,,,,,,,,False,False,False
1642,1773732718.9842393,1773732718984241209,,,,,,,,,,,,,False,False,False
1643,1773732719.0342398,1773732719034242479,,,,,,,,,,,,,False,False,False
1644,1773732719.0842407,1773732719084242458,,,,,,,,,,,,,False,False,False
1645,1773732719.1342247,1773732719134227388,,,,,,,,,,,,,False,False,False
1646,1773732719.1842268,1773732719184229178,,,,,,,,,,,,,False,False,False
1647,1773732719.234379,1773732719234380737,,,,,,,,,,,,,False,False,False
1648,1773732719.2842493,1773732719284251117,,,,,,,,,,,,,False,False,False
1649,1773732719.3342474,1773732719334249257,,,,,,,,,,,,,False,False,False
1650,1773732719.384438,1773732719384440996,,,,,,,,,,,,,False,False,False
1651,1773732719.434276,1773732719434278196,,,,,,,,,,,,,False,False,False
1652,1773732719.4843366,1773732719484338815,,,,,,,,,,,,,False,False,False
1653,1773732719.5342546,1773732719534256246,,,,,,,,,,,,,False,False,False
1654,1773732719.584251,1773732719584252955,,,,,,,,,,,,,False,False,False
1655,1773732719.634767,1773732719634769593,,,,,,,,,,,,,False,False,False
1656,1773732719.6842747,1773732719684277095,,,,,,,,,,,,,False,False,False
1657,1773732719.734258,1773732719734260875,,,,,,,,,,,,,False,False,False
1658,1773732719.7842371,1773732719784238904,,,,,,,,,,,,,False,False,False
1659,1773732719.8342562,1773732719834258034,,,,,,,,,,,,,False,False,False
1660,1773732719.8842916,1773732719884293974,,,,,,,,,,,,,False,False,False
1661,1773732719.934334,1773732719934335973,,,,,,,,,,,,,False,False,False
1662,1773732719.984422,1773732719984425272,,,,,,,,,,,,,False,False,False
1663,1773732720.0342789,1773732720034281753,,,,,,,,,,,,,False,False,False
1664,1773732720.0843284,1773732720084331402,,,,,,,,,,,,,False,False,False
1665,1773732720.1342773,1773732720134279392,,,,,,,,,,,,,False,False,False
1666,1773732720.18426,1773732720184262322,,,,,,,,,,,,,False,False,False
1667,1773732720.2342482,1773732720234250101,,,,,,,,,,,,,False,False,False
1668,1773732720.284265,1773732720284273831,,,,,,,,,,,,,False,False,False
1669,1773732720.334221,1773732720334222771,,,,,,,,,,,,,False,False,False
1670,1773732720.3842583,1773732720384260641,,,,,,,,,,,,,False,False,False
1671,1773732720.4342318,1773732720434233880,,,,,,,,,,,,,False,False,False
1672,1773732720.4842563,1773732720484260080,,,,,,,,,,,,,False,False,False
1673,1773732720.534323,1773732720534325010,,,,,,,,,,,,,False,False,False
1674,1773732720.5842826,1773732720584284429,,,,,,,,,,,,,False,False,False
1675,1773732720.6343303,1773732720634334479,,,,,,,,,,,,,False,False,False
1676,1773732720.6842587,1773732720684260619,,,,,,,,,,,,,False,False,False
1677,1773732720.734217,1773732720734218989,,,,,,,,,,,,,False,False,False
1678,1773732720.7842383,1773732720784240419,,,,,,,,,,,,,False,False,False
1679,1773732720.8342896,1773732720834291658,,,,,,,,,,,,,False,False,False
1680,1773732720.8842573,1773732720884260128,,,,,,,,,,,,,False,False,False
1681,1773732720.9342322,1773732720934234488,,,,,,,,,,,,,False,False,False
1682,1773732720.984258,1773732720984260067,,,,,,,,,,,,,False,False,False
1683,1773732721.0342815,1773732721034283707,,,,,,,,,,,,,False,False,False
1684,1773732721.0843801,1773732721084381986,,,,,,,,,,,,,False,False,False
1685,1773732721.1342452,1773732721134247817,,,,,,,,,,,,,False,False,False
1686,1773732721.1842353,1773732721184237206,,,,,,,,,,,,,False,False,False
1687,1773732721.2342532,1773732721234254916,,,,,,,,,,,,,False,False,False
1688,1773732721.2842145,1773732721284216456,,,,,,,,,,,,,False,False,False
1689,1773732721.3342314,1773732721334232966,,,,,,,,,,,,,False,False,False
1690,1773732721.384287,1773732721384291165,,,,,,,,,,,,,False,False,False
1691,1773732721.4343278,1773732721434329844,,,,,,,,,,,,,False,False,False
1692,1773732721.48429,1773732721484291724,,,,,,,,,,,,,False,False,False
1693,1773732721.534219,1773732721534221125,,,,,,,,,,,,,False,False,False
1694,1773732721.5842547,1773732721584257024,,,,,,,,,,,,,False,False,False
1695,1773732721.6342561,1773732721634257964,,,,,,,,,,,,,False,False,False
1696,1773732721.684194,1773732721684195864,,,,,,,,,,,,,False,False,False
1697,1773732721.7342405,1773732721734242473,,,,,,,,,,,,,False,False,False
1698,1773732721.7842374,1773732721784238943,,,,,,,,,,,,,False,False,False
1699,1773732721.8342495,1773732721834252183,,,,,,,,,,,,,False,False,False
1700,1773732721.884214,1773732721884216023,,,,,,,,,,,,,False,False,False
1701,1773732721.9342616,1773732721934263302,,,,,,,,,,,,,False,False,False
1702,1773732721.9843254,1773732721984327231,,,,,,,,,,,,,False,False,False
1703,1773732722.0342815,1773732722034284171,,,,,,,,,,,,,False,False,False
1704,1773732722.0842805,1773732722084282651,,,,,,,,,,,,,False,False,False
1705,1773732722.1342492,1773732722134251401,,,,,,,,,,,,,False,False,False
1706,1773732722.1843204,1773732722184323380,,,,,,,,,,,,,False,False,False
1707,1773732722.2342386,1773732722234240651,,,,,,,,,,,,,False,False,False
1708,1773732722.2842572,1773732722284258890,,,,,,,,,,,,,False,False,False
1709,1773732722.3342664,1773732722334273690,,,,,,,,,,,,,False,False,False
1710,1773732722.384256,1773732722384257790,,,,,,,,,,,,,False,False,False
1711,1773732722.4342997,1773732722434302029,,,,,,,,,,,,,False,False,False
1712,1773732722.48432,1773732722484321479,,,,,,,,,,,,,False,False,False
1713,1773732722.534252,1773732722534255229,,,,,,,,,,,,,False,False,False
1714,1773732722.5842888,1773732722584292308,,,,,,,,,,,,,False,False,False
1715,1773732722.6342945,1773732722634297098,,,,,,,,,,,,,False,False,False
1716,1773732722.6842418,1773732722684243538,,,,,,,,,,,,,False,False,False
1717,1773732722.7342443,1773732722734246148,,,,,,,,,,,,,False,False,False
1718,1773732722.784236,1773732722784238007,,,,,,,,,,,,,False,False,False
1719,1773732722.8342364,1773732722834238467,,,,,,,,,,,,,False,False,False
1720,1773732722.8842509,1773732722884252827,,,,,,,,,,,,,False,False,False
1721,1773732722.9342442,1773732722934246196,,,,,,,,,,,,,False,False,False
1722,1773732722.9842517,1773732722984253716,,,,,,,,,,,,,False,False,False
1723,1773732723.0342784,1773732723034280646,,,,,,,,,,,,,False,False,False
1724,1773732723.0842624,1773732723084264356,,,,,,,,,,,,,False,False,False
1725,1773732723.1342514,1773732723134253075,,,,,,,,,,,,,False,False,False
1726,1773732723.1842573,1773732723184259225,,,,,,,,,,,,,False,False,False
1727,1773732723.2342076,1773732723234209945,,,,,,,,,,,,,False,False,False
1728,1773732723.2842135,1773732723284215785,,,,,,,,,,,,,False,False,False
1729,1773732723.33424,1773732723334241984,,,,,,,,,,,,,False,False,False
1730,1773732723.384357,1773732723384359624,,,,,,,,,,,,,False,False,False
1731,1773732723.434236,1773732723434238174,,,,,,,,,,,,,False,False,False
1732,1773732723.4842515,1773732723484253533,,,,,,,,,,,,,False,False,False
1733,1773732723.534241,1773732723534242773,,,,,,,,,,,,,False,False,False
1734,1773732723.5842798,1773732723584282573,,,,,,,,,,,,,False,False,False
1735,1773732723.634315,1773732723634316752,,,,,,,,,,,,,False,False,False
1736,1773732723.6843033,1773732723684306712,,,,,,,,,,,,,False,False,False
1737,1773732723.7343185,1773732723734320462,,,,,,,,,,,,,False,False,False
1738,1773732723.7843053,1773732723784307952,,,,,,,,,,,,,False,False,False
1739,1773732723.8342597,1773732723834263311,,,,,,,,,,,,,False,False,False
1740,1773732723.884206,1773732723884208101,,,,,,,,,,,,,False,False,False
1741,1773732723.9342515,1773732723934253691,,,,,,,,,,,,,False,False,False
1742,1773732723.9841993,1773732723984201201,,,,,,,,,,,,,False,False,False
1743,1773732724.0342484,1773732724034250860,,,,,,,,,,,,,False,False,False
1744,1773732724.0842865,1773732724084289190,,,,,,,,,,,,,False,False,False
1745,1773732724.13424,1773732724134242060,,,,,,,,,,,,,False,False,False
1746,1773732724.1842585,1773732724184260569,,,,,,,,,,,,,False,False,False
1747,1773732724.2343216,1773732724234323729,,,,,,,,,,,,,False,False,False
1748,1773732724.2842646,1773732724284266469,,,,,,,,,,,,,False,False,False
1749,1773732724.3342543,1773732724334255829,,,,,,,,,,,,,False,False,False
1750,1773732724.3842802,1773732724384282968,,,,,,,,,,,,,False,False,False
1751,1773732724.4342208,1773732724434222368,,,,,,,,,,,,,False,False,False
1752,1773732724.4843194,1773732724484321478,,,,,,,,,,,,,False,False,False
1753,1773732724.5343943,1773732724534396487,,,,,,,,,,,,,False,False,False
1754,1773732724.5843222,1773732724584324267,,,,,,,,,,,,,False,False,False
1755,1773732724.634261,1773732724634262747,,,,,,,,,,,,,False,False,False
1756,1773732724.6842575,1773732724684259427,,,,,,,,,,,,,False,False,False
1757,1773732724.7341907,1773732724734192137,,,,,,,,,,,,,False,False,False
1758,1773732724.7845454,1773732724784547495,,,,,,,,,,,,,False,False,False
1759,1773732724.834331,1773732724834333066,,,,,,,,,,,,,False,False,False
1760,1773732724.8842442,1773732724884246376,,,,,,,,,,,,,False,False,False
1761,1773732724.934324,1773732724934326245,,,,,,,,,,,,,False,False,False
1762,1773732724.9842563,1773732724984257985,,,,,,,,,,,,,False,False,False
1763,1773732725.034257,1773732725034259275,,,,,,,,,,,,,False,False,False
1764,1773732725.0842962,1773732725084298124,,,,,,,,,,,,,False,False,False
1765,1773732725.134246,1773732725134249124,,,,,,,,,,,,,False,False,False
1766,1773732725.1842468,1773732725184249344,,,,,,,,,,,,,False,False,False
1767,1773732725.2342656,1773732725234273514,,,,,,,,,,,,,False,False,False
1768,1773732725.284231,1773732725284233314,,,,,,,,,,,,,False,False,False
1769,1773732725.3342373,1773732725334238873,,,,,,,,,,,,,False,False,False
1770,1773732725.3842568,1773732725384258433,,,,,,,,,,,,,False,False,False
1771,1773732725.4342833,1773732725434285142,,,,,,,,,,,,,False,False,False
1772,1773732725.4842405,1773732725484242122,,,,,,,,,,,,,False,False,False
1773,1773732725.5342798,1773732725534281592,,,,,,,,,,,,,False,False,False
1774,1773732725.5842366,1773732725584238182,,,,,,,,,,,,,False,False,False
1775,1773732725.6342587,1773732725634260512,,,,,,,,,,,,,False,False,False
1776,1773732725.6843455,1773732725684349331,,,,,,,,,,,,,False,False,False
1777,1773732725.7343738,1773732725734375831,,,,,,,,,,,,,False,False,False
1778,1773732725.7842581,1773732725784260481,,,,,,,,,,,,,False,False,False
1779,1773732725.834294,1773732725834296430,,,,,,,,,,,,,False,False,False
1780,1773732725.8842847,1773732725884286960,,,,,,,,,,,,,False,False,False
1781,1773732725.934254,1773732725934256320,,,,,,,,,,,,,False,False,False
1782,1773732725.9842467,1773732725984248510,,,,,,,,,,,,,False,False,False
1783,1773732726.0342858,1773732726034289709,,,,,,,,,,,,,False,False,False
1784,1773732726.0842457,1773732726084247769,,,,,,,,,,,,,False,False,False
1785,1773732726.134249,1773732726134251139,,,,,,,,,,,,,False,False,False
1786,1773732726.1842368,1773732726184238669,,,,,,,,,,,,,False,False,False
1787,1773732726.2342372,1773732726234239208,,,,,,,,,,,,,False,False,False
1788,1773732726.2842371,1773732726284240258,,,,,,,,,,,,,False,False,False
1789,1773732726.334204,1773732726334205858,,,,,,,,,,,,,False,False,False
1790,1773732726.384253,1773732726384256278,,,,,,,,,,,,,False,False,False
1791,1773732726.4342737,1773732726434275957,,,,,,,,,,,,,False,False,False
1792,1773732726.4843612,1773732726484363366,,,,,,,,,,,,,False,False,False
1793,1773732726.5342493,1773732726534251387,,,,,,,,,,,,,False,False,False
1794,1773732726.5842335,1773732726584235257,,,,,,,,,,,,,False,False,False
1795,1773732726.6342456,1773732726634247576,,,,,,,,,,,,,False,False,False
1796,1773732726.6842582,1773732726684260276,,,,,,,,,,,,,False,False,False
1797,1773732726.7342594,1773732726734262086,,,,,,,,,,,,,False,False,False
1798,1773732726.7843306,1773732726784333065,,,,,,,,,,,,,False,False,False
1799,1773732726.8342648,1773732726834266745,,,,,,,,,,,,,False,False,False
1800,1773732726.8842638,1773732726884265775,,,,,,,,,,,,,False,False,False
1801,1773732726.9342577,1773732726934260045,,,,,,,,,,,,,False,False,False
1802,1773732726.9843185,1773732726984320434,,,,,,,,,,,,,False,False,False
1803,1773732727.0342476,1773732727034251214,,,,,,,,,,,,,False,False,False
1804,1773732727.084239,1773732727084241024,,,,,,,,,,,,,False,False,False
1805,1773732727.1342382,1773732727134239874,,,,,,,,,,,,,False,False,False
1806,1773732727.1843371,1773732727184339463,,,,,,,,,,,,,False,False,False
1807,1773732727.234289,1773732727234291053,,,,,,,,,,,,,False,False,False
1808,1773732727.2842314,1773732727284233353,,,,,,,,,,,,,False,False,False
1809,1773732727.334238,1773732727334240183,,,,,,,,,,,,,False,False,False
1810,1773732727.3842118,1773732727384214032,,,,,,,,,,,,,False,False,False
1811,1773732727.4342566,1773732727434258552,,,,,,,,,,,,,False,False,False
1812,1773732727.4842815,1773732727484285261,,,,,,,,,,,,,False,False,False
1813,1773732727.53432,1773732727534322121,,,,,,,,,,,,,False,False,False
1814,1773732727.584235,1773732727584236921,,,,,,,,,,,,,False,False,False
1815,1773732727.6342566,1773732727634258811,,,,,,,,,,,,,False,False,False
1816,1773732727.684236,1773732727684238221,,,,,,,,,,,,,False,False,False
1817,1773732727.73425,1773732727734251820,,,,,,,,,,,,,False,False,False
1818,1773732727.784247,1773732727784249300,,,,,,,,,,,,,False,False,False
1819,1773732727.8342457,1773732727834247640,,,,,,,,,,,,,False,False,False
1820,1773732727.8842416,1773732727884243420,,,,,,,,,,,,,False,False,False
1821,1773732727.9342341,1773732727934236059,,,,,,,,,,,,,False,False,False
1822,1773732727.984316,1773732727984318778,,,,,,,,,,,,,False,False,False
1823,1773732728.0342908,1773732728034293748,,,,,,,,,,,,,False,False,False
1824,1773732728.0842311,1773732728084233129,,,,,,,,,,,,,False,False,False
1825,1773732728.1342382,1773732728134239998,,,,,,,,,,,,,False,False,False
1826,1773732728.1842299,1773732728184231838,,,,,,,,,,,,,False,False,False
1827,1773732728.2342231,1773732728234225108,,,,,,,,,,,,,False,False,False
1828,1773732728.2842474,1773732728284249307,,,,,,,,,,,,,False,False,False
1829,1773732728.334256,1773732728334257607,,,,,,,,,,,,,False,False,False
1830,1773732728.3842502,1773732728384251627,,,,,,,,,,,,,False,False,False
1831,1773732728.4342551,1773732728434257067,,,,,,,,,,,,,False,False,False
1832,1773732728.4842794,1773732728484281096,,,,,,,,,,,,,False,False,False
1833,1773732728.534391,1773732728534393115,,,,,,,,,,,,,False,False,False
1834,1773732728.5842137,1773732728584215246,,,,,,,,,,,,,False,False,False
1835,1773732728.634425,1773732728634427955,,,,,,,,,,,,,False,False,False
1836,1773732728.6843693,1773732728684371364,,,,,,,,,,,,,False,False,False
1837,1773732728.7342012,1773732728734202495,,,,,,,,,,,,,False,False,False
1838,1773732728.7842762,1773732728784278495,,,,,,,,,,,,,False,False,False
1839,1773732728.834244,1773732728834246085,,,,,,,,,,,,,False,False,False
1840,1773732728.8842518,1773732728884254054,,,,,,,,,,,,,False,False,False
1841,1773732728.934261,1773732728934264594,,,,,,,,,,,,,False,False,False
1842,1773732728.9842978,1773732728984301803,,,,,,,,,,,,,False,False,False
1843,1773732729.034244,1773732729034246003,,,,,,,,,,,,,False,False,False
1844,1773732729.0842454,1773732729084247423,,,,,,,,,,,,,False,False,False
1845,1773732729.1342885,1773732729134290513,,,,,,,,,,,,,False,False,False
1846,1773732729.1843543,1773732729184356192,,,,,,,,,,,,,False,False,False
1847,1773732729.2343268,1773732729234328552,,,,,,,,,,,,,False,False,False
1848,1773732729.284258,1773732729284259802,,,,,,,,,,,,,False,False,False
1849,1773732729.3343067,1773732729334309141,,,,,,,,,,,,,False,False,False
1850,1773732729.3843243,1773732729384326501,,,,,,,,,,,,,False,False,False
1851,1773732729.4342306,1773732729434232501,,,,,,,,,,,,,False,False,False
1852,1773732729.4843307,1773732729484332890,,,,,,,,,,,,,False,False,False
1853,1773732729.5342941,1773732729534296300,,,,,,,,,,,,,False,False,False
1854,1773732729.5842543,1773732729584256050,,,,,,,,,,,,,False,False,False
1855,1773732729.6342478,1773732729634249810,,,,,,,,,,,,,False,False,False
1856,1773732729.6842325,1773732729684234320,,,,,,,,,,,,,False,False,False
1857,1773732729.73424,1773732729734241920,,,,,,,,,,,,,False,False,False
1858,1773732729.7842398,1773732729784242679,,,,,,,,,,,,,False,False,False
1859,1773732729.834238,1773732729834239999,,,,,,,,,,,,,False,False,False
1860,1773732729.8842516,1773732729884253729,,,,,,,,,,,,,False,False,False
1861,1773732729.9342601,1773732729934262388,,,,,,,,,,,,,False,False,False
1862,1773732729.984329,1773732729984331178,,,,,,,,,,,,,False,False,False
1863,1773732730.0344262,1773732730034428977,,,,,,,,,,,,,False,False,False
1864,1773732730.0843186,1773732730084321557,,,,,,,,,,,,,False,False,False
1865,1773732730.1342437,1773732730134245958,,,,,,,,,,,,,False,False,False
1866,1773732730.1842341,1773732730184236067,,,,,,,,,,,,,False,False,False
1867,1773732730.2343423,1773732730234344596,,,,,,,,,,,,,False,False,False
1868,1773732730.2842426,1773732730284244807,,,,,,,,,,,,,False,False,False
1869,1773732730.33428,1773732730334281766,,,,,,,,,,,,,False,False,False
1870,1773732730.384237,1773732730384238546,,,,,,,,,,,,,False,False,False
1871,1773732730.434287,1773732730434289896,,,,,,,,,,,,,False,False,False
1872,1773732730.4842274,1773732730484229126,,,,,,,,,,,,,False,False,False
1873,1773732730.5342438,1773732730534245255,,,,,,,,,,,,,False,False,False
1874,1773732730.5842528,1773732730584254985,,,,,,,,,,,,,False,False,False
1875,1773732730.634276,1773732730634277585,,,,,,,,,,,,,False,False,False
1876,1773732730.6843824,1773732730684384634,,,,,,,,,,,,,False,False,False
1877,1773732730.7342563,1773732730734258404,,,,,,,,,,,,,False,False,False
1878,1773732730.7842069,1773732730784208794,,,,,,,,,,,,,False,False,False
1879,1773732730.8343356,1773732730834337823,,,,,,,,,,,,,False,False,False
1880,1773732730.884208,1773732730884209754,,,,,,,,,,,,,False,False,False
1881,1773732730.9342425,1773732730934244483,,,,,,,,,,,,,False,False,False
1882,1773732730.98424,1773732730984242203,,,,,,,,,,,,,False,False,False
1883,1773732731.0342884,1773732731034290662,,,,,,,,,,,,,False,False,False
1884,1773732731.0843034,1773732731084307432,,,,,,,,,,,,,False,False,False
1885,1773732731.134222,1773732731134223812,,,,,,,,,,,,,False,False,False
1886,1773732731.1842587,1773732731184260832,,,,,,,,,,,,,False,False,False
1887,1773732731.2343526,1773732731234355561,,,,,,,,,,,,,False,False,False
1888,1773732731.2842968,1773732731284300751,,,,,,,,,,,,,False,False,False
1889,1773732731.3342648,1773732731334271151,,,,,,,,,,,,,False,False,False
1890,1773732731.3842406,1773732731384242641,,,,,,,,,,,,,False,False,False
1891,1773732731.4342356,1773732731434237221,,,,,,,,,,,,,False,False,False
1892,1773732731.484254,1773732731484255550,,,,,,,,,,,,,False,False,False
1893,1773732731.5342612,1773732731534263000,,,,,,,,,,,,,False,False,False
1894,1773732731.5842953,1773732731584297469,,,,,,,,,,,,,False,False,False
1895,1773732731.6342406,1773732731634242450,,,,,,,,,,,,,False,False,False
1896,1773732731.68425,1773732731684251589,,,,,,,,,,,,,False,False,False
1897,1773732731.7342627,1773732731734264629,,,,,,,,,,,,,False,False,False
1898,1773732731.7842808,1773732731784283078,,,,,,,,,,,,,False,False,False
1899,1773732731.834256,1773732731834258238,,,,,,,,,,,,,False,False,False
1900,1773732731.884265,1773732731884290788,,,,,,,,,,,,,False,False,False
1901,1773732731.9342666,1773732731934275068,,,,,,,,,,,,,False,False,False
1902,1773732731.984249,1773732731984251088,,,,,,,,,,,,,False,False,False
1903,1773732732.0342376,1773732732034239647,,,,,,,,,,,,,False,False,False
1904,1773732732.0842588,1773732732084260867,,,,,,,,,,,,,False,False,False
1905,1773732732.1342359,1773732732134237847,,,,,,,,,,,,,False,False,False
1906,1773732732.1842914,1773732732184293506,,,,,,,,,,,,,False,False,False
1907,1773732732.2342281,1773732732234230276,,,,,,,,,,,,,False,False,False
1908,1773732732.2844367,1773732732284438685,,,,,,,,,,,,,False,False,False
1909,1773732732.3342874,1773732732334290776,,,,,,,,,,,,,False,False,False
1910,1773732732.3842669,1773732732384275395,,,,,,,,,,,,,False,False,False
1911,1773732732.4342346,1773732732434236815,,,,,,,,,,,,,False,False,False
1912,1773732732.4842346,1773732732484236345,,,,,,,,,,,,,False,False,False
1913,1773732732.534246,1773732732534249425,,,,,,,,,,,,,False,False,False
1914,1773732732.5842414,1773732732584243284,,,,,,,,,,,,,False,False,False
1915,1773732732.63428,1773732732634283214,,,,,,,,,,,,,False,False,False
1916,1773732732.684249,1773732732684250944,,,,,,,,,,,,,False,False,False
1917,1773732732.7342935,1773732732734298124,,,,,,,,,,,,,False,False,False
1918,1773732732.784301,1773732732784305363,,,,,,,,,,,,,False,False,False
1919,1773732732.8342485,1773732732834250563,,,,,,,,,,,,,False,False,False
1920,1773732732.8842723,1773732732884275593,,,,,,,,,,,,,False,False,False
1921,1773732732.9342477,1773732732934249723,,,,,,,,,,,,,False,False,False
1922,1773732732.9843194,1773732732984321512,,,,,,,,,,,,,False,False,False
1923,1773732733.03424,1773732733034241982,,,,,,,,,,,,,False,False,False
1924,1773732733.0844028,1773732733084405391,,,,,,,,,,,,,False,False,False
1925,1773732733.134263,1773732733134265082,,,,,,,,,,,,,False,False,False
1926,1773732733.184318,1773732733184319941,,,,,,,,,,,,,False,False,False
1927,1773732733.2342312,1773732733234232811,,,,,,,,,,,,,False,False,False
1928,1773732733.2842581,1773732733284261121,,,,,,,,,,,,,False,False,False
1929,1773732733.3342242,1773732733334225921,,,,,,,,,,,,,False,False,False
1930,1773732733.3842363,1773732733384238080,,,,,,,,,,,,,False,False,False
1931,1773732733.4342597,1773732733434262480,,,,,,,,,,,,,False,False,False
1932,1773732733.4842525,1773732733484254440,,,,,,,,,,,,,False,False,False
1933,1773732733.53424,1773732733534241940,,,,,,,,,,,,,False,False,False
1934,1773732733.5842524,1773732733584254059,,,,,,,,,,,,,False,False,False
1935,1773732733.634287,1773732733634290799,,,,,,,,,,,,,False,False,False
1936,1773732733.6842594,1773732733684261179,,,,,,,,,,,,,False,False,False
1937,1773732733.734252,1773732733734254049,,,,,,,,,,,,,False,False,False
1938,1773732733.7842011,1773732733784202938,,,,,,,,,,,,,False,False,False
1939,1773732733.8342474,1773732733834249418,,,,,,,,,,,,,False,False,False
1940,1773732733.884252,1773732733884254268,,,,,,,,,,,,,False,False,False
1941,1773732733.934249,1773732733934251448,,,,,,,,,,,,,False,False,False
1942,1773732733.98425,1773732733984253767,,,,,,,,,,,,,False,False,False
1943,1773732734.0342553,1773732734034258637,,,,,,,,,,,,,False,False,False
1944,1773732734.084223,1773732734084225017,,,,,,,,,,,,,False,False,False
1945,1773732734.1342504,1773732734134252437,,,,,,,,,,,,,False,False,False
1946,1773732734.1842015,1773732734184203576,,,,,,,,,,,,,False,False,False
1947,1773732734.2343307,1773732734234334466,,,,,,,,,,,,,False,False,False
1948,1773732734.2842295,1773732734284231776,,,,,,,,,,,,,False,False,False
1949,1773732734.334251,1773732734334253106,,,,,,,,,,,,,False,False,False
1950,1773732734.3842607,1773732734384262365,,,,,,,,,,,,,False,False,False
1951,1773732734.434245,1773732734434248155,,,,,,,,,,,,,False,False,False
1952,1773732734.4842253,1773732734484227495,,,,,,,,,,,,,False,False,False
1953,1773732734.534246,1773732734534247615,,,,,,,,,,,,,False,False,False
1954,1773732734.5842578,1773732734584259294,,,,,,,,,,,,,False,False,False
1955,1773732734.6342564,1773732734634259014,,,,,,,,,,,,,False,False,False
1956,1773732734.6842444,1773732734684246544,,,,,,,,,,,,,False,False,False
1957,1773732734.7342541,1773732734734256174,,,,,,,,,,,,,False,False,False
1958,1773732734.7844076,1773732734784409373,,,,,,,,,,,,,False,False,False
1959,1773732734.8342474,1773732734834249213,,,,,,,,,,,,,False,False,False
1960,1773732734.8842385,1773732734884240403,,,,,,,,,,,,,False,False,False
1961,1773732734.934239,1773732734934240813,,,,,,,,,,,,,False,False,False
1962,1773732734.984245,1773732734984246762,,,,,,,,,,,,,False,False,False
1963,1773732735.0343966,1773732735034399831,,,,,,,,,,,,,False,False,False
1964,1773732735.0843022,1773732735084306301,,,,,,,,,,,,,False,False,False
1965,1773732735.1342485,1773732735134250452,,,,,,,,,,,,,False,False,False
1966,1773732735.18424,1773732735184242031,,,,,,,,,,,,,False,False,False
1967,1773732735.2342732,1773732735234276971,,,,,,,,,,,,,False,False,False
1968,1773732735.2842584,1773732735284260171,,,,,,,,,,,,,False,False,False
1969,1773732735.3342383,1773732735334240191,,,,,,,,,,,,,False,False,False
1970,1773732735.3842096,1773732735384211271,,,,,,,,,,,,,False,False,False
1971,1773732735.4342387,1773732735434240650,,,,,,,,,,,,,False,False,False
1972,1773732735.4842386,1773732735484240210,,,,,,,,,,,,,False,False,False
1973,1773732735.5343122,1773732735534314019,,,,,,,,,,,,,False,False,False
1974,1773732735.5845132,1773732735584515078,,,,,,,,,,,,,False,False,False
1975,1773732735.6342587,1773732735634260689,,,,,,,,,,,,,False,False,False
1976,1773732735.684283,1773732735684285428,,,,,,,,,,,,,False,False,False
1977,1773732735.7342572,1773732735734259218,,,,,,,,,,,,,False,False,False
1978,1773732735.784247,1773732735784249168,,,,,,,,,,,,,False,False,False
1979,1773732735.8342617,1773732735834264718,,,,,,,,,,,,,False,False,False
1980,1773732735.884257,1773732735884259217,,,,,,,,,,,,,False,False,False
1981,1773732735.93421,1773732735934212048,,,,,,,,,,,,,False,False,False
1982,1773732735.9842467,1773732735984248847,,,,,,,,,,,,,False,False,False
1983,1773732736.0342402,1773732736034242117,,,,,,,,,,,,,False,False,False
1984,1773732736.0842648,1773732736084281136,,,,,,,,,,,,,False,False,False
1985,1773732736.1342463,1773732736134248356,,,,,,,,,,,,,False,False,False
1986,1773732736.1842408,1773732736184242976,,,,,,,,,,,,,False,False,False
1987,1773732736.2342393,1773732736234241246,,,,,,,,,,,,,False,False,False
1988,1773732736.2843783,1773732736284380065,,,,,,,,,,,,,False,False,False
1989,1773732736.3342583,1773732736334260575,,,,,,,,,,,,,False,False,False
1990,1773732736.384247,1773732736384249135,,,,,,,,,,,,,False,False,False
1991,1773732736.4342446,1773732736434247185,,,,,,,,,,,,,False,False,False
1992,1773732736.4843743,1773732736484376294,,,,,,,,,,,,,False,False,False
1993,1773732736.5342495,1773732736534251814,,,,,,,,,,,,,False,False,False
1994,1773732736.5842276,1773732736584229474,,,,,,,,,,,,,False,False,False
1995,1773732736.6342483,1773732736634250104,,,,,,,,,,,,,False,False,False
1996,1773732736.6843348,1773732736684336883,,,,,,,,,,,,,False,False,False
1997,1773732736.7342546,1773732736734256653,,,,,,,,,,,,,False,False,False
1998,1773732736.7842588,1773732736784260873,,,,,,,,,,,,,False,False,False
1999,1773732736.8342469,1773732736834248963,,,,,,,,,,,,,False,False,False
2000,1773732736.8842828,1773732736884286403,,,,,,,,,,,,,False,False,False
2001,1773732736.9343483,1773732736934351942,,,,,,,,,,,,,False,False,False
2002,1773732736.984235,1773732736984237212,,,,,,,,,,,,,False,False,False
2003,1773732737.0342536,1773732737034256012,,,,,,,,,,,,,False,False,False
2004,1773732737.0842965,1773732737084300972,,,,,,,,,,,,,False,False,False
2005,1773732737.1342497,1773732737134251931,,,,,,,,,,,,,False,False,False
2006,1773732737.184247,1773732737184249051,,,,,,,,,,,,,False,False,False
2007,1773732737.2342546,1773732737234257421,,,,,,,,,,,,,False,False,False
2008,1773732737.2842453,1773732737284247021,,,,,,,,,,,,,False,False,False
2009,1773732737.334265,1773732737334277290,,,,,,,,,,,,,False,False,False
2010,1773732737.3842757,1773732737384278080,,,,,,,,,,,,,False,False,False
2011,1773732737.4342442,1773732737434246320,,,,,,,,,,,,,False,False,False
2012,1773732737.484281,1773732737484283740,,,,,,,,,,,,,False,False,False
2013,1773732737.534279,1773732737534281379,,,,,,,,,,,,,False,False,False
2014,1773732737.5842211,1773732737584222939,,,,,,,,,,,,,False,False,False
2015,1773732737.6344252,1773732737634426948,,,,,,,,,,,,,False,False,False
2016,1773732737.6843054,1773732737684307348,,,,,,,,,,,,,False,False,False
2017,1773732737.7342434,1773732737734245078,,,,,,,,,,,,,False,False,False
2018,1773732737.7843914,1773732737784393687,,,,,,,,,,,,,False,False,False
2019,1773732737.8343217,1773732737834323257,,,,,,,,,,,,,False,False,False
2020,1773732737.8842773,1773732737884279527,,,,,,,,,,,,,False,False,False
2021,1773732737.9343326,1773732737934335397,,,,,,,,,,,,,False,False,False
2022,1773732737.9843204,1773732737984322547,,,,,,,,,,,,,False,False,False
2023,1773732738.0342495,1773732738034251957,,,,,,,,,,,,,False,False,False
2024,1773732738.0842574,1773732738084259217,,,,,,,,,,,,,False,False,False
2025,1773732738.1342342,1773732738134236016,,,,,,,,,,,,,False,False,False
2026,1773732738.1843212,1773732738184323996,,,,,,,,,,,,,False,False,False
2027,1773732738.2342484,1773732738234251316,,,,,,,,,,,,,False,False,False
2028,1773732738.2842896,1773732738284292065,,,,,,,,,,,,,False,False,False
2029,1773732738.3342614,1773732738334263255,,,,,,,,,,,,,False,False,False
2030,1773732738.3842452,1773732738384247085,,,,,,,,,,,,,False,False,False
2031,1773732738.434298,1773732738434300575,,,,,,,,,,,,,False,False,False
2032,1773732738.4842522,1773732738484254084,,,,,,,,,,,,,False,False,False
2033,1773732738.5342143,1773732738534216194,,,,,,,,,,,,,False,False,False
2034,1773732738.5842392,1773732738584241254,,,,,,,,,,,,,False,False,False
2035,1773732738.6342363,1773732738634238424,,,,,,,,,,,,,False,False,False
2036,1773732738.684267,1773732738684276693,,,,,,,,,,,,,False,False,False
2037,1773732738.7342818,1773732738734284203,,,,,,,,,,,,,False,False,False
2038,1773732738.7842474,1773732738784249443,,,,,,,,,,,,,False,False,False
2039,1773732738.834319,1773732738834321013,,,,,,,,,,,,,False,False,False
2040,1773732738.8842893,1773732738884291523,,,,,,,,,,,,,False,False,False
2041,1773732738.934253,1773732738934255592,,,,,,,,,,,,,False,False,False
2042,1773732738.9843745,1773732738984376302,,,,,,,,,,,,,False,False,False
2043,1773732739.034245,1773732739034247422,,,,,,,,,,,,,False,False,False
2044,1773732739.084251,1773732739084253312,,,,,,,,,,,,,False,False,False
2045,1773732739.134231,1773732739134232601,,,,,,,,,,,,,False,False,False
2046,1773732739.1842613,1773732739184263541,,,,,,,,,,,,,False,False,False
2047,1773732739.234242,1773732739234245231,,,,,,,,,,,,,False,False,False
2048,1773732739.2842476,1773732739284249631,,,,,,,,,,,,,False,False,False
2049,1773732739.3342302,1773732739334232201,,,,,,,,,,,,,False,False,False
2050,1773732739.3842447,1773732739384246830,,,,,,,,,,,,,False,False,False
2051,1773732739.4342573,1773732739434259830,,,,,,,,,,,,,False,False,False
2052,1773732739.484247,1773732739484249060,,,,,,,,,,,,,False,False,False
2053,1773732739.5343099,1773732739534311879,,,,,,,,,,,,,False,False,False
2054,1773732739.5843048,1773732739584307079,,,,,,,,,,,,,False,False,False
2055,1773732739.6342576,1773732739634259809,,,,,,,,,,,,,False,False,False
2056,1773732739.6842387,1773732739684240469,,,,,,,,,,,,,False,False,False
2057,1773732739.7342527,1773732739734254779,,,,,,,,,,,,,False,False,False
2058,1773732739.7842011,1773732739784203039,,,,,,,,,,,,,False,False,False
2059,1773732739.8342373,1773732739834239338,,,,,,,,,,,,,False,False,False
2060,1773732739.8842566,1773732739884258718,,,,,,,,,,,,,False,False,False
2061,1773732739.9343297,1773732739934332027,,,,,,,,,,,,,False,False,False
2062,1773732739.9842544,1773732739984256467,,,,,,,,,,,,,False,False,False
2063,1773732740.034238,1773732740034240397,,,,,,,,,,,,,False,False,False
2064,1773732740.0843124,1773732740084315996,,,,,,,,,,,,,False,False,False
2065,1773732740.1343722,1773732740134374246,,,,,,,,,,,,,False,False,False
2066,1773732740.184274,1773732740184276376,,,,,,,,,,,,,False,False,False
2067,1773732740.2342534,1773732740234255296,,,,,,,,,,,,,False,False,False
2068,1773732740.2843194,1773732740284323265,,,,,,,,,,,,,False,False,False
2069,1773732740.3342798,1773732740334282245,,,,,,,,,,,,,False,False,False
2070,1773732740.3842454,1773732740384247395,,,,,,,,,,,,,False,False,False
2071,1773732740.4342904,1773732740434292785,,,,,,,,,,,,,False,False,False
2072,1773732740.484316,1773732740484319884,,,,,,,,,,,,,False,False,False
2073,1773732740.5343437,1773732740534346104,,,,,,,,,,,,,False,False,False
2074,1773732740.5844347,1773732740584436373,,,,,,,,,,,,,False,False,False
2075,1773732740.6342347,1773732740634236354,,,,,,,,,,,,,False,False,False
2076,1773732740.6843762,1773732740684378013,,,,,,,,,,,,,False,False,False
2077,1773732740.734265,1773732740734273743,,,,,,,,,,,,,False,False,False
2078,1773732740.7842944,1773732740784296113,,,,,,,,,,,,,False,False,False
2079,1773732740.8343937,1773732740834395622,,,,,,,,,,,,,False,False,False
2080,1773732740.884264,1773732740884266093,,,,,,,,,,,,,False,False,False
2081,1773732740.9342132,1773732740934214843,,,,,,,,,,,,,False,False,False
2082,1773732740.9842384,1773732740984240412,,,,,,,,,,,,,False,False,False
2083,1773732741.0342484,1773732741034250272,,,,,,,,,,,,,False,False,False
2084,1773732741.0843163,1773732741084317822,,,,,,,,,,,,,False,False,False
2085,1773732741.1342669,1773732741134274862,,,,,,,,,,,,,False,False,False
2086,1773732741.1843302,1773732741184332491,,,,,,,,,,,,,False,False,False
2087,1773732741.234245,1773732741234246971,,,,,,,,,,,,,False,False,False
2088,1773732741.2843134,1773732741284315151,,,,,,,,,,,,,False,False,False
2089,1773732741.3342423,1773732741334244301,,,,,,,,,,,,,False,False,False
2090,1773732741.3843231,1773732741384326970,,,,,,,,,,,,,False,False,False
2091,1773732741.4342575,1773732741434259720,,,,,,,,,,,,,False,False,False
2092,1773732741.4843504,1773732741484353529,,,,,,,,,,,,,False,False,False
2093,1773732741.5342925,1773732741534296389,,,,,,,,,,,,,False,False,False
2094,1773732741.5842192,1773732741584220880,,,,,,,,,,,,,False,False,False
2095,1773732741.6342413,1773732741634243389,,,,,,,,,,,,,False,False,False
2096,1773732741.684241,1773732741684242909,,,,,,,,,,,,,False,False,False
2097,1773732741.734285,1773732741734287208,,,,,,,,,,,,,False,False,False
2098,1773732741.7842588,1773732741784261218,,,,,,,,,,,,,False,False,False
2099,1773732741.8342285,1773732741834230648,,,,,,,,,,,,,False,False,False
2100,1773732741.8842413,1773732741884243548,,,,,,,,,,,,,False,False,False
2101,1773732741.9342456,1773732741934247568,,,,,,,,,,,,,False,False,False
2102,1773732741.9842565,1773732741984258507,,,,,,,,,,,,,False,False,False
2103,1773732742.0342455,1773732742034247417,,,,,,,,,,,,,False,False,False
2104,1773732742.0842555,1773732742084257237,,,,,,,,,,,,,False,False,False
2105,1773732742.1342583,1773732742134259796,,,,,,,,,,,,,False,False,False
2106,1773732742.184245,1773732742184246586,,,,,,,,,,,,,False,False,False
2107,1773732742.234353,1773732742234355426,,,,,,,,,,,,,False,False,False
2108,1773732742.2842455,1773732742284247336,,,,,,,,,,,,,False,False,False
2109,1773732742.3342557,1773732742334257456,,,,,,,,,,,,,False,False,False
2110,1773732742.3843148,1773732742384317365,,,,,,,,,,,,,False,False,False
2111,1773732742.4342275,1773732742434229245,,,,,,,,,,,,,False,False,False
2112,1773732742.4842515,1773732742484252865,,,,,,,,,,,,,False,False,False
2113,1773732742.5342338,1773732742534235745,,,,,,,,,,,,,False,False,False
2114,1773732742.5842628,1773732742584265455,,,,,,,,,,,,,False,False,False
2115,1773732742.6342988,1773732742634301154,,,,,,,,,,,,,False,False,False
2116,1773732742.6842456,1773732742684247394,,,,,,,,,,,,,False,False,False
2117,1773732742.734234,1773732742734236034,,,,,,,,,,,,,False,False,False
2118,1773732742.784324,1773732742784325783,,,,,,,,,,,,,False,False,False
2119,1773732742.8342445,1773732742834246584,,,,,,,,,,,,,False,False,False
2120,1773732742.8842578,1773732742884260063,,,,,,,,,,,,,False,False,False
2121,1773732742.9342637,1773732742934266713,,,,,,,,,,,,,False,False,False
2122,1773732742.9843912,1773732742984392842,,,,,,,,,,,,,False,False,False
2123,1773732743.0342355,1773732743034237333,,,,,,,,,,,,,False,False,False
2124,1773732743.0842361,1773732743084237842,,,,,,,,,,,,,False,False,False
2125,1773732743.1342418,1773732743134243632,,,,,,,,,,,,,False,False,False
2126,1773732743.1842496,1773732743184251722,,,,,,,,,,,,,False,False,False
2127,1773732743.234238,1773732743234239872,,,,,,,,,,,,,False,False,False
2128,1773732743.2844539,1773732743284457190,,,,,,,,,,,,,False,False,False
2129,1773732743.3342404,1773732743334242421,,,,,,,,,,,,,False,False,False
2130,1773732743.384452,1773732743384454150,,,,,,,,,,,,,False,False,False
2131,1773732743.4342499,1773732743434251880,,,,,,,,,,,,,False,False,False
2132,1773732743.4844325,1773732743484434439,,,,,,,,,,,,,False,False,False
2133,1773732743.5342414,1773732743534243770,,,,,,,,,,,,,False,False,False
2134,1773732743.5842543,1773732743584256150,,,,,,,,,,,,,False,False,False
2135,1773732743.6342452,1773732743634246999,,,,,,,,,,,,,False,False,False
2136,1773732743.6842892,1773732743684291169,,,,,,,,,,,,,False,False,False
2137,1773732743.7342284,1773732743734230369,,,,,,,,,,,,,False,False,False
2138,1773732743.7842078,1773732743784209589,,,,,,,,,,,,,False,False,False
2139,1773732743.8342578,1773732743834259698,,,,,,,,,,,,,False,False,False
2140,1773732743.8842592,1773732743884261098,,,,,,,,,,,,,False,False,False
2141,1773732743.9342577,1773732743934259578,,,,,,,,,,,,,False,False,False
2142,1773732743.9842758,1773732743984277398,,,,,,,,,,,,,False,False,False
2143,1773732744.0342395,1773732744034241388,,,,,,,,,,,,,False,False,False
2144,1773732744.0842376,1773732744084240047,,,,,,,,,,,,,False,False,False
2145,1773732744.1342542,1773732744134256117,,,,,,,,,,,,,False,False,False
2146,1773732744.184244,1773732744184245887,,,,,,,,,,,,,False,False,False
2147,1773732744.2342396,1773732744234241237,,,,,,,,,,,,,False,False,False
2148,1773732744.284244,1773732744284245867,,,,,,,,,,,,,False,False,False
2149,1773732744.3344347,1773732744334436855,,,,,,,,,,,,,False,False,False
2150,1773732744.3843243,1773732744384326366,,,,,,,,,,,,,False,False,False
2151,1773732744.43423,1773732744434232016,,,,,,,,,,,,,False,False,False
2152,1773732744.4841979,1773732744484199826,,,,,,,,,,,,,False,False,False
2153,1773732744.534258,1773732744534260005,,,,,,,,,,,,,False,False,False
2154,1773732744.584225,1773732744584226885,,,,,,,,,,,,,False,False,False
2155,1773732744.634258,1773732744634260245,,,,,,,,,,,,,False,False,False
2156,1773732744.6842418,1773732744684243495,,,,,,,,,,,,,False,False,False
2157,1773732744.734288,1773732744734290564,,,,,,,,,,,,,False,False,False
2158,1773732744.7842352,1773732744784237064,,,,,,,,,,,,,False,False,False
2159,1773732744.8342435,1773732744834245594,,,,,,,,,,,,,False,False,False
2160,1773732744.884258,1773732744884261283,,,,,,,,,,,,,False,False,False
2161,1773732744.9342356,1773732744934237843,,,,,,,,,,,,,False,False,False
2162,1773732744.9842331,1773732744984235173,,,,,,,,,,,,,False,False,False
2163,1773732745.0342512,1773732745034253663,,,,,,,,,,,,,False,False,False
2164,1773732745.0842469,1773732745084248772,,,,,,,,,,,,,False,False,False
2165,1773732745.134227,1773732745134228902,,,,,,,,,,,,,False,False,False
2166,1773732745.184253,1773732745184254952,,,,,,,,,,,,,False,False,False
2167,1773732745.234287,1773732745234291192,,,,,,,,,,,,,False,False,False
2168,1773732745.2843812,1773732745284383031,,,,,,,,,,,,,False,False,False
2169,1773732745.3344123,1773732745334414121,,,,,,,,,,,,,False,False,False
2170,1773732745.384237,1773732745384238861,,,,,,,,,,,,,False,False,False
2171,1773732745.4342515,1773732745434253471,,,,,,,,,,,,,False,False,False
2172,1773732745.4843903,1773732745484392070,,,,,,,,,,,,,False,False,False
2173,1773732745.5342379,1773732745534240201,,,,,,,,,,,,,False,False,False
2174,1773732745.5842443,1773732745584246220,,,,,,,,,,,,,False,False,False
2175,1773732745.6342652,1773732745634276060,,,,,,,,,,,,,False,False,False
2176,1773732745.6842644,1773732745684266520,,,,,,,,,,,,,False,False,False
2177,1773732745.734254,1773732745734255900,,,,,,,,,,,,,False,False,False
2178,1773732745.784241,1773732745784242990,,,,,,,,,,,,,False,False,False
2179,1773732745.834304,1773732745834305939,,,,,,,,,,,,,False,False,False
2180,1773732745.8842552,1773732745884257329,,,,,,,,,,,,,False,False,False
2181,1773732745.9343762,1773732745934377708,,,,,,,,,,,,,False,False,False
2182,1773732745.9842498,1773732745984251568,,,,,,,,,,,,,False,False,False
2183,1773732746.0342402,1773732746034242118,,,,,,,,,,,,,False,False,False
2184,1773732746.0842383,1773732746084240078,,,,,,,,,,,,,False,False,False
2185,1773732746.134242,1773732746134243988,,,,,,,,,,,,,False,False,False
2186,1773732746.1842537,1773732746184255607,,,,,,,,,,,,,False,False,False
2187,1773732746.2342377,1773732746234239637,,,,,,,,,,,,,False,False,False
2188,1773732746.2842648,1773732746284266827,,,,,,,,,,,,,False,False,False
2189,1773732746.3342524,1773732746334254577,,,,,,,,,,,,,False,False,False
2190,1773732746.3842504,1773732746384252246,,,,,,,,,,,,,False,False,False
2191,1773732746.4342668,1773732746434276016,,,,,,,,,,,,,False,False,False
2192,1773732746.484239,1773732746484241156,,,,,,,,,,,,,False,False,False
2193,1773732746.534249,1773732746534251086,,,,,,,,,,,,,False,False,False
2194,1773732746.5844069,1773732746584408655,,,,,,,,,,,,,False,False,False
2195,1773732746.6342459,1773732746634248585,,,,,,,,,,,,,False,False,False
2196,1773732746.6842434,1773732746684245195,,,,,,,,,,,,,False,False,False
2197,1773732746.7342434,1773732746734245015,,,,,,,,,,,,,False,False,False
2198,1773732746.7842402,1773732746784241715,,,,,,,,,,,,,False,False,False
2199,1773732746.8342583,1773732746834260235,,,,,,,,,,,,,False,False,False
2200,1773732746.8842545,1773732746884256134,,,,,,,,,,,,,False,False,False
2201,1773732746.934258,1773732746934259544,,,,,,,,,,,,,False,False,False
2202,1773732746.9842453,1773732746984247954,,,,,,,,,,,,,False,False,False
2203,1773732747.03422,1773732747034222034,,,,,,,,,,,,,False,False,False
2204,1773732747.0843074,1773732747084312243,,,,,,,,,,,,,False,False,False
2205,1773732747.1342373,1773732747134239003,,,,,,,,,,,,,False,False,False
2206,1773732747.184308,1773732747184310212,,,,,,,,,,,,,False,False,False
2207,1773732747.234237,1773732747234238883,,,,,,,,,,,,,False,False,False
2208,1773732747.2842631,1773732747284265312,,,,,,,,,,,,,False,False,False
2209,1773732747.3342528,1773732747334254712,,,,,,,,,,,,,False,False,False
2210,1773732747.3842552,1773732747384257042,,,,,,,,,,,,,False,False,False
2211,1773732747.4342651,1773732747434272731,,,,,,,,,,,,,False,False,False
2212,1773732747.4842625,1773732747484264671,,,,,,,,,,,,,False,False,False
2213,1773732747.5342317,1773732747534233591,,,,,,,,,,,,,False,False,False
2214,1773732747.584263,1773732747584265911,,,,,,,,,,,,,False,False,False
2215,1773732747.6344116,1773732747634413720,,,,,,,,,,,,,False,False,False
2216,1773732747.6842284,1773732747684230290,,,,,,,,,,,,,False,False,False
2217,1773732747.7342257,1773732747734227570,,,,,,,,,,,,,False,False,False
2218,1773732747.7842236,1773732747784225380,,,,,,,,,,,,,False,False,False
2219,1773732747.8342369,1773732747834238900,,,,,,,,,,,,,False,False,False
2220,1773732747.8842375,1773732747884239480,,,,,,,,,,,,,False,False,False
2221,1773732747.934234,1773732747934235869,,,,,,,,,,,,,False,False,False
2222,1773732747.9842827,1773732747984284779,,,,,,,,,,,,,False,False,False
2223,1773732748.0342607,1773732748034263139,,,,,,,,,,,,,False,False,False
2224,1773732748.0842404,1773732748084242219,,,,,,,,,,,,,False,False,False
2225,1773732748.1342444,1773732748134246229,,,,,,,,,,,,,False,False,False
2226,1773732748.1842453,1773732748184247318,,,,,,,,,,,,,False,False,False
2227,1773732748.2342722,1773732748234276078,,,,,,,,,,,,,False,False,False
2228,1773732748.284316,1773732748284318267,,,,,,,,,,,,,False,False,False
2229,1773732748.334229,1773732748334230688,,,,,,,,,,,,,False,False,False
2230,1773732748.384247,1773732748384249157,,,,,,,,,,,,,False,False,False
2231,1773732748.4342535,1773732748434279227,,,,,,,,,,,,,False,False,False
2232,1773732748.484321,1773732748484323286,,,,,,,,,,,,,False,False,False
2233,1773732748.534415,1773732748534417126,,,,,,,,,,,,,False,False,False
2234,1773732748.5842917,1773732748584293546,,,,,,,,,,,,,False,False,False
2235,1773732748.6342654,1773732748634303386,,,,,,,,,,,,,False,False,False
2236,1773732748.684243,1773732748684244806,,,,,,,,,,,,,False,False,False
2237,1773732748.7342472,1773732748734249226,,,,,,,,,,,,,False,False,False
2238,1773732748.7842438,1773732748784245505,,,,,,,,,,,,,False,False,False
2239,1773732748.8342402,1773732748834242245,,,,,,,,,,,,,False,False,False
2240,1773732748.884252,1773732748884254155,,,,,,,,,,,,,False,False,False
2241,1773732748.9342413,1773732748934243295,,,,,,,,,,,,,False,False,False
2242,1773732748.9843059,1773732748984307844,,,,,,,,,,,,,False,False,False
2243,1773732749.0342968,1773732749034298634,,,,,,,,,,,,,False,False,False
2244,1773732749.0842404,1773732749084242184,,,,,,,,,,,,,False,False,False
2245,1773732749.1343057,1773732749134307594,,,,,,,,,,,,,False,False,False
2246,1773732749.18424,1773732749184241814,,,,,,,,,,,,,False,False,False
2247,1773732749.2342405,1773732749234242344,,,,,,,,,,,,,False,False,False
2248,1773732749.2844768,1773732749284478712,,,,,,,,,,,,,False,False,False
2249,1773732749.3343866,1773732749334388482,,,,,,,,,,,,,False,False,False
2250,1773732749.38436,1773732749384363842,,,,,,,,,,,,,False,False,False
2251,1773732749.4343204,1773732749434322082,,,,,,,,,,,,,False,False,False
2252,1773732749.4842658,1773732749484276822,,,,,,,,,,,,,False,False,False
2253,1773732749.5342338,1773732749534235662,,,,,,,,,,,,,False,False,False
2254,1773732749.5843012,1773732749584304941,,,,,,,,,,,,,False,False,False
2255,1773732749.63435,1773732749634353481,,,,,,,,,,,,,False,False,False
2256,1773732749.6843517,1773732749684355251,,,,,,,,,,,,,False,False,False
2257,1773732749.7343256,1773732749734327831,,,,,,,,,,,,,False,False,False
2258,1773732749.7843773,1773732749784378940,,,,,,,,,,,,,False,False,False
2259,1773732749.8342574,1773732749834258791,,,,,,,,,,,,,False,False,False
2260,1773732749.8843303,1773732749884332590,,,,,,,,,,,,,False,False,False
2261,1773732749.934256,1773732749934257890,,,,,,,,,,,,,False,False,False
2262,1773732749.9843895,1773732749984391359,,,,,,,,,,,,,False,False,False
2263,1773732750.0342767,1773732750034279240,,,,,,,,,,,,,False,False,False
2264,1773732750.084253,1773732750084254550,,,,,,,,,,,,,False,False,False
2265,1773732750.1342652,1773732750134275729,,,,,,,,,,,,,False,False,False
2266,1773732750.184441,1773732750184444288,,,,,,,,,,,,,False,False,False
2267,1773732750.234295,1773732750234299299,,,,,,,,,,,,,False,False,False
2268,1773732750.2842515,1773732750284253339,,,,,,,,,,,,,False,False,False
2269,1773732750.3342533,1773732750334255278,,,,,,,,,,,,,False,False,False
2270,1773732750.3844175,1773732750384420438,,,,,,,,,,,,,False,False,False
2271,1773732750.4342153,1773732750434217068,,,,,,,,,,,,,False,False,False
2272,1773732750.4843488,1773732750484350417,,,,,,,,,,,,,False,False,False
2273,1773732750.5342414,1773732750534243507,,,,,,,,,,,,,False,False,False
2274,1773732750.5842495,1773732750584251507,,,,,,,,,,,,,False,False,False
2275,1773732750.634235,1773732750634236807,,,,,,,,,,,,,False,False,False
2276,1773732750.6842594,1773732750684261077,,,,,,,,,,,,,False,False,False
2277,1773732750.7342973,1773732750734302216,,,,,,,,,,,,,False,False,False
2278,1773732750.784255,1773732750784257066,,,,,,,,,,,,,False,False,False
2279,1773732750.8342295,1773732750834231526,,,,,,,,,,,,,False,False,False
2280,1773732750.8842463,1773732750884248056,,,,,,,,,,,,,False,False,False
2281,1773732750.9342406,1773732750934242526,,,,,,,,,,,,,False,False,False
2282,1773732750.9842346,1773732750984236316,,,,,,,,,,,,,False,False,False
2283,1773732751.03426,1773732751034262425,,,,,,,,,,,,,False,False,False
2284,1773732751.0842378,1773732751084239775,,,,,,,,,,,,,False,False,False
2285,1773732751.1342378,1773732751134239445,,,,,,,,,,,,,False,False,False
2286,1773732751.1842499,1773732751184252495,,,,,,,,,,,,,False,False,False
2287,1773732751.2343197,1773732751234321654,,,,,,,,,,,,,False,False,False
2288,1773732751.2842445,1773732751284246324,,,,,,,,,,,,,False,False,False
2289,1773732751.3342762,1773732751334278154,,,,,,,,,,,,,False,False,False
2290,1773732751.3842328,1773732751384234654,,,,,,,,,,,,,False,False,False
2291,1773732751.434322,1773732751434324083,,,,,,,,,,,,,False,False,False
2292,1773732751.484365,1773732751484367703,,,,,,,,,,,,,False,False,False
2293,1773732751.5342324,1773732751534234283,,,,,,,,,,,,,False,False,False
2294,1773732751.584226,1773732751584227753,,,,,,,,,,,,,False,False,False
2295,1773732751.6342418,1773732751634243602,,,,,,,,,,,,,False,False,False
2296,1773732751.6842883,1773732751684290672,,,,,,,,,,,,,False,False,False
2297,1773732751.7342463,1773732751734248212,,,,,,,,,,,,,False,False,False
2298,1773732751.7842941,1773732751784295832,,,,,,,,,,,,,False,False,False
2299,1773732751.8343682,1773732751834369831,,,,,,,,,,,,,False,False,False
2300,1773732751.884369,1773732751884370631,,,,,,,,,,,,,False,False,False
2301,1773732751.9343107,1773732751934312691,,,,,,,,,,,,,False,False,False
2302,1773732751.984244,1773732751984246401,,,,,,,,,,,,,False,False,False
2303,1773732752.034355,1773732752034358060,,,,,,,,,,,,,False,False,False
2304,1773732752.084335,1773732752084336750,,,,,,,,,,,,,False,False,False
2305,1773732752.1342645,1773732752134266820,,,,,,,,,,,,,False,False,False
2306,1773732752.1842587,1773732752184260390,,,,,,,,,,,,,False,False,False
2307,1773732752.2342641,1773732752234265770,,,,,,,,,,,,,False,False,False
2308,1773732752.2843218,1773732752284323649,,,,,,,,,,,,,False,False,False
2309,1773732752.3343325,1773732752334335079,,,,,,,,,,,,,False,False,False
2310,1773732752.3842373,1773732752384239289,,,,,,,,,,,,,False,False,False
2311,1773732752.4342535,1773732752434256399,,,,,,,,,,,,,False,False,False
2312,1773732752.4844098,1773732752484411718,,,,,,,,,,,,,False,False,False
2313,1773732752.5342655,1773732752534275408,,,,,,,,,,,,,False,False,False
2314,1773732752.5844166,1773732752584418367,,,,,,,,,,,,,False,False,False
2315,1773732752.6342537,1773732752634255608,,,,,,,,,,,,,False,False,False
2316,1773732752.6843133,1773732752684316048,,,,,,,,,,,,,False,False,False
2317,1773732752.7344983,1773732752734500947,,,,,,,,,,,,,False,False,False
2318,1773732752.784551,1773732752784553106,,,,,,,,,,,,,False,False,False
2319,1773732752.8341901,1773732752834191597,,,,,,,,,,,,,False,False,False
2320,1773732752.8842504,1773732752884252357,,,,,,,,,,,,,False,False,False
2321,1773732752.9341898,1773732752934191647,,,,,,,,,,,,,False,False,False
2322,1773732752.9842076,1773732752984209417,,,,,,,,,,,,,False,False,False
2323,1773732753.0343063,1773732753034309906,,,,,,,,,,,,,False,False,False
2324,1773732753.0842488,1773732753084250546,,,,,,,,,,,,,False,False,False
2325,1773732753.1342306,1773732753134232396,,,,,,,,,,,,,False,False,False
2326,1773732753.184257,1773732753184259166,,,,,,,,,,,,,False,False,False
2327,1773732753.2342346,1773732753234236496,,,,,,,,,,,,,False,False,False
2328,1773732753.2842457,1773732753284247655,,,,,,,,,,,,,False,False,False
2329,1773732753.3342347,1773732753334236455,,,,,,,,,,,,,False,False,False
2330,1773732753.3842347,1773732753384236945,,,,,,,,,,,,,False,False,False
2331,1773732753.4343033,1773732753434305274,,,,,,,,,,,,,False,False,False
2332,1773732753.4842627,1773732753484264494,,,,,,,,,,,,,False,False,False
2333,1773732753.5342531,1773732753534254934,,,,,,,,,,,,,False,False,False
2334,1773732753.584245,1773732753584247014,,,,,,,,,,,,,False,False,False
2335,1773732753.6342556,1773732753634257924,,,,,,,,,,,,,False,False,False
2336,1773732753.68425,1773732753684252413,,,,,,,,,,,,,False,False,False
2337,1773732753.734256,1773732753734258173,,,,,,,,,,,,,False,False,False
2338,1773732753.7842495,1773732753784251413,,,,,,,,,,,,,False,False,False
2339,1773732753.8342404,1773732753834242493,,,,,,,,,,,,,False,False,False
2340,1773732753.8842309,1773732753884232513,,,,,,,,,,,,,False,False,False
2341,1773732753.9342306,1773732753934232343,,,,,,,,,,,,,False,False,False
2342,1773732753.9842296,1773732753984231422,,,,,,,,,,,,,False,False,False
2343,1773732754.0342498,1773732754034251902,,,,,,,,,,,,,False,False,False
2344,1773732754.0842288,1773732754084230702,,,,,,,,,,,,,False,False,False
2345,1773732754.1342459,1773732754134247901,,,,,,,,,,,,,False,False,False
2346,1773732754.1842594,1773732754184261201,,,,,,,,,,,,,False,False,False
2347,1773732754.2342517,1773732754234254241,,,,,,,,,,,,,False,False,False
2348,1773732754.2842612,1773732754284263311,,,,,,,,,,,,,False,False,False
2349,1773732754.334257,1773732754334258870,,,,,,,,,,,,,False,False,False
2350,1773732754.384251,1773732754384253020,,,,,,,,,,,,,False,False,False
2351,1773732754.4342518,1773732754434253820,,,,,,,,,,,,,False,False,False
2352,1773732754.4842398,1773732754484241950,,,,,,,,,,,,,False,False,False
2353,1773732754.5342507,1773732754534253130,,,,,,,,,,,,,False,False,False
2354,1773732754.5842462,1773732754584248320,,,,,,,,,,,,,False,False,False
2355,1773732754.6343398,1773732754634343879,,,,,,,,,,,,,False,False,False
2356,1773732754.6843007,1773732754684302929,,,,,,,,,,,,,False,False,False
2357,1773732754.7343268,1773732754734330598,,,,,,,,,,,,,False,False,False
2358,1773732754.7842872,1773732754784291308,,,,,,,,,,,,,False,False,False
2359,1773732754.8343887,1773732754834390498,,,,,,,,,,,,,False,False,False
2360,1773732754.8842576,1773732754884259468,,,,,,,,,,,,,False,False,False
2361,1773732754.9342496,1773732754934251988,,,,,,,,,,,,,False,False,False
2362,1773732754.9842358,1773732754984237598,,,,,,,,,,,,,False,False,False
2363,1773732755.034328,1773732755034330127,,,,,,,,,,,,,False,False,False
2364,1773732755.0842664,1773732755084276207,,,,,,,,,,,,,False,False,False
2365,1773732755.1342454,1773732755134247087,,,,,,,,,,,,,False,False,False
2366,1773732755.184243,1773732755184244937,,,,,,,,,,,,,False,False,False
2367,1773732755.2342386,1773732755234240957,,,,,,,,,,,,,False,False,False
2368,1773732755.2842312,1773732755284233666,,,,,,,,,,,,,False,False,False
2369,1773732755.3342915,1773732755334293386,,,,,,,,,,,,,False,False,False
2370,1773732755.3842373,1773732755384239366,,,,,,,,,,,,,False,False,False
2371,1773732755.434259,1773732755434261356,,,,,,,,,,,,,False,False,False
2372,1773732755.4842393,1773732755484241246,,,,,,,,,,,,,False,False,False
2373,1773732755.5342386,1773732755534240236,,,,,,,,,,,,,False,False,False
2374,1773732755.5843272,1773732755584329345,,,,,,,,,,,,,False,False,False
2375,1773732755.6342413,1773732755634243245,,,,,,,,,,,,,False,False,False
2376,1773732755.6844416,1773732755684443674,,,,,,,,,,,,,False,False,False
2377,1773732755.7342532,1773732755734254884,,,,,,,,,,,,,False,False,False
2378,1773732755.7842546,1773732755784256584,,,,,,,,,,,,,False,False,False
2379,1773732755.8342621,1773732755834263834,,,,,,,,,,,,,False,False,False
2380,1773732755.884259,1773732755884260804,,,,,,,,,,,,,False,False,False
2381,1773732755.9342582,1773732755934260273,,,,,,,,,,,,,False,False,False
2382,1773732755.9843006,1773732755984301963,,,,,,,,,,,,,False,False,False
2383,1773732756.0343072,1773732756034309633,,,,,,,,,,,,,False,False,False
2384,1773732756.0842526,1773732756084254313,,,,,,,,,,,,,False,False,False
2385,1773732756.1342642,1773732756134265993,,,,,,,,,,,,,False,False,False
2386,1773732756.1842513,1773732756184253483,,,,,,,,,,,,,False,False,False
2387,1773732756.234282,1773732756234285372,,,,,,,,,,,,,False,False,False
2388,1773732756.2842615,1773732756284264402,,,,,,,,,,,,,False,False,False
2389,1773732756.3343618,1773732756334363201,,,,,,,,,,,,,False,False,False
2390,1773732756.3842504,1773732756384252062,,,,,,,,,,,,,False,False,False
2391,1773732756.4344392,1773732756434443831,,,,,,,,,,,,,False,False,False
2392,1773732756.4842427,1773732756484244901,,,,,,,,,,,,,False,False,False
2393,1773732756.534288,1773732756534290161,,,,,,,,,,,,,False,False,False
2394,1773732756.584285,1773732756584287850,,,,,,,,,,,,,False,False,False
2395,1773732756.6342456,1773732756634248761,,,,,,,,,,,,,False,False,False
2396,1773732756.6842425,1773732756684244390,,,,,,,,,,,,,False,False,False
2397,1773732756.7342865,1773732756734288970,,,,,,,,,,,,,False,False,False
2398,1773732756.7842095,1773732756784211360,,,,,,,,,,,,,False,False,False
2399,1773732756.8342369,1773732756834238730,,,,,,,,,,,,,False,False,False
2400,1773732756.884241,1773732756884243290,,,,,,,,,,,,,False,False,False
2401,1773732756.9342716,1773732756934273689,,,,,,,,,,,,,False,False,False
2402,1773732756.984254,1773732756984256799,,,,,,,,,,,,,False,False,False
2403,1773732757.0343344,1773732757034336578,,,,,,,,,,,,,False,False,False
2404,1773732757.0842443,1773732757084246259,,,,,,,,,,,,,False,False,False
2405,1773732757.1342757,1773732757134279158,,,,,,,,,,,,,False,False,False
2406,1773732757.1842256,1773732757184227629,,,,,,,,,,,,,False,False,False
2407,1773732757.2342227,1773732757234225768,,,,,,,,,,,,,False,False,False
2408,1773732757.2842498,1773732757284252778,,,,,,,,,,,,,False,False,False
2409,1773732757.3342545,1773732757334256768,,,,,,,,,,,,,False,False,False
2410,1773732757.3842208,1773732757384223218,,,,,,,,,,,,,False,False,False
2411,1773732757.4342313,1773732757434233127,,,,,,,,,,,,,False,False,False
2412,1773732757.4842496,1773732757484251917,,,,,,,,,,,,,False,False,False
2413,1773732757.534261,1773732757534264047,,,,,,,,,,,,,False,False,False
2414,1773732757.5842505,1773732757584252186,,,,,,,,,,,,,False,False,False
2415,1773732757.6343057,1773732757634307896,,,,,,,,,,,,,False,False,False
2416,1773732757.6842637,1773732757684266546,,,,,,,,,,,,,False,False,False
2417,1773732757.7342348,1773732757734236616,,,,,,,,,,,,,False,False,False
2418,1773732757.784253,1773732757784255466,,,,,,,,,,,,,False,False,False
2419,1773732757.8342493,1773732757834252126,,,,,,,,,,,,,False,False,False
2420,1773732757.8842347,1773732757884236546,,,,,,,,,,,,,False,False,False
2421,1773732757.9342492,1773732757934250885,,,,,,,,,,,,,False,False,False
2422,1773732757.9844031,1773732757984406414,,,,,,,,,,,,,False,False,False
2423,1773732758.0342808,1773732758034283914,,,,,,,,,,,,,False,False,False
2424,1773732758.0842443,1773732758084246204,,,,,,,,,,,,,False,False,False
2425,1773732758.1342487,1773732758134251024,,,,,,,,,,,,,False,False,False
2426,1773732758.184241,1773732758184243274,,,,,,,,,,,,,False,False,False
2427,1773732758.2342298,1773732758234231384,,,,,,,,,,,,,False,False,False
2428,1773732758.2843058,1773732758284308003,,,,,,,,,,,,,False,False,False
2429,1773732758.3342345,1773732758334236603,,,,,,,,,,,,,False,False,False
2430,1773732758.3842509,1773732758384252623,,,,,,,,,,,,,False,False,False
2431,1773732758.4342492,1773732758434251133,,,,,,,,,,,,,False,False,False
2432,1773732758.4842043,1773732758484206153,,,,,,,,,,,,,False,False,False
2433,1773732758.5342295,1773732758534231363,,,,,,,,,,,,,False,False,False
2434,1773732758.5842462,1773732758584248583,,,,,,,,,,,,,False,False,False
2435,1773732758.634254,1773732758634255842,,,,,,,,,,,,,False,False,False
2436,1773732758.6842463,1773732758684248042,,,,,,,,,,,,,False,False,False
2437,1773732758.7342403,1773732758734242412,,,,,,,,,,,,,False,False,False
2438,1773732758.7842038,1773732758784205712,,,,,,,,,,,,,False,False,False
2439,1773732758.834237,1773732758834239501,,,,,,,,,,,,,False,False,False
2440,1773732758.8843195,1773732758884322441,,,,,,,,,,,,,False,False,False
2441,1773732758.9343598,1773732758934362551,,,,,,,,,,,,,False,False,False
2442,1773732758.9842467,1773732758984248750,,,,,,,,,,,,,False,False,False
2443,1773732759.034289,1773732759034291410,,,,,,,,,,,,,False,False,False
2444,1773732759.0842555,1773732759084257180,,,,,,,,,,,,,False,False,False
2445,1773732759.134305,1773732759134307170,,,,,,,,,,,,,False,False,False
2446,1773732759.18426,1773732759184261330,,,,,,,,,,,,,False,False,False
2447,1773732759.2342556,1773732759234257850,,,,,,,,,,,,,False,False,False
2448,1773732759.2842958,1773732759284297869,,,,,,,,,,,,,False,False,False
2449,1773732759.3342357,1773732759334238399,,,,,,,,,,,,,False,False,False
2450,1773732759.3842287,1773732759384230649,,,,,,,,,,,,,False,False,False
2451,1773732759.4342473,1773732759434249599,,,,,,,,,,,,,False,False,False
2452,1773732759.4842217,1773732759484223739,,,,,,,,,,,,,False,False,False
2453,1773732759.5342925,1773732759534296308,,,,,,,,,,,,,False,False,False
2454,1773732759.5842655,1773732759584276208,,,,,,,,,,,,,False,False,False
2455,1773732759.6342287,1773732759634230578,,,,,,,,,,,,,False,False,False
2456,1773732759.6842487,1773732759684250937,,,,,,,,,,,,,False,False,False
2457,1773732759.734244,1773732759734245997,,,,,,,,,,,,,False,False,False
2458,1773732759.784232,1773732759784233657,,,,,,,,,,,,,False,False,False
2459,1773732759.8342547,1773732759834256697,,,,,,,,,,,,,False,False,False
2460,1773732759.8842876,1773732759884290997,,,,,,,,,,,,,False,False,False
2461,1773732759.9343224,1773732759934325066,,,,,,,,,,,,,False,False,False
2462,1773732759.9842474,1773732759984249667,,,,,,,,,,,,,False,False,False
2463,1773732760.0342565,1773732760034259216,,,,,,,,,,,,,False,False,False
2464,1773732760.084248,1773732760084250086,,,,,,,,,,,,,False,False,False
2465,1773732760.1342645,1773732760134266796,,,,,,,,,,,,,False,False,False
2466,1773732760.1842926,1773732760184295795,,,,,,,,,,,,,False,False,False
2467,1773732760.2342548,1773732760234256745,,,,,,,,,,,,,False,False,False
2468,1773732760.2842543,1773732760284255715,,,,,,,,,,,,,False,False,False
2469,1773732760.3342397,1773732760334241705,,,,,,,,,,,,,False,False,False
2470,1773732760.3843727,1773732760384374604,,,,,,,,,,,,,False,False,False
2471,1773732760.4342513,1773732760434253524,,,,,,,,,,,,,False,False,False
2472,1773732760.484235,1773732760484236794,,,,,,,,,,,,,False,False,False
2473,1773732760.5344083,1773732760534410333,,,,,,,,,,,,,False,False,False
2474,1773732760.5842624,1773732760584265354,,,,,,,,,,,,,False,False,False
2475,1773732760.6343043,1773732760634306474,,,,,,,,,,,,,False,False,False
2476,1773732760.6842895,1773732760684292293,,,,,,,,,,,,,False,False,False
2477,1773732760.734259,1773732760734261053,,,,,,,,,,,,,False,False,False
2478,1773732760.7842374,1773732760784238903,,,,,,,,,,,,,False,False,False
2479,1773732760.8342323,1773732760834234263,,,,,,,,,,,,,False,False,False
2480,1773732760.8842444,1773732760884246493,,,,,,,,,,,,,False,False,False
2481,1773732760.934294,1773732760934296222,,,,,,,,,,,,,False,False,False
2482,1773732760.9843042,1773732760984308232,,,,,,,,,,,,,False,False,False
2483,1773732761.0342915,1773732761034295982,,,,,,,,,,,,,False,False,False
2484,1773732761.0842474,1773732761084249472,,,,,,,,,,,,,False,False,False
2485,1773732761.1342936,1773732761134295212,,,,,,,,,,,,,False,False,False
2486,1773732761.184486,1773732761184487900,,,,,,,,,,,,,False,False,False
2487,1773732761.234243,1773732761234244751,,,,,,,,,,,,,False,False,False
2488,1773732761.2842026,1773732761284204621,,,,,,,,,,,,,False,False,False
2489,1773732761.334238,1773732761334239821,,,,,,,,,,,,,False,False,False
2490,1773732761.384317,1773732761384319720,,,,,,,,,,,,,False,False,False
2491,1773732761.4343212,1773732761434322890,,,,,,,,,,,,,False,False,False
2492,1773732761.4843144,1773732761484316830,,,,,,,,,,,,,False,False,False
2493,1773732761.5343294,1773732761534331749,,,,,,,,,,,,,False,False,False
2494,1773732761.584258,1773732761584260120,,,,,,,,,,,,,False,False,False
2495,1773732761.634288,1773732761634291959,,,,,,,,,,,,,False,False,False
2496,1773732761.6841888,1773732761684190950,,,,,,,,,,,,,False,False,False
2497,1773732761.7342937,1773732761734296699,,,,,,,,,,,,,False,False,False
2498,1773732761.7842371,1773732761784239149,,,,,,,,,,,,,False,False,False
2499,1773732761.83424,1773732761834242019,,,,,,,,,,,,,False,False,False
2500,1773732761.8843436,1773732761884347738,,,,,,,,,,,,,False,False,False
2501,1773732761.9343288,1773732761934330838,,,,,,,,,,,,,False,False,False
2502,1773732761.9841826,1773732761984184388,,,,,,,,,,,,,False,False,False
2503,1773732762.0343428,1773732762034345397,,,,,,,,,,,,,False,False,False
2504,1773732762.0843017,1773732762084304007,,,,,,,,,,,,,False,False,False
2505,1773732762.1342392,1773732762134240848,,,,,,,,,,,,,False,False,False
2506,1773732762.1842737,1773732762184276077,,,,,,,,,,,,,False,False,False
2507,1773732762.2343273,1773732762234329967,,,,,,,,,,,,,False,False,False
2508,1773732762.2843065,1773732762284308357,,,,,,,,,,,,,False,False,False
2509,1773732762.33439,1773732762334392186,,,,,,,,,,,,,False,False,False
2510,1773732762.3842611,1773732762384262836,,,,,,,,,,,,,False,False,False
2511,1773732762.4342551,1773732762434257906,,,,,,,,,,,,,False,False,False
2512,1773732762.4842427,1773732762484244226,,,,,,,,,,,,,False,False,False
2513,1773732762.5343204,1773732762534322346,,,,,,,,,,,,,False,False,False
2514,1773732762.5843587,1773732762584361645,,,,,,,,,,,,,False,False,False
2515,1773732762.6342843,1773732762634287026,,,,,,,,,,,,,False,False,False
2516,1773732762.684288,1773732762684290215,,,,,,,,,,,,,False,False,False
2517,1773732762.7343256,1773732762734327825,,,,,,,,,,,,,False,False,False
2518,1773732762.784259,1773732762784261435,,,,,,,,,,,,,False,False,False
2519,1773732762.834236,1773732762834237885,,,,,,,,,,,,,False,False,False
2520,1773732762.8843217,1773732762884323734,,,,,,,,,,,,,False,False,False
2521,1773732762.9342554,1773732762934257214,,,,,,,,,,,,,False,False,False
2522,1773732762.984243,1773732762984244944,,,,,,,,,,,,,False,False,False
2523,1773732763.0342531,1773732763034255054,,,,,,,,,,,,,False,False,False
2524,1773732763.0842822,1773732763084284344,,,,,,,,,,,,,False,False,False
2525,1773732763.134235,1773732763134236793,,,,,,,,,,,,,False,False,False
2526,1773732763.1842558,1773732763184257633,,,,,,,,,,,,,False,False,False
2527,1773732763.2342966,1773732763234298643,,,,,,,,,,,,,False,False,False
2528,1773732763.284218,1773732763284220303,,,,,,,,,,,,,False,False,False
2529,1773732763.3343346,1773732763334337242,,,,,,,,,,,,,False,False,False
2530,1773732763.3842616,1773732763384263533,,,,,,,,,,,,,False,False,False
2531,1773732763.4342494,1773732763434251972,,,,,,,,,,,,,False,False,False
2532,1773732763.4842453,1773732763484247412,,,,,,,,,,,,,False,False,False
2533,1773732763.534234,1773732763534236012,,,,,,,,,,,,,False,False,False
2534,1773732763.5842469,1773732763584248612,,,,,,,,,,,,,False,False,False
2535,1773732763.6342487,1773732763634251471,,,,,,,,,,,,,False,False,False
2536,1773732763.6843257,1773732763684327831,,,,,,,,,,,,,False,False,False
2537,1773732763.7342246,1773732763734227431,,,,,,,,,,,,,False,False,False
2538,1773732763.784339,1773732763784342831,,,,,,,,,,,,,False,False,False
2539,1773732763.8342464,1773732763834248311,,,,,,,,,,,,,False,False,False
2540,1773732763.8842444,1773732763884246421,,,,,,,,,,,,,False,False,False
2541,1773732763.9342577,1773732763934259460,,,,,,,,,,,,,False,False,False
2542,1773732763.984305,1773732763984306700,,,,,,,,,,,,,False,False,False
2543,1773732764.0342395,1773732764034241620,,,,,,,,,,,,,False,False,False
2544,1773732764.084253,1773732764084254910,,,,,,,,,,,,,False,False,False
2545,1773732764.1342466,1773732764134248529,,,,,,,,,,,,,False,False,False
2546,1773732764.1844225,1773732764184424569,,,,,,,,,,,,,False,False,False
2547,1773732764.234231,1773732764234232979,,,,,,,,,,,,,False,False,False
2548,1773732764.2842467,1773732764284248779,,,,,,,,,,,,,False,False,False
2549,1773732764.334219,1773732764334220789,,,,,,,,,,,,,False,False,False
2550,1773732764.3842418,1773732764384243988,,,,,,,,,,,,,False,False,False
2551,1773732764.4342766,1773732764434278358,,,,,,,,,,,,,False,False,False
2552,1773732764.4842153,1773732764484217918,,,,,,,,,,,,,False,False,False
2553,1773732764.534233,1773732764534234728,,,,,,,,,,,,,False,False,False
2554,1773732764.5843272,1773732764584329667,,,,,,,,,,,,,False,False,False
2555,1773732764.6342592,1773732764634261138,,,,,,,,,,,,,False,False,False
2556,1773732764.6842668,1773732764684273707,,,,,,,,,,,,,False,False,False
2557,1773732764.7343175,1773732764734319687,,,,,,,,,,,,,False,False,False
2558,1773732764.7842078,1773732764784210147,,,,,,,,,,,,,False,False,False
2559,1773732764.8342602,1773732764834262236,,,,,,,,,,,,,False,False,False
2560,1773732764.8842654,1773732764884273116,,,,,,,,,,,,,False,False,False
2561,1773732764.9342494,1773732764934251756,,,,,,,,,,,,,False,False,False
2562,1773732764.984262,1773732764984263576,,,,,,,,,,,,,False,False,False
2563,1773732765.0342395,1773732765034241276,,,,,,,,,,,,,False,False,False
2564,1773732765.0842817,1773732765084283056,,,,,,,,,,,,,False,False,False
2565,1773732765.1343217,1773732765134323255,,,,,,,,,,,,,False,False,False
2566,1773732765.184288,1773732765184289905,,,,,,,,,,,,,False,False,False
2567,1773732765.2342346,1773732765234236315,,,,,,,,,,,,,False,False,False
2568,1773732765.2842653,1773732765284281895,,,,,,,,,,,,,False,False,False
2569,1773732765.334222,1773732765334223725,,,,,,,,,,,,,False,False,False
2570,1773732765.3842793,1773732765384281194,,,,,,,,,,,,,False,False,False
2571,1773732765.4342458,1773732765434247764,,,,,,,,,,,,,False,False,False
2572,1773732765.4843051,1773732765484307904,,,,,,,,,,,,,False,False,False
2573,1773732765.5342379,1773732765534240384,,,,,,,,,,,,,False,False,False
2574,1773732765.584249,1773732765584251004,,,,,,,,,,,,,False,False,False
2575,1773732765.6342666,1773732765634274113,,,,,,,,,,,,,False,False,False
2576,1773732765.6842332,1773732765684234943,,,,,,,,,,,,,False,False,False
2577,1773732765.734281,1773732765734285513,,,,,,,,,,,,,False,False,False
2578,1773732765.7842572,1773732765784260473,,,,,,,,,,,,,False,False,False
2579,1773732765.834244,1773732765834246033,,,,,,,,,,,,,False,False,False
2580,1773732765.8842382,1773732765884240673,,,,,,,,,,,,,False,False,False
2581,1773732765.9342554,1773732765934258812,,,,,,,,,,,,,False,False,False
2582,1773732765.9842541,1773732765984256082,,,,,,,,,,,,,False,False,False
2583,1773732766.0342395,1773732766034241312,,,,,,,,,,,,,False,False,False
2584,1773732766.0842426,1773732766084244882,,,,,,,,,,,,,False,False,False
2585,1773732766.1342363,1773732766134238421,,,,,,,,,,,,,False,False,False
2586,1773732766.1843286,1773732766184330911,,,,,,,,,,,,,False,False,False
2587,1773732766.2342386,1773732766234240711,,,,,,,,,,,,,False,False,False
2588,1773732766.2842276,1773732766284229841,,,,,,,,,,,,,False,False,False
2589,1773732766.3342373,1773732766334239261,,,,,,,,,,,,,False,False,False
2590,1773732766.3842275,1773732766384229041,,,,,,,,,,,,,False,False,False
2591,1773732766.4342818,1773732766434283970,,,,,,,,,,,,,False,False,False
2592,1773732766.484247,1773732766484248830,,,,,,,,,,,,,False,False,False
2593,1773732766.5343227,1773732766534324869,,,,,,,,,,,,,False,False,False
2594,1773732766.5842462,1773732766584248450,,,,,,,,,,,,,False,False,False
2595,1773732766.634247,1773732766634249149,,,,,,,,,,,,,False,False,False
2596,1773732766.6842518,1773732766684254059,,,,,,,,,,,,,False,False,False
2597,1773732766.7342408,1773732766734242609,,,,,,,,,,,,,False,False,False
2598,1773732766.784237,1773732766784238879,,,,,,,,,,,,,False,False,False
2599,1773732766.8342378,1773732766834239509,,,,,,,,,,,,,False,False,False
2600,1773732766.884408,1773732766884410338,,,,,,,,,,,,,False,False,False
2601,1773732766.9342387,1773732766934240659,,,,,,,,,,,,,False,False,False
2602,1773732766.9842765,1773732766984278928,,,,,,,,,,,,,False,False,False
2603,1773732767.034245,1773732767034246828,,,,,,,,,,,,,False,False,False
2604,1773732767.0843017,1773732767084303857,,,,,,,,,,,,,False,False,False
2605,1773732767.1342387,1773732767134240578,,,,,,,,,,,,,False,False,False
2606,1773732767.184326,1773732767184327867,,,,,,,,,,,,,False,False,False
2607,1773732767.2342439,1773732767234245797,,,,,,,,,,,,,False,False,False
2608,1773732767.2842474,1773732767284249397,,,,,,,,,,,,,False,False,False
2609,1773732767.3342555,1773732767334257227,,,,,,,,,,,,,False,False,False
2610,1773732767.3842485,1773732767384250587,,,,,,,,,,,,,False,False,False
2611,1773732767.4343836,1773732767434385276,,,,,,,,,,,,,False,False,False
2612,1773732767.4842906,1773732767484292546,,,,,,,,,,,,,False,False,False
2613,1773732767.5342977,1773732767534299686,,,,,,,,,,,,,False,False,False
2614,1773732767.5842535,1773732767584256016,,,,,,,,,,,,,False,False,False
2615,1773732767.6342478,1773732767634249506,,,,,,,,,,,,,False,False,False
2616,1773732767.68433,1773732767684333575,,,,,,,,,,,,,False,False,False
2617,1773732767.7343788,1773732767734382455,,,,,,,,,,,,,False,False,False
2618,1773732767.7845252,1773732767784529674,,,,,,,,,,,,,False,False,False
2619,1773732767.8344986,1773732767834502444,,,,,,,,,,,,,False,False,False
2620,1773732767.8845043,1773732767884507763,,,,,,,,,,,,,False,False,False
2621,1773732767.9344556,1773732767934459823,,,,,,,,,,,,,False,False,False
2622,1773732767.9844844,1773732767984491163,,,,,,,,,,,,,False,False,False
2623,1773732768.03444,1773732768034443343,,,,,,,,,,,,,False,False,False
2624,1773732768.0844796,1773732768084482433,,,,,,,,,,,,,False,False,False
2625,1773732768.134366,1773732768134369893,,,,,,,,,,,,,False,False,False
2626,1773732768.184332,1773732768184334333,,,,,,,,,,,,,False,False,False
2627,1773732768.2342784,1773732768234280683,,,,,,,,,,,,,False,False,False
2628,1773732768.2842596,1773732768284261703,,,,,,,,,,,,,False,False,False
2629,1773732768.334443,1773732768334444862,,,,,,,,,,,,,False,False,False
2630,1773732768.3842254,1773732768384227123,,,,,,,,,,,,,False,False,False
2631,1773732768.4342377,1773732768434239612,,,,,,,,,,,,,False,False,False
2632,1773732768.4842944,1773732768484298752,,,,,,,,,,,,,False,False,False
2633,1773732768.5343351,1773732768534337232,,,,,,,,,,,,,False,False,False
2634,1773732768.5842552,1773732768584257032,,,,,,,,,,,,,False,False,False
2635,1773732768.634248,1773732768634249782,,,,,,,,,,,,,False,False,False
2636,1773732768.684288,1773732768684290171,,,,,,,,,,,,,False,False,False
2637,1773732768.7342615,1773732768734263371,,,,,,,,,,,,,False,False,False
2638,1773732768.7842321,1773732768784233991,,,,,,,,,,,,,False,False,False
2639,1773732768.834263,1773732768834265121,,,,,,,,,,,,,False,False,False
2640,1773732768.8842556,1773732768884257861,,,,,,,,,,,,,False,False,False
2641,1773732768.934318,1773732768934320240,,,,,,,,,,,,,False,False,False
2642,1773732768.9842384,1773732768984240100,,,,,,,,,,,,,False,False,False
2643,1773732769.0342405,1773732769034242570,,,,,,,,,,,,,False,False,False
2644,1773732769.0843012,1773732769084305860,,,,,,,,,,,,,False,False,False
2645,1773732769.134234,1773732769134235770,,,,,,,,,,,,,False,False,False
2646,1773732769.1842306,1773732769184232500,,,,,,,,,,,,,False,False,False
2647,1773732769.2342327,1773732769234234400,,,,,,,,,,,,,False,False,False
2648,1773732769.2842314,1773732769284233519,,,,,,,,,,,,,False,False,False
2649,1773732769.33431,1773732769334311539,,,,,,,,,,,,,False,False,False
2650,1773732769.3842866,1773732769384288798,,,,,,,,,,,,,False,False,False
2651,1773732769.4342551,1773732769434256688,,,,,,,,,,,,,False,False,False
2652,1773732769.4842489,1773732769484251198,,,,,,,,,,,,,False,False,False
2653,1773732769.5342398,1773732769534241328,,,,,,,,,,,,,False,False,False
2654,1773732769.5842404,1773732769584242298,,,,,,,,,,,,,False,False,False
2655,1773732769.6342921,1773732769634296788,,,,,,,,,,,,,False,False,False
2656,1773732769.6842906,1773732769684292898,,,,,,,,,,,,,False,False,False
2657,1773732769.7345278,1773732769734529936,,,,,,,,,,,,,False,False,False
2658,1773732769.7842338,1773732769784235848,,,,,,,,,,,,,False,False,False
2659,1773732769.83425,1773732769834251867,,,,,,,,,,,,,False,False,False
2660,1773732769.8842428,1773732769884245237,,,,,,,,,,,,,False,False,False
2661,1773732769.9349973,1773732769934999213,,,,,,,,,,,,,False,False,False
2662,1773732769.9844635,1773732769984465225,,,,,,,,,,,,,False,False,False
2663,1773732770.0342433,1773732770034245466,,,,,,,,,,,,,False,False,False
2664,1773732770.084252,1773732770084254346,,,,,,,,,,,,,False,False,False
2665,1773732770.1344275,1773732770134429735,,,,,,,,,,,,,False,False,False
2666,1773732770.1842425,1773732770184244366,,,,,,,,,,,,,False,False,False
2667,1773732770.234232,1773732770234233856,,,,,,,,,,,,,False,False,False
2668,1773732770.284256,1773732770284257926,,,,,,,,,,,,,False,False,False
2669,1773732770.3342428,1773732770334245015,,,,,,,,,,,,,False,False,False
2670,1773732770.3843946,1773732770384396894,,,,,,,,,,,,,False,False,False
2671,1773732770.4342315,1773732770434233055,,,,,,,,,,,,,False,False,False
2672,1773732770.4842005,1773732770484202035,,,,,,,,,,,,,False,False,False
2673,1773732770.534285,1773732770534287254,,,,,,,,,,,,,False,False,False
2674,1773732770.5842943,1773732770584296214,,,,,,,,,,,,,False,False,False
2675,1773732770.634248,1773732770634250024,,,,,,,,,,,,,False,False,False
2676,1773732770.684249,1773732770684250654,,,,,,,,,,,,,False,False,False
2677,1773732770.7343123,1773732770734315273,,,,,,,,,,,,,False,False,False
2678,1773732770.784287,1773732770784289213,,,,,,,,,,,,,False,False,False
2679,1773732770.834288,1773732770834290233,,,,,,,,,,,,,False,False,False
2680,1773732770.8843,1773732770884303593,,,,,,,,,,,,,False,False,False
2681,1773732770.934293,1773732770934295053,,,,,,,,,,,,,False,False,False
2682,1773732770.9843416,1773732770984344252,,,,,,,,,,,,,False,False,False
2683,1773732771.0343018,1773732771034303912,,,,,,,,,,,,,False,False,False
2684,1773732771.0842457,1773732771084247402,,,,,,,,,,,,,False,False,False
2685,1773732771.1342492,1773732771134251102,,,,,,,,,,,,,False,False,False
2686,1773732771.1842418,1773732771184243302,,,,,,,,,,,,,False,False,False
2687,1773732771.234283,1773732771234286032,,,,,,,,,,,,,False,False,False
2688,1773732771.2844667,1773732771284468781,,,,,,,,,,,,,False,False,False
2689,1773732771.3342297,1773732771334231452,,,,,,,,,,,,,False,False,False
2690,1773732771.3842533,1773732771384256131,,,,,,,,,,,,,False,False,False
2691,1773732771.434321,1773732771434322681,,,,,,,,,,,,,False,False,False
2692,1773732771.484246,1773732771484247891,,,,,,,,,,,,,False,False,False
2693,1773732771.5342374,1773732771534239421,,,,,,,,,,,,,False,False,False
2694,1773732771.5842547,1773732771584257050,,,,,,,,,,,,,False,False,False
2695,1773732771.6343114,1773732771634315720,,,,,,,,,,,,,False,False,False
2696,1773732771.6842568,1773732771684258580,,,,,,,,,,,,,False,False,False
2697,1773732771.7342284,1773732771734230660,,,,,,,,,,,,,False,False,False
2698,1773732771.7842357,1773732771784237730,,,,,,,,,,,,,False,False,False
2699,1773732771.8342345,1773732771834236530,,,,,,,,,,,,,False,False,False
2700,1773732771.884302,1773732771884304249,,,,,,,,,,,,,False,False,False
2701,1773732771.9342895,1773732771934292739,,,,,,,,,,,,,False,False,False
2702,1773732771.9842467,1773732771984248519,,,,,,,,,,,,,False,False,False
2703,1773732772.034243,1773732772034244929,,,,,,,,,,,,,False,False,False
2704,1773732772.0842445,1773732772084246479,,,,,,,,,,,,,False,False,False
2705,1773732772.1342263,1773732772134228048,,,,,,,,,,,,,False,False,False
2706,1773732772.1851854,1773732772185187264,,,,,,,,,,,,,False,False,False
2707,1773732772.2343142,1773732772234316068,,,,,,,,,,,,,False,False,False
2708,1773732772.2842598,1773732772284263528,,,,,,,,,,,,,False,False,False
2709,1773732772.3342667,1773732772334276988,,,,,,,,,,,,,False,False,False
2710,1773732772.3844106,1773732772384412567,,,,,,,,,,,,,False,False,False
2711,1773732772.4342384,1773732772434240368,,,,,,,,,,,,,False,False,False
2712,1773732772.484246,1773732772484248097,,,,,,,,,,,,,False,False,False
2713,1773732772.5342581,1773732772534260677,,,,,,,,,,,,,False,False,False
2714,1773732772.584242,1773732772584243947,,,,,,,,,,,,,False,False,False
2715,1773732772.6344283,1773732772634431476,,,,,,,,,,,,,False,False,False
2716,1773732772.6842508,1773732772684252786,,,,,,,,,,,,,False,False,False
2717,1773732772.7342458,1773732772734247956,,,,,,,,,,,,,False,False,False
2718,1773732772.78431,1773732772784311736,,,,,,,,,,,,,False,False,False
2719,1773732772.8342485,1773732772834250536,,,,,,,,,,,,,False,False,False
2720,1773732772.8844128,1773732772884414925,,,,,,,,,,,,,False,False,False
2721,1773732772.9343967,1773732772934398665,,,,,,,,,,,,,False,False,False
2722,1773732772.9842381,1773732772984240225,,,,,,,,,,,,,False,False,False
2723,1773732773.0344114,1773732773034413914,,,,,,,,,,,,,False,False,False
2724,1773732773.0842555,1773732773084258675,,,,,,,,,,,,,False,False,False
2725,1773732773.134246,1773732773134248155,,,,,,,,,,,,,False,False,False
2726,1773732773.1842885,1773732773184292804,,,,,,,,,,,,,False,False,False
2727,1773732773.2342665,1773732773234275274,,,,,,,,,,,,,False,False,False
2728,1773732773.2842395,1773732773284241824,,,,,,,,,,,,,False,False,False
2729,1773732773.3343735,1773732773334375233,,,,,,,,,,,,,False,False,False
2730,1773732773.3842378,1773732773384239704,,,,,,,,,,,,,False,False,False
2731,1773732773.4342434,1773732773434246594,,,,,,,,,,,,,False,False,False
2732,1773732773.484238,1773732773484239774,,,,,,,,,,,,,False,False,False
2733,1773732773.53424,1773732773534241833,,,,,,,,,,,,,False,False,False
2734,1773732773.5842874,1773732773584289673,,,,,,,,,,,,,False,False,False
2735,1773732773.6342652,1773732773634284993,,,,,,,,,,,,,False,False,False
2736,1773732773.6842132,1773732773684215253,,,,,,,,,,,,,False,False,False
2737,1773732773.7342849,1773732773734287092,,,,,,,,,,,,,False,False,False
2738,1773732773.784283,1773732773784285022,,,,,,,,,,,,,False,False,False
2739,1773732773.8345897,1773732773834592131,,,,,,,,,,,,,False,False,False
2740,1773732773.8842857,1773732773884288032,,,,,,,,,,,,,False,False,False
2741,1773732773.9342444,1773732773934246442,,,,,,,,,,,,,False,False,False
2742,1773732773.9842343,1773732773984236252,,,,,,,,,,,,,False,False,False
2743,1773732774.034254,1773732774034255821,,,,,,,,,,,,,False,False,False
2744,1773732774.0842447,1773732774084246741,,,,,,,,,,,,,False,False,False
2745,1773732774.1342466,1773732774134248471,,,,,,,,,,,,,False,False,False
2746,1773732774.184348,1773732774184350721,,,,,,,,,,,,,False,False,False
2747,1773732774.234258,1773732774234259651,,,,,,,,,,,,,False,False,False
2748,1773732774.2842486,1773732774284250611,,,,,,,,,,,,,False,False,False
2749,1773732774.3343112,1773732774334315150,,,,,,,,,,,,,False,False,False
2750,1773732774.3842397,1773732774384241310,,,,,,,,,,,,,False,False,False
2751,1773732774.4342499,1773732774434251750,,,,,,,,,,,,,False,False,False
2752,1773732774.484246,1773732774484247820,,,,,,,,,,,,,False,False,False
2753,1773732774.5342457,1773732774534247550,,,,,,,,,,,,,False,False,False
2754,1773732774.5842335,1773732774584235679,,,,,,,,,,,,,False,False,False
2755,1773732774.634234,1773732774634235689,,,,,,,,,,,,,False,False,False
2756,1773732774.6842444,1773732774684246129,,,,,,,,,,,,,False,False,False
2757,1773732774.7342594,1773732774734262529,,,,,,,,,,,,,False,False,False
2758,1773732774.7842422,1773732774784244429,,,,,,,,,,,,,False,False,False
2759,1773732774.8342361,1773732774834238209,,,,,,,,,,,,,False,False,False
2760,1773732774.8842235,1773732774884225409,,,,,,,,,,,,,False,False,False
2761,1773732774.9342194,1773732774934221558,,,,,,,,,,,,,False,False,False
2762,1773732774.9843085,1773732774984310377,,,,,,,,,,,,,False,False,False
2763,1773732775.034414,1773732775034415807,,,,,,,,,,,,,False,False,False
2764,1773732775.084301,1773732775084304637,,,,,,,,,,,,,False,False,False
2765,1773732775.1343012,1773732775134305377,,,,,,,,,,,,,False,False,False
2766,1773732775.184253,1773732775184255487,,,,,,,,,,,,,False,False,False
2767,1773732775.2342753,1773732775234277857,,,,,,,,,,,,,False,False,False
2768,1773732775.2843223,1773732775284325407,,,,,,,,,,,,,False,False,False
2769,1773732775.3343916,1773732775334393306,,,,,,,,,,,,,False,False,False
2770,1773732775.3842635,1773732775384265766,,,,,,,,,,,,,False,False,False
2771,1773732775.4342895,1773732775434291556,,,,,,,,,,,,,False,False,False
2772,1773732775.484301,1773732775484303266,,,,,,,,,,,,,False,False,False
2773,1773732775.5342348,1773732775534236836,,,,,,,,,,,,,False,False,False
2774,1773732775.584398,1773732775584399575,,,,,,,,,,,,,False,False,False
2775,1773732775.6342533,1773732775634256675,,,,,,,,,,,,,False,False,False
2776,1773732775.6842897,1773732775684291705,,,,,,,,,,,,,False,False,False
2777,1773732775.7342474,1773732775734250545,,,,,,,,,,,,,False,False,False
2778,1773732775.7843354,1773732775784337635,,,,,,,,,,,,,False,False,False
2779,1773732775.8342788,1773732775834282345,,,,,,,,,,,,,False,False,False
2780,1773732775.8842938,1773732775884298724,,,,,,,,,,,,,False,False,False
2781,1773732775.9342203,1773732775934222295,,,,,,,,,,,,,False,False,False
2782,1773732775.9843628,1773732775984366134,,,,,,,,,,,,,False,False,False
2783,1773732776.0342457,1773732776034247274,,,,,,,,,,,,,False,False,False
2784,1773732776.0843112,1773732776084313424,,,,,,,,,,,,,False,False,False
2785,1773732776.1343052,1773732776134307284,,,,,,,,,,,,,False,False,False
2786,1773732776.1842158,1773732776184217644,,,,,,,,,,,,,False,False,False
2787,1773732776.234263,1773732776234264524,,,,,,,,,,,,,False,False,False
2788,1773732776.2843177,1773732776284319513,,,,,,,,,,,,,False,False,False
2789,1773732776.334267,1773732776334276193,,,,,,,,,,,,,False,False,False
2790,1773732776.384242,1773732776384243853,,,,,,,,,,,,,False,False,False
2791,1773732776.434296,1773732776434297432,,,,,,,,,,,,,False,False,False
2792,1773732776.4842227,1773732776484224823,,,,,,,,,,,,,False,False,False
2793,1773732776.5342362,1773732776534237982,,,,,,,,,,,,,False,False,False
2794,1773732776.5843108,1773732776584314042,,,,,,,,,,,,,False,False,False
2795,1773732776.6343226,1773732776634325042,,,,,,,,,,,,,False,False,False
2796,1773732776.6842508,1773732776684253102,,,,,,,,,,,,,False,False,False
2797,1773732776.7342331,1773732776734235032,,,,,,,,,,,,,False,False,False
2798,1773732776.7842457,1773732776784247992,,,,,,,,,,,,,False,False,False
2799,1773732776.8342206,1773732776834222652,,,,,,,,,,,,,False,False,False
2800,1773732776.884257,1773732776884258821,,,,,,,,,,,,,False,False,False
2801,1773732776.9343197,1773732776934321711,,,,,,,,,,,,,False,False,False
2802,1773732776.9842415,1773732776984243591,,,,,,,,,,,,,False,False,False
2803,1773732777.0342352,1773732777034237180,,,,,,,,,,,,,False,False,False
2804,1773732777.084255,1773732777084256770,,,,,,,,,,,,,False,False,False
2805,1773732777.1342504,1773732777134252800,,,,,,,,,,,,,False,False,False
2806,1773732777.1842494,1773732777184251020,,,,,,,,,,,,,False,False,False
2807,1773732777.2342746,1773732777234277290,,,,,,,,,,,,,False,False,False
2808,1773732777.2842507,1773732777284252480,,,,,,,,,,,,,False,False,False
2809,1773732777.3343043,1773732777334305989,,,,,,,,,,,,,False,False,False
2810,1773732777.3842518,1773732777384253799,,,,,,,,,,,,,False,False,False
2811,1773732777.4342902,1773732777434292839,,,,,,,,,,,,,False,False,False
2812,1773732777.4842453,1773732777484247099,,,,,,,,,,,,,False,False,False
2813,1773732777.534272,1773732777534273909,,,,,,,,,,,,,False,False,False
2814,1773732777.584332,1773732777584333958,,,,,,,,,,,,,False,False,False
2815,1773732777.6342587,1773732777634260869,,,,,,,,,,,,,False,False,False
2816,1773732777.6842337,1773732777684235489,,,,,,,,,,,,,False,False,False
2817,1773732777.7342367,1773732777734238348,,,,,,,,,,,,,False,False,False
2818,1773732777.7842395,1773732777784241638,,,,,,,,,,,,,False,False,False
2819,1773732777.8342028,1773732777834205058,,,,,,,,,,,,,False,False,False
2820,1773732777.8842554,1773732777884257327,,,,,,,,,,,,,False,False,False
2821,1773732777.9342833,1773732777934285507,,,,,,,,,,,,,False,False,False
2822,1773732777.9842327,1773732777984234027,,,,,,,,,,,,,False,False,False
2823,1773732778.0343273,1773732778034331547,,,,,,,,,,,,,False,False,False
2824,1773732778.0843349,1773732778084336976,,,,,,,,,,,,,False,False,False
2825,1773732778.1343038,1773732778134306266,,,,,,,,,,,,,False,False,False
2826,1773732778.1842632,1773732778184265226,,,,,,,,,,,,,False,False,False
2827,1773732778.2342458,1773732778234247436,,,,,,,,,,,,,False,False,False
2828,1773732778.2842495,1773732778284251816,,,,,,,,,,,,,False,False,False
2829,1773732778.3343356,1773732778334337666,,,,,,,,,,,,,False,False,False
2830,1773732778.38424,1773732778384241796,,,,,,,,,,,,,False,False,False
2831,1773732778.4342892,1773732778434291106,,,,,,,,,,,,,False,False,False
2832,1773732778.4842634,1773732778484265586,,,,,,,,,,,,,False,False,False
2833,1773732778.534236,1773732778534237725,,,,,,,,,,,,,False,False,False
2834,1773732778.5842445,1773732778584247095,,,,,,,,,,,,,False,False,False
2835,1773732778.6342742,1773732778634276665,,,,,,,,,,,,,False,False,False
2836,1773732778.6842782,1773732778684280774,,,,,,,,,,,,,False,False,False
2837,1773732778.7343059,1773732778734307714,,,,,,,,,,,,,False,False,False
2838,1773732778.7842758,1773732778784279334,,,,,,,,,,,,,False,False,False
2839,1773732778.8343182,1773732778834321334,,,,,,,,,,,,,False,False,False
2840,1773732778.8844347,1773732778884437473,,,,,,,,,,,,,False,False,False
2841,1773732778.9342632,1773732778934265614,,,,,,,,,,,,,False,False,False
2842,1773732778.9844759,1773732778984478083,,,,,,,,,,,,,False,False,False
2843,1773732779.0342565,1773732779034258214,,,,,,,,,,,,,False,False,False
2844,1773732779.084248,1773732779084250163,,,,,,,,,,,,,False,False,False
2845,1773732779.1343338,1773732779134339163,,,,,,,,,,,,,False,False,False
2846,1773732779.1842372,1773732779184239283,,,,,,,,,,,,,False,False,False
2847,1773732779.2342968,1773732779234299023,,,,,,,,,,,,,False,False,False
2848,1773732779.284241,1773732779284242803,,,,,,,,,,,,,False,False,False
2849,1773732779.3342507,1773732779334253742,,,,,,,,,,,,,False,False,False
2850,1773732779.3842967,1773732779384298702,,,,,,,,,,,,,False,False,False
2851,1773732779.4343963,1773732779434399021,,,,,,,,,,,,,False,False,False
2852,1773732779.4842854,1773732779484288092,,,,,,,,,,,,,False,False,False
2853,1773732779.5342815,1773732779534283622,,,,,,,,,,,,,False,False,False
2854,1773732779.5842412,1773732779584243352,,,,,,,,,,,,,False,False,False
2855,1773732779.6342375,1773732779634239171,,,,,,,,,,,,,False,False,False
2856,1773732779.6847184,1773732779684720219,,,,,,,,,,,,,False,False,False
2857,1773732779.7342367,1773732779734238721,,,,,,,,,,,,,False,False,False
2858,1773732779.7842376,1773732779784239581,,,,,,,,,,,,,False,False,False
2859,1773732779.834244,1773732779834245921,,,,,,,,,,,,,False,False,False
2860,1773732779.8843231,1773732779884325180,,,,,,,,,,,,,False,False,False
2861,1773732779.9342513,1773732779934253890,,,,,,,,,,,,,False,False,False
2862,1773732779.9842663,1773732779984272830,,,,,,,,,,,,,False,False,False
2863,1773732780.034267,1773732780034278400,,,,,,,,,,,,,False,False,False
2864,1773732780.0842443,1773732780084246320,,,,,,,,,,,,,False,False,False
2865,1773732780.1343188,1773732780134322000,,,,,,,,,,,,,False,False,False
2866,1773732780.1842637,1773732780184266549,,,,,,,,,,,,,False,False,False
2867,1773732780.2343142,1773732780234316569,,,,,,,,,,,,,False,False,False
2868,1773732780.2842438,1773732780284245669,,,,,,,,,,,,,False,False,False
2869,1773732780.3342044,1773732780334206179,,,,,,,,,,,,,False,False,False
2870,1773732780.384234,1773732780384235349,,,,,,,,,,,,,False,False,False
2871,1773732780.434304,1773732780434307688,,,,,,,,,,,,,False,False,False
2872,1773732780.4842849,1773732780484286678,,,,,,,,,,,,,False,False,False
2873,1773732780.5343127,1773732780534314608,,,,,,,,,,,,,False,False,False
2874,1773732780.5842147,1773732780584216498,,,,,,,,,,,,,False,False,False
2875,1773732780.6342814,1773732780634283898,,,,,,,,,,,,,False,False,False
2876,1773732780.6843321,1773732780684334107,,,,,,,,,,,,,False,False,False
2877,1773732780.7342556,1773732780734258218,,,,,,,,,,,,,False,False,False
2878,1773732780.7843063,1773732780784311417,,,,,,,,,,,,,False,False,False
2879,1773732780.8343115,1773732780834314847,,,,,,,,,,,,,False,False,False
2880,1773732780.8842516,1773732780884254787,,,,,,,,,,,,,False,False,False
2881,1773732780.9343736,1773732780934381067,,,,,,,,,,,,,False,False,False
2882,1773732780.9843128,1773732780984315177,,,,,,,,,,,,,False,False,False
2883,1773732781.034417,1773732781034419826,,,,,,,,,,,,,False,False,False
2884,1773732781.0843134,1773732781084316436,,,,,,,,,,,,,False,False,False
2885,1773732781.1342888,1773732781134292386,,,,,,,,,,,,,False,False,False
2886,1773732781.1843064,1773732781184310146,,,,,,,,,,,,,False,False,False
2887,1773732781.2343173,1773732781234320205,,,,,,,,,,,,,False,False,False
2888,1773732781.2843437,1773732781284347355,,,,,,,,,,,,,False,False,False
2889,1773732781.3343287,1773732781334331785,,,,,,,,,,,,,False,False,False
2890,1773732781.3842893,1773732781384292405,,,,,,,,,,,,,False,False,False
2891,1773732781.4344385,1773732781434443554,,,,,,,,,,,,,False,False,False
2892,1773732781.4844968,1773732781484501694,,,,,,,,,,,,,False,False,False
2893,1773732781.5346234,1773732781534628773,,,,,,,,,,,,,False,False,False
2894,1773732781.5845904,1773732781584594133,,,,,,,,,,,,,False,False,False
2895,1773732781.63434,1773732781634343164,,,,,,,,,,,,,False,False,False
2896,1773732781.6842165,1773732781684218775,,,,,,,,,,,,,False,False,False
2897,1773732781.7342448,1773732781734246934,,,,,,,,,,,,,False,False,False
2898,1773732781.7842767,1773732781784278854,,,,,,,,,,,,,False,False,False
2899,1773732781.834296,1773732781834300574,,,,,,,,,,,,,False,False,False
2900,1773732781.8842356,1773732781884237474,,,,,,,,,,,,,False,False,False
2901,1773732781.9342542,1773732781934256254,,,,,,,,,,,,,False,False,False
2902,1773732781.9843204,1773732781984322353,,,,,,,,,,,,,False,False,False
2903,1773732782.0342817,1773732782034283763,,,,,,,,,,,,,False,False,False
2904,1773732782.0842435,1773732782084245393,,,,,,,,,,,,,False,False,False
2905,1773732782.134227,1773732782134228783,,,,,,,,,,,,,False,False,False
2906,1773732782.1842396,1773732782184241293,,,,,,,,,,,,,False,False,False
2907,1773732782.2342894,1773732782234291212,,,,,,,,,,,,,False,False,False
2908,1773732782.2842596,1773732782284261342,,,,,,,,,,,,,False,False,False
2909,1773732782.3343263,1773732782334328982,,,,,,,,,,,,,False,False,False
2910,1773732782.3843234,1773732782384325662,,,,,,,,,,,,,False,False,False
2911,1773732782.4342444,1773732782434247412,,,,,,,,,,,,,False,False,False
2912,1773732782.4842882,1773732782484292551,,,,,,,,,,,,,False,False,False
2913,1773732782.5342474,1773732782534249382,,,,,,,,,,,,,False,False,False
2914,1773732782.5842392,1773732782584241151,,,,,,,,,,,,,False,False,False
2915,1773732782.6342537,1773732782634256001,,,,,,,,,,,,,False,False,False
2916,1773732782.6842368,1773732782684238841,,,,,,,,,,,,,False,False,False
2917,1773732782.7342856,1773732782734287771,,,,,,,,,,,,,False,False,False
2918,1773732782.7842584,1773732782784260631,,,,,,,,,,,,,False,False,False
2919,1773732782.8342392,1773732782834241081,,,,,,,,,,,,,False,False,False
2920,1773732782.8843133,1773732782884315450,,,,,,,,,,,,,False,False,False
2921,1773732782.9342535,1773732782934255860,,,,,,,,,,,,,False,False,False
2922,1773732782.984248,1773732782984249780,,,,,,,,,,,,,False,False,False
2923,1773732783.034795,1773732783034796817,,,,,,,,,,,,,False,False,False
2924,1773732783.0842173,1773732783084219180,,,,,,,,,,,,,False,False,False
2925,1773732783.134285,1773732783134288199,,,,,,,,,,,,,False,False,False
2926,1773732783.1842616,1773732783184263679,,,,,,,,,,,,,False,False,False
2927,1773732783.2342534,1773732783234255299,,,,,,,,,,,,,False,False,False
2928,1773732783.2842875,1773732783284289109,,,,,,,,,,,,,False,False,False
2929,1773732783.334325,1773732783334326908,,,,,,,,,,,,,False,False,False
2930,1773732783.3842852,1773732783384287308,,,,,,,,,,,,,False,False,False
2931,1773732783.4342523,1773732783434254228,,,,,,,,,,,,,False,False,False
2932,1773732783.4843023,1773732783484306348,,,,,,,,,,,,,False,False,False
2933,1773732783.5342205,1773732783534222218,,,,,,,,,,,,,False,False,False
2934,1773732783.5842433,1773732783584244878,,,,,,,,,,,,,False,False,False
2935,1773732783.634256,1773732783634257688,,,,,,,,,,,,,False,False,False
2936,1773732783.6842837,1773732783684285668,,,,,,,,,,,,,False,False,False
2937,1773732783.7342453,1773732783734247028,,,,,,,,,,,,,False,False,False
2938,1773732783.784283,1773732783784286517,,,,,,,,,,,,,False,False,False
2939,1773732783.8343413,1773732783834344657,,,,,,,,,,,,,False,False,False
2940,1773732783.8842316,1773732783884233317,,,,,,,,,,,,,False,False,False
2941,1773732783.9342623,1773732783934265947,,,,,,,,,,,,,False,False,False
2942,1773732783.9842572,1773732783984261497,,,,,,,,,,,,,False,False,False
2943,1773732784.0342758,1773732784034277887,,,,,,,,,,,,,False,False,False
2944,1773732784.084277,1773732784084279136,,,,,,,,,,,,,False,False,False
2945,1773732784.1342742,1773732784134276766,,,,,,,,,,,,,False,False,False
2946,1773732784.1842597,1773732784184261366,,,,,,,,,,,,,False,False,False
2947,1773732784.2342346,1773732784234236666,,,,,,,,,,,,,False,False,False
2948,1773732784.2842844,1773732784284288485,,,,,,,,,,,,,False,False,False
2949,1773732784.3342526,1773732784334254565,,,,,,,,,,,,,False,False,False
2950,1773732784.3842459,1773732784384247575,,,,,,,,,,,,,False,False,False
2951,1773732784.4342523,1773732784434254065,,,,,,,,,,,,,False,False,False
2952,1773732784.484252,1773732784484253815,,,,,,,,,,,,,False,False,False
2953,1773732784.5342374,1773732784534239345,,,,,,,,,,,,,False,False,False
2954,1773732784.5842612,1773732784584262975,,,,,,,,,,,,,False,False,False
2955,1773732784.6342385,1773732784634240275,,,,,,,,,,,,,False,False,False
2956,1773732784.684286,1773732784684290264,,,,,,,,,,,,,False,False,False
2957,1773732784.734313,1773732784734314754,,,,,,,,,,,,,False,False,False
2958,1773732784.7842362,1773732784784238174,,,,,,,,,,,,,False,False,False
2959,1773732784.8342254,1773732784834227184,,,,,,,,,,,,,False,False,False
2960,1773732784.8842409,1773732784884242944,,,,,,,,,,,,,False,False,False
2961,1773732784.9343877,1773732784934389833,,,,,,,,,,,,,False,False,False
2962,1773732784.9842288,1773732784984230904,,,,,,,,,,,,,False,False,False
2963,1773732785.0342357,1773732785034237643,,,,,,,,,,,,,False,False,False
2964,1773732785.0842934,1773732785084295273,,,,,,,,,,,,,False,False,False
2965,1773732785.1343193,1773732785134321433,,,,,,,,,,,,,False,False,False
2966,1773732785.1842358,1773732785184237623,,,,,,,,,,,,,False,False,False
2967,1773732785.2342553,1773732785234257343,,,,,,,,,,,,,False,False,False
2968,1773732785.2843297,1773732785284331862,,,,,,,,,,,,,False,False,False
2969,1773732785.334233,1773732785334235202,,,,,,,,,,,,,False,False,False
2970,1773732785.384278,1773732785384280762,,,,,,,,,,,,,False,False,False
2971,1773732785.434243,1773732785434245072,,,,,,,,,,,,,False,False,False
2972,1773732785.4842532,1773732785484255202,,,,,,,,,,,,,False,False,False
2973,1773732785.5342348,1773732785534236781,,,,,,,,,,,,,False,False,False
2974,1773732785.5842502,1773732785584252221,,,,,,,,,,,,,False,False,False
2975,1773732785.6342757,1773732785634278531,,,,,,,,,,,,,False,False,False
2976,1773732785.6842468,1773732785684248761,,,,,,,,,,,,,False,False,False
2977,1773732785.7342436,1773732785734245751,,,,,,,,,,,,,False,False,False
2978,1773732785.7842305,1773732785784232991,,,,,,,,,,,,,False,False,False
2979,1773732785.8342526,1773732785834256770,,,,,,,,,,,,,False,False,False
2980,1773732785.8842785,1773732785884280900,,,,,,,,,,,,,False,False,False
2981,1773732785.9342492,1773732785934251000,,,,,,,,,,,,,False,False,False
2982,1773732785.9842517,1773732785984253410,,,,,,,,,,,,,False,False,False
2983,1773732786.0342638,1773732786034265880,,,,,,,,,,,,,False,False,False
2984,1773732786.0842586,1773732786084261940,,,,,,,,,,,,,False,False,False
2985,1773732786.1342502,1773732786134252230,,,,,,,,,,,,,False,False,False
2986,1773732786.1842482,1773732786184250349,,,,,,,,,,,,,False,False,False
2987,1773732786.234292,1773732786234296419,,,,,,,,,,,,,False,False,False
2988,1773732786.2842515,1773732786284253329,,,,,,,,,,,,,False,False,False
2989,1773732786.3342524,1773732786334255799,,,,,,,,,,,,,False,False,False
2990,1773732786.3843875,1773732786384389498,,,,,,,,,,,,,False,False,False
2991,1773732786.4342527,1773732786434254499,,,,,,,,,,,,,False,False,False
2992,1773732786.4843185,1773732786484320058,,,,,,,,,,,,,False,False,False
2993,1773732786.5343525,1773732786534355888,,,,,,,,,,,,,False,False,False
2994,1773732786.5844946,1773732786584496437,,,,,,,,,,,,,False,False,False
2995,1773732786.6342573,1773732786634259138,,,,,,,,,,,,,False,False,False
2996,1773732786.6842399,1773732786684241488,,,,,,,,,,,,,False,False,False
2997,1773732786.7343388,1773732786734341987,,,,,,,,,,,,,False,False,False
2998,1773732786.7843337,1773732786784337827,,,,,,,,,,,,,False,False,False
2999,1773732786.8343585,1773732786834362497,,,,,,,,,,,,,False,False,False
3000,1773732786.884326,1773732786884327827,,,,,,,,,,,,,False,False,False
3001,1773732786.9343493,1773732786934352316,,,,,,,,,,,,,False,False,False
3002,1773732786.9842944,1773732786984297706,,,,,,,,,,,,,False,False,False
3003,1773732787.0342371,1773732787034238927,,,,,,,,,,,,,False,False,False
3004,1773732787.0843801,1773732787084382066,,,,,,,,,,,,,False,False,False
3005,1773732787.134246,1773732787134248376,,,,,,,,,,,,,False,False,False
3006,1773732787.1842651,1773732787184272076,,,,,,,,,,,,,False,False,False
3007,1773732787.2342327,1773732787234234256,,,,,,,,,,,,,False,False,False
3008,1773732787.2842448,1773732787284246846,,,,,,,,,,,,,False,False,False
3009,1773732787.3342226,1773732787334224496,,,,,,,,,,,,,False,False,False
3010,1773732787.3842394,1773732787384241166,,,,,,,,,,,,,False,False,False
3011,1773732787.4342916,1773732787434293755,,,,,,,,,,,,,False,False,False
3012,1773732787.4842947,1773732787484298255,,,,,,,,,,,,,False,False,False
3013,1773732787.534251,1773732787534253135,,,,,,,,,,,,,False,False,False
3014,1773732787.5842876,1773732787584289895,,,,,,,,,,,,,False,False,False
3015,1773732787.6342542,1773732787634258475,,,,,,,,,,,,,False,False,False
3016,1773732787.6842494,1773732787684251235,,,,,,,,,,,,,False,False,False
3017,1773732787.7343209,1773732787734322854,,,,,,,,,,,,,False,False,False
3018,1773732787.7843087,1773732787784311534,,,,,,,,,,,,,False,False,False
3019,1773732787.8342524,1773732787834254084,,,,,,,,,,,,,False,False,False
3020,1773732787.884277,1773732787884279184,,,,,,,,,,,,,False,False,False
3021,1773732787.9342377,1773732787934239784,,,,,,,,,,,,,False,False,False
3022,1773732787.9843187,1773732787984320393,,,,,,,,,,,,,False,False,False
3023,1773732788.0342581,1773732788034260174,,,,,,,,,,,,,False,False,False
3024,1773732788.0843203,1773732788084322763,,,,,,,,,,,,,False,False,False
3025,1773732788.1342354,1773732788134237263,,,,,,,,,,,,,False,False,False
3026,1773732788.1842215,1773732788184223073,,,,,,,,,,,,,False,False,False
3027,1773732788.2343426,1773732788234345993,,,,,,,,,,,,,False,False,False
3028,1773732788.2842479,1773732788284251243,,,,,,,,,,,,,False,False,False
3029,1773732788.3343253,1773732788334327522,,,,,,,,,,,,,False,False,False
3030,1773732788.3842428,1773732788384244623,,,,,,,,,,,,,False,False,False
3031,1773732788.4342358,1773732788434237732,,,,,,,,,,,,,False,False,False
3032,1773732788.484247,1773732788484248892,,,,,,,,,,,,,False,False,False
3033,1773732788.5343053,1773732788534310012,,,,,,,,,,,,,False,False,False
3034,1773732788.5842907,1773732788584293931,,,,,,,,,,,,,False,False,False
3035,1773732788.6342366,1773732788634238631,,,,,,,,,,,,,False,False,False
3036,1773732788.6842666,1773732788684276341,,,,,,,,,,,,,False,False,False
3037,1773732788.7342484,1773732788734250481,,,,,,,,,,,,,False,False,False
3038,1773732788.7842562,1773732788784258011,,,,,,,,,,,,,False,False,False
3039,1773732788.8341928,1773732788834194691,,,,,,,,,,,,,False,False,False
3040,1773732788.8842332,1773732788884235171,,,,,,,,,,,,,False,False,False
3041,1773732788.9342403,1773732788934242041,,,,,,,,,,,,,False,False,False
3042,1773732788.984314,1773732788984315500,,,,,,,,,,,,,False,False,False
3043,1773732789.034249,1773732789034250850,,,,,,,,,,,,,False,False,False
3044,1773732789.084282,1773732789084284260,,,,,,,,,,,,,False,False,False
3045,1773732789.1342459,1773732789134247840,,,,,,,,,,,,,False,False,False
3046,1773732789.1842146,1773732789184216380,,,,,,,,,,,,,False,False,False
3047,1773732789.2342966,1773732789234298629,,,,,,,,,,,,,False,False,False
3048,1773732789.284236,1773732789284237910,,,,,,,,,,,,,False,False,False
3049,1773732789.334273,1773732789334276539,,,,,,,,,,,,,False,False,False
3050,1773732789.3842335,1773732789384234979,,,,,,,,,,,,,False,False,False
3051,1773732789.4342139,1773732789434215559,,,,,,,,,,,,,False,False,False
3052,1773732789.484231,1773732789484232629,,,,,,,,,,,,,False,False,False
3053,1773732789.534198,1773732789534199909,,,,,,,,,,,,,False,False,False
3054,1773732789.5842643,1773732789584275328,,,,,,,,,,,,,False,False,False
3055,1773732789.6342561,1773732789634257928,,,,,,,,,,,,,False,False,False
3056,1773732789.6842482,1773732789684250058,,,,,,,,,,,,,False,False,False
3057,1773732789.7342572,1773732789734260038,,,,,,,,,,,,,False,False,False
3058,1773732789.7842407,1773732789784242928,,,,,,,,,,,,,False,False,False
3059,1773732789.8343158,1773732789834317758,,,,,,,,,,,,,False,False,False
3060,1773732789.8843205,1773732789884322407,,,,,,,,,,,,,False,False,False
3061,1773732789.9343956,1773732789934397287,,,,,,,,,,,,,False,False,False
3062,1773732789.9842272,1773732789984228608,,,,,,,,,,,,,False,False,False
3063,1773732790.0342298,1773732790034232637,,,,,,,,,,,,,False,False,False
3064,1773732790.084353,1773732790084358087,,,,,,,,,,,,,False,False,False
3065,1773732790.134264,1773732790134274567,,,,,,,,,,,,,False,False,False
3066,1773732790.184243,1773732790184244977,,,,,,,,,,,,,False,False,False
3067,1773732790.2343283,1773732790234330256,,,,,,,,,,,,,False,False,False
3068,1773732790.2842731,1773732790284275606,,,,,,,,,,,,,False,False,False
3069,1773732790.3342438,1773732790334245536,,,,,,,,,,,,,False,False,False
3070,1773732790.384482,1773732790384483975,,,,,,,,,,,,,False,False,False
3071,1773732790.434283,1773732790434286956,,,,,,,,,,,,,False,False,False
3072,1773732790.4842117,1773732790484213596,,,,,,,,,,,,,False,False,False
3073,1773732790.5342484,1773732790534250426,,,,,,,,,,,,,False,False,False
3074,1773732790.5842552,1773732790584258396,,,,,,,,,,,,,False,False,False
3075,1773732790.6343493,1773732790634352395,,,,,,,,,,,,,False,False,False
3076,1773732790.684227,1773732790684228925,,,,,,,,,,,,,False,False,False
3077,1773732790.7343037,1773732790734306085,,,,,,,,,,,,,False,False,False
3078,1773732790.7843418,1773732790784344165,,,,,,,,,,,,,False,False,False
3079,1773732790.8342667,1773732790834278305,,,,,,,,,,,,,False,False,False
3080,1773732790.8843455,1773732790884348974,,,,,,,,,,,,,False,False,False
3081,1773732790.934284,1773732790934286884,,,,,,,,,,,,,False,False,False
3082,1773732790.9842448,1773732790984247924,,,,,,,,,,,,,False,False,False
3083,1773732791.0343175,1773732791034321524,,,,,,,,,,,,,False,False,False
3084,1773732791.0843391,1773732791084342253,,,,,,,,,,,,,False,False,False
3085,1773732791.134399,1773732791134401453,,,,,,,,,,,,,False,False,False
3086,1773732791.1842878,1773732791184290893,,,,,,,,,,,,,False,False,False
3087,1773732791.2342494,1773732791234251333,,,,,,,,,,,,,False,False,False
3088,1773732791.284302,1773732791284304113,,,,,,,,,,,,,False,False,False
3089,1773732791.3342805,1773732791334283273,,,,,,,,,,,,,False,False,False
3090,1773732791.3843558,1773732791384359142,,,,,,,,,,,,,False,False,False
3091,1773732791.4342985,1773732791434300893,,,,,,,,,,,,,False,False,False
3092,1773732791.484323,1773732791484326182,,,,,,,,,,,,,False,False,False
3093,1773732791.5342991,1773732791534301982,,,,,,,,,,,,,False,False,False
3094,1773732791.5843012,1773732791584305402,,,,,,,,,,,,,False,False,False
3095,1773732791.634324,1773732791634326032,,,,,,,,,,,,,False,False,False
3096,1773732791.684354,1773732791684357772,,,,,,,,,,,,,False,False,False
3097,1773732791.7344863,1773732791734491321,,,,,,,,,,,,,False,False,False
3098,1773732791.784376,1773732791784379611,,,,,,,,,,,,,False,False,False
3099,1773732791.8344643,1773732791834469071,,,,,,,,,,,,,False,False,False
3100,1773732791.8843412,1773732791884344741,,,,,,,,,,,,,False,False,False
3101,1773732791.9343321,1773732791934335191,,,,,,,,,,,,,False,False,False
3102,1773732791.9842596,1773732791984261571,,,,,,,,,,,,,False,False,False
3103,1773732792.0342336,1773732792034235621,,,,,,,,,,,,,False,False,False
3104,1773732792.0843108,1773732792084314811,,,,,,,,,,,,,False,False,False
3105,1773732792.1342535,1773732792134255391,,,,,,,,,,,,,False,False,False
3106,1773732792.1842637,1773732792184265160,,,,,,,,,,,,,False,False,False
3107,1773732792.2343287,1773732792234330760,,,,,,,,,,,,,False,False,False
3108,1773732792.2845385,1773732792284540399,,,,,,,,,,,,,False,False,False
3109,1773732792.3342485,1773732792334250820,,,,,,,,,,,,,False,False,False
3110,1773732792.3842564,1773732792384258340,,,,,,,,,,,,,False,False,False
3111,1773732792.4343033,1773732792434306620,,,,,,,,,,,,,False,False,False
3112,1773732792.4842536,1773732792484255660,,,,,,,,,,,,,False,False,False
3113,1773732792.5343342,1773732792534337539,,,,,,,,,,,,,False,False,False
3114,1773732792.5843325,1773732792584335699,,,,,,,,,,,,,False,False,False
3115,1773732792.634342,1773732792634344219,,,,,,,,,,,,,False,False,False
3116,1773732792.6843207,1773732792684322559,,,,,,,,,,,,,False,False,False
3117,1773732792.7343183,1773732792734319969,,,,,,,,,,,,,False,False,False
3118,1773732792.784377,1773732792784378488,,,,,,,,,,,,,False,False,False
3119,1773732792.8342605,1773732792834263319,,,,,,,,,,,,,False,False,False
3120,1773732792.884242,1773732792884244089,,,,,,,,,,,,,False,False,False
3121,1773732792.9343202,1773732792934325518,,,,,,,,,,,,,False,False,False
3122,1773732792.9842255,1773732792984227538,,,,,,,,,,,,,False,False,False
3123,1773732793.0343,1773732793034302198,,,,,,,,,,,,,False,False,False
3124,1773732793.0844314,1773732793084434957,,,,,,,,,,,,,False,False,False
3125,1773732793.134286,1773732793134289628,,,,,,,,,,,,,False,False,False
3126,1773732793.18432,1773732793184338607,,,,,,,,,,,,,False,False,False
3127,1773732793.2342458,1773732793234247877,,,,,,,,,,,,,False,False,False
3128,1773732793.2842648,1773732793284266987,,,,,,,,,,,,,False,False,False
3129,1773732793.334257,1773732793334258957,,,,,,,,,,,,,False,False,False
3130,1773732793.3842473,1773732793384249117,,,,,,,,,,,,,False,False,False
3131,1773732793.4342782,1773732793434281737,,,,,,,,,,,,,False,False,False
3132,1773732793.484249,1773732793484252427,,,,,,,,,,,,,False,False,False
3133,1773732793.5343213,1773732793534323496,,,,,,,,,,,,,False,False,False
3134,1773732793.5842342,1773732793584235647,,,,,,,,,,,,,False,False,False
3135,1773732793.6342947,1773732793634298666,,,,,,,,,,,,,False,False,False
3136,1773732793.6842892,1773732793684291536,,,,,,,,,,,,,False,False,False
3137,1773732793.734205,1773732793734206956,,,,,,,,,,,,,False,False,False
3138,1773732793.784239,1773732793784240786,,,,,,,,,,,,,False,False,False
3139,1773732793.8342612,1773732793834263016,,,,,,,,,,,,,False,False,False
3140,1773732793.8842442,1773732793884246146,,,,,,,,,,,,,False,False,False
3141,1773732793.9342587,1773732793934260555,,,,,,,,,,,,,False,False,False
3142,1773732793.9842792,1773732793984281305,,,,,,,,,,,,,False,False,False
3143,1773732794.0343373,1773732794034340375,,,,,,,,,,,,,False,False,False
3144,1773732794.0842512,1773732794084253185,,,,,,,,,,,,,False,False,False
3145,1773732794.134284,1773732794134286565,,,,,,,,,,,,,False,False,False
3146,1773732794.1843228,1773732794184325294,,,,,,,,,,,,,False,False,False
3147,1773732794.2342567,1773732794234258804,,,,,,,,,,,,,False,False,False
3148,1773732794.2842417,1773732794284243524,,,,,,,,,,,,,False,False,False
3149,1773732794.3342352,1773732794334237124,,,,,,,,,,,,,False,False,False
3150,1773732794.3842876,1773732794384291214,,,,,,,,,,,,,False,False,False
3151,1773732794.434298,1773732794434300954,,,,,,,,,,,,,False,False,False
3152,1773732794.4842577,1773732794484259904,,,,,,,,,,,,,False,False,False
3153,1773732794.534263,1773732794534265524,,,,,,,,,,,,,False,False,False
3154,1773732794.5842595,1773732794584261413,,,,,,,,,,,,,False,False,False
3155,1773732794.6342294,1773732794634231733,,,,,,,,,,,,,False,False,False
3156,1773732794.6842582,1773732794684260603,,,,,,,,,,,,,False,False,False
3157,1773732794.734251,1773732794734252823,,,,,,,,,,,,,False,False,False
3158,1773732794.7842426,1773732794784244553,,,,,,,,,,,,,False,False,False
3159,1773732794.8342524,1773732794834254133,,,,,,,,,,,,,False,False,False
3160,1773732794.88425,1773732794884251753,,,,,,,,,,,,,False,False,False
3161,1773732794.9342513,1773732794934253352,,,,,,,,,,,,,False,False,False
3162,1773732794.9842498,1773732794984252552,,,,,,,,,,,,,False,False,False
3163,1773732795.0342238,1773732795034225872,,,,,,,,,,,,,False,False,False
3164,1773732795.0842357,1773732795084237722,,,,,,,,,,,,,False,False,False
3165,1773732795.1342454,1773732795134247522,,,,,,,,,,,,,False,False,False
3166,1773732795.1842518,1773732795184253962,,,,,,,,,,,,,False,False,False
3167,1773732795.234279,1773732795234281121,,,,,,,,,,,,,False,False,False
3168,1773732795.284394,1773732795284395971,,,,,,,,,,,,,False,False,False
3169,1773732795.3342438,1773732795334245771,,,,,,,,,,,,,False,False,False
3170,1773732795.3842416,1773732795384243551,,,,,,,,,,,,,False,False,False
3171,1773732795.4342499,1773732795434252091,,,,,,,,,,,,,False,False,False
3172,1773732795.484251,1773732795484253441,,,,,,,,,,,,,False,False,False
3173,1773732795.5342784,1773732795534280721,,,,,,,,,,,,,False,False,False
3174,1773732795.5842972,1773732795584299200,,,,,,,,,,,,,False,False,False
3175,1773732795.6342394,1773732795634241870,,,,,,,,,,,,,False,False,False
3176,1773732795.6843147,1773732795684316160,,,,,,,,,,,,,False,False,False
3177,1773732795.7342434,1773732795734244990,,,,,,,,,,,,,False,False,False
3178,1773732795.784263,1773732795784264500,,,,,,,,,,,,,False,False,False
3179,1773732795.834285,1773732795834288660,,,,,,,,,,,,,False,False,False
3180,1773732795.8842726,1773732795884275980,,,,,,,,,,,,,False,False,False
3181,1773732795.934258,1773732795934259819,,,,,,,,,,,,,False,False,False
3182,1773732795.9842525,1773732795984254589,,,,,,,,,,,,,False,False,False
3183,1773732796.0342736,1773732796034276319,,,,,,,,,,,,,False,False,False
3184,1773732796.0842834,1773732796084285609,,,,,,,,,,,,,False,False,False
3185,1773732796.134277,1773732796134279749,,,,,,,,,,,,,False,False,False
3186,1773732796.1842945,1773732796184297899,,,,,,,,,,,,,False,False,False
3187,1773732796.234363,1773732796234366828,,,,,,,,,,,,,False,False,False
3188,1773732796.2843976,1773732796284401378,,,,,,,,,,,,,False,False,False
3189,1773732796.334801,1773732796334804596,,,,,,,,,,,,,False,False,False
3190,1773732796.3843544,1773732796384357728,,,,,,,,,,,,,False,False,False
3191,1773732796.434356,1773732796434359268,,,,,,,,,,,,,False,False,False
3192,1773732796.4843361,1773732796484339868,,,,,,,,,,,,,False,False,False
3193,1773732796.5343559,1773732796534359597,,,,,,,,,,,,,False,False,False
3194,1773732796.5843384,1773732796584341667,,,,,,,,,,,,,False,False,False
3195,1773732796.6343045,1773732796634307647,,,,,,,,,,,,,False,False,False
3196,1773732796.6845174,1773732796684524326,,,,,,,,,,,,,False,False,False
3197,1773732796.7344446,1773732796734448986,,,,,,,,,,,,,False,False,False
3198,1773732796.7844331,1773732796784436746,,,,,,,,,,,,,False,False,False
3199,1773732796.8343217,1773732796834325587,,,,,,,,,,,,,False,False,False
3200,1773732796.8843613,1773732796884367256,,,,,,,,,,,,,False,False,False
3201,1773732796.9343674,1773732796934372486,,,,,,,,,,,,,False,False,False
3202,1773732796.9843464,1773732796984349836,,,,,,,,,,,,,False,False,False
3203,1773732797.0343032,1773732797034306806,,,,,,,,,,,,,False,False,False
3204,1773732797.084358,1773732797084362066,,,,,,,,,,,,,False,False,False
3205,1773732797.13434,1773732797134343396,,,,,,,,,,,,,False,False,False
3206,1773732797.1843498,1773732797184353425,,,,,,,,,,,,,False,False,False
3207,1773732797.2343233,1773732797234326725,,,,,,,,,,,,,False,False,False
3208,1773732797.284312,1773732797284315775,,,,,,,,,,,,,False,False,False
3209,1773732797.3344643,1773732797334469164,,,,,,,,,,,,,False,False,False
3210,1773732797.3844345,1773732797384438944,,,,,,,,,,,,,False,False,False
3211,1773732797.434603,1773732797434606083,,,,,,,,,,,,,False,False,False
3212,1773732797.4846725,1773732797484676023,,,,,,,,,,,,,False,False,False
3213,1773732797.5343082,1773732797534310945,,,,,,,,,,,,,False,False,False
3214,1773732797.5843256,1773732797584328604,,,,,,,,,,,,,False,False,False
3215,1773732797.6343796,1773732797634383464,,,,,,,,,,,,,False,False,False
3216,1773732797.684313,1773732797684318664,,,,,,,,,,,,,False,False,False
3217,1773732797.7342904,1773732797734295664,,,,,,,,,,,,,False,False,False
3218,1773732797.7843032,1773732797784306614,,,,,,,,,,,,,False,False,False
3219,1773732797.8343828,1773732797834387123,,,,,,,,,,,,,False,False,False
3220,1773732797.8843615,1773732797884365503,,,,,,,,,,,,,False,False,False
3221,1773732797.9343646,1773732797934367983,,,,,,,,,,,,,False,False,False
3222,1773732797.984284,1773732797984286703,,,,,,,,,,,,,False,False,False
3223,1773732798.034321,1773732798034324753,,,,,,,,,,,,,False,False,False
3224,1773732798.0845215,1773732798084526452,,,,,,,,,,,,,False,False,False
3225,1773732798.1343017,1773732798134305703,,,,,,,,,,,,,False,False,False
3226,1773732798.1843393,1773732798184342872,,,,,,,,,,,,,False,False,False
3227,1773732798.2343276,1773732798234330742,,,,,,,,,,,,,False,False,False
3228,1773732798.2843497,1773732798284352772,,,,,,,,,,,,,False,False,False
3229,1773732798.3343396,1773732798334343052,,,,,,,,,,,,,False,False,False
3230,1773732798.3844519,1773732798384454851,,,,,,,,,,,,,False,False,False
3231,1773732798.434331,1773732798434334392,,,,,,,,,,,,,False,False,False
3232,1773732798.4843645,1773732798484368461,,,,,,,,,,,,,False,False,False
3233,1773732798.5343914,1773732798534397461,,,,,,,,,,,,,False,False,False
3234,1773732798.584309,1773732798584311241,,,,,,,,,,,,,False,False,False
3235,1773732798.6343207,1773732798634323581,,,,,,,,,,,,,False,False,False
3236,1773732798.6844401,1773732798684443211,,,,,,,,,,,,,False,False,False
3237,1773732798.7343295,1773732798734332311,,,,,,,,,,,,,False,False,False
3238,1773732798.7843316,1773732798784334481,,,,,,,,,,,,,False,False,False
3239,1773732798.8343587,1773732798834362820,,,,,,,,,,,,,False,False,False
3240,1773732798.884344,1773732798884347500,,,,,,,,,,,,,False,False,False
3241,1773732798.9342816,1773732798934284131,,,,,,,,,,,,,False,False,False
3242,1773732798.9842837,1773732798984286640,,,,,,,,,,,,,False,False,False
3243,1773732799.034261,1773732799034263720,,,,,,,,,,,,,False,False,False
3244,1773732799.0844562,1773732799084459899,,,,,,,,,,,,,False,False,False
3245,1773732799.1346967,1773732799134700238,,,,,,,,,,,,,False,False,False
3246,1773732799.1844623,1773732799184466669,,,,,,,,,,,,,False,False,False
3247,1773732799.2343671,1773732799234370849,,,,,,,,,,,,,False,False,False
3248,1773732799.2844543,1773732799284460909,,,,,,,,,,,,,False,False,False
3249,1773732799.334275,1773732799334291399,,,,,,,,,,,,,False,False,False
3250,1773732799.3842876,1773732799384289269,,,,,,,,,,,,,False,False,False
3251,1773732799.4343083,1773732799434309769,,,,,,,,,,,,,False,False,False
3252,1773732799.48433,1773732799484332589,,,,,,,,,,,,,False,False,False
3253,1773732799.5342464,1773732799534248279,,,,,,,,,,,,,False,False,False
3254,1773732799.58424,1773732799584241899,,,,,,,,,,,,,False,False,False
3255,1773732799.6342347,1773732799634236449,,,,,,,,,,,,,False,False,False
3256,1773732799.6842442,1773732799684246089,,,,,,,,,,,,,False,False,False
3257,1773732799.7344034,1773732799734405408,,,,,,,,,,,,,False,False,False
3258,1773732799.7842448,1773732799784246819,,,,,,,,,,,,,False,False,False
3259,1773732799.834257,1773732799834258879,,,,,,,,,,,,,False,False,False
3260,1773732799.8842323,1773732799884234208,,,,,,,,,,,,,False,False,False
3261,1773732799.9344344,1773732799934436337,,,,,,,,,,,,,False,False,False
3262,1773732799.9842954,1773732799984297538,,,,,,,,,,,,,False,False,False
3263,1773732800.0342367,1773732800034238418,,,,,,,,,,,,,False,False,False
3264,1773732800.0843394,1773732800084341767,,,,,,,,,,,,,False,False,False
3265,1773732800.1343174,1773732800134320727,,,,,,,,,,,,,False,False,False
3266,1773732800.184293,1773732800184295477,,,,,,,,,,,,,False,False,False
3267,1773732800.2342587,1773732800234260447,,,,,,,,,,,,,False,False,False
3268,1773732800.284305,1773732800284308447,,,,,,,,,,,,,False,False,False
3269,1773732800.3342621,1773732800334263937,,,,,,,,,,,,,False,False,False
3270,1773732800.3842793,1773732800384284977,,,,,,,,,,,,,False,False,False
3271,1773732800.4342275,1773732800434229387,,,,,,,,,,,,,False,False,False
3272,1773732800.4843175,1773732800484319316,,,,,,,,,,,,,False,False,False
3273,1773732800.5343423,1773732800534345806,,,,,,,,,,,,,False,False,False
3274,1773732800.5843618,1773732800584364956,,,,,,,,,,,,,False,False,False
3275,1773732800.6343246,1773732800634326576,,,,,,,,,,,,,False,False,False
3276,1773732800.6843343,1773732800684336826,,,,,,,,,,,,,False,False,False
3277,1773732800.734261,1773732800734262956,,,,,,,,,,,,,False,False,False
3278,1773732800.7843323,1773732800784334705,,,,,,,,,,,,,False,False,False
3279,1773732800.83425,1773732800834252136,,,,,,,,,,,,,False,False,False
3280,1773732800.8842826,1773732800884285005,,,,,,,,,,,,,False,False,False
3281,1773732800.934299,1773732800934302155,,,,,,,,,,,,,False,False,False
3282,1773732800.984277,1773732800984279165,,,,,,,,,,,,,False,False,False
3283,1773732801.034247,1773732801034248945,,,,,,,,,,,,,False,False,False
3284,1773732801.08429,1773732801084292095,,,,,,,,,,,,,False,False,False
3285,1773732801.1342442,1773732801134246275,,,,,,,,,,,,,False,False,False
3286,1773732801.1842551,1773732801184257675,,,,,,,,,,,,,False,False,False
3287,1773732801.2342403,1773732801234242014,,,,,,,,,,,,,False,False,False
3288,1773732801.2842786,1773732801284281694,,,,,,,,,,,,,False,False,False
3289,1773732801.3342197,1773732801334221624,,,,,,,,,,,,,False,False,False
3290,1773732801.3843007,1773732801384302884,,,,,,,,,,,,,False,False,False
3291,1773732801.4342637,1773732801434265894,,,,,,,,,,,,,False,False,False
3292,1773732801.484287,1773732801484289084,,,,,,,,,,,,,False,False,False
3293,1773732801.5342417,1773732801534244244,,,,,,,,,,,,,False,False,False
3294,1773732801.5842505,1773732801584251753,,,,,,,,,,,,,False,False,False
3295,1773732801.6342413,1773732801634242843,,,,,,,,,,,,,False,False,False
3296,1773732801.6843028,1773732801684304523,,,,,,,,,,,,,False,False,False
3297,1773732801.7343853,1773732801734389252,,,,,,,,,,,,,False,False,False
3298,1773732801.7845778,1773732801784585481,,,,,,,,,,,,,False,False,False
3299,1773732801.8344576,1773732801834460252,,,,,,,,,,,,,False,False,False
3300,1773732801.8843377,1773732801884340302,,,,,,,,,,,,,False,False,False
3301,1773732801.9342656,1773732801934284442,,,,,,,,,,,,,False,False,False
3302,1773732801.984295,1773732801984297962,,,,,,,,,,,,,False,False,False
3303,1773732802.03434,1773732802034341762,,,,,,,,,,,,,False,False,False
3304,1773732802.084266,1773732802084290152,,,,,,,,,,,,,False,False,False
3305,1773732802.1342447,1773732802134246892,,,,,,,,,,,,,False,False,False
3306,1773732802.1843133,1773732802184315802,,,,,,,,,,,,,False,False,False
3307,1773732802.234318,1773732802234319882,,,,,,,,,,,,,False,False,False
3308,1773732802.284302,1773732802284304652,,,,,,,,,,,,,False,False,False
3309,1773732802.3342788,1773732802334281202,,,,,,,,,,,,,False,False,False
3310,1773732802.3842444,1773732802384246432,,,,,,,,,,,,,False,False,False
3311,1773732802.4342532,1773732802434255391,,,,,,,,,,,,,False,False,False
3312,1773732802.4842381,1773732802484240031,,,,,,,,,,,,,False,False,False
3313,1773732802.534243,1773732802534245051,,,,,,,,,,,,,False,False,False
3314,1773732802.5843046,1773732802584306581,,,,,,,,,,,,,False,False,False
3315,1773732802.6342566,1773732802634258751,,,,,,,,,,,,,False,False,False
3316,1773732802.684289,1773732802684291470,,,,,,,,,,,,,False,False,False
3317,1773732802.734259,1773732802734260850,,,,,,,,,,,,,False,False,False
3318,1773732802.7844315,1773732802784435589,,,,,,,,,,,,,False,False,False
3319,1773732802.8342032,1773732802834205370,,,,,,,,,,,,,False,False,False
3320,1773732802.884287,1773732802884290520,,,,,,,,,,,,,False,False,False
3321,1773732802.9342768,1773732802934279790,,,,,,,,,,,,,False,False,False
3322,1773732802.9842727,1773732802984276230,,,,,,,,,,,,,False,False,False
3323,1773732803.0342531,1773732803034255150,,,,,,,,,,,,,False,False,False
3324,1773732803.0851076,1773732803085109695,,,,,,,,,,,,,False,False,False
3325,1773732803.1342611,1773732803134263119,,,,,,,,,,,,,False,False,False
3326,1773732803.1842527,1773732803184254769,,,,,,,,,,,,,False,False,False
3327,1773732803.234288,1773732803234291669,,,,,,,,,,,,,False,False,False
3328,1773732803.2844956,1773732803284497848,,,,,,,,,,,,,False,False,False
3329,1773732803.3342466,1773732803334248269,,,,,,,,,,,,,False,False,False
3330,1773732803.384245,1773732803384247049,,,,,,,,,,,,,False,False,False
3331,1773732803.4342844,1773732803434286608,,,,,,,,,,,,,False,False,False
3332,1773732803.4842782,1773732803484280838,,,,,,,,,,,,,False,False,False
3333,1773732803.534255,1773732803534257048,,,,,,,,,,,,,False,False,False
3334,1773732803.5842755,1773732803584277398,,,,,,,,,,,,,False,False,False
3335,1773732803.6342492,1773732803634251698,,,,,,,,,,,,,False,False,False
3336,1773732803.6842408,1773732803684243008,,,,,,,,,,,,,False,False,False
3337,1773732803.7342439,1773732803734245878,,,,,,,,,,,,,False,False,False
3338,1773732803.7842767,1773732803784279727,,,,,,,,,,,,,False,False,False
3339,1773732803.8342419,1773732803834243707,,,,,,,,,,,,,False,False,False
3340,1773732803.8844285,1773732803884431116,,,,,,,,,,,,,False,False,False
3341,1773732803.9342437,1773732803934245677,,,,,,,,,,,,,False,False,False
3342,1773732803.98425,1773732803984252727,,,,,,,,,,,,,False,False,False
3343,1773732804.034238,1773732804034240367,,,,,,,,,,,,,False,False,False
3344,1773732804.084246,1773732804084248087,,,,,,,,,,,,,False,False,False
3345,1773732804.1342413,1773732804134244447,,,,,,,,,,,,,False,False,False
3346,1773732804.1842432,1773732804184247767,,,,,,,,,,,,,False,False,False
3347,1773732804.2342448,1773732804234246807,,,,,,,,,,,,,False,False,False
3348,1773732804.284284,1773732804284286786,,,,,,,,,,,,,False,False,False
3349,1773732804.3342664,1773732804334275426,,,,,,,,,,,,,False,False,False
3350,1773732804.3842816,1773732804384283696,,,,,,,,,,,,,False,False,False
3351,1773732804.4342403,1773732804434242106,,,,,,,,,,,,,False,False,False
3352,1773732804.4843986,1773732804484400695,,,,,,,,,,,,,False,False,False
3353,1773732804.5342827,1773732804534285916,,,,,,,,,,,,,False,False,False
3354,1773732804.5842526,1773732804584254876,,,,,,,,,,,,,False,False,False
3355,1773732804.634236,1773732804634237835,,,,,,,,,,,,,False,False,False
3356,1773732804.6843102,1773732804684311655,,,,,,,,,,,,,False,False,False
3357,1773732804.7342427,1773732804734244215,,,,,,,,,,,,,False,False,False
3358,1773732804.7842824,1773732804784284845,,,,,,,,,,,,,False,False,False
3359,1773732804.8342466,1773732804834248525,,,,,,,,,,,,,False,False,False
3360,1773732804.8842473,1773732804884249255,,,,,,,,,,,,,False,False,False
3361,1773732804.9343212,1773732804934323014,,,,,,,,,,,,,False,False,False
3362,1773732804.9843178,1773732804984321664,,,,,,,,,,,,,False,False,False
3363,1773732805.0343559,1773732805034359424,,,,,,,,,,,,,False,False,False
3364,1773732805.0843606,1773732805084366124,,,,,,,,,,,,,False,False,False
3365,1773732805.1343374,1773732805134341004,,,,,,,,,,,,,False,False,False
3366,1773732805.184324,1773732805184328163,,,,,,,,,,,,,False,False,False
3367,1773732805.2345076,1773732805234513213,,,,,,,,,,,,,False,False,False
3368,1773732805.2844875,1773732805284492102,,,,,,,,,,,,,False,False,False
3369,1773732805.3343582,1773732805334362443,,,,,,,,,,,,,False,False,False
3370,1773732805.384356,1773732805384359623,,,,,,,,,,,,,False,False,False
3371,1773732805.434414,1773732805434417643,,,,,,,,,,,,,False,False,False
3372,1773732805.4844573,1773732805484461012,,,,,,,,,,,,,False,False,False
3373,1773732805.5343683,1773732805534373003,,,,,,,,,,,,,False,False,False
3374,1773732805.5844016,1773732805584406092,,,,,,,,,,,,,False,False,False
3375,1773732805.6343467,1773732805634350012,,,,,,,,,,,,,False,False,False
3376,1773732805.6843486,1773732805684352622,,,,,,,,,,,,,False,False,False
3377,1773732805.734323,1773732805734326512,,,,,,,,,,,,,False,False,False
3378,1773732805.7843657,1773732805784369022,,,,,,,,,,,,,False,False,False
3379,1773732805.8343449,1773732805834350712,,,,,,,,,,,,,False,False,False
3380,1773732805.8845088,1773732805884513381,,,,,,,,,,,,,False,False,False
3381,1773732805.9343712,1773732805934375541,,,,,,,,,,,,,False,False,False
3382,1773732805.9844408,1773732805984444281,,,,,,,,,,,,,False,False,False
3383,1773732806.0342898,1773732806034293502,,,,,,,,,,,,,False,False,False
3384,1773732806.084401,1773732806084407131,,,,,,,,,,,,,False,False,False
3385,1773732806.134398,1773732806134401191,,,,,,,,,,,,,False,False,False
3386,1773732806.1843667,1773732806184371051,,,,,,,,,,,,,False,False,False
3387,1773732806.2344851,1773732806234488900,,,,,,,,,,,,,False,False,False
3388,1773732806.2843256,1773732806284329201,,,,,,,,,,,,,False,False,False
3389,1773732806.3343616,1773732806334364960,,,,,,,,,,,,,False,False,False
3390,1773732806.384321,1773732806384324260,,,,,,,,,,,,,False,False,False
3391,1773732806.4343083,1773732806434311690,,,,,,,,,,,,,False,False,False
3392,1773732806.4843636,1773732806484368560,,,,,,,,,,,,,False,False,False
3393,1773732806.534401,1773732806534406340,,,,,,,,,,,,,False,False,False
3394,1773732806.5844977,1773732806584503369,,,,,,,,,,,,,False,False,False
3395,1773732806.6343613,1773732806634365719,,,,,,,,,,,,,False,False,False
3396,1773732806.6843104,1773732806684313710,,,,,,,,,,,,,False,False,False
3397,1773732806.7342591,1773732806734262280,,,,,,,,,,,,,False,False,False
3398,1773732806.784515,1773732806784521209,,,,,,,,,,,,,False,False,False
3399,1773732806.8344336,1773732806834439939,,,,,,,,,,,,,False,False,False
3400,1773732806.8843408,1773732806884345209,,,,,,,,,,,,,False,False,False
3401,1773732806.9343457,1773732806934349039,,,,,,,,,,,,,False,False,False
3402,1773732806.9843323,1773732806984335939,,,,,,,,,,,,,False,False,False
3403,1773732807.034291,1773732807034293669,,,,,,,,,,,,,False,False,False
3404,1773732807.084259,1773732807084261559,,,,,,,,,,,,,False,False,False
3405,1773732807.134275,1773732807134279519,,,,,,,,,,,,,False,False,False
3406,1773732807.1842527,1773732807184255149,,,,,,,,,,,,,False,False,False
3407,1773732807.2342408,1773732807234242859,,,,,,,,,,,,,False,False,False
3408,1773732807.2842247,1773732807284226869,,,,,,,,,,,,,False,False,False
3409,1773732807.334224,1773732807334225679,,,,,,,,,,,,,False,False,False
3410,1773732807.3842583,1773732807384260198,,,,,,,,,,,,,False,False,False
3411,1773732807.434259,1773732807434261328,,,,,,,,,,,,,False,False,False
3412,1773732807.4842792,1773732807484282708,,,,,,,,,,,,,False,False,False
3413,1773732807.5343034,1773732807534307128,,,,,,,,,,,,,False,False,False
3414,1773732807.5841966,1773732807584198418,,,,,,,,,,,,,False,False,False
3415,1773732807.6342616,1773732807634263617,,,,,,,,,,,,,False,False,False
3416,1773732807.68425,1773732807684251797,,,,,,,,,,,,,False,False,False
3417,1773732807.7342582,1773732807734259907,,,,,,,,,,,,,False,False,False
3418,1773732807.7842424,1773732807784244198,,,,,,,,,,,,,False,False,False
3419,1773732807.8342452,1773732807834246467,,,,,,,,,,,,,False,False,False
3420,1773732807.8842425,1773732807884244267,,,,,,,,,,,,,False,False,False
3421,1773732807.9344623,1773732807934464186,,,,,,,,,,,,,False,False,False
3422,1773732807.9842832,1773732807984285057,,,,,,,,,,,,,False,False,False
3423,1773732808.0342364,1773732808034238107,,,,,,,,,,,,,False,False,False
3424,1773732808.0842452,1773732808084247167,,,,,,,,,,,,,False,False,False
3425,1773732808.1342463,1773732808134248197,,,,,,,,,,,,,False,False,False
3426,1773732808.184251,1773732808184253056,,,,,,,,,,,,,False,False,False
3427,1773732808.2342494,1773732808234251516,,,,,,,,,,,,,False,False,False
3428,1773732808.2842493,1773732808284251316,,,,,,,,,,,,,False,False,False
3429,1773732808.3342414,1773732808334243266,,,,,,,,,,,,,False,False,False
3430,1773732808.3842363,1773732808384238126,,,,,,,,,,,,,False,False,False
3431,1773732808.4342093,1773732808434211516,,,,,,,,,,,,,False,False,False
3432,1773732808.484237,1773732808484239496,,,,,,,,,,,,,False,False,False
3433,1773732808.5342758,1773732808534279035,,,,,,,,,,,,,False,False,False
3434,1773732808.5843017,1773732808584304175,,,,,,,,,,,,,False,False,False
3435,1773732808.6342309,1773732808634232945,,,,,,,,,,,,,False,False,False
3436,1773732808.684247,1773732808684248845,,,,,,,,,,,,,False,False,False
3437,1773732808.7342818,1773732808734283885,,,,,,,,,,,,,False,False,False
3438,1773732808.784265,1773732808784266885,,,,,,,,,,,,,False,False,False
3439,1773732808.834251,1773732808834253265,,,,,,,,,,,,,False,False,False
3440,1773732808.8842344,1773732808884236385,,,,,,,,,,,,,False,False,False
3441,1773732808.9342558,1773732808934258065,,,,,,,,,,,,,False,False,False
3442,1773732808.9842782,1773732808984281144,,,,,,,,,,,,,False,False,False
3443,1773732809.0342553,1773732809034257354,,,,,,,,,,,,,False,False,False
3444,1773732809.0842547,1773732809084256854,,,,,,,,,,,,,False,False,False
3445,1773732809.1342502,1773732809134252804,,,,,,,,,,,,,False,False,False
3446,1773732809.1842434,1773732809184245344,,,,,,,,,,,,,False,False,False
3447,1773732809.234237,1773732809234238674,,,,,,,,,,,,,False,False,False
3448,1773732809.2842374,1773732809284239364,,,,,,,,,,,,,False,False,False
3449,1773732809.3342543,1773732809334256463,,,,,,,,,,,,,False,False,False
3450,1773732809.3842452,1773732809384247043,,,,,,,,,,,,,False,False,False
3451,1773732809.434243,1773732809434245943,,,,,,,,,,,,,False,False,False
3452,1773732809.484257,1773732809484259053,,,,,,,,,,,,,False,False,False
3453,1773732809.5342479,1773732809534249873,,,,,,,,,,,,,False,False,False
3454,1773732809.5842383,1773732809584240313,,,,,,,,,,,,,False,False,False
3455,1773732809.634286,1773732809634288452,,,,,,,,,,,,,False,False,False
3456,1773732809.6842306,1773732809684232563,,,,,,,,,,,,,False,False,False
3457,1773732809.7342262,1773732809734228272,,,,,,,,,,,,,False,False,False
3458,1773732809.784256,1773732809784257882,,,,,,,,,,,,,False,False,False
3459,1773732809.8342402,1773732809834242092,,,,,,,,,,,,,False,False,False
3460,1773732809.884286,1773732809884289232,,,,,,,,,,,,,False,False,False
3461,1773732809.934601,1773732809934605830,,,,,,,,,,,,,False,False,False
3462,1773732809.9845154,1773732809984519301,,,,,,,,,,,,,False,False,False
3463,1773732810.0343082,1773732810034311272,,,,,,,,,,,,,False,False,False
3464,1773732810.0843196,1773732810084321851,,,,,,,,,,,,,False,False,False
3465,1773732810.1342483,1773732810134251052,,,,,,,,,,,,,False,False,False
3466,1773732810.1842475,1773732810184249641,,,,,,,,,,,,,False,False,False
3467,1773732810.234255,1773732810234257201,,,,,,,,,,,,,False,False,False
3468,1773732810.284287,1773732810284289361,,,,,,,,,,,,,False,False,False
3469,1773732810.334287,1773732810334289041,,,,,,,,,,,,,False,False,False
3470,1773732810.384276,1773732810384278921,,,,,,,,,,,,,False,False,False
3471,1773732810.4342346,1773732810434237291,,,,,,,,,,,,,False,False,False
3472,1773732810.484263,1773732810484265580,,,,,,,,,,,,,False,False,False
3473,1773732810.5342524,1773732810534254400,,,,,,,,,,,,,False,False,False
3474,1773732810.584335,1773732810584339760,,,,,,,,,,,,,False,False,False
3475,1773732810.6346474,1773732810634655588,,,,,,,,,,,,,False,False,False
3476,1773732810.6845665,1773732810684570249,,,,,,,,,,,,,False,False,False
3477,1773732810.7342992,1773732810734301590,,,,,,,,,,,,,False,False,False
3478,1773732810.7843058,1773732810784309760,,,,,,,,,,,,,False,False,False
3479,1773732810.834336,1773732810834338140,,,,,,,,,,,,,False,False,False
3480,1773732810.884262,1773732810884264730,,,,,,,,,,,,,False,False,False
3481,1773732810.934237,1773732810934238630,,,,,,,,,,,,,False,False,False
3482,1773732810.9842565,1773732810984258219,,,,,,,,,,,,,False,False,False
3483,1773732811.0342402,1773732811034242059,,,,,,,,,,,,,False,False,False
3484,1773732811.084252,1773732811084253829,,,,,,,,,,,,,False,False,False
3485,1773732811.1342306,1773732811134232349,,,,,,,,,,,,,False,False,False
3486,1773732811.1842637,1773732811184265329,,,,,,,,,,,,,False,False,False
3487,1773732811.2342715,1773732811234273809,,,,,,,,,,,,,False,False,False
3488,1773732811.2842324,1773732811284234299,,,,,,,,,,,,,False,False,False
3489,1773732811.3343139,1773732811334316898,,,,,,,,,,,,,False,False,False
3490,1773732811.3842533,1773732811384255608,,,,,,,,,,,,,False,False,False
3491,1773732811.4341884,1773732811434190008,,,,,,,,,,,,,False,False,False
3492,1773732811.48424,1773732811484242238,,,,,,,,,,,,,False,False,False
3493,1773732811.534239,1773732811534240938,,,,,,,,,,,,,False,False,False
3494,1773732811.5842803,1773732811584282738,,,,,,,,,,,,,False,False,False
3495,1773732811.6341994,1773732811634201148,,,,,,,,,,,,,False,False,False
3496,1773732811.6842477,1773732811684249938,,,,,,,,,,,,,False,False,False
3497,1773732811.7343318,1773732811734334317,,,,,,,,,,,,,False,False,False
3498,1773732811.7842667,1773732811784276928,,,,,,,,,,,,,False,False,False
3499,1773732811.8342814,1773732811834283907,,,,,,,,,,,,,False,False,False
3500,1773732811.8842385,1773732811884240427,,,,,,,,,,,,,False,False,False
3501,1773732811.9342763,1773732811934278647,,,,,,,,,,,,,False,False,False
3502,1773732811.984258,1773732811984259957,,,,,,,,,,,,,False,False,False
3503,1773732812.0342538,1773732812034256047,,,,,,,,,,,,,False,False,False
3504,1773732812.084335,1773732812084337746,,,,,,,,,,,,,False,False,False
3505,1773732812.13424,1773732812134241947,,,,,,,,,,,,,False,False,False
3506,1773732812.184234,1773732812184236017,,,,,,,,,,,,,False,False,False
3507,1773732812.2342806,1773732812234283016,,,,,,,,,,,,,False,False,False
3508,1773732812.2842429,1773732812284244796,,,,,,,,,,,,,False,False,False
3509,1773732812.3342938,1773732812334295706,,,,,,,,,,,,,False,False,False
3510,1773732812.3842416,1773732812384243816,,,,,,,,,,,,,False,False,False
3511,1773732812.4343479,1773732812434350086,,,,,,,,,,,,,False,False,False
3512,1773732812.4842572,1773732812484259816,,,,,,,,,,,,,False,False,False
3513,1773732812.5342157,1773732812534217326,,,,,,,,,,,,,False,False,False
3514,1773732812.5843096,1773732812584311445,,,,,,,,,,,,,False,False,False
3515,1773732812.6342542,1773732812634256376,,,,,,,,,,,,,False,False,False
3516,1773732812.6842844,1773732812684301805,,,,,,,,,,,,,False,False,False
3517,1773732812.734235,1773732812734237095,,,,,,,,,,,,,False,False,False
3518,1773732812.7842402,1773732812784241935,,,,,,,,,,,,,False,False,False
3519,1773732812.8342474,1773732812834249545,,,,,,,,,,,,,False,False,False
3520,1773732812.88425,1773732812884252105,,,,,,,,,,,,,False,False,False
3521,1773732812.9342928,1773732812934294545,,,,,,,,,,,,,False,False,False
3522,1773732812.9843853,1773732812984387214,,,,,,,,,,,,,False,False,False
3523,1773732813.03425,1773732813034251944,,,,,,,,,,,,,False,False,False
3524,1773732813.084254,1773732813084255954,,,,,,,,,,,,,False,False,False
3525,1773732813.1342425,1773732813134244524,,,,,,,,,,,,,False,False,False
3526,1773732813.1842403,1773732813184242194,,,,,,,,,,,,,False,False,False
3527,1773732813.2342346,1773732813234236514,,,,,,,,,,,,,False,False,False
3528,1773732813.284229,1773732813284230714,,,,,,,,,,,,,False,False,False
3529,1773732813.3342564,1773732813334258194,,,,,,,,,,,,,False,False,False
3530,1773732813.3842592,1773732813384261384,,,,,,,,,,,,,False,False,False
3531,1773732813.434247,1773732813434248984,,,,,,,,,,,,,False,False,False
3532,1773732813.4842305,1773732813484232224,,,,,,,,,,,,,False,False,False
3533,1773732813.5343015,1773732813534304003,,,,,,,,,,,,,False,False,False
3534,1773732813.584244,1773732813584245863,,,,,,,,,,,,,False,False,False
3535,1773732813.6342359,1773732813634237873,,,,,,,,,,,,,False,False,False
3536,1773732813.6842396,1773732813684241763,,,,,,,,,,,,,False,False,False
3537,1773732813.7342343,1773732813734236263,,,,,,,,,,,,,False,False,False
3538,1773732813.7842426,1773732813784244503,,,,,,,,,,,,,False,False,False
3539,1773732813.8342252,1773732813834226883,,,,,,,,,,,,,False,False,False
3540,1773732813.8843353,1773732813884337482,,,,,,,,,,,,,False,False,False
3541,1773732813.9342134,1773732813934214933,,,,,,,,,,,,,False,False,False
3542,1773732813.9843307,1773732813984332782,,,,,,,,,,,,,False,False,False
3543,1773732814.0342875,1773732814034289052,,,,,,,,,,,,,False,False,False
3544,1773732814.0842764,1773732814084278652,,,,,,,,,,,,,False,False,False
3545,1773732814.1343834,1773732814134385041,,,,,,,,,,,,,False,False,False
3546,1773732814.1842368,1773732814184238862,,,,,,,,,,,,,False,False,False
3547,1773732814.2342165,1773732814234217992,,,,,,,,,,,,,False,False,False
3548,1773732814.2842526,1773732814284254992,,,,,,,,,,,,,False,False,False
3549,1773732814.3342555,1773732814334257211,,,,,,,,,,,,,False,False,False
3550,1773732814.384276,1773732814384277801,,,,,,,,,,,,,False,False,False
3551,1773732814.43431,1773732814434313471,,,,,,,,,,,,,False,False,False
3552,1773732814.4842458,1773732814484247531,,,,,,,,,,,,,False,False,False
3553,1773732814.534306,1773732814534310241,,,,,,,,,,,,,False,False,False
3554,1773732814.5842874,1773732814584291001,,,,,,,,,,,,,False,False,False
3555,1773732814.6342437,1773732814634245631,,,,,,,,,,,,,False,False,False
3556,1773732814.684414,1773732814684416250,,,,,,,,,,,,,False,False,False
3557,1773732814.7342572,1773732814734262161,,,,,,,,,,,,,False,False,False
3558,1773732814.7843196,1773732814784321770,,,,,,,,,,,,,False,False,False
3559,1773732814.8342645,1773732814834266560,,,,,,,,,,,,,False,False,False
3560,1773732814.8842542,1773732814884256140,,,,,,,,,,,,,False,False,False
3561,1773732814.9343073,1773732814934310780,,,,,,,,,,,,,False,False,False
3562,1773732814.9842656,1773732814984272570,,,,,,,,,,,,,False,False,False
3563,1773732815.0345433,1773732815034545329,,,,,,,,,,,,,False,False,False
3564,1773732815.0842614,1773732815084263430,,,,,,,,,,,,,False,False,False
3565,1773732815.1341968,1773732815134198680,,,,,,,,,,,,,False,False,False
3566,1773732815.1842341,1773732815184236250,,,,,,,,,,,,,False,False,False
3567,1773732815.234303,1773732815234304899,,,,,,,,,,,,,False,False,False
3568,1773732815.284331,1773732815284333909,,,,,,,,,,,,,False,False,False
3569,1773732815.3342416,1773732815334243430,,,,,,,,,,,,,False,False,False
3570,1773732815.3843062,1773732815384308309,,,,,,,,,,,,,False,False,False
3571,1773732815.4342535,1773732815434255359,,,,,,,,,,,,,False,False,False
3572,1773732815.484357,1773732815484359629,,,,,,,,,,,,,False,False,False
3573,1773732815.5342443,1773732815534246599,,,,,,,,,,,,,False,False,False
3574,1773732815.5842159,1773732815584218449,,,,,,,,,,,,,False,False,False
3575,1773732815.6342506,1773732815634252729,,,,,,,,,,,,,False,False,False
3576,1773732815.6843271,1773732815684329758,,,,,,,,,,,,,False,False,False
3577,1773732815.7342412,1773732815734243258,,,,,,,,,,,,,False,False,False
3578,1773732815.784253,1773732815784254798,,,,,,,,,,,,,False,False,False
3579,1773732815.834247,1773732815834249268,,,,,,,,,,,,,False,False,False
3580,1773732815.8842542,1773732815884256328,,,,,,,,,,,,,False,False,False
3581,1773732815.9342382,1773732815934240148,,,,,,,,,,,,,False,False,False
3582,1773732815.9842365,1773732815984238618,,,,,,,,,,,,,False,False,False
3583,1773732816.0342333,1773732816034235138,,,,,,,,,,,,,False,False,False
3584,1773732816.0842805,1773732816084284038,,,,,,,,,,,,,False,False,False
3585,1773732816.1343195,1773732816134321417,,,,,,,,,,,,,False,False,False
3586,1773732816.1842625,1773732816184264237,,,,,,,,,,,,,False,False,False
3587,1773732816.2342362,1773732816234238107,,,,,,,,,,,,,False,False,False
3588,1773732816.2842495,1773732816284252737,,,,,,,,,,,,,False,False,False
3589,1773732816.3342268,1773732816334229277,,,,,,,,,,,,,False,False,False
3590,1773732816.3842528,1773732816384255037,,,,,,,,,,,,,False,False,False
3591,1773732816.434306,1773732816434307836,,,,,,,,,,,,,False,False,False
3592,1773732816.4842365,1773732816484238517,,,,,,,,,,,,,False,False,False
3593,1773732816.5343235,1773732816534325436,,,,,,,,,,,,,False,False,False
3594,1773732816.5842462,1773732816584248226,,,,,,,,,,,,,False,False,False
3595,1773732816.6342494,1773732816634252636,,,,,,,,,,,,,False,False,False
3596,1773732816.6842542,1773732816684256286,,,,,,,,,,,,,False,False,False
3597,1773732816.7342458,1773732816734247736,,,,,,,,,,,,,False,False,False
3598,1773732816.7842538,1773732816784256356,,,,,,,,,,,,,False,False,False
3599,1773732816.8342454,1773732816834247206,,,,,,,,,,,,,False,False,False
3600,1773732816.8843193,1773732816884320666,,,,,,,,,,,,,False,False,False
3601,1773732816.9343257,1773732816934327715,,,,,,,,,,,,,False,False,False
3602,1773732816.9843593,1773732816984361895,,,,,,,,,,,,,False,False,False
3603,1773732817.034331,1773732817034332615,,,,,,,,,,,,,False,False,False
3604,1773732817.084266,1773732817084273845,,,,,,,,,,,,,False,False,False
3605,1773732817.134241,1773732817134242755,,,,,,,,,,,,,False,False,False
3606,1773732817.1842535,1773732817184255085,,,,,,,,,,,,,False,False,False
3607,1773732817.2343287,1773732817234330724,,,,,,,,,,,,,False,False,False
3608,1773732817.2843347,1773732817284337675,,,,,,,,,,,,,False,False,False
3609,1773732817.3342378,1773732817334239605,,,,,,,,,,,,,False,False,False
3610,1773732817.384236,1773732817384237835,,,,,,,,,,,,,False,False,False
3611,1773732817.43424,1773732817434241885,,,,,,,,,,,,,False,False,False
3612,1773732817.4842417,1773732817484243495,,,,,,,,,,,,,False,False,False
3613,1773732817.53432,1773732817534322244,,,,,,,,,,,,,False,False,False
3614,1773732817.584242,1773732817584244424,,,,,,,,,,,,,False,False,False
3615,1773732817.6342409,1773732817634242744,,,,,,,,,,,,,False,False,False
3616,1773732817.6843104,1773732817684313264,,,,,,,,,,,,,False,False,False
3617,1773732817.734288,1773732817734290074,,,,,,,,,,,,,False,False,False
3618,1773732817.7842438,1773732817784245134,,,,,,,,,,,,,False,False,False
3619,1773732817.8342624,1773732817834264223,,,,,,,,,,,,,False,False,False
3620,1773732817.884314,1773732817884315703,,,,,,,,,,,,,False,False,False
3621,1773732817.9342391,1773732817934241654,,,,,,,,,,,,,False,False,False
3622,1773732817.9845018,1773732817984504452,,,,,,,,,,,,,False,False,False
3623,1773732818.0342226,1773732818034224873,,,,,,,,,,,,,False,False,False
3624,1773732818.0842962,1773732818084298973,,,,,,,,,,,,,False,False,False
3625,1773732818.1342394,1773732818134256693,,,,,,,,,,,,,False,False,False
3626,1773732818.1842463,1773732818184248543,,,,,,,,,,,,,False,False,False
3627,1773732818.23432,1773732818234321712,,,,,,,,,,,,,False,False,False
3628,1773732818.2842941,1773732818284296192,,,,,,,,,,,,,False,False,False
3629,1773732818.3342924,1773732818334294682,,,,,,,,,,,,,False,False,False
3630,1773732818.3842402,1773732818384243872,,,,,,,,,,,,,False,False,False
3631,1773732818.434261,1773732818434263112,,,,,,,,,,,,,False,False,False
3632,1773732818.4842434,1773732818484245372,,,,,,,,,,,,,False,False,False
3633,1773732818.5343387,1773732818534342442,,,,,,,,,,,,,False,False,False
3634,1773732818.584277,1773732818584281122,,,,,,,,,,,,,False,False,False
3635,1773732818.6342247,1773732818634226782,,,,,,,,,,,,,False,False,False
3636,1773732818.6842422,1773732818684244102,,,,,,,,,,,,,False,False,False
3637,1773732818.734242,1773732818734243812,,,,,,,,,,,,,False,False,False
3638,1773732818.7842572,1773732818784259992,,,,,,,,,,,,,False,False,False
3639,1773732818.8342266,1773732818834228722,,,,,,,,,,,,,False,False,False
3640,1773732818.8842883,1773732818884290381,,,,,,,,,,,,,False,False,False
3641,1773732818.9344175,1773732818934419350,,,,,,,,,,,,,False,False,False
3642,1773732818.984262,1773732818984264111,,,,,,,,,,,,,False,False,False
3643,1773732819.034266,1773732819034274891,,,,,,,,,,,,,False,False,False
3644,1773732819.0842555,1773732819084257891,,,,,,,,,,,,,False,False,False
3645,1773732819.13431,1773732819134312971,,,,,,,,,,,,,False,False,False
3646,1773732819.1842048,1773732819184207361,,,,,,,,,,,,,False,False,False
3647,1773732819.2342386,1773732819234240631,,,,,,,,,,,,,False,False,False
3648,1773732819.2842414,1773732819284243471,,,,,,,,,,,,,False,False,False
3649,1773732819.3342571,1773732819334259500,,,,,,,,,,,,,False,False,False
3650,1773732819.384251,1773732819384254050,,,,,,,,,,,,,False,False,False
3651,1773732819.4344156,1773732819434417319,,,,,,,,,,,,,False,False,False
3652,1773732819.4842486,1773732819484250490,,,,,,,,,,,,,False,False,False
3653,1773732819.5342991,1773732819534302970,,,,,,,,,,,,,False,False,False
3654,1773732819.5842397,1773732819584241560,,,,,,,,,,,,,False,False,False
3655,1773732819.6342628,1773732819634264650,,,,,,,,,,,,,False,False,False
3656,1773732819.6843224,1773732819684339470,,,,,,,,,,,,,False,False,False
3657,1773732819.7343128,1773732819734314379,,,,,,,,,,,,,False,False,False
3658,1773732819.784378,1773732819784380279,,,,,,,,,,,,,False,False,False
3659,1773732819.8343117,1773732819834313299,,,,,,,,,,,,,False,False,False
3660,1773732819.8842802,1773732819884282559,,,,,,,,,,,,,False,False,False
3661,1773732819.934252,1773732819934253999,,,,,,,,,,,,,False,False,False
3662,1773732819.984254,1773732819984255719,,,,,,,,,,,,,False,False,False
3663,1773732820.034243,1773732820034245019,,,,,,,,,,,,,False,False,False
3664,1773732820.0842884,1773732820084290589,,,,,,,,,,,,,False,False,False
3665,1773732820.1342318,1773732820134233599,,,,,,,,,,,,,False,False,False
3666,1773732820.184257,1773732820184258938,,,,,,,,,,,,,False,False,False
3667,1773732820.2342863,1773732820234290029,,,,,,,,,,,,,False,False,False
3668,1773732820.2842445,1773732820284246389,,,,,,,,,,,,,False,False,False
3669,1773732820.334242,1773732820334243868,,,,,,,,,,,,,False,False,False
3670,1773732820.384234,1773732820384235878,,,,,,,,,,,,,False,False,False
3671,1773732820.4343154,1773732820434318468,,,,,,,,,,,,,False,False,False
3672,1773732820.4844167,1773732820484418597,,,,,,,,,,,,,False,False,False
3673,1773732820.534246,1773732820534247758,,,,,,,,,,,,,False,False,False
3674,1773732820.5842342,1773732820584236658,,,,,,,,,,,,,False,False,False
3675,1773732820.6342263,1773732820634228318,,,,,,,,,,,,,False,False,False
3676,1773732820.6842608,1773732820684263767,,,,,,,,,,,,,False,False,False
3677,1773732820.7342448,1773732820734246977,,,,,,,,,,,,,False,False,False
3678,1773732820.784329,1773732820784330997,,,,,,,,,,,,,False,False,False
3679,1773732820.8342788,1773732820834282197,,,,,,,,,,,,,False,False,False
3680,1773732820.884346,1773732820884349197,,,,,,,,,,,,,False,False,False
3681,1773732820.9342616,1773732820934263757,,,,,,,,,,,,,False,False,False
3682,1773732820.9845107,1773732820984515346,,,,,,,,,,,,,False,False,False
3683,1773732821.034233,1773732821034235017,,,,,,,,,,,,,False,False,False
3684,1773732821.0842795,1773732821084284357,,,,,,,,,,,,,False,False,False
3685,1773732821.134235,1773732821134236477,,,,,,,,,,,,,False,False,False
3686,1773732821.1842458,1773732821184248456,,,,,,,,,,,,,False,False,False
3687,1773732821.2343194,1773732821234321256,,,,,,,,,,,,,False,False,False
3688,1773732821.284274,1773732821284276376,,,,,,,,,,,,,False,False,False
3689,1773732821.3342323,1773732821334234307,,,,,,,,,,,,,False,False,False
3690,1773732821.3842394,1773732821384241246,,,,,,,,,,,,,False,False,False
3691,1773732821.4342785,1773732821434281776,,,,,,,,,,,,,False,False,False
3692,1773732821.484242,1773732821484243866,,,,,,,,,,,,,False,False,False
3693,1773732821.5342433,1773732821534245396,,,,,,,,,,,,,False,False,False
3694,1773732821.584252,1773732821584253876,,,,,,,,,,,,,False,False,False
3695,1773732821.6342561,1773732821634258146,,,,,,,,,,,,,False,False,False
3696,1773732821.6842868,1773732821684289445,,,,,,,,,,,,,False,False,False
3697,1773732821.734301,1773732821734303365,,,,,,,,,,,,,False,False,False
3698,1773732821.7842517,1773732821784253505,,,,,,,,,,,,,False,False,False
3699,1773732821.8342633,1773732821834265145,,,,,,,,,,,,,False,False,False
3700,1773732821.8842666,1773732821884275345,,,,,,,,,,,,,False,False,False
3701,1773732821.9342644,1773732821934276545,,,,,,,,,,,,,False,False,False
3702,1773732821.9842749,1773732821984279095,,,,,,,,,,,,,False,False,False
3703,1773732822.0343,1773732822034303075,,,,,,,,,,,,,False,False,False
3704,1773732822.0843801,1773732822084382324,,,,,,,,,,,,,False,False,False
3705,1773732822.1342366,1773732822134238475,,,,,,,,,,,,,False,False,False
3706,1773732822.1842566,1773732822184258814,,,,,,,,,,,,,False,False,False
3707,1773732822.2342367,1773732822234238464,,,,,,,,,,,,,False,False,False
3708,1773732822.2842453,1773732822284247074,,,,,,,,,,,,,False,False,False
3709,1773732822.3342478,1773732822334250134,,,,,,,,,,,,,False,False,False
3710,1773732822.3842657,1773732822384275784,,,,,,,,,,,,,False,False,False
3711,1773732822.4343204,1773732822434322104,,,,,,,,,,,,,False,False,False
3712,1773732822.4842653,1773732822484273794,,,,,,,,,,,,,False,False,False
3713,1773732822.534329,1773732822534330633,,,,,,,,,,,,,False,False,False
3714,1773732822.5842547,1773732822584256904,,,,,,,,,,,,,False,False,False
3715,1773732822.6347167,1773732822634718751,,,,,,,,,,,,,False,False,False
3716,1773732822.6843767,1773732822684379783,,,,,,,,,,,,,False,False,False
3717,1773732822.7342582,1773732822734259803,,,,,,,,,,,,,False,False,False
3718,1773732822.7843196,1773732822784321613,,,,,,,,,,,,,False,False,False
3719,1773732822.8342488,1773732822834250613,,,,,,,,,,,,,False,False,False
3720,1773732822.884262,1773732822884264313,,,,,,,,,,,,,False,False,False
3721,1773732822.9342926,1773732822934294413,,,,,,,,,,,,,False,False,False
3722,1773732822.984241,1773732822984242603,,,,,,,,,,,,,False,False,False
3723,1773732823.0343714,1773732823034375092,,,,,,,,,,,,,False,False,False
3724,1773732823.084254,1773732823084255603,,,,,,,,,,,,,False,False,False
3725,1773732823.1342423,1773732823134244203,,,,,,,,,,,,,False,False,False
3726,1773732823.1842468,1773732823184248602,,,,,,,,,,,,,False,False,False
3727,1773732823.2342494,1773732823234251102,,,,,,,,,,,,,False,False,False
3728,1773732823.2842417,1773732823284244192,,,,,,,,,,,,,False,False,False
3729,1773732823.3342557,1773732823334257592,,,,,,,,,,,,,False,False,False
3730,1773732823.384248,1773732823384250002,,,,,,,,,,,,,False,False,False
3731,1773732823.4342394,1773732823434241242,,,,,,,,,,,,,False,False,False
3732,1773732823.484232,1773732823484233632,,,,,,,,,,,,,False,False,False
3733,1773732823.5342307,1773732823534232782,,,,,,,,,,,,,False,False,False
3734,1773732823.584234,1773732823584235912,,,,,,,,,,,,,False,False,False
3735,1773732823.6342561,1773732823634258511,,,,,,,,,,,,,False,False,False
3736,1773732823.6842492,1773732823684250951,,,,,,,,,,,,,False,False,False
3737,1773732823.7342458,1773732823734247721,,,,,,,,,,,,,False,False,False
3738,1773732823.7842321,1773732823784234071,,,,,,,,,,,,,False,False,False
3739,1773732823.8342464,1773732823834248291,,,,,,,,,,,,,False,False,False
3740,1773732823.8842225,1773732823884224431,,,,,,,,,,,,,False,False,False
3741,1773732823.934202,1773732823934203321,,,,,,,,,,,,,False,False,False
3742,1773732823.984242,1773732823984243571,,,,,,,,,,,,,False,False,False
3743,1773732824.0343068,1773732824034311071,,,,,,,,,,,,,False,False,False
3744,1773732824.0842345,1773732824084236331,,,,,,,,,,,,,False,False,False
3745,1773732824.1342633,1773732824134265210,,,,,,,,,,,,,False,False,False
3746,1773732824.1842434,1773732824184245870,,,,,,,,,,,,,False,False,False
3747,1773732824.2342324,1773732824234234210,,,,,,,,,,,,,False,False,False
3748,1773732824.2842426,1773732824284244410,,,,,,,,,,,,,False,False,False
3749,1773732824.334263,1773732824334265000,,,,,,,,,,,,,False,False,False
3750,1773732824.384332,1773732824384335430,,,,,,,,,,,,,False,False,False
3751,1773732824.4342313,1773732824434232970,,,,,,,,,,,,,False,False,False
3752,1773732824.4842367,1773732824484238760,,,,,,,,,,,,,False,False,False
3753,1773732824.534241,1773732824534243029,,,,,,,,,,,,,False,False,False
3754,1773732824.58437,1773732824584371739,,,,,,,,,,,,,False,False,False
3755,1773732824.634241,1773732824634242959,,,,,,,,,,,,,False,False,False
3756,1773732824.6843429,1773732824684345058,,,,,,,,,,,,,False,False,False
3757,1773732824.734352,1773732824734354748,,,,,,,,,,,,,False,False,False
3758,1773732824.78425,1773732824784252069,,,,,,,,,,,,,False,False,False
3759,1773732824.8342402,1773732824834242109,,,,,,,,,,,,,False,False,False
3760,1773732824.8842416,1773732824884243589,,,,,,,,,,,,,False,False,False
3761,1773732824.9341998,1773732824934201899,,,,,,,,,,,,,False,False,False
3762,1773732824.9842458,1773732824984247628,,,,,,,,,,,,,False,False,False
3763,1773732825.0342376,1773732825034239458,,,,,,,,,,,,,False,False,False
3764,1773732825.0842855,1773732825084288768,,,,,,,,,,,,,False,False,False
3765,1773732825.1341975,1773732825134199739,,,,,,,,,,,,,False,False,False
3766,1773732825.1842756,1773732825184278150,,,,,,,,,,,,,False,False,False
3767,1773732825.2342885,1773732825234290530,,,,,,,,,,,,,False,False,False
3768,1773732825.284242,1773732825284243429,,,,,,,,,,,,,False,False,False
3769,1773732825.3343084,1773732825334310309,,,,,,,,,,,,,False,False,False
3770,1773732825.3842797,1773732825384281599,,,,,,,,,,,,,False,False,False
3771,1773732825.4342513,1773732825434253219,,,,,,,,,,,,,False,False,False
3772,1773732825.4843826,1773732825484384928,,,,,,,,,,,,,False,False,False
3773,1773732825.5342412,1773732825534243369,,,,,,,,,,,,,False,False,False
3774,1773732825.5842538,1773732825584255909,,,,,,,,,,,,,False,False,False
3775,1773732825.6342807,1773732825634282859,,,,,,,,,,,,,False,False,False
3776,1773732825.6842644,1773732825684266229,,,,,,,,,,,,,False,False,False
3777,1773732825.7342331,1773732825734234669,,,,,,,,,,,,,False,False,False
3778,1773732825.7843962,1773732825784398008,,,,,,,,,,,,,False,False,False
3779,1773732825.8343155,1773732825834317138,,,,,,,,,,,,,False,False,False
3780,1773732825.8843243,1773732825884326338,,,,,,,,,,,,,False,False,False
3781,1773732825.9342206,1773732825934222538,,,,,,,,,,,,,False,False,False
3782,1773732825.984443,1773732825984445407,,,,,,,,,,,,,False,False,False
3783,1773732826.0342402,1773732826034242048,,,,,,,,,,,,,False,False,False
3784,1773732826.084255,1773732826084256578,,,,,,,,,,,,,False,False,False
3785,1773732826.1342802,1773732826134282148,,,,,,,,,,,,,False,False,False
3786,1773732826.184247,1773732826184248828,,,,,,,,,,,,,False,False,False
3787,1773732826.2342997,1773732826234301567,,,,,,,,,,,,,False,False,False
3788,1773732826.2842286,1773732826284229937,,,,,,,,,,,,,False,False,False
3789,1773732826.3342752,1773732826334277967,,,,,,,,,,,,,False,False,False
3790,1773732826.3843164,1773732826384320617,,,,,,,,,,,,,False,False,False
3791,1773732826.434283,1773732826434285297,,,,,,,,,,,,,False,False,False
3792,1773732826.4842398,1773732826484241927,,,,,,,,,,,,,False,False,False
3793,1773732826.5342972,1773732826534299517,,,,,,,,,,,,,False,False,False
3794,1773732826.5842457,1773732826584247587,,,,,,,,,,,,,False,False,False
3795,1773732826.6343179,1773732826634321346,,,,,,,,,,,,,False,False,False
3796,1773732826.6842556,1773732826684257067,,,,,,,,,,,,,False,False,False
3797,1773732826.7343266,1773732826734329186,,,,,,,,,,,,,False,False,False
3798,1773732826.7842524,1773732826784254446,,,,,,,,,,,,,False,False,False
3799,1773732826.8342443,1773732826834246246,,,,,,,,,,,,,False,False,False
3800,1773732826.8842444,1773732826884246416,,,,,,,,,,,,,False,False,False
3801,1773732826.934402,1773732826934404486,,,,,,,,,,,,,False,False,False
3802,1773732826.9843261,1773732826984328236,,,,,,,,,,,,,False,False,False
3803,1773732827.03429,1773732827034292436,,,,,,,,,,,,,False,False,False
3804,1773732827.084264,1773732827084265736,,,,,,,,,,,,,False,False,False
3805,1773732827.1342597,1773732827134262286,,,,,,,,,,,,,False,False,False
3806,1773732827.1842291,1773732827184230656,,,,,,,,,,,,,False,False,False
3807,1773732827.2342534,1773732827234255235,,,,,,,,,,,,,False,False,False
3808,1773732827.284287,1773732827284289685,,,,,,,,,,,,,False,False,False
3809,1773732827.3343027,1773732827334304825,,,,,,,,,,,,,False,False,False
3810,1773732827.3842366,1773732827384238386,,,,,,,,,,,,,False,False,False
3811,1773732827.4342983,1773732827434300485,,,,,,,,,,,,,False,False,False
3812,1773732827.4842079,1773732827484209905,,,,,,,,,,,,,False,False,False
3813,1773732827.534286,1773732827534288135,,,,,,,,,,,,,False,False,False
3814,1773732827.58424,1773732827584241745,,,,,,,,,,,,,False,False,False
3815,1773732827.6342468,1773732827634248855,,,,,,,,,,,,,False,False,False
3816,1773732827.68422,1773732827684221805,,,,,,,,,,,,,False,False,False
3817,1773732827.7342563,1773732827734258324,,,,,,,,,,,,,False,False,False
3818,1773732827.7842352,1773732827784239555,,,,,,,,,,,,,False,False,False
3819,1773732827.8342853,1773732827834287884,,,,,,,,,,,,,False,False,False
3820,1773732827.88424,1773732827884241995,,,,,,,,,,,,,False,False,False
3821,1773732827.9343295,1773732827934332224,,,,,,,,,,,,,False,False,False
3822,1773732827.9842541,1773732827984258044,,,,,,,,,,,,,False,False,False
3823,1773732828.0344024,1773732828034403653,,,,,,,,,,,,,False,False,False
3824,1773732828.0843582,1773732828084360823,,,,,,,,,,,,,False,False,False
3825,1773732828.1342764,1773732828134278594,,,,,,,,,,,,,False,False,False
3826,1773732828.1842487,1773732828184250604,,,,,,,,,,,,,False,False,False
3827,1773732828.2343216,1773732828234323634,,,,,,,,,,,,,False,False,False
3828,1773732828.2845933,1773732828284595312,,,,,,,,,,,,,False,False,False
3829,1773732828.3344126,1773732828334414603,,,,,,,,,,,,,False,False,False
3830,1773732828.3842487,1773732828384250623,,,,,,,,,,,,,False,False,False
3831,1773732828.4342487,1773732828434250593,,,,,,,,,,,,,False,False,False
3832,1773732828.4842844,1773732828484286793,,,,,,,,,,,,,False,False,False
3833,1773732828.5343027,1773732828534304483,,,,,,,,,,,,,False,False,False
3834,1773732828.5842402,1773732828584242003,,,,,,,,,,,,,False,False,False
3835,1773732828.6342957,1773732828634297553,,,,,,,,,,,,,False,False,False
3836,1773732828.6842983,1773732828684301643,,,,,,,,,,,,,False,False,False
3837,1773732828.7342577,1773732828734259613,,,,,,,,,,,,,False,False,False
3838,1773732828.784196,1773732828784197693,,,,,,,,,,,,,False,False,False
3839,1773732828.8342817,1773732828834284662,,,,,,,,,,,,,False,False,False
3840,1773732828.8842425,1773732828884247012,,,,,,,,,,,,,False,False,False
3841,1773732828.9342542,1773732828934256162,,,,,,,,,,,,,False,False,False
3842,1773732828.9842548,1773732828984256822,,,,,,,,,,,,,False,False,False
3843,1773732829.0343359,1773732829034337402,,,,,,,,,,,,,False,False,False
3844,1773732829.0846367,1773732829084638731,,,,,,,,,,,,,False,False,False
3845,1773732829.1342406,1773732829134242202,,,,,,,,,,,,,False,False,False
3846,1773732829.1842375,1773732829184239222,,,,,,,,,,,,,False,False,False
3847,1773732829.2342854,1773732829234287022,,,,,,,,,,,,,False,False,False
3848,1773732829.2842767,1773732829284278492,,,,,,,,,,,,,False,False,False
3849,1773732829.334284,1773732829334286021,,,,,,,,,,,,,False,False,False
3850,1773732829.3842378,1773732829384239442,,,,,,,,,,,,,False,False,False
3851,1773732829.4342403,1773732829434242112,,,,,,,,,,,,,False,False,False
3852,1773732829.484401,1773732829484403101,,,,,,,,,,,,,False,False,False
3853,1773732829.5342493,1773732829534250981,,,,,,,,,,,,,False,False,False
3854,1773732829.5842197,1773732829584222481,,,,,,,,,,,,,False,False,False
3855,1773732829.6342387,1773732829634240691,,,,,,,,,,,,,False,False,False
3856,1773732829.684229,1773732829684230621,,,,,,,,,,,,,False,False,False
3857,1773732829.7342193,1773732829734220641,,,,,,,,,,,,,False,False,False
3858,1773732829.7842793,1773732829784281181,,,,,,,,,,,,,False,False,False
3859,1773732829.8343165,1773732829834318431,,,,,,,,,,,,,False,False,False
3860,1773732829.8842378,1773732829884240071,,,,,,,,,,,,,False,False,False
3861,1773732829.934466,1773732829934468010,,,,,,,,,,,,,False,False,False
3862,1773732829.9842286,1773732829984230401,,,,,,,,,,,,,False,False,False
3863,1773732830.0342515,1773732830034253860,,,,,,,,,,,,,False,False,False
3864,1773732830.0842633,1773732830084265460,,,,,,,,,,,,,False,False,False
3865,1773732830.1343288,1773732830134331040,,,,,,,,,,,,,False,False,False
3866,1773732830.1842499,1773732830184251720,,,,,,,,,,,,,False,False,False
3867,1773732830.2342942,1773732830234298080,,,,,,,,,,,,,False,False,False
3868,1773732830.2843237,1773732830284325520,,,,,,,,,,,,,False,False,False
3869,1773732830.3342032,1773732830334204750,,,,,,,,,,,,,False,False,False
3870,1773732830.384346,1773732830384348149,,,,,,,,,,,,,False,False,False
3871,1773732830.4341934,1773732830434195300,,,,,,,,,,,,,False,False,False
3872,1773732830.4842424,1773732830484244480,,,,,,,,,,,,,False,False,False
3873,1773732830.534243,1773732830534245049,,,,,,,,,,,,,False,False,False
3874,1773732830.5842519,1773732830584254249,,,,,,,,,,,,,False,False,False
3875,1773732830.6343231,1773732830634324979,,,,,,,,,,,,,False,False,False
3876,1773732830.684244,1773732830684246039,,,,,,,,,,,,,False,False,False
3877,1773732830.734247,1773732830734248549,,,,,,,,,,,,,False,False,False
3878,1773732830.7842321,1773732830784234609,,,,,,,,,,,,,False,False,False
3879,1773732830.834312,1773732830834315269,,,,,,,,,,,,,False,False,False
3880,1773732830.884357,1773732830884359418,,,,,,,,,,,,,False,False,False
3881,1773732830.9342666,1773732830934281239,,,,,,,,,,,,,False,False,False
3882,1773732830.984255,1773732830984257559,,,,,,,,,,,,,False,False,False
3883,1773732831.0342507,1773732831034252499,,,,,,,,,,,,,False,False,False
3884,1773732831.0843918,1773732831084393968,,,,,,,,,,,,,False,False,False
3885,1773732831.1342895,1773732831134291258,,,,,,,,,,,,,False,False,False
3886,1773732831.1842306,1773732831184232579,,,,,,,,,,,,,False,False,False
3887,1773732831.2342885,1773732831234290168,,,,,,,,,,,,,False,False,False
3888,1773732831.2845645,1773732831284566407,,,,,,,,,,,,,False,False,False
3889,1773732831.3342404,1773732831334242828,,,,,,,,,,,,,False,False,False
3890,1773732831.3842578,1773732831384259798,,,,,,,,,,,,,False,False,False
3891,1773732831.4342353,1773732831434237318,,,,,,,,,,,,,False,False,False
3892,1773732831.484239,1773732831484240888,,,,,,,,,,,,,False,False,False
3893,1773732831.5342855,1773732831534288098,,,,,,,,,,,,,False,False,False
3894,1773732831.5842485,1773732831584250518,,,,,,,,,,,,,False,False,False
3895,1773732831.6342423,1773732831634244028,,,,,,,,,,,,,False,False,False
3896,1773732831.684245,1773732831684246657,,,,,,,,,,,,,False,False,False
3897,1773732831.7342455,1773732831734247437,,,,,,,,,,,,,False,False,False
3898,1773732831.7842362,1773732831784240298,,,,,,,,,,,,,False,False,False
3899,1773732831.8342593,1773732831834261407,,,,,,,,,,,,,False,False,False
3900,1773732831.884248,1773732831884249957,,,,,,,,,,,,,False,False,False
3901,1773732831.9343386,1773732831934340467,,,,,,,,,,,,,False,False,False
3902,1773732831.9842322,1773732831984234377,,,,,,,,,,,,,False,False,False
3903,1773732832.0342605,1773732832034262317,,,,,,,,,,,,,False,False,False
3904,1773732832.0842438,1773732832084245637,,,,,,,,,,,,,False,False,False
3905,1773732832.1342814,1773732832134284596,,,,,,,,,,,,,False,False,False
3906,1773732832.184461,1773732832184463426,,,,,,,,,,,,,False,False,False
3907,1773732832.2342417,1773732832234243407,,,,,,,,,,,,,False,False,False
3908,1773732832.2842386,1773732832284240237,,,,,,,,,,,,,False,False,False
3909,1773732832.3342426,1773732832334244316,,,,,,,,,,,,,False,False,False
3910,1773732832.3843052,1773732832384306816,,,,,,,,,,,,,False,False,False
3911,1773732832.4342535,1773732832434255656,,,,,,,,,,,,,False,False,False
3912,1773732832.4842439,1773732832484246186,,,,,,,,,,,,,False,False,False
3913,1773732832.5342388,1773732832534240726,,,,,,,,,,,,,False,False,False
3914,1773732832.5842452,1773732832584247396,,,,,,,,,,,,,False,False,False
3915,1773732832.6342418,1773732832634243716,,,,,,,,,,,,,False,False,False
3916,1773732832.6842003,1773732832684202166,,,,,,,,,,,,,False,False,False
3917,1773732832.734241,1773732832734243206,,,,,,,,,,,,,False,False,False
3918,1773732832.7842376,1773732832784239476,,,,,,,,,,,,,False,False,False
3919,1773732832.8342855,1773732832834287975,,,,,,,,,,,,,False,False,False
3920,1773732832.8842452,1773732832884247205,,,,,,,,,,,,,False,False,False
3921,1773732832.934265,1773732832934266625,,,,,,,,,,,,,False,False,False
3922,1773732832.9842775,1773732832984280165,,,,,,,,,,,,,False,False,False
3923,1773732833.0341892,1773732833034191406,,,,,,,,,,,,,False,False,False
3924,1773732833.0842745,1773732833084277375,,,,,,,,,,,,,False,False,False
3925,1773732833.1342394,1773732833134241455,,,,,,,,,,,,,False,False,False
3926,1773732833.1842544,1773732833184257285,,,,,,,,,,,,,False,False,False
3927,1773732833.2342367,1773732833234238785,,,,,,,,,,,,,False,False,False
3928,1773732833.2841887,1773732833284190445,,,,,,,,,,,,,False,False,False
3929,1773732833.3342392,1773732833334241265,,,,,,,,,,,,,False,False,False
3930,1773732833.3842514,1773732833384253645,,,,,,,,,,,,,False,False,False
3931,1773732833.434459,1773732833434461424,,,,,,,,,,,,,False,False,False
3932,1773732833.4845514,1773732833484553853,,,,,,,,,,,,,False,False,False
3933,1773732833.5342503,1773732833534252114,,,,,,,,,,,,,False,False,False
3934,1773732833.5842605,1773732833584262364,,,,,,,,,,,,,False,False,False
3935,1773732833.634276,1773732833634278814,,,,,,,,,,,,,False,False,False
3936,1773732833.684266,1773732833684276724,,,,,,,,,,,,,False,False,False
3937,1773732833.7342465,1773732833734248544,,,,,,,,,,,,,False,False,False
3938,1773732833.7842786,1773732833784280564,,,,,,,,,,,,,False,False,False
3939,1773732833.834237,1773732833834239404,,,,,,,,,,,,,False,False,False
3940,1773732833.8842614,1773732833884264304,,,,,,,,,,,,,False,False,False
3941,1773732833.934409,1773732833934411783,,,,,,,,,,,,,False,False,False
3942,1773732833.9842377,1773732833984239633,,,,,,,,,,,,,False,False,False
3943,1773732834.034256,1773732834034258344,,,,,,,,,,,,,False,False,False
3944,1773732834.084252,1773732834084255184,,,,,,,,,,,,,False,False,False
3945,1773732834.1342413,1773732834134243213,,,,,,,,,,,,,False,False,False
3946,1773732834.1842499,1773732834184251963,,,,,,,,,,,,,False,False,False
3947,1773732834.2342498,1773732834234251753,,,,,,,,,,,,,False,False,False
3948,1773732834.2843246,1773732834284326613,,,,,,,,,,,,,False,False,False
3949,1773732834.3344514,1773732834334454062,,,,,,,,,,,,,False,False,False
3950,1773732834.3842554,1773732834384257683,,,,,,,,,,,,,False,False,False
3951,1773732834.4342427,1773732834434244853,,,,,,,,,,,,,False,False,False
3952,1773732834.484246,1773732834484248013,,,,,,,,,,,,,False,False,False
3953,1773732834.5342023,1773732834534204473,,,,,,,,,,,,,False,False,False
3954,1773732834.584213,1773732834584215443,,,,,,,,,,,,,False,False,False
3955,1773732834.6342435,1773732834634245992,,,,,,,,,,,,,False,False,False
3956,1773732834.6842642,1773732834684266022,,,,,,,,,,,,,False,False,False
3957,1773732834.734266,1773732834734272912,,,,,,,,,,,,,False,False,False
3958,1773732834.7842467,1773732834784249012,,,,,,,,,,,,,False,False,False
3959,1773732834.8342886,1773732834834291672,,,,,,,,,,,,,False,False,False
3960,1773732834.8844535,1773732834884457281,,,,,,,,,,,,,False,False,False
3961,1773732834.934614,1773732834934616130,,,,,,,,,,,,,False,False,False
3962,1773732834.9842494,1773732834984251492,,,,,,,,,,,,,False,False,False
3963,1773732835.0342622,1773732835034264032,,,,,,,,,,,,,False,False,False
3964,1773732835.0843346,1773732835084337152,,,,,,,,,,,,,False,False,False
3965,1773732835.1343265,1773732835134328151,,,,,,,,,,,,,False,False,False
3966,1773732835.1842566,1773732835184258472,,,,,,,,,,,,,False,False,False
3967,1773732835.2342732,1773732835234275251,,,,,,,,,,,,,False,False,False
3968,1773732835.284262,1773732835284263901,,,,,,,,,,,,,False,False,False
3969,1773732835.3342316,1773732835334233141,,,,,,,,,,,,,False,False,False
3970,1773732835.3842454,1773732835384247631,,,,,,,,,,,,,False,False,False
3971,1773732835.4342937,1773732835434295911,,,,,,,,,,,,,False,False,False
3972,1773732835.4842398,1773732835484241441,,,,,,,,,,,,,False,False,False
3973,1773732835.5345182,1773732835534520380,,,,,,,,,,,,,False,False,False
3974,1773732835.5842447,1773732835584247061,,,,,,,,,,,,,False,False,False
3975,1773732835.6342278,1773732835634229901,,,,,,,,,,,,,False,False,False
3976,1773732835.6842375,1773732835684239391,,,,,,,,,,,,,False,False,False
3977,1773732835.7342374,1773732835734239291,,,,,,,,,,,,,False,False,False
3978,1773732835.7842522,1773732835784253881,,,,,,,,,,,,,False,False,False
3979,1773732835.8342338,1773732835834235471,,,,,,,,,,,,,False,False,False
3980,1773732835.8842392,1773732835884241071,,,,,,,,,,,,,False,False,False
3981,1773732835.9343119,1773732835934313710,,,,,,,,,,,,,False,False,False
3982,1773732835.984285,1773732835984287620,,,,,,,,,,,,,False,False,False
3983,1773732836.0342498,1773732836034251570,,,,,,,,,,,,,False,False,False
3984,1773732836.084307,1773732836084309380,,,,,,,,,,,,,False,False,False
3985,1773732836.1342418,1773732836134243720,,,,,,,,,,,,,False,False,False
3986,1773732836.1842473,1773732836184249420,,,,,,,,,,,,,False,False,False
3987,1773732836.2342098,1773732836234211690,,,,,,,,,,,,,False,False,False
3988,1773732836.2842388,1773732836284240640,,,,,,,,,,,,,False,False,False
3989,1773732836.3342392,1773732836334241300,,,,,,,,,,,,,False,False,False
3990,1773732836.384299,1773732836384301979,,,,,,,,,,,,,False,False,False
3991,1773732836.4342437,1773732836434245449,,,,,,,,,,,,,False,False,False
3992,1773732836.48425,1773732836484251940,,,,,,,,,,,,,False,False,False
3993,1773732836.534263,1773732836534264639,,,,,,,,,,,,,False,False,False
3994,1773732836.5842597,1773732836584261759,,,,,,,,,,,,,False,False,False
3995,1773732836.6343591,1773732836634361349,,,,,,,,,,,,,False,False,False
3996,1773732836.6843233,1773732836684325189,,,,,,,,,,,,,False,False,False
3997,1773732836.7344158,1773732836734418308,,,,,,,,,,,,,False,False,False
3998,1773732836.7843387,1773732836784340709,,,,,,,,,,,,,False,False,False
3999,1773732836.8342423,1773732836834243839,,,,,,,,,,,,,False,False,False
4000,1773732836.8842592,1773732836884261369,,,,,,,,,,,,,False,False,False
4001,1773732836.9342437,1773732836934245629,,,,,,,,,,,,,False,False,False
4002,1773732836.9843976,1773732836984399528,,,,,,,,,,,,,False,False,False
4003,1773732837.0342479,1773732837034249709,,,,,,,,,,,,,False,False,False
4004,1773732837.0843232,1773732837084326528,,,,,,,,,,,,,False,False,False
4005,1773732837.1342962,1773732837134298088,,,,,,,,,,,,,False,False,False
4006,1773732837.1842294,1773732837184231519,,,,,,,,,,,,,False,False,False
4007,1773732837.2342455,1773732837234247538,,,,,,,,,,,,,False,False,False
4008,1773732837.2842772,1773732837284280968,,,,,,,,,,,,,False,False,False
4009,1773732837.3342624,1773732837334264328,,,,,,,,,,,,,False,False,False
4010,1773732837.38424,1773732837384241908,,,,,,,,,,,,,False,False,False
4011,1773732837.4342344,1773732837434236248,,,,,,,,,,,,,False,False,False
4012,1773732837.4843287,1773732837484330748,,,,,,,,,,,,,False,False,False
4013,1773732837.534301,1773732837534302828,,,,,,,,,,,,,False,False,False
4014,1773732837.584243,1773732837584244688,,,,,,,,,,,,,False,False,False
4015,1773732837.6342528,1773732837634254578,,,,,,,,,,,,,False,False,False
4016,1773732837.68425,1773732837684251868,,,,,,,,,,,,,False,False,False
4017,1773732837.7342384,1773732837734240277,,,,,,,,,,,,,False,False,False
4018,1773732837.7842402,1773732837784242008,,,,,,,,,,,,,False,False,False
4019,1773732837.8342304,1773732837834232498,,,,,,,,,,,,,False,False,False
4020,1773732837.8843238,1773732837884325817,,,,,,,,,,,,,False,False,False
4021,1773732837.9342396,1773732837934241497,,,,,,,,,,,,,False,False,False
4022,1773732837.9842951,1773732837984298117,,,,,,,,,,,,,False,False,False
4023,1773732838.0342534,1773732838034255097,,,,,,,,,,,,,False,False,False
4024,1773732838.0842526,1773732838084254647,,,,,,,,,,,,,False,False,False
4025,1773732838.134319,1773732838134321067,,,,,,,,,,,,,False,False,False
4026,1773732838.18425,1773732838184251527,,,,,,,,,,,,,False,False,False
4027,1773732838.2342489,1773732838234250657,,,,,,,,,,,,,False,False,False
4028,1773732838.2842414,1773732838284243157,,,,,,,,,,,,,False,False,False
4029,1773732838.3342433,1773732838334244887,,,,,,,,,,,,,False,False,False
4030,1773732838.384244,1773732838384245466,,,,,,,,,,,,,False,False,False
4031,1773732838.434265,1773732838434266637,,,,,,,,,,,,,False,False,False
4032,1773732838.4842384,1773732838484240047,,,,,,,,,,,,,False,False,False
4033,1773732838.5343258,1773732838534334476,,,,,,,,,,,,,False,False,False
4034,1773732838.5842543,1773732838584256116,,,,,,,,,,,,,False,False,False
4035,1773732838.6342373,1773732838634239126,,,,,,,,,,,,,False,False,False
4036,1773732838.6842842,1773732838684286216,,,,,,,,,,,,,False,False,False
4037,1773732838.7342477,1773732838734249626,,,,,,,,,,,,,False,False,False
4038,1773732838.7842565,1773732838784259986,,,,,,,,,,,,,False,False,False
4039,1773732838.8342407,1773732838834242956,,,,,,,,,,,,,False,False,False
4040,1773732838.8842864,1773732838884288656,,,,,,,,,,,,,False,False,False
4041,1773732838.9342427,1773732838934244846,,,,,,,,,,,,,False,False,False
4042,1773732838.9842358,1773732838984239016,,,,,,,,,,,,,False,False,False
4043,1773732839.0343122,1773732839034315055,,,,,,,,,,,,,False,False,False
4044,1773732839.0842588,1773732839084260776,,,,,,,,,,,,,False,False,False
4045,1773732839.1342652,1773732839134271285,,,,,,,,,,,,,False,False,False
4046,1773732839.184285,1773732839184286845,,,,,,,,,,,,,False,False,False
4047,1773732839.234234,1773732839234236025,,,,,,,,,,,,,False,False,False
4048,1773732839.2842515,1773732839284253405,,,,,,,,,,,,,False,False,False
4049,1773732839.3342378,1773732839334239595,,,,,,,,,,,,,False,False,False
4050,1773732839.3842602,1773732839384262165,,,,,,,,,,,,,False,False,False
4051,1773732839.434331,1773732839434333175,,,,,,,,,,,,,False,False,False
4052,1773732839.4842603,1773732839484262275,,,,,,,,,,,,,False,False,False
4053,1773732839.5342374,1773732839534239375,,,,,,,,,,,,,False,False,False
4054,1773732839.5842392,1773732839584241375,,,,,,,,,,,,,False,False,False
4055,1773732839.634231,1773732839634232825,,,,,,,,,,,,,False,False,False
4056,1773732839.684285,1773732839684287264,,,,,,,,,,,,,False,False,False
4057,1773732839.734223,1773732839734224705,,,,,,,,,,,,,False,False,False
4058,1773732839.7842343,1773732839784235995,,,,,,,,,,,,,False,False,False
4059,1773732839.8342624,1773732839834264104,,,,,,,,,,,,,False,False,False
4060,1773732839.8842108,1773732839884212804,,,,,,,,,,,,,False,False,False
4061,1773732839.9342372,1773732839934239064,,,,,,,,,,,,,False,False,False
4062,1773732839.9842248,1773732839984226904,,,,,,,,,,,,,False,False,False
4063,1773732840.034239,1773732840034241454,,,,,,,,,,,,,False,False,False
4064,1773732840.084251,1773732840084252904,,,,,,,,,,,,,False,False,False
4065,1773732840.134358,1773732840134362173,,,,,,,,,,,,,False,False,False
4066,1773732840.1843235,1773732840184325493,,,,,,,,,,,,,False,False,False
4067,1773732840.234208,1773732840234209814,,,,,,,,,,,,,False,False,False
4068,1773732840.2843018,1773732840284305393,,,,,,,,,,,,,False,False,False
4069,1773732840.3343165,1773732840334318524,,,,,,,,,,,,,False,False,False
4070,1773732840.3842413,1773732840384243444,,,,,,,,,,,,,False,False,False
4071,1773732840.4344451,1773732840434446943,,,,,,,,,,,,,False,False,False
4072,1773732840.4842377,1773732840484239373,,,,,,,,,,,,,False,False,False
4073,1773732840.5342307,1773732840534232643,,,,,,,,,,,,,False,False,False
4074,1773732840.5842361,1773732840584238233,,,,,,,,,,,,,False,False,False
4075,1773732840.6343026,1773732840634304663,,,,,,,,,,,,,False,False,False
4076,1773732840.684241,1773732840684243113,,,,,,,,,,,,,False,False,False
4077,1773732840.7343013,1773732840734304883,,,,,,,,,,,,,False,False,False
4078,1773732840.7842526,1773732840784254443,,,,,,,,,,,,,False,False,False
4079,1773732840.8343043,1773732840834306143,,,,,,,,,,,,,False,False,False
4080,1773732840.8842402,1773732840884242203,,,,,,,,,,,,,False,False,False
4081,1773732840.9342525,1773732840934254493,,,,,,,,,,,,,False,False,False
4082,1773732840.984437,1773732840984440712,,,,,,,,,,,,,False,False,False
4083,1773732841.0343175,1773732841034319132,,,,,,,,,,,,,False,False,False
4084,1773732841.0844371,1773732841084439072,,,,,,,,,,,,,False,False,False
4085,1773732841.1342645,1773732841134272082,,,,,,,,,,,,,False,False,False
4086,1773732841.1844058,1773732841184407832,,,,,,,,,,,,,False,False,False
4087,1773732841.2344303,1773732841234433251,,,,,,,,,,,,,False,False,False
4088,1773732841.2842197,1773732841284221503,,,,,,,,,,,,,False,False,False
4089,1773732841.3344097,1773732841334411022,,,,,,,,,,,,,False,False,False
4090,1773732841.384262,1773732841384263792,,,,,,,,,,,,,False,False,False
4091,1773732841.4343343,1773732841434336242,,,,,,,,,,,,,False,False,False
4092,1773732841.4842415,1773732841484243222,,,,,,,,,,,,,False,False,False
4093,1773732841.534425,1773732841534426871,,,,,,,,,,,,,False,False,False
4094,1773732841.5842443,1773732841584245982,,,,,,,,,,,,,False,False,False
4095,1773732841.6342869,1773732841634289122,,,,,,,,,,,,,False,False,False
4096,1773732841.6842842,1773732841684287322,,,,,,,,,,,,,False,False,False
4097,1773732841.7342238,1773732841734225662,,,,,,,,,,,,,False,False,False
4098,1773732841.7842824,1773732841784284561,,,,,,,,,,,,,False,False,False
4099,1773732841.8342328,1773732841834234681,,,,,,,,,,,,,False,False,False
4100,1773732841.8843684,1773732841884370091,,,,,,,,,,,,,False,False,False
4101,1773732841.9342172,1773732841934219232,,,,,,,,,,,,,False,False,False
4102,1773732841.9842916,1773732841984293691,,,,,,,,,,,,,False,False,False
4103,1773732842.0342402,1773732842034242271,,,,,,,,,,,,,False,False,False
4104,1773732842.0842552,1773732842084257041,,,,,,,,,,,,,False,False,False
4105,1773732842.134251,1773732842134253121,,,,,,,,,,,,,False,False,False
4106,1773732842.1842341,1773732842184235981,,,,,,,,,,,,,False,False,False
4107,1773732842.2342389,1773732842234240841,,,,,,,,,,,,,False,False,False
4108,1773732842.284241,1773732842284242791,,,,,,,,,,,,,False,False,False
4109,1773732842.334243,1773732842334244921,,,,,,,,,,,,,False,False,False
4110,1773732842.3842864,1773732842384288970,,,,,,,,,,,,,False,False,False
4111,1773732842.4342387,1773732842434240560,,,,,,,,,,,,,False,False,False
4112,1773732842.4842403,1773732842484242471,,,,,,,,,,,,,False,False,False
4113,1773732842.534254,1773732842534256061,,,,,,,,,,,,,False,False,False
4114,1773732842.584238,1773732842584240010,,,,,,,,,,,,,False,False,False
4115,1773732842.6343215,1773732842634323420,,,,,,,,,,,,,False,False,False
4116,1773732842.6842544,1773732842684256440,,,,,,,,,,,,,False,False,False
4117,1773732842.7342398,1773732842734241620,,,,,,,,,,,,,False,False,False
4118,1773732842.7842667,1773732842784276030,,,,,,,,,,,,,False,False,False
4119,1773732842.8342664,1773732842834288080,,,,,,,,,,,,,False,False,False
4120,1773732842.8843257,1773732842884327530,,,,,,,,,,,,,False,False,False
4121,1773732842.934293,1773732842934294700,,,,,,,,,,,,,False,False,False
4122,1773732842.984426,1773732842984427979,,,,,,,,,,,,,False,False,False
4123,1773732843.0342863,1773732843034287859,,,,,,,,,,,,,False,False,False
4124,1773732843.084218,1773732843084220080,,,,,,,,,,,,,False,False,False
4125,1773732843.1342885,1773732843134292070,,,,,,,,,,,,,False,False,False
4126,1773732843.1842365,1773732843184238320,,,,,,,,,,,,,False,False,False
4127,1773732843.234307,1773732843234308959,,,,,,,,,,,,,False,False,False
4128,1773732843.2842834,1773732843284285719,,,,,,,,,,,,,False,False,False
4129,1773732843.334238,1773732843334240039,,,,,,,,,,,,,False,False,False
4130,1773732843.384287,1773732843384289659,,,,,,,,,,,,,False,False,False
4131,1773732843.4342515,1773732843434253299,,,,,,,,,,,,,False,False,False
4132,1773732843.4842334,1773732843484235239,,,,,,,,,,,,,False,False,False
4133,1773732843.5343342,1773732843534335889,,,,,,,,,,,,,False,False,False
4134,1773732843.5842416,1773732843584243789,,,,,,,,,,,,,False,False,False
4135,1773732843.6343172,1773732843634318959,,,,,,,,,,,,,False,False,False
4136,1773732843.684253,1773732843684254989,,,,,,,,,,,,,False,False,False
4137,1773732843.7342486,1773732843734250639,,,,,,,,,,,,,False,False,False
4138,1773732843.7842412,1773732843784242929,,,,,,,,,,,,,False,False,False
4139,1773732843.8342533,1773732843834255369,,,,,,,,,,,,,False,False,False
4140,1773732843.8842442,1773732843884246348,,,,,,,,,,,,,False,False,False
4141,1773732843.9342487,1773732843934250219,,,,,,,,,,,,,False,False,False
4142,1773732843.9842148,1773732843984216559,,,,,,,,,,,,,False,False,False
4143,1773732844.0342536,1773732844034255408,,,,,,,,,,,,,False,False,False
4144,1773732844.08432,1773732844084321928,,,,,,,,,,,,,False,False,False
4145,1773732844.1342263,1773732844134228498,,,,,,,,,,,,,False,False,False
4146,1773732844.1842384,1773732844184240168,,,,,,,,,,,,,False,False,False
4147,1773732844.2342377,1773732844234239738,,,,,,,,,,,,,False,False,False
4148,1773732844.284245,1773732844284246568,,,,,,,,,,,,,False,False,False
4149,1773732844.3343115,1773732844334312848,,,,,,,,,,,,,False,False,False
4150,1773732844.3842459,1773732844384247668,,,,,,,,,,,,,False,False,False
4151,1773732844.4344916,1773732844434493137,,,,,,,,,,,,,False,False,False
4152,1773732844.4843252,1773732844484326927,,,,,,,,,,,,,False,False,False
4153,1773732844.5342083,1773732844534210028,,,,,,,,,,,,,False,False,False
4154,1773732844.5842364,1773732844584237998,,,,,,,,,,,,,False,False,False
4155,1773732844.634242,1773732844634246588,,,,,,,,,,,,,False,False,False
4156,1773732844.6842341,1773732844684236067,,,,,,,,,,,,,False,False,False
4157,1773732844.7341986,1773732844734200008,,,,,,,,,,,,,False,False,False
4158,1773732844.7843044,1773732844784306627,,,,,,,,,,,,,False,False,False
4159,1773732844.8343182,1773732844834319947,,,,,,,,,,,,,False,False,False
4160,1773732844.8842528,1773732844884255857,,,,,,,,,,,,,False,False,False
4161,1773732844.934238,1773732844934239547,,,,,,,,,,,,,False,False,False
4162,1773732844.9843907,1773732844984392466,,,,,,,,,,,,,False,False,False
4163,1773732845.034241,1773732845034242727,,,,,,,,,,,,,False,False,False
4164,1773732845.0842528,1773732845084254937,,,,,,,,,,,,,False,False,False
4165,1773732845.1342535,1773732845134255327,,,,,,,,,,,,,False,False,False
4166,1773732845.1842506,1773732845184252947,,,,,,,,,,,,,False,False,False
4167,1773732845.2342508,1773732845234252707,,,,,,,,,,,,,False,False,False
4168,1773732845.2842407,1773732845284242457,,,,,,,,,,,,,False,False,False
4169,1773732845.334345,1773732845334347416,,,,,,,,,,,,,False,False,False
4170,1773732845.3842354,1773732845384236987,,,,,,,,,,,,,False,False,False
4171,1773732845.4342349,1773732845434236937,,,,,,,,,,,,,False,False,False
4172,1773732845.4842417,1773732845484243656,,,,,,,,,,,,,False,False,False
4173,1773732845.534277,1773732845534278956,,,,,,,,,,,,,False,False,False
4174,1773732845.584239,1773732845584241356,,,,,,,,,,,,,False,False,False
4175,1773732845.6342576,1773732845634259896,,,,,,,,,,,,,False,False,False
4176,1773732845.6842566,1773732845684258756,,,,,,,,,,,,,False,False,False
4177,1773732845.7343192,1773732845734321076,,,,,,,,,,,,,False,False,False
4178,1773732845.7842379,1773732845784239716,,,,,,,,,,,,,False,False,False
4179,1773732845.8342729,1773732845834276126,,,,,,,,,,,,,False,False,False
4180,1773732845.8842835,1773732845884286086,,,,,,,,,,,,,False,False,False
4181,1773732845.9342391,1773732845934241016,,,,,,,,,,,,,False,False,False
4182,1773732845.9842515,1773732845984254056,,,,,,,,,,,,,False,False,False
4183,1773732846.0342526,1773732846034254586,,,,,,,,,,,,,False,False,False
4184,1773732846.084256,1773732846084258006,,,,,,,,,,,,,False,False,False
4185,1773732846.1342418,1773732846134243675,,,,,,,,,,,,,False,False,False
4186,1773732846.1842444,1773732846184246496,,,,,,,,,,,,,False,False,False
4187,1773732846.234242,1773732846234243926,,,,,,,,,,,,,False,False,False
4188,1773732846.2842927,1773732846284297095,,,,,,,,,,,,,False,False,False
4189,1773732846.334238,1773732846334239575,,,,,,,,,,,,,False,False,False
4190,1773732846.3842592,1773732846384261275,,,,,,,,,,,,,False,False,False
4191,1773732846.4343197,1773732846434321825,,,,,,,,,,,,,False,False,False
4192,1773732846.4842343,1773732846484236055,,,,,,,,,,,,,False,False,False
4193,1773732846.5342395,1773732846534241375,,,,,,,,,,,,,False,False,False
4194,1773732846.5842528,1773732846584256165,,,,,,,,,,,,,False,False,False
4195,1773732846.6344166,1773732846634418534,,,,,,,,,,,,,False,False,False
4196,1773732846.684364,1773732846684366214,,,,,,,,,,,,,False,False,False
4197,1773732846.7342093,1773732846734211415,,,,,,,,,,,,,False,False,False
4198,1773732846.7842376,1773732846784239295,,,,,,,,,,,,,False,False,False
4199,1773732846.8342397,1773732846834241715,,,,,,,,,,,,,False,False,False
