index,wall_time,sim_time_ns,object_x,object_y,object_z,tcp_x,tcp_y,tcp_z,dist_tcp_object,attached_state,object_disp_from_start,tcp_disp_from_start,object_step,tcp_step,anomaly_detached_object_motion,anomaly_far_attached,anomaly_object_moves_more_than_tcp
0,1773731943.02786,1773731943027864746,,,,,,,,,,,,,False,False,False
1,1773731943.0805187,1773731943080525980,-0.42,8.409937492055881e-20,0.8749994277780444,,,,,,0.0,,,,False,False,False
2,1773731943.0878677,1773731943087869335,-0.42,8.409937492055881e-20,0.8749994277780444,-0.032749999999999946,0.4214499999611738,0.7695089999135591,0.581988741590682,,0.0,0.0,0.0,,False,False,False
3,1773731943.1375647,1773731943137567963,-0.42,8.409937492055881e-20,0.8749994277780444,-0.032749999999999946,0.4214499999611738,0.7695089999135591,0.581988741590682,,0.0,0.0,0.0,0.0,False,False,False
4,1773731943.187492,1773731943187495119,-0.42,8.409937492055881e-20,0.8749994277780444,-0.032749999999999946,0.4214499999611738,0.7695089999135591,0.581988741590682,,0.0,0.0,0.0,0.0,False,False,False
5,1773731943.237569,1773731943237571715,-0.42,8.409937492055881e-20,0.8749994277780444,-0.032749999999999946,0.4214499999611738,0.7695089999135591,0.581988741590682,,0.0,0.0,0.0,0.0,False,False,False
6,1773731943.2875235,1773731943287528151,-0.42,8.409937492055881e-20,0.8749994277780444,-0.032749999999999946,0.4214499999611738,0.7695089999135591,0.581988741590682,,0.0,0.0,0.0,0.0,False,False,False
7,1773731943.3392518,1773731943339254480,-0.42,8.409937492055881e-20,0.8749994277780444,-0.032749999999999946,0.4214499999611738,0.7695089999135591,0.581988741590682,,0.0,0.0,0.0,0.0,False,False,False
8,1773731943.3875654,1773731943387570544,-0.42,8.409937492055881e-20,0.8749994277780444,-0.032749999999999946,0.4214499999611738,0.7695089999135591,0.581988741590682,,0.0,0.0,0.0,0.0,False,False,False
9,1773731943.4377048,1773731943437707609,-0.42,8.409937492055881e-20,0.8749994277780444,-0.032749999999999946,0.4214499999611738,0.7695089999135591,0.581988741590682,,0.0,0.0,0.0,0.0,False,False,False
10,1773731943.4874885,1773731943487491736,-0.42,8.409937492055881e-20,0.8749994277780444,-0.032749999999999946,0.4214499999611738,0.7695089999135591,0.581988741590682,,0.0,0.0,0.0,0.0,False,False,False
11,1773731943.537518,1773731943537520252,-0.42,8.409937492055881e-20,0.8749994277780444,-0.032749999999999946,0.4214499999611738,0.7695089999135591,0.581988741590682,,0.0,0.0,0.0,0.0,False,False,False
12,1773731943.6277835,1773731943627787720,-0.42,8.409937492055881e-20,0.8749994277780444,,,,,,0.0,,0.0,,False,False,False
13,1773731943.6374147,1773731943637416565,-0.42,8.409937492055881e-20,0.8749994277780444,-0.032749999999999946,0.4214499999611738,0.7695089999135591,0.581988741590682,,0.0,0.0,0.0,,False,False,False
14,1773731943.687495,1773731943687497271,-0.42,8.409937492055881e-20,0.8749994277780444,-0.032749999999999946,0.4214499999611738,0.7695089999135591,0.581988741590682,,0.0,0.0,0.0,0.0,False,False,False
15,1773731943.737534,1773731943737538657,-0.42,8.409937492055881e-20,0.8749994277780444,-0.032749999999999946,0.4214499999611738,0.7695089999135591,0.581988741590682,,0.0,0.0,0.0,0.0,False,False,False
16,1773731943.7875643,1773731943787567193,-0.42,8.409937492055881e-20,0.8749994277780444,-0.032749999999999946,0.4214499999611738,0.7695089999135593,0.581988741590682,,0.0,1.1102230246251565e-16,0.0,1.1102230246251565e-16,False,False,False
17,1773731943.8375134,1773731943837516499,-0.42,8.409937492055881e-20,0.8749994277780444,-0.03275000000000017,0.4214499999611738,0.7695089999135591,0.5819887415906818,,0.0,2.220446049250313e-16,0.0,2.482534153247273e-16,False,False,False
18,1773731943.8875697,1773731943887574345,-0.42,8.409937492055881e-20,0.8749994277780444,-0.03275000000000017,0.4214499999611738,0.7695089999135591,0.5819887415906818,,0.0,2.220446049250313e-16,0.0,0.0,False,False,False
19,1773731943.9376137,1773731943937618151,-0.42,8.409937492055881e-20,0.8749994277780444,-0.032749999999999946,0.4214499999611738,0.7695089999135591,0.581988741590682,,0.0,0.0,0.0,2.220446049250313e-16,False,False,False
20,1773731943.9874983,1773731943987501367,-0.42,8.409937492055881e-20,0.8749994277780444,-0.032749999999999946,0.4214499999611738,0.7695089999135591,0.581988741590682,,0.0,0.0,0.0,0.0,False,False,False
21,1773731944.037501,1773731944037505654,-0.42,8.409937492055881e-20,0.8749994277780444,-0.032749999999999946,0.4214499999611738,0.7695089999135591,0.581988741590682,,0.0,0.0,0.0,0.0,False,False,False
22,1773731944.0875416,1773731944087547050,-0.42,8.409937492055881e-20,0.8749994277780444,-0.032749999999999946,0.4214499999611738,0.7695089999135591,0.581988741590682,,0.0,0.0,0.0,0.0,False,False,False
23,1773731944.1375437,1773731944137546786,-0.42,8.409937492055881e-20,0.8749994277780444,-0.032749999999999946,0.4214499999611738,0.7695089999135591,0.581988741590682,,0.0,0.0,0.0,0.0,False,False,False
24,1773731944.187549,1773731944187552342,-0.42,8.409937492055881e-20,0.8749994277780444,-0.032749999999999946,0.4214499999611738,0.7695089999135591,0.581988741590682,,0.0,0.0,0.0,0.0,False,False,False
25,1773731944.2375333,1773731944237536628,-0.42,8.409937492055881e-20,0.8749994277780444,-0.032749999999999946,0.4214499999611738,0.7695089999135591,0.581988741590682,,0.0,0.0,0.0,0.0,False,False,False
26,1773731944.2874851,1773731944287490214,-0.42,8.409937492055881e-20,0.8749994277780444,-0.032749999999999946,0.4214499999611738,0.7695089999135591,0.581988741590682,,0.0,0.0,0.0,0.0,False,False,False
27,1773731944.3375804,1773731944337585660,-0.42,8.409937492055881e-20,0.8749994277780444,-0.032749999999999946,0.4214499999611738,0.7695089999135591,0.581988741590682,,0.0,0.0,0.0,0.0,False,False,False
28,1773731944.3875773,1773731944387581286,-0.42,8.409937492055881e-20,0.8749994277780444,-0.032749999999999946,0.4214499999611738,0.7695089999135591,0.581988741590682,,0.0,0.0,0.0,0.0,False,False,False
29,1773731944.4374828,1773731944437486273,-0.42,8.409937492055881e-20,0.8749994277780444,-0.032749999999999946,0.4214499999611738,0.7695089999135591,0.581988741590682,,0.0,0.0,0.0,0.0,False,False,False
30,1773731944.487574,1773731944487577838,-0.42,8.409937492055881e-20,0.8749994277780444,-0.03275000000000006,0.4214499999611738,0.7695089999135591,0.5819887415906819,,0.0,1.1102230246251565e-16,0.0,1.1102230246251565e-16,False,False,False
31,1773731944.5374663,1773731944537470985,-0.42,8.409937492055881e-20,0.8749994277780444,-0.032749999999999946,0.4214499999611738,0.7695089999135591,0.581988741590682,,0.0,0.0,0.0,1.1102230246251565e-16,False,False,False
32,1773731944.5874708,1773731944587473691,-0.42,8.409937492055881e-20,0.8749994277780444,-0.032749999999999946,0.4214499999611738,0.7695089999135591,0.581988741590682,,0.0,0.0,0.0,0.0,False,False,False
33,1773731944.6374729,1773731944637475958,-0.42,8.409937492055881e-20,0.8749994277780444,-0.032749999999999946,0.4214499999611738,0.7695089999135591,0.581988741590682,,0.0,0.0,0.0,0.0,False,False,False
34,1773731944.6875196,1773731944687522374,-0.42,8.409937492055881e-20,0.8749994277780444,-0.032749999999999946,0.4214499999611738,0.7695089999135591,0.581988741590682,,0.0,0.0,0.0,0.0,False,False,False
35,1773731944.7374542,1773731944737456720,-0.42,8.409937492055881e-20,0.8749994277780444,-0.032749999999999946,0.4214499999611738,0.7695089999135591,0.581988741590682,,0.0,0.0,0.0,0.0,False,False,False
36,1773731944.7893612,1773731944789364527,-0.42,8.409937492055881e-20,0.8749994277780444,-0.032749999999999946,0.4214499999611738,0.7695089999135591,0.581988741590682,,0.0,0.0,0.0,0.0,False,False,False
37,1773731944.8374949,1773731944837497552,-0.42,8.409937492055881e-20,0.8749994277780444,-0.032749999999999946,0.4214499999611738,0.7695089999135591,0.581988741590682,,0.0,0.0,0.0,0.0,False,False,False
38,1773731944.8874974,1773731944887501358,-0.42,8.409937492055881e-20,0.8749994277780444,-0.032749999999999946,0.4214499999611738,0.7695089999135591,0.581988741590682,,0.0,0.0,0.0,0.0,False,False,False
39,1773731944.9375596,1773731944937563704,-0.42,8.409937492055881e-20,0.8749994277780444,-0.032749999999999946,0.4214499999611738,0.7695089999135591,0.581988741590682,,0.0,0.0,0.0,0.0,False,False,False
40,1773731944.9875424,1773731944987545590,-0.42,8.409937492055881e-20,0.8749994277780444,-0.032749999999999946,0.4214499999611738,0.7695089999135591,0.581988741590682,,0.0,0.0,0.0,0.0,False,False,False
41,1773731945.037562,1773731945037565806,-0.42,8.409937492055881e-20,0.8749994277780444,-0.032749999999999946,0.4214499999611738,0.7695089999135591,0.581988741590682,,0.0,0.0,0.0,0.0,False,False,False
42,1773731945.0875938,1773731945087597972,-0.42,8.409937492055881e-20,0.8749994277780444,-0.032749999999999946,0.4214499999611738,0.7695089999135591,0.581988741590682,,0.0,0.0,0.0,0.0,False,False,False
43,1773731945.137429,1773731945137432159,-0.42,8.409937492055881e-20,0.8749994277780444,-0.032749999999999946,0.4214499999611738,0.7695089999135591,0.581988741590682,,0.0,0.0,0.0,0.0,False,False,False
44,1773731945.187509,1773731945187514045,-0.42,8.409937492055881e-20,0.8749994277780444,-0.032749999999999946,0.4214499999611738,0.7695089999135591,0.581988741590682,,0.0,0.0,0.0,0.0,False,False,False
45,1773731945.2375658,1773731945237568801,-0.42,8.409937492055881e-20,0.8749994277780444,-0.032749999999999946,0.4214499999611738,0.7695089999135591,0.581988741590682,,0.0,0.0,0.0,0.0,False,False,False
46,1773731945.2875423,1773731945287547057,-0.42,8.409937492055881e-20,0.8749994277780444,-0.032749999999999946,0.4214499999611738,0.7695089999135591,0.581988741590682,,0.0,0.0,0.0,0.0,False,False,False
47,1773731945.3375466,1773731945337550343,-0.42,8.409937492055881e-20,0.8749994277780444,-0.032749999999999946,0.4214499999611738,0.7695089999135591,0.581988741590682,,0.0,0.0,0.0,0.0,False,False,False
48,1773731945.3875134,1773731945387517660,-0.42,8.409937492055881e-20,0.8749994277780444,-0.032749999999999946,0.4214499999611738,0.7695089999135591,0.581988741590682,,0.0,0.0,0.0,0.0,False,False,False
49,1773731945.4398842,1773731945439887355,-0.42,8.409937492055881e-20,0.8749994277780444,-0.032749999999999946,0.4214499999611738,0.7695089999135591,0.581988741590682,,0.0,0.0,0.0,0.0,False,False,False
50,1773731945.4887474,1773731945488751086,-0.42,8.409937492055881e-20,0.8749994277780444,-0.032749999999999946,0.4214499999611738,0.7695089999135591,0.581988741590682,,0.0,0.0,0.0,0.0,False,False,False
51,1773731945.5377197,1773731945537725377,-0.42,8.409937492055881e-20,0.8749994277780444,-0.032749999999999946,0.4214499999611738,0.7695089999135591,0.581988741590682,,0.0,0.0,0.0,0.0,False,False,False
52,1773731945.5879946,1773731945588003772,-0.42,8.409937492055881e-20,0.8749994277780444,-0.032749999999999946,0.4214499999611738,0.7695089999135591,0.581988741590682,,0.0,0.0,0.0,0.0,False,False,False
53,1773731945.6394012,1773731945639405582,-0.42,8.409937492055881e-20,0.8749994277780444,-0.032749999999999835,0.4214499999611738,0.769508999913559,0.581988741590682,,0.0,1.5700924586837752e-16,0.0,1.5700924586837752e-16,False,False,False
54,1773731945.6875608,1773731945687565526,-0.42,8.409937492055881e-20,0.8749994277780444,-0.032749999999999946,0.4214499999611738,0.7695089999135591,0.581988741590682,,0.0,0.0,0.0,1.5700924586837752e-16,False,False,False
55,1773731945.7385945,1773731945738599978,-0.42,8.409937492055881e-20,0.8749994277780444,-0.032749999999999946,0.4214499999611738,0.7695089999135591,0.581988741590682,,0.0,0.0,0.0,0.0,False,False,False
56,1773731945.7892523,1773731945789256971,-0.42,8.409937492055881e-20,0.8749994277780444,-0.032749999999999946,0.4214499999611738,0.7695089999135591,0.581988741590682,,0.0,0.0,0.0,0.0,False,False,False
57,1773731945.8385315,1773731945838537230,-0.42,8.409937492055881e-20,0.8749994277780444,-0.032749999999999946,0.4214499999611738,0.7695089999135591,0.581988741590682,,0.0,0.0,0.0,0.0,False,False,False
58,1773731945.8875191,1773731945887523861,-0.42,8.409937492055881e-20,0.8749994277780444,-0.03275000000000017,0.4214499999611738,0.7695089999135591,0.5819887415906818,,0.0,2.220446049250313e-16,0.0,2.220446049250313e-16,False,False,False
59,1773731945.93755,1773731945937553637,-0.42,8.409937492055881e-20,0.8749994277780444,-0.03275000000000017,0.4214499999611738,0.7695089999135591,0.5819887415906818,,0.0,2.220446049250313e-16,0.0,0.0,False,False,False
60,1773731945.9876142,1773731945987621143,-0.42,8.409937492055881e-20,0.8749994277780444,-0.03275000000000017,0.4214499999611738,0.7695089999135591,0.5819887415906818,,0.0,2.220446049250313e-16,0.0,0.0,False,False,False
61,1773731946.037498,1773731946037501040,-0.42,8.409937492055881e-20,0.8749994277780444,-0.032749999999999946,0.4214499999611738,0.7695089999135591,0.581988741590682,,0.0,0.0,0.0,2.220446049250313e-16,False,False,False
62,1773731946.0896902,1773731946089694726,-0.42,8.409937492055881e-20,0.8749994277780444,-0.032749999999999946,0.4214499999611738,0.7695089999135591,0.581988741590682,,0.0,0.0,0.0,0.0,False,False,False
63,1773731946.1374679,1773731946137471562,-0.42,8.409937492055881e-20,0.8749994277780444,-0.032749999999999946,0.4214499999611738,0.7695089999135591,0.581988741590682,,0.0,0.0,0.0,0.0,False,False,False
64,1773731946.1874657,1773731946187470169,-0.42,8.409937492055881e-20,0.8749994277780444,-0.032749999999999946,0.4214499999611738,0.7695089999135591,0.581988741590682,,0.0,0.0,0.0,0.0,False,False,False
65,1773731946.2375665,1773731946237570214,-0.42,8.409937492055881e-20,0.8749994277780444,-0.032749999999999946,0.4214499999611738,0.7695089999135591,0.581988741590682,,0.0,0.0,0.0,0.0,False,False,False
66,1773731946.2888827,1773731946288885694,-0.42,8.409937492055881e-20,0.8749994277780444,-0.032749999999999946,0.4214499999611738,0.7695089999135591,0.581988741590682,,0.0,0.0,0.0,0.0,False,False,False
67,1773731946.3374655,1773731946337468587,-0.42,8.409937492055881e-20,0.8749994277780444,-0.032749999999999946,0.4214499999611738,0.7695089999135591,0.581988741590682,,0.0,0.0,0.0,0.0,False,False,False
68,1773731946.3891797,1773731946389182585,-0.42,8.409937492055881e-20,0.8749994277780444,-0.032749999999999946,0.4214499999611738,0.7695089999135591,0.581988741590682,,0.0,0.0,0.0,0.0,False,False,False
69,1773731946.4375563,1773731946437562579,-0.42,8.409937492055881e-20,0.8749994277780444,-0.032749999999999946,0.4214499999611738,0.7695089999135591,0.581988741590682,,0.0,0.0,0.0,0.0,False,False,False
70,1773731946.4875753,1773731946487580645,-0.42,8.409937492055881e-20,0.8749994277780444,-0.032749999999999946,0.4214499999611738,0.7695089999135591,0.581988741590682,,0.0,0.0,0.0,0.0,False,False,False
71,1773731946.5375233,1773731946537526661,-0.42,8.409937492055881e-20,0.8749994277780444,-0.032749999999999946,0.4214499999611738,0.7695089999135591,0.581988741590682,,0.0,0.0,0.0,0.0,False,False,False
72,1773731946.5874345,1773731946587437628,-0.42,8.409937492055881e-20,0.8749994277780444,-0.032749999999999946,0.4214499999611738,0.7695089999135593,0.581988741590682,,0.0,1.1102230246251565e-16,0.0,1.1102230246251565e-16,False,False,False
73,1773731946.6376145,1773731946637618573,-0.42,8.409937492055881e-20,0.8749994277780444,-0.032749999999999946,0.4214499999611738,0.7695089999135593,0.581988741590682,,0.0,1.1102230246251565e-16,0.0,0.0,False,False,False
74,1773731946.687454,1773731946687457610,-0.42,8.409937492055881e-20,0.8749994277780444,-0.032749999999999946,0.4214499999611738,0.7695089999135591,0.581988741590682,,0.0,0.0,0.0,1.1102230246251565e-16,False,False,False
75,1773731946.7374418,1773731946737443736,-0.42,8.409937492055881e-20,0.8749994277780444,-0.032749999999999946,0.4214499999611738,0.7695089999135591,0.581988741590682,,0.0,0.0,0.0,0.0,False,False,False
76,1773731946.7878964,1773731946787900030,-0.42,8.409937492055881e-20,0.8749994277780444,-0.032749999999999946,0.4214499999611738,0.7695089999135591,0.581988741590682,,0.0,0.0,0.0,0.0,False,False,False
77,1773731946.8374841,1773731946837486849,-0.42,8.409937492055881e-20,0.8749994277780444,-0.032749999999999946,0.4214499999611738,0.7695089999135591,0.581988741590682,,0.0,0.0,0.0,0.0,False,False,False
78,1773731946.887781,1773731946887784923,-0.42,8.409937492055881e-20,0.8749994277780444,-0.032749999999999946,0.4214499999611738,0.7695089999135591,0.581988741590682,,0.0,0.0,0.0,0.0,False,False,False
79,1773731946.9401383,1773731946940142598,-0.42,8.409937492055881e-20,0.8749994277780444,-0.032749999999999946,0.4214499999611738,0.7695089999135591,0.581988741590682,,0.0,0.0,0.0,0.0,False,False,False
80,1773731946.9875634,1773731946987566657,-0.42,8.409937492055881e-20,0.8749994277780444,-0.032749999999999946,0.4214499999611738,0.7695089999135591,0.581988741590682,,0.0,0.0,0.0,0.0,False,False,False
81,1773731947.0379272,1773731947037929771,-0.42,8.409937492055881e-20,0.8749994277780444,-0.032749999999999946,0.4214499999611738,0.7695089999135591,0.581988741590682,,0.0,0.0,0.0,0.0,False,False,False
82,1773731947.0875378,1773731947087540239,-0.42,8.409937492055881e-20,0.8749994277780444,-0.032749999999999946,0.4214499999611738,0.7695089999135591,0.581988741590682,,0.0,0.0,0.0,0.0,False,False,False
83,1773731947.1375933,1773731947137596945,-0.42,8.409937492055881e-20,0.8749994277780444,-0.032749999999999946,0.4214499999611738,0.7695089999135591,0.581988741590682,,0.0,0.0,0.0,0.0,False,False,False
84,1773731947.187553,1773731947187556991,-0.42,8.409937492055881e-20,0.8749994277780444,-0.032749999999999946,0.4214499999611738,0.7695089999135591,0.581988741590682,,0.0,0.0,0.0,0.0,False,False,False
85,1773731947.2376132,1773731947237618467,-0.42,8.409937492055881e-20,0.8749994277780444,-0.032749999999999946,0.4214499999611738,0.7695089999135591,0.581988741590682,,0.0,0.0,0.0,0.0,False,False,False
86,1773731947.2876296,1773731947287633463,-0.42,8.409937492055881e-20,0.8749994277780444,-0.032749999999999946,0.4214499999611738,0.7695089999135591,0.581988741590682,,0.0,0.0,0.0,0.0,False,False,False
87,1773731947.3375247,1773731947337527440,-0.42,8.409937492055881e-20,0.8749994277780444,-0.032749999999999835,0.4214499999611738,0.7695089999135591,0.581988741590682,,0.0,1.1102230246251565e-16,0.0,1.1102230246251565e-16,False,False,False
88,1773731947.38753,1773731947387532266,-0.42,8.409937492055881e-20,0.8749994277780444,-0.03275000000000017,0.4214499999611738,0.7695089999135591,0.5819887415906818,,0.0,2.220446049250313e-16,0.0,3.3306690738754696e-16,False,False,False
89,1773731947.4375675,1773731947437570892,-0.42,8.409937492055881e-20,0.8749994277780444,-0.03275000000000017,0.4214499999611738,0.7695089999135591,0.5819887415906818,,0.0,2.220446049250313e-16,0.0,0.0,False,False,False
90,1773731947.487599,1773731947487602618,-0.42,8.409937492055881e-20,0.8749994277780444,-0.03275000000000017,0.4214499999611738,0.7695089999135591,0.5819887415906818,,0.0,2.220446049250313e-16,0.0,0.0,False,False,False
91,1773731947.5376081,1773731947537610354,-0.42,8.409937492055881e-20,0.8749994277780444,-0.032749999999999835,0.4214499999611738,0.7695089999135591,0.581988741590682,,0.0,1.1102230246251565e-16,0.0,3.3306690738754696e-16,False,False,False
92,1773731947.5893373,1773731947589340412,-0.42,8.409937492055881e-20,0.8749994277780444,-0.032749999999999946,0.4214499999611738,0.7695089999135591,0.581988741590682,,0.0,0.0,0.0,1.1102230246251565e-16,False,False,False
93,1773731947.6376138,1773731947637617617,-0.42,8.409937492055881e-20,0.8749994277780444,-0.032749999999999946,0.4214499999611738,0.7695089999135591,0.581988741590682,,0.0,0.0,0.0,0.0,False,False,False
94,1773731947.687471,1773731947687474034,-0.42,8.409937492055881e-20,0.8749994277780444,-0.032749999999999946,0.4214499999611738,0.7695089999135591,0.581988741590682,,0.0,0.0,0.0,0.0,False,False,False
95,1773731947.7375448,1773731947737547779,-0.42,8.409937492055881e-20,0.8749994277780444,-0.032749999999999946,0.4214499999611738,0.7695089999135591,0.581988741590682,,0.0,0.0,0.0,0.0,False,False,False
96,1773731947.7875097,1773731947787514776,-0.42,8.409937492055881e-20,0.8749994277780444,-0.03275000000000017,0.4214499999611738,0.7695089999135591,0.5819887415906818,,0.0,2.220446049250313e-16,0.0,2.220446049250313e-16,False,False,False
97,1773731947.8375027,1773731947837506122,-0.42,8.409937492055881e-20,0.8749994277780444,-0.03275000000000017,0.4214499999611738,0.7695089999135591,0.5819887415906818,,0.0,2.220446049250313e-16,0.0,0.0,False,False,False
98,1773731947.8876028,1773731947887605157,-0.42,8.409937492055881e-20,0.8749994277780444,-0.03275000000000017,0.4214499999611738,0.7695089999135591,0.5819887415906818,,0.0,2.220446049250313e-16,0.0,0.0,False,False,False
99,1773731947.9376774,1773731947937683523,-0.42,8.409937492055881e-20,0.8749994277780444,-0.032749999999999946,0.4214499999611738,0.7695089999135591,0.581988741590682,,0.0,0.0,0.0,2.220446049250313e-16,False,False,False
100,1773731947.988387,1773731947988391476,-0.42,8.409937492055881e-20,0.8749994277780444,-0.032749999999999946,0.4214499999611738,0.7695089999135591,0.581988741590682,,0.0,0.0,0.0,0.0,False,False,False
101,1773731948.038315,1773731948038319273,-0.42,8.409937492055881e-20,0.8749994277780444,-0.032749999999999946,0.4214499999611738,0.7695089999135591,0.581988741590682,,0.0,0.0,0.0,0.0,False,False,False
102,1773731948.0874617,1773731948087465033,-0.42,8.409937492055881e-20,0.8749994277780444,-0.032749999999999946,0.4214499999611738,0.7695089999135591,0.581988741590682,,0.0,0.0,0.0,0.0,False,False,False
103,1773731948.1374745,1773731948137477209,-0.42,8.409937492055881e-20,0.8749994277780444,-0.032749999999999946,0.4214499999611738,0.7695089999135591,0.581988741590682,,0.0,0.0,0.0,0.0,False,False,False
104,1773731948.187589,1773731948187595705,-0.42,8.409937492055881e-20,0.8749994277780444,-0.032749999999999946,0.4214499999611738,0.7695089999135591,0.581988741590682,,0.0,0.0,0.0,0.0,False,False,False
105,1773731948.2375028,1773731948237505751,-0.42,8.409937492055881e-20,0.8749994277780444,-0.032749999999999946,0.4214499999611738,0.7695089999135591,0.581988741590682,,0.0,0.0,0.0,0.0,False,False,False
106,1773731948.2875366,1773731948287541647,-0.42,8.409937492055881e-20,0.8749994277780444,-0.032749999999999946,0.4214499999611738,0.7695089999135591,0.581988741590682,,0.0,0.0,0.0,0.0,False,False,False
107,1773731948.3375204,1773731948337523173,-0.42,8.409937492055881e-20,0.8749994277780444,-0.032749999999999946,0.4214499999611738,0.7695089999135591,0.581988741590682,,0.0,0.0,0.0,0.0,False,False,False
108,1773731948.3875835,1773731948387589299,-0.42,8.409937492055881e-20,0.8749994277780444,-0.032749999999999946,0.4214499999611738,0.7695089999135591,0.581988741590682,,0.0,0.0,0.0,0.0,False,False,False
109,1773731948.437524,1773731948437527936,-0.42,8.409937492055881e-20,0.8749994277780444,-0.032749999999999946,0.4214499999611738,0.7695089999135591,0.581988741590682,,0.0,0.0,0.0,0.0,False,False,False
110,1773731948.48859,1773731948488594147,-0.42,8.409937492055881e-20,0.8749994277780444,-0.032749999999999946,0.4214499999611738,0.7695089999135593,0.581988741590682,,0.0,1.1102230246251565e-16,0.0,1.1102230246251565e-16,False,False,False
111,1773731948.5375144,1773731948537518668,-0.42,8.409937492055881e-20,0.8749994277780444,-0.03275000000000017,0.4214499999611738,0.7695089999135591,0.5819887415906818,,0.0,2.220446049250313e-16,0.0,2.482534153247273e-16,False,False,False
112,1773731948.58761,1773731948587616404,-0.42,8.409937492055881e-20,0.8749994277780444,-0.03275000000000017,0.4214499999611738,0.7695089999135591,0.5819887415906818,,0.0,2.220446049250313e-16,0.0,0.0,False,False,False
113,1773731948.6375005,1773731948637504201,-0.42,8.409937492055881e-20,0.8749994277780444,-0.03275000000000017,0.4214499999611738,0.7695089999135591,0.5819887415906818,,0.0,2.220446049250313e-16,0.0,0.0,False,False,False
114,1773731948.6874971,1773731948687500067,-0.42,8.409937492055881e-20,0.8749994277780444,-0.032749999999999946,0.4214499999611738,0.7695089999135591,0.581988741590682,,0.0,0.0,0.0,2.220446049250313e-16,False,False,False
115,1773731948.7376878,1773731948737694512,-0.42,8.409937492055881e-20,0.8749994277780444,-0.03275000000000017,0.4214499999611738,0.7695089999135591,0.5819887415906818,,0.0,2.220446049250313e-16,0.0,2.220446049250313e-16,False,False,False
116,1773731948.7875025,1773731948787506339,-0.42,8.409937492055881e-20,0.8749994277780444,-0.03275000000000017,0.4214499999611738,0.7695089999135591,0.5819887415906818,,0.0,2.220446049250313e-16,0.0,0.0,False,False,False
117,1773731948.8373919,1773731948837395026,-0.42,8.409937492055881e-20,0.8749994277780444,-0.032749999999999946,0.4214499999611738,0.7695089999135591,0.581988741590682,,0.0,0.0,0.0,2.220446049250313e-16,False,False,False
118,1773731948.8874834,1773731948887487272,-0.42,8.409937492055881e-20,0.8749994277780444,-0.032749999999999946,0.4214499999611738,0.7695089999135591,0.581988741590682,,0.0,0.0,0.0,0.0,False,False,False
119,1773731948.9375582,1773731948937564508,-0.42,8.409937492055881e-20,0.8749994277780444,-0.032749999999999946,0.4214499999611738,0.7695089999135591,0.581988741590682,,0.0,0.0,0.0,0.0,False,False,False
120,1773731948.9875088,1773731948987511944,-0.42,8.409937492055881e-20,0.8749994277780444,-0.032749999999999946,0.4214499999611738,0.7695089999135591,0.581988741590682,,0.0,0.0,0.0,0.0,False,False,False
121,1773731949.037451,1773731949037454221,-0.42,8.409937492055881e-20,0.8749994277780444,-0.032749999999999946,0.4214499999611738,0.7695089999135591,0.581988741590682,,0.0,0.0,0.0,0.0,False,False,False
122,1773731949.0884378,1773731949088441532,-0.42,8.409937492055881e-20,0.8749994277780444,-0.032749999999999946,0.4214499999611738,0.7695089999135591,0.581988741590682,,0.0,0.0,0.0,0.0,False,False,False
123,1773731949.1375675,1773731949137572662,-0.42,8.409937492055881e-20,0.8749994277780444,-0.032749999999999946,0.4214499999611738,0.7695089999135591,0.581988741590682,,0.0,0.0,0.0,0.0,False,False,False
124,1773731949.1874766,1773731949187479929,-0.42,8.409937492055881e-20,0.8749994277780444,-0.032749999999999946,0.4214499999611738,0.7695089999135591,0.581988741590682,,0.0,0.0,0.0,0.0,False,False,False
125,1773731949.2374535,1773731949237457225,-0.42,8.409937492055881e-20,0.8749994277780444,-0.032749999999999946,0.4214499999611738,0.7695089999135591,0.581988741590682,,0.0,0.0,0.0,0.0,False,False,False
126,1773731949.287471,1773731949287474401,-0.42,8.409937492055881e-20,0.8749994277780444,-0.032749999999999946,0.4214499999611738,0.7695089999135591,0.581988741590682,,0.0,0.0,0.0,0.0,False,False,False
127,1773731949.3375823,1773731949337586347,-0.42,8.409937492055881e-20,0.8749994277780444,-0.032749999999999946,0.4214499999611738,0.7695089999135591,0.581988741590682,,0.0,0.0,0.0,0.0,False,False,False
128,1773731949.3874428,1773731949387447074,-0.42,8.409937492055881e-20,0.8749994277780444,-0.032749999999999946,0.4214499999611738,0.7695089999135591,0.581988741590682,,0.0,0.0,0.0,0.0,False,False,False
129,1773731949.4376438,1773731949437648179,-0.42,8.409937492055881e-20,0.8749994277780444,-0.032749999999999946,0.4214499999611738,0.7695089999135593,0.581988741590682,,0.0,1.1102230246251565e-16,0.0,1.1102230246251565e-16,False,False,False
130,1773731949.4874997,1773731949487503326,-0.42,8.409937492055881e-20,0.8749994277780444,-0.03275000000000017,0.4214499999611738,0.7695089999135591,0.5819887415906818,,0.0,2.220446049250313e-16,0.0,2.482534153247273e-16,False,False,False
131,1773731949.5374413,1773731949537445152,-0.42,8.409937492055881e-20,0.8749994277780444,-0.03275000000000017,0.4214499999611738,0.7695089999135591,0.5819887415906818,,0.0,2.220446049250313e-16,0.0,0.0,False,False,False
132,1773731949.5874953,1773731949587499208,-0.42,8.409937492055881e-20,0.8749994277780444,-0.032749999999999946,0.4214499999611738,0.7695089999135591,0.581988741590682,,0.0,0.0,0.0,2.220446049250313e-16,False,False,False
133,1773731949.637495,1773731949637498595,-0.42,8.409937492055881e-20,0.8749994277780444,-0.032749999999999946,0.4214499999611738,0.7695089999135591,0.581988741590682,,0.0,0.0,0.0,0.0,False,False,False
134,1773731949.6916165,1773731949691622081,-0.42,8.409937492055881e-20,0.8749994277780444,-0.032749999999999946,0.4214499999611738,0.7695089999135591,0.581988741590682,,0.0,0.0,0.0,0.0,False,False,False
135,1773731949.7375972,1773731949737601217,-0.42,8.409937492055881e-20,0.8749994277780444,-0.032749999999999946,0.4214499999611738,0.7695089999135591,0.581988741590682,,0.0,0.0,0.0,0.0,False,False,False
136,1773731949.7876792,1773731949787687542,-0.42,8.409937492055881e-20,0.8749994277780444,-0.032749999999999946,0.4214499999611738,0.7695089999135591,0.581988741590682,,0.0,0.0,0.0,0.0,False,False,False
137,1773731949.837608,1773731949837613379,-0.42,8.409937492055881e-20,0.8749994277780444,-0.032749999999999946,0.4214499999611738,0.7695089999135591,0.581988741590682,,0.0,0.0,0.0,0.0,False,False,False
138,1773731949.8874226,1773731949887425126,-0.42,8.409937492055881e-20,0.8749994277780444,-0.032749999999999946,0.4214499999611738,0.7695089999135591,0.581988741590682,,0.0,0.0,0.0,0.0,False,False,False
139,1773731949.9381104,1773731949938115509,-0.42,8.409937492055881e-20,0.8749994277780444,-0.032749999999999946,0.4214499999611738,0.7695089999135591,0.581988741590682,,0.0,0.0,0.0,0.0,False,False,False
140,1773731949.987534,1773731949987538338,-0.42,8.409937492055881e-20,0.8749994277780444,-0.03275000000000017,0.4214499999611738,0.7695089999135591,0.5819887415906818,,0.0,2.220446049250313e-16,0.0,2.220446049250313e-16,False,False,False
141,1773731950.0375948,1773731950037599794,-0.42,8.409937492055881e-20,0.8749994277780444,-0.03275000000000017,0.4214499999611738,0.7695089999135591,0.5819887415906818,,0.0,2.220446049250313e-16,0.0,0.0,False,False,False
142,1773731950.08743,1773731950087433431,-0.42,8.409937492055881e-20,0.8749994277780444,-0.03275000000000017,0.4214499999611738,0.7695089999135591,0.5819887415906818,,0.0,2.220446049250313e-16,0.0,0.0,False,False,False
143,1773731950.1377265,1773731950137734195,-0.42,8.409937492055881e-20,0.8749994277780444,-0.03275000000000017,0.4214499999611738,0.7695089999135591,0.5819887415906818,,0.0,2.220446049250313e-16,0.0,0.0,False,False,False
144,1773731950.1875873,1773731950187594042,-0.42,8.409937492055881e-20,0.8749994277780444,-0.032749999999999946,0.4214499999611738,0.769508999913559,0.581988741590682,,0.0,1.1102230246251565e-16,0.0,2.482534153247273e-16,False,False,False
145,1773731950.2375064,1773731950237512369,-0.42,8.409937492055881e-20,0.8749994277780444,-0.032749999999999946,0.4214499999611738,0.7695089999135591,0.581988741590682,,0.0,0.0,0.0,1.1102230246251565e-16,False,False,False
146,1773731950.2874846,1773731950287488445,-0.42,8.409937492055881e-20,0.8749994277780444,-0.032749999999999946,0.4214499999611738,0.7695089999135591,0.581988741590682,,0.0,0.0,0.0,0.0,False,False,False
147,1773731950.3375697,1773731950337573551,-0.42,8.409937492055881e-20,0.8749994277780444,-0.032749999999999835,0.4214499999611738,0.7695089999135591,0.581988741590682,,0.0,1.1102230246251565e-16,0.0,1.1102230246251565e-16,False,False,False
148,1773731950.3875427,1773731950387550287,-0.42,8.409937492055881e-20,0.8749994277780444,-0.032749999999999835,0.4214499999611738,0.7695089999135591,0.581988741590682,,0.0,1.1102230246251565e-16,0.0,0.0,False,False,False
149,1773731950.4388018,1773731950438807598,-0.42,8.409937492055881e-20,0.8749994277780444,-0.03275000000000017,0.4214499999611738,0.7695089999135591,0.5819887415906818,,0.0,2.220446049250313e-16,0.0,3.3306690738754696e-16,False,False,False
150,1773731950.4874804,1773731950487484460,-0.42,8.409937492055881e-20,0.8749994277780444,-0.03275000000000017,0.4214499999611738,0.7695089999135591,0.5819887415906818,,0.0,2.220446049250313e-16,0.0,0.0,False,False,False
151,1773731950.5387883,1773731950538792680,-0.42,8.409937492055881e-20,0.8749994277780444,-0.032749999999999946,0.4214499999611738,0.7695089999135591,0.581988741590682,,0.0,0.0,0.0,2.220446049250313e-16,False,False,False
152,1773731950.5875144,1773731950587516572,-0.42,8.409937492055881e-20,0.8749994277780444,-0.032749999999999946,0.4214499999611738,0.7695089999135591,0.581988741590682,,0.0,0.0,0.0,0.0,False,False,False
153,1773731950.6376433,1773731950637645478,-0.42,8.409937492055881e-20,0.8749994277780444,-0.032749999999999946,0.4214499999611738,0.7695089999135591,0.581988741590682,,0.0,0.0,0.0,0.0,False,False,False
154,1773731950.6875124,1773731950687514704,-0.42,8.409937492055881e-20,0.8749994277780444,-0.032749999999999946,0.4214499999611738,0.7695089999135591,0.581988741590682,,0.0,0.0,0.0,0.0,False,False,False
155,1773731950.7375834,1773731950737587390,-0.42,8.409937492055881e-20,0.8749994277780444,-0.032749999999999946,0.4214499999611738,0.7695089999135591,0.581988741590682,,0.0,0.0,0.0,0.0,False,False,False
156,1773731950.7875001,1773731950787504367,-0.42,8.409937492055881e-20,0.8749994277780444,-0.032749999999999946,0.4214499999611738,0.7695089999135591,0.581988741590682,,0.0,0.0,0.0,0.0,False,False,False
157,1773731950.8375025,1773731950837505203,-0.42,8.409937492055881e-20,0.8749994277780444,-0.032749999999999946,0.4214499999611738,0.7695089999135591,0.581988741590682,,0.0,0.0,0.0,0.0,False,False,False
158,1773731950.8873742,1773731950887376780,-0.42,8.409937492055881e-20,0.8749994277780444,-0.03275000000000006,0.4214499999611738,0.7695089999135591,0.5819887415906819,,0.0,1.1102230246251565e-16,0.0,1.1102230246251565e-16,False,False,False
159,1773731950.9375546,1773731950937556895,-0.42,8.409937492055881e-20,0.8749994277780444,-0.032749999999999946,0.4214499999611738,0.7695089999135591,0.581988741590682,,0.0,0.0,0.0,1.1102230246251565e-16,False,False,False
160,1773731950.9875937,1773731950987597881,-0.42,8.409937492055881e-20,0.8749994277780444,-0.032749999999999946,0.4214499999611738,0.7695089999135591,0.581988741590682,,0.0,0.0,0.0,0.0,False,False,False
161,1773731951.0374656,1773731951037468148,-0.42,8.409937492055881e-20,0.8749994277780444,-0.032749999999999946,0.4214499999611738,0.7695089999135591,0.581988741590682,,0.0,0.0,0.0,0.0,False,False,False
162,1773731951.0874875,1773731951087489504,-0.42,8.409937492055881e-20,0.8749994277780444,-0.032749999999999946,0.4214499999611738,0.7695089999135593,0.581988741590682,,0.0,1.1102230246251565e-16,0.0,1.1102230246251565e-16,False,False,False
163,1773731951.1374638,1773731951137466361,-0.42,8.409937492055881e-20,0.8749994277780444,-0.032749999999999946,0.4214499999611738,0.7695089999135593,0.581988741590682,,0.0,1.1102230246251565e-16,0.0,0.0,False,False,False
164,1773731951.1875663,1773731951187569657,-0.42,8.409937492055881e-20,0.8749994277780444,-0.03275000000000017,0.4214499999611738,0.7695089999135591,0.5819887415906818,,0.0,2.220446049250313e-16,0.0,2.482534153247273e-16,False,False,False
165,1773731951.2375364,1773731951237538793,-0.42,8.409937492055881e-20,0.8749994277780444,-0.03275000000000017,0.4214499999611738,0.7695089999135591,0.5819887415906818,,0.0,2.220446049250313e-16,0.0,0.0,False,False,False
166,1773731951.2908988,1773731951290900753,-0.42,8.409937492055881e-20,0.8749994277780444,-0.032749999999999946,0.4214499999611738,0.7695089999135591,0.581988741590682,,0.0,0.0,0.0,2.220446049250313e-16,False,False,False
167,1773731951.3375504,1773731951337553895,-0.42,8.409937492055881e-20,0.8749994277780444,-0.032749999999999946,0.4214499999611738,0.7695089999135591,0.581988741590682,,0.0,0.0,0.0,0.0,False,False,False
168,1773731951.387483,1773731951387486282,-0.42,8.409937492055881e-20,0.8749994277780444,-0.03275000000000017,0.4214499999611738,0.7695089999135591,0.5819887415906818,,0.0,2.220446049250313e-16,0.0,2.220446049250313e-16,False,False,False
169,1773731951.438307,1773731951438311064,-0.42,8.409937492055881e-20,0.8749994277780444,-0.03275000000000017,0.4214499999611738,0.7695089999135591,0.5819887415906818,,0.0,2.220446049250313e-16,0.0,0.0,False,False,False
170,1773731951.4875052,1773731951487507194,-0.42,8.409937492055881e-20,0.8749994277780444,-0.032749999999999946,0.4214499999611738,0.7695089999135591,0.581988741590682,,0.0,0.0,0.0,2.220446049250313e-16,False,False,False
171,1773731951.5375109,1773731951537513930,-0.42,8.409937492055881e-20,0.8749994277780444,-0.032749999999999946,0.4214499999611738,0.7695089999135591,0.581988741590682,,0.0,0.0,0.0,0.0,False,False,False
172,1773731951.5874665,1773731951587470656,-0.42,8.409937492055881e-20,0.8749994277780444,-0.03275000000000017,0.4214499999611738,0.7695089999135591,0.5819887415906818,,0.0,2.220446049250313e-16,0.0,2.220446049250313e-16,False,False,False
173,1773731951.637664,1773731951637668222,-0.42,8.409937492055881e-20,0.8749994277780444,-0.03275000000000017,0.4214499999611738,0.7695089999135591,0.5819887415906818,,0.0,2.220446049250313e-16,0.0,0.0,False,False,False
174,1773731951.6874945,1773731951687497049,-0.42,8.409937492055881e-20,0.8749994277780444,-0.03275000000000017,0.4214499999611738,0.7695089999135591,0.5819887415906818,,0.0,2.220446049250313e-16,0.0,0.0,False,False,False
175,1773731951.7376263,1773731951737630304,-0.42,8.409937492055881e-20,0.8749994277780444,-0.03275000000000017,0.4214499999611738,0.7695089999135591,0.5819887415906818,,0.0,2.220446049250313e-16,0.0,0.0,False,False,False
176,1773731951.7875454,1773731951787547601,-0.42,8.409937492055881e-20,0.8749994277780444,-0.03275000000000017,0.4214499999611738,0.7695089999135591,0.5819887415906818,,0.0,2.220446049250313e-16,0.0,0.0,False,False,False
177,1773731951.8374846,1773731951837487727,-0.42,8.409937492055881e-20,0.8749994277780444,-0.03275000000000017,0.4214499999611738,0.7695089999135591,0.5819887415906818,,0.0,2.220446049250313e-16,0.0,0.0,False,False,False
178,1773731951.887544,1773731951887546833,-0.42,8.409937492055881e-20,0.8749994277780444,-0.032749999999999946,0.4214499999611738,0.7695089999135591,0.581988741590682,,0.0,0.0,0.0,2.220446049250313e-16,False,False,False
179,1773731951.9376132,1773731951937617179,-0.42,8.409937492055881e-20,0.8749994277780444,-0.032749999999999946,0.4214499999611738,0.7695089999135591,0.581988741590682,,0.0,0.0,0.0,0.0,False,False,False
180,1773731951.9901404,1773731951990144614,-0.42,8.409937492055881e-20,0.8749994277780444,-0.032749999999999946,0.4214499999611738,0.7695089999135591,0.581988741590682,,0.0,0.0,0.0,0.0,False,False,False
181,1773731952.0375848,1773731952037590102,-0.42,8.409937492055881e-20,0.8749994277780444,-0.032749999999999946,0.4214499999611738,0.7695089999135591,0.581988741590682,,0.0,0.0,0.0,0.0,False,False,False
182,1773731952.0874996,1773731952087502549,-0.42,8.409937492055881e-20,0.8749994277780444,-0.032749999999999946,0.4214499999611738,0.7695089999135591,0.581988741590682,,0.0,0.0,0.0,0.0,False,False,False
183,1773731952.137605,1773731952137610404,-0.42,8.409937492055881e-20,0.8749994277780444,-0.032749999999999946,0.4214499999611738,0.7695089999135591,0.581988741590682,,0.0,0.0,0.0,0.0,False,False,False
184,1773731952.1874788,1773731952187481601,-0.42,8.409937492055881e-20,0.8749994277780444,-0.032749999999999946,0.4214499999611738,0.7695089999135591,0.581988741590682,,0.0,0.0,0.0,0.0,False,False,False
185,1773731952.237627,1773731952237632407,-0.42,8.409937492055881e-20,0.8749994277780444,-0.032749999999999946,0.4214499999611738,0.7695089999135591,0.581988741590682,,0.0,0.0,0.0,0.0,False,False,False
186,1773731952.2877216,1773731952287730682,-0.42,8.409937492055881e-20,0.8749994277780444,-0.032749999999999946,0.4214499999611738,0.7695089999135593,0.581988741590682,,0.0,1.1102230246251565e-16,0.0,1.1102230246251565e-16,False,False,False
187,1773731952.3375127,1773731952337515900,-0.42,8.409937492055881e-20,0.8749994277780444,-0.03275000000000017,0.4214499999611738,0.7695089999135591,0.5819887415906818,,0.0,2.220446049250313e-16,0.0,2.482534153247273e-16,False,False,False
188,1773731952.3875217,1773731952387526886,-0.42,8.409937492055881e-20,0.8749994277780444,-0.03275000000000017,0.4214499999611738,0.7695089999135591,0.5819887415906818,,0.0,2.220446049250313e-16,0.0,0.0,False,False,False
189,1773731952.4375083,1773731952437512442,-0.42,8.409937492055881e-20,0.8749994277780444,-0.03275000000000017,0.4214499999611738,0.7695089999135591,0.5819887415906818,,0.0,2.220446049250313e-16,0.0,0.0,False,False,False
190,1773731952.4876409,1773731952487647978,-0.42,8.409937492055881e-20,0.8749994277780444,-0.032749999999999946,0.4214499999611738,0.7695089999135591,0.581988741590682,,0.0,0.0,0.0,2.220446049250313e-16,False,False,False
191,1773731952.5374563,1773731952537459285,-0.42,8.409937492055881e-20,0.8749994277780444,-0.032749999999999946,0.4214499999611738,0.7695089999135591,0.581988741590682,,0.0,0.0,0.0,0.0,False,False,False
192,1773731952.58753,1773731952587534341,-0.42,8.409937492055881e-20,0.8749994277780444,-0.032749999999999946,0.4214499999611738,0.7695089999135591,0.581988741590682,,0.0,0.0,0.0,0.0,False,False,False
193,1773731952.6379566,1773731952637961155,-0.42,8.409937492055881e-20,0.8749994277780444,-0.032749999999999946,0.4214499999611738,0.7695089999135591,0.581988741590682,,0.0,0.0,0.0,0.0,False,False,False
194,1773731952.6895719,1773731952689575883,-0.42,8.409937492055881e-20,0.8749994277780444,-0.03275000000000006,0.4214499999611738,0.7695089999135591,0.5819887415906819,,0.0,1.1102230246251565e-16,0.0,1.1102230246251565e-16,False,False,False
195,1773731952.737604,1773731952737608149,-0.42,8.409937492055881e-20,0.8749994277780444,-0.03275000000000006,0.4214499999611738,0.7695089999135591,0.5819887415906819,,0.0,1.1102230246251565e-16,0.0,0.0,False,False,False
196,1773731952.7875679,1773731952787572155,-0.42,8.409937492055881e-20,0.8749994277780444,-0.03275000000000017,0.4214499999611738,0.7695089999135591,0.5819887415906818,,0.0,2.220446049250313e-16,0.0,1.1102230246251565e-16,False,False,False
197,1773731952.8375294,1773731952837533412,-0.42,8.409937492055881e-20,0.8749994277780444,-0.03275000000000017,0.4214499999611738,0.7695089999135591,0.5819887415906818,,0.0,2.220446049250313e-16,0.0,0.0,False,False,False
198,1773731952.8876972,1773731952887702597,-0.42,8.409937492055881e-20,0.8749994277780444,-0.03275000000000017,0.4214499999611738,0.7695089999135591,0.5819887415906818,,0.0,2.220446049250313e-16,0.0,0.0,False,False,False
199,1773731952.9376,1773731952937605444,-0.42,8.409937492055881e-20,0.8749994277780444,-0.032749999999999946,0.4214499999611738,0.7695089999135591,0.581988741590682,,0.0,0.0,0.0,2.220446049250313e-16,False,False,False
200,1773731952.987619,1773731952987625710,-0.42,8.409937492055881e-20,0.8749994277780444,-0.032749999999999946,0.4214499999611738,0.7695089999135591,0.581988741590682,,0.0,0.0,0.0,0.0,False,False,False
201,1773731953.037545,1773731953037549017,-0.42,8.409937492055881e-20,0.8749994277780444,-0.032749999999999946,0.4214499999611738,0.7695089999135591,0.581988741590682,,0.0,0.0,0.0,0.0,False,False,False
202,1773731953.0875387,1773731953087542023,-0.42,8.409937492055881e-20,0.8749994277780444,-0.032749999999999946,0.4214499999611738,0.7695089999135591,0.581988741590682,,0.0,0.0,0.0,0.0,False,False,False
203,1773731953.1375735,1773731953137578039,-0.42,8.409937492055881e-20,0.8749994277780444,-0.032749999999999946,0.4214499999611738,0.7695089999135591,0.581988741590682,,0.0,0.0,0.0,0.0,False,False,False
204,1773731953.1874878,1773731953187491216,-0.42,8.409937492055881e-20,0.8749994277780444,-0.03275000000000006,0.4214499999611738,0.7695089999135591,0.5819887415906819,,0.0,1.1102230246251565e-16,0.0,1.1102230246251565e-16,False,False,False
205,1773731953.2375894,1773731953237595671,-0.42,8.409937492055881e-20,0.8749994277780444,-0.032749999999999946,0.4214499999611738,0.7695089999135591,0.581988741590682,,0.0,0.0,0.0,1.1102230246251565e-16,False,False,False
206,1773731953.287459,1773731953287462218,-0.42,8.409937492055881e-20,0.8749994277780444,-0.032749999999999946,0.4214499999611738,0.7695089999135591,0.581988741590682,,0.0,0.0,0.0,0.0,False,False,False
207,1773731953.3385777,1773731953338583609,-0.42,8.409937492055881e-20,0.8749994277780444,-0.032749999999999946,0.4214499999611738,0.7695089999135591,0.581988741590682,,0.0,0.0,0.0,0.0,False,False,False
208,1773731953.3875034,1773731953387506880,-0.42,8.409937492055881e-20,0.8749994277780444,-0.032749999999999946,0.4214499999611738,0.7695089999135591,0.581988741590682,,0.0,0.0,0.0,0.0,False,False,False
209,1773731953.4374547,1773731953437457387,-0.42,8.409937492055881e-20,0.8749994277780444,-0.032749999999999946,0.4214499999611738,0.7695089999135591,0.581988741590682,,0.0,0.0,0.0,0.0,False,False,False
210,1773731953.4875782,1773731953487583553,-0.42,8.409937492055881e-20,0.8749994277780444,-0.032749999999999946,0.4214499999611738,0.7695089999135593,0.581988741590682,,0.0,1.1102230246251565e-16,0.0,1.1102230246251565e-16,False,False,False
211,1773731953.5383658,1773731953538369635,-0.42,8.409937492055881e-20,0.8749994277780444,-0.032749999999999946,0.4214499999611738,0.7695089999135593,0.581988741590682,,0.0,1.1102230246251565e-16,0.0,0.0,False,False,False
212,1773731953.59017,1773731953590173593,-0.42,8.409937492055881e-20,0.8749994277780444,-0.03275000000000017,0.4214499999611738,0.7695089999135591,0.5819887415906818,,0.0,2.220446049250313e-16,0.0,2.482534153247273e-16,False,False,False
213,1773731953.6375551,1773731953637559741,-0.42,8.409937492055881e-20,0.8749994277780444,-0.03275000000000017,0.4214499999611738,0.7695089999135591,0.5819887415906818,,0.0,2.220446049250313e-16,0.0,0.0,False,False,False
214,1773731953.6875145,1773731953687517938,-0.42,8.409937492055881e-20,0.8749994277780444,-0.032749999999999946,0.4214499999611738,0.7695089999135591,0.581988741590682,,0.0,0.0,0.0,2.220446049250313e-16,False,False,False
215,1773731953.7374802,1773731953737483654,-0.42,8.409937492055881e-20,0.8749994277780444,-0.032749999999999946,0.4214499999611738,0.7695089999135591,0.581988741590682,,0.0,0.0,0.0,0.0,False,False,False
216,1773731953.7875028,1773731953787507470,-0.42,8.409937492055881e-20,0.8749994277780444,-0.032749999999999946,0.4214499999611738,0.7695089999135591,0.581988741590682,,0.0,0.0,0.0,0.0,False,False,False
217,1773731953.8375568,1773731953837560486,-0.42,8.409937492055881e-20,0.8749994277780444,-0.032749999999999946,0.4214499999611738,0.7695089999135591,0.581988741590682,,0.0,0.0,0.0,0.0,False,False,False
218,1773731953.8885145,1773731953888519448,-0.42,8.409937492055881e-20,0.8749994277780444,-0.032749999999999946,0.4214499999611738,0.7695089999135591,0.581988741590682,,0.0,0.0,0.0,0.0,False,False,False
219,1773731953.9375381,1773731953937542798,-0.42,8.409937492055881e-20,0.8749994277780444,-0.032749999999999946,0.4214499999611738,0.7695089999135591,0.581988741590682,,0.0,0.0,0.0,0.0,False,False,False
220,1773731953.98761,1773731953987613964,-0.42,8.409937492055881e-20,0.8749994277780444,-0.032749999999999946,0.4214499999611738,0.7695089999135591,0.581988741590682,,0.0,0.0,0.0,0.0,False,False,False
221,1773731954.0375245,1773731954037527971,-0.42,8.409937492055881e-20,0.8749994277780444,-0.032749999999999946,0.4214499999611738,0.7695089999135591,0.581988741590682,,0.0,0.0,0.0,0.0,False,False,False
222,1773731954.0874887,1773731954087492148,-0.42,8.409937492055881e-20,0.8749994277780444,-0.032749999999999946,0.4214499999611738,0.7695089999135591,0.581988741590682,,0.0,0.0,0.0,0.0,False,False,False
223,1773731954.1376176,1773731954137622503,-0.42,8.409937492055881e-20,0.8749994277780444,-0.032749999999999946,0.4214499999611738,0.7695089999135591,0.581988741590682,,0.0,0.0,0.0,0.0,False,False,False
224,1773731954.187447,1773731954187450580,-0.42,8.409937492055881e-20,0.8749994277780444,-0.032749999999999946,0.4214499999611738,0.7695089999135591,0.581988741590682,,0.0,0.0,0.0,0.0,False,False,False
225,1773731954.2376192,1773731954237623626,-0.42,8.409937492055881e-20,0.8749994277780444,-0.032749999999999946,0.4214499999611738,0.7695089999135591,0.581988741590682,,0.0,0.0,0.0,0.0,False,False,False
226,1773731954.287585,1773731954287589162,-0.42,8.409937492055881e-20,0.8749994277780444,-0.032749999999999946,0.4214499999611738,0.7695089999135591,0.581988741590682,,0.0,0.0,0.0,0.0,False,False,False
227,1773731954.337558,1773731954337563319,-0.42,8.409937492055881e-20,0.8749994277780444,-0.032749999999999946,0.4214499999611738,0.7695089999135591,0.581988741590682,,0.0,0.0,0.0,0.0,False,False,False
228,1773731954.387466,1773731954387468845,-0.42,8.409937492055881e-20,0.8749994277780444,-0.032749999999999946,0.4214499999611738,0.7695089999135591,0.581988741590682,,0.0,0.0,0.0,0.0,False,False,False
229,1773731954.4374397,1773731954437442272,-0.42,8.409937492055881e-20,0.8749994277780444,-0.032749999999999946,0.4214499999611738,0.7695089999135591,0.581988741590682,,0.0,0.0,0.0,0.0,False,False,False
230,1773731954.4875748,1773731954487580337,-0.42,8.409937492055881e-20,0.8749994277780444,-0.032749999999999946,0.4214499999611738,0.7695089999135591,0.581988741590682,,0.0,0.0,0.0,0.0,False,False,False
231,1773731954.537503,1773731954537506454,-0.42,8.409937492055881e-20,0.8749994277780444,-0.032749999999999946,0.4214499999611738,0.7695089999135591,0.581988741590682,,0.0,0.0,0.0,0.0,False,False,False
232,1773731954.5875638,1773731954587566240,-0.42,8.409937492055881e-20,0.8749994277780444,-0.03275000000000006,0.4214499999611738,0.7695089999135591,0.5819887415906819,,0.0,1.1102230246251565e-16,0.0,1.1102230246251565e-16,False,False,False
233,1773731954.6375153,1773731954637517396,-0.42,8.409937492055881e-20,0.8749994277780444,-0.032749999999999946,0.4214499999611738,0.7695089999135591,0.581988741590682,,0.0,0.0,0.0,1.1102230246251565e-16,False,False,False
234,1773731954.6875312,1773731954687533452,-0.42,8.409937492055881e-20,0.8749994277780444,-0.032749999999999946,0.4214499999611738,0.7695089999135591,0.581988741590682,,0.0,0.0,0.0,0.0,False,False,False
235,1773731954.7375147,1773731954737516919,-0.42,8.409937492055881e-20,0.8749994277780444,-0.032749999999999946,0.4214499999611738,0.7695089999135591,0.581988741590682,,0.0,0.0,0.0,0.0,False,False,False
236,1773731954.7876205,1773731954787624854,-0.42,8.409937492055881e-20,0.8749994277780444,-0.032749999999999946,0.4214499999611738,0.7695089999135591,0.581988741590682,,0.0,0.0,0.0,0.0,False,False,False
237,1773731954.8375087,1773731954837512031,-0.42,8.409937492055881e-20,0.8749994277780444,-0.032749999999999946,0.4214499999611738,0.7695089999135591,0.581988741590682,,0.0,0.0,0.0,0.0,False,False,False
238,1773731954.887571,1773731954887574057,-0.42,8.409937492055881e-20,0.8749994277780444,-0.032749999999999946,0.4214499999611738,0.7695089999135593,0.581988741590682,,0.0,1.1102230246251565e-16,0.0,1.1102230246251565e-16,False,False,False
239,1773731954.937597,1773731954937600773,-0.42,8.409937492055881e-20,0.8749994277780444,-0.03275000000000017,0.4214499999611738,0.7695089999135591,0.5819887415906818,,0.0,2.220446049250313e-16,0.0,2.482534153247273e-16,False,False,False
240,1773731954.9875317,1773731954987536250,-0.42,8.409937492055881e-20,0.8749994277780444,-0.03275000000000017,0.4214499999611738,0.7695089999135591,0.5819887415906818,,0.0,2.220446049250313e-16,0.0,0.0,False,False,False
241,1773731955.0375683,1773731955037570656,-0.42,8.409937492055881e-20,0.8749994277780444,-0.03275000000000017,0.4214499999611738,0.7695089999135591,0.5819887415906818,,0.0,2.220446049250313e-16,0.0,0.0,False,False,False
242,1773731955.0875661,1773731955087570642,-0.42,8.409937492055881e-20,0.8749994277780444,-0.03275000000000017,0.4214499999611738,0.7695089999135591,0.5819887415906818,,0.0,2.220446049250313e-16,0.0,0.0,False,False,False
243,1773731955.1375067,1773731955137509698,-0.42,8.409937492055881e-20,0.8749994277780444,-0.03275000000000017,0.4214499999611738,0.7695089999135591,0.5819887415906818,,0.0,2.220446049250313e-16,0.0,0.0,False,False,False
244,1773731955.187572,1773731955187574164,-0.42,8.409937492055881e-20,0.8749994277780444,-0.032749999999999946,0.4214499999611738,0.7695089999135591,0.581988741590682,,0.0,0.0,0.0,2.220446049250313e-16,False,False,False
245,1773731955.237793,1773731955237797090,-0.42,8.409937492055881e-20,0.8749994277780444,-0.032749999999999946,0.4214499999611738,0.7695089999135591,0.581988741590682,,0.0,0.0,0.0,0.0,False,False,False
246,1773731955.2875342,1773731955287536907,-0.42,8.409937492055881e-20,0.8749994277780444,-0.032749999999999946,0.4214499999611738,0.7695089999135591,0.581988741590682,,0.0,0.0,0.0,0.0,False,False,False
247,1773731955.3375237,1773731955337526743,-0.42,8.409937492055881e-20,0.8749994277780444,-0.032749999999999946,0.4214499999611738,0.7695089999135591,0.581988741590682,,0.0,0.0,0.0,0.0,False,False,False
248,1773731955.3874974,1773731955387501670,-0.42,8.409937492055881e-20,0.8749994277780444,-0.032749999999999946,0.4214499999611738,0.7695089999135591,0.581988741590682,,0.0,0.0,0.0,0.0,False,False,False
249,1773731955.4375849,1773731955437587415,-0.42,8.409937492055881e-20,0.8749994277780444,-0.032749999999999946,0.4214499999611738,0.7695089999135591,0.581988741590682,,0.0,0.0,0.0,0.0,False,False,False
250,1773731955.4874191,1773731955487421532,-0.42,8.409937492055881e-20,0.8749994277780444,-0.032749999999999946,0.4214499999611738,0.7695089999135591,0.581988741590682,,0.0,0.0,0.0,0.0,False,False,False
251,1773731955.5375645,1773731955537567228,-0.42,8.409937492055881e-20,0.8749994277780444,-0.032749999999999946,0.4214499999611738,0.7695089999135591,0.581988741590682,,0.0,0.0,0.0,0.0,False,False,False
252,1773731955.5874865,1773731955587489555,-0.42,8.409937492055881e-20,0.8749994277780444,-0.032749999999999946,0.4214499999611738,0.7695089999135591,0.581988741590682,,0.0,0.0,0.0,0.0,False,False,False
253,1773731955.638001,1773731955638003638,-0.42,8.409937492055881e-20,0.8749994277780444,-0.032749999999999946,0.4214499999611738,0.7695089999135591,0.581988741590682,,0.0,0.0,0.0,0.0,False,False,False
254,1773731955.6875367,1773731955687538857,-0.42,8.409937492055881e-20,0.8749994277780444,-0.032749999999999946,0.4214499999611738,0.7695089999135591,0.581988741590682,,0.0,0.0,0.0,0.0,False,False,False
255,1773731955.7375028,1773731955737505523,-0.42,8.409937492055881e-20,0.8749994277780444,-0.032749999999999946,0.4214499999611738,0.7695089999135591,0.581988741590682,,0.0,0.0,0.0,0.0,False,False,False
256,1773731955.7875469,1773731955787550039,-0.42,8.409937492055881e-20,0.8749994277780444,-0.032749999999999946,0.4214499999611738,0.7695089999135591,0.581988741590682,,0.0,0.0,0.0,0.0,False,False,False
257,1773731955.8374405,1773731955837444806,-0.42,8.409937492055881e-20,0.8749994277780444,-0.032749999999999946,0.4214499999611738,0.7695089999135591,0.581988741590682,,0.0,0.0,0.0,0.0,False,False,False
258,1773731955.8875694,1773731955887573942,-0.42,8.409937492055881e-20,0.8749994277780444,-0.032749999999999946,0.4214499999611738,0.7695089999135591,0.581988741590682,,0.0,0.0,0.0,0.0,False,False,False
259,1773731955.9375746,1773731955937579778,-0.42,8.409937492055881e-20,0.8749994277780444,-0.03275000000000006,0.4214499999611738,0.7695089999135591,0.5819887415906819,,0.0,1.1102230246251565e-16,0.0,1.1102230246251565e-16,False,False,False
260,1773731955.9875314,1773731955987535544,-0.42,8.409937492055881e-20,0.8749994277780444,-0.03275000000000006,0.4214499999611738,0.7695089999135591,0.5819887415906819,,0.0,1.1102230246251565e-16,0.0,0.0,False,False,False
261,1773731956.0374994,1773731956037502351,-0.42,8.409937492055881e-20,0.8749994277780444,-0.03275000000000006,0.4214499999611738,0.7695089999135591,0.5819887415906819,,0.0,1.1102230246251565e-16,0.0,0.0,False,False,False
262,1773731956.087554,1773731956087558147,-0.42,8.409937492055881e-20,0.8749994277780444,-0.032749999999999946,0.4214499999611738,0.7695089999135591,0.581988741590682,,0.0,0.0,0.0,1.1102230246251565e-16,False,False,False
263,1773731956.1375067,1773731956137510743,-0.42,8.409937492055881e-20,0.8749994277780444,-0.032749999999999946,0.4214499999611738,0.7695089999135591,0.581988741590682,,0.0,0.0,0.0,0.0,False,False,False
264,1773731956.1876605,1773731956187666659,-0.42,8.409937492055881e-20,0.8749994277780444,-0.032749999999999946,0.4214499999611738,0.7695089999135591,0.581988741590682,,0.0,0.0,0.0,0.0,False,False,False
265,1773731956.2374513,1773731956237454946,-0.42,8.409937492055881e-20,0.8749994277780444,-0.032749999999999946,0.4214499999611738,0.7695089999135593,0.581988741590682,,0.0,1.1102230246251565e-16,0.0,1.1102230246251565e-16,False,False,False
266,1773731956.2874837,1773731956287487972,-0.42,8.409937492055881e-20,0.8749994277780444,-0.032749999999999946,0.4214499999611738,0.7695089999135591,0.581988741590682,,0.0,0.0,0.0,1.1102230246251565e-16,False,False,False
267,1773731956.3375056,1773731956337510318,-0.42,8.409937492055881e-20,0.8749994277780444,-0.032749999999999946,0.4214499999611738,0.7695089999135591,0.581988741590682,,0.0,0.0,0.0,0.0,False,False,False
268,1773731956.3874393,1773731956387442675,-0.42,8.409937492055881e-20,0.8749994277780444,-0.032749999999999946,0.4214499999611738,0.7695089999135591,0.581988741590682,,0.0,0.0,0.0,0.0,False,False,False
269,1773731956.437545,1773731956437549331,-0.42,8.409937492055881e-20,0.8749994277780444,-0.032749999999999946,0.4214499999611738,0.7695089999135591,0.581988741590682,,0.0,0.0,0.0,0.0,False,False,False
270,1773731956.4886642,1773731956488667612,-0.42,8.409937492055881e-20,0.8749994277780444,-0.032749999999999946,0.4214499999611738,0.7695089999135591,0.581988741590682,,0.0,0.0,0.0,0.0,False,False,False
271,1773731956.5378208,1773731956537824052,-0.42,8.409937492055881e-20,0.8749994277780444,-0.032749999999999946,0.4214499999611738,0.7695089999135591,0.581988741590682,,0.0,0.0,0.0,0.0,False,False,False
272,1773731956.5875862,1773731956587590279,-0.42,8.409937492055881e-20,0.8749994277780444,-0.032749999999999946,0.4214499999611738,0.7695089999135591,0.581988741590682,,0.0,0.0,0.0,0.0,False,False,False
273,1773731956.6375952,1773731956637602335,-0.42,8.409937492055881e-20,0.8749994277780444,-0.03275000000000017,0.4214499999611738,0.7695089999135591,0.5819887415906818,,0.0,2.220446049250313e-16,0.0,2.220446049250313e-16,False,False,False
274,1773731956.6875484,1773731956687551962,-0.42,8.409937492055881e-20,0.8749994277780444,-0.03275000000000017,0.4214499999611738,0.7695089999135591,0.5819887415906818,,0.0,2.220446049250313e-16,0.0,0.0,False,False,False
275,1773731956.73747,1773731956737473488,-0.42,8.409937492055881e-20,0.8749994277780444,-0.03275000000000017,0.4214499999611738,0.7695089999135591,0.5819887415906818,,0.0,2.220446049250313e-16,0.0,0.0,False,False,False
276,1773731956.7875574,1773731956787562444,-0.42,8.409937492055881e-20,0.8749994277780444,-0.03275000000000017,0.4214499999611738,0.7695089999135591,0.5819887415906818,,0.0,2.220446049250313e-16,0.0,0.0,False,False,False
277,1773731956.8375466,1773731956837551751,-0.42,8.409937492055881e-20,0.8749994277780444,-0.03275000000000017,0.4214499999611738,0.7695089999135591,0.5819887415906818,,0.0,2.220446049250313e-16,0.0,0.0,False,False,False
278,1773731956.8875303,1773731956887533147,-0.42,8.409937492055881e-20,0.8749994277780444,-0.032749999999999946,0.4214499999611738,0.7695089999135591,0.581988741590682,,0.0,0.0,0.0,2.220446049250313e-16,False,False,False
279,1773731956.9374888,1773731956937494213,-0.42,8.409937492055881e-20,0.8749994277780444,-0.032749999999999946,0.4214499999611738,0.7695089999135591,0.581988741590682,,0.0,0.0,0.0,0.0,False,False,False
280,1773731956.9875932,1773731956987598109,-0.42,8.409937492055881e-20,0.8749994277780444,-0.032749999999999946,0.4214499999611738,0.7695089999135591,0.581988741590682,,0.0,0.0,0.0,0.0,False,False,False
281,1773731957.0375214,1773731957037525496,-0.42,8.409937492055881e-20,0.8749994277780444,-0.032749999999999946,0.4214499999611738,0.7695089999135591,0.581988741590682,,0.0,0.0,0.0,0.0,False,False,False
282,1773731957.087525,1773731957087528612,-0.42,8.409937492055881e-20,0.8749994277780444,-0.032749999999999946,0.4214499999611738,0.7695089999135591,0.581988741590682,,0.0,0.0,0.0,0.0,False,False,False
283,1773731957.1374633,1773731957137466789,-0.42,8.409937492055881e-20,0.8749994277780444,-0.032749999999999946,0.4214499999611738,0.7695089999135591,0.581988741590682,,0.0,0.0,0.0,0.0,False,False,False
284,1773731957.1875477,1773731957187553365,-0.42,8.409937492055881e-20,0.8749994277780444,-0.03275000000000006,0.4214499999611738,0.7695089999135591,0.5819887415906819,,0.0,1.1102230246251565e-16,0.0,1.1102230246251565e-16,False,False,False
285,1773731957.2375817,1773731957237586821,-0.42,8.409937492055881e-20,0.8749994277780444,-0.03275000000000017,0.4214499999611738,0.7695089999135591,0.5819887415906818,,0.0,2.220446049250313e-16,0.0,1.1102230246251565e-16,False,False,False
286,1773731957.2874737,1773731957287478127,-0.42,8.409937492055881e-20,0.8749994277780444,-0.03275000000000017,0.4214499999611738,0.7695089999135591,0.5819887415906818,,0.0,2.220446049250313e-16,0.0,0.0,False,False,False
287,1773731957.3375952,1773731957337599343,-0.42,8.409937492055881e-20,0.8749994277780444,-0.03275000000000017,0.4214499999611738,0.7695089999135591,0.5819887415906818,,0.0,2.220446049250313e-16,0.0,0.0,False,False,False
288,1773731957.3874924,1773731957387495880,-0.42,8.409937492055881e-20,0.8749994277780444,-0.032749999999999946,0.4214499999611738,0.7695089999135591,0.581988741590682,,0.0,0.0,0.0,2.220446049250313e-16,False,False,False
289,1773731957.4374907,1773731957437493376,-0.42,8.409937492055881e-20,0.8749994277780444,-0.032749999999999946,0.4214499999611738,0.7695089999135591,0.581988741590682,,0.0,0.0,0.0,0.0,False,False,False
290,1773731957.487508,1773731957487510972,-0.42,8.409937492055881e-20,0.8749994277780444,-0.032749999999999946,0.4214499999611738,0.7695089999135591,0.581988741590682,,0.0,0.0,0.0,0.0,False,False,False
291,1773731957.5374613,1773731957537465549,-0.42,8.409937492055881e-20,0.8749994277780444,-0.032749999999999946,0.4214499999611738,0.7695089999135591,0.581988741590682,,0.0,0.0,0.0,0.0,False,False,False
292,1773731957.5874755,1773731957587479135,-0.42,8.409937492055881e-20,0.8749994277780444,-0.032749999999999946,0.4214499999611738,0.7695089999135591,0.581988741590682,,0.0,0.0,0.0,0.0,False,False,False
293,1773731957.637679,1773731957637683290,-0.42,8.409937492055881e-20,0.8749994277780444,-0.032749999999999946,0.4214499999611738,0.7695089999135591,0.581988741590682,,0.0,0.0,0.0,0.0,False,False,False
294,1773731957.6874838,1773731957687489537,-0.42,8.409937492055881e-20,0.8749994277780444,-0.032749999999999946,0.4214499999611738,0.7695089999135591,0.581988741590682,,0.0,0.0,0.0,0.0,False,False,False
295,1773731957.7376034,1773731957737607893,-0.42,8.409937492055881e-20,0.8749994277780444,-0.032749999999999946,0.4214499999611738,0.7695089999135591,0.581988741590682,,0.0,0.0,0.0,0.0,False,False,False
296,1773731957.7875557,1773731957787561740,-0.42,8.409937492055881e-20,0.8749994277780444,-0.032749999999999946,0.4214499999611738,0.7695089999135591,0.581988741590682,,0.0,0.0,0.0,0.0,False,False,False
297,1773731957.8375108,1773731957837514256,-0.42,8.409937492055881e-20,0.8749994277780444,-0.032749999999999946,0.4214499999611738,0.7695089999135591,0.581988741590682,,0.0,0.0,0.0,0.0,False,False,False
298,1773731957.887463,1773731957887465923,-0.42,8.409937492055881e-20,0.8749994277780444,-0.032749999999999946,0.4214499999611738,0.7695089999135591,0.581988741590682,,0.0,0.0,0.0,0.0,False,False,False
299,1773731957.9375665,1773731957937572238,-0.42,8.409937492055881e-20,0.8749994277780444,-0.032749999999999946,0.4214499999611738,0.7695089999135591,0.581988741590682,,0.0,0.0,0.0,0.0,False,False,False
300,1773731957.9875078,1773731957987510465,-0.42,8.409937492055881e-20,0.8749994277780444,-0.032749999999999946,0.4214499999611738,0.7695089999135591,0.581988741590682,,0.0,0.0,0.0,0.0,False,False,False
301,1773731958.0375843,1773731958037588301,-0.42,8.409937492055881e-20,0.8749994277780444,-0.03275000000000017,0.4214499999611738,0.7695089999135591,0.5819887415906818,,0.0,2.220446049250313e-16,0.0,2.220446049250313e-16,False,False,False
302,1773731958.0874643,1773731958087469038,-0.42,8.409937492055881e-20,0.8749994277780444,-0.03275000000000017,0.4214499999611738,0.7695089999135591,0.5819887415906818,,0.0,2.220446049250313e-16,0.0,0.0,False,False,False
303,1773731958.1376145,1773731958137618933,-0.42,8.409937492055881e-20,0.8749994277780444,-0.03275000000000017,0.4214499999611738,0.7695089999135591,0.5819887415906818,,0.0,2.220446049250313e-16,0.0,0.0,False,False,False
304,1773731958.187492,1773731958187497530,-0.42,8.409937492055881e-20,0.8749994277780444,-0.03275000000000017,0.4214499999611738,0.7695089999135591,0.5819887415906818,,0.0,2.220446049250313e-16,0.0,0.0,False,False,False
305,1773731958.2375548,1773731958237559476,-0.42,8.409937492055881e-20,0.8749994277780444,-0.03275000000000017,0.4214499999611738,0.7695089999135591,0.5819887415906818,,0.0,2.220446049250313e-16,0.0,0.0,False,False,False
306,1773731958.2874858,1773731958287490472,-0.42,8.409937492055881e-20,0.8749994277780444,-0.03275000000000017,0.4214499999611738,0.7695089999135591,0.5819887415906818,,0.0,2.220446049250313e-16,0.0,0.0,False,False,False
307,1773731958.3375485,1773731958337554039,-0.42,8.409937492055881e-20,0.8749994277780444,-0.03275000000000017,0.4214499999611738,0.7695089999135591,0.5819887415906818,,0.0,2.220446049250313e-16,0.0,0.0,False,False,False
308,1773731958.3874815,1773731958387485485,-0.42,8.409937492055881e-20,0.8749994277780444,-0.032749999999999946,0.4214499999611738,0.7695089999135591,0.581988741590682,,0.0,0.0,0.0,2.220446049250313e-16,False,False,False
309,1773731958.4374669,1773731958437471812,-0.42,8.409937492055881e-20,0.8749994277780444,-0.032749999999999946,0.4214499999611738,0.7695089999135591,0.581988741590682,,0.0,0.0,0.0,0.0,False,False,False
310,1773731958.4874825,1773731958487484928,-0.42,8.409937492055881e-20,0.8749994277780444,-0.032749999999999946,0.4214499999611738,0.7695089999135591,0.581988741590682,,0.0,0.0,0.0,0.0,False,False,False
311,1773731958.5374274,1773731958537429244,-0.42,8.409937492055881e-20,0.8749994277780444,-0.032749999999999946,0.4214499999611738,0.7695089999135591,0.581988741590682,,0.0,0.0,0.0,0.0,False,False,False
312,1773731958.587596,1773731958587599830,-0.42,8.409937492055881e-20,0.8749994277780444,-0.032749999999999946,0.4214499999611738,0.7695089999135591,0.581988741590682,,0.0,0.0,0.0,0.0,False,False,False
313,1773731958.6375911,1773731958637594486,-0.42,8.409937492055881e-20,0.8749994277780444,-0.032749999999999946,0.4214499999611738,0.7695089999135591,0.581988741590682,,0.0,0.0,0.0,0.0,False,False,False
314,1773731958.6892834,1773731958689286564,-0.42,8.409937492055881e-20,0.8749994277780444,-0.032749999999999946,0.4214499999611738,0.7695089999135591,0.581988741590682,,0.0,0.0,0.0,0.0,False,False,False
315,1773731958.7374868,1773731958737489539,-0.42,8.409937492055881e-20,0.8749994277780444,-0.032749999999999946,0.4214499999611738,0.7695089999135591,0.581988741590682,,0.0,0.0,0.0,0.0,False,False,False
316,1773731958.7875087,1773731958787511595,-0.42,8.409937492055881e-20,0.8749994277780444,-0.032749999999999946,0.4214499999611738,0.7695089999135591,0.581988741590682,,0.0,0.0,0.0,0.0,False,False,False
317,1773731958.8375204,1773731958837522721,-0.42,8.409937492055881e-20,0.8749994277780444,-0.032749999999999946,0.4214499999611738,0.7695089999135591,0.581988741590682,,0.0,0.0,0.0,0.0,False,False,False
318,1773731958.8874788,1773731958887481378,-0.42,8.409937492055881e-20,0.8749994277780444,-0.032749999999999946,0.4214499999611738,0.7695089999135591,0.581988741590682,,0.0,0.0,0.0,0.0,False,False,False
319,1773731958.9375782,1773731958937580774,-0.42,8.409937492055881e-20,0.8749994277780444,-0.032749999999999946,0.4214499999611738,0.7695089999135591,0.581988741590682,,0.0,0.0,0.0,0.0,False,False,False
320,1773731958.9875169,1773731958987519580,-0.42,8.409937492055881e-20,0.8749994277780444,-0.032749999999999946,0.4214499999611738,0.7695089999135591,0.581988741590682,,0.0,0.0,0.0,0.0,False,False,False
321,1773731959.037957,1773731959037959244,-0.42,8.409937492055881e-20,0.8749994277780444,-0.032749999999999946,0.4214499999611738,0.7695089999135591,0.581988741590682,,0.0,0.0,0.0,0.0,False,False,False
322,1773731959.0875542,1773731959087558123,-0.42,8.409937492055881e-20,0.8749994277780444,-0.032749999999999946,0.4214499999611738,0.7695089999135591,0.581988741590682,,0.0,0.0,0.0,0.0,False,False,False
323,1773731959.13749,1773731959137492649,-0.42,8.409937492055881e-20,0.8749994277780444,-0.032749999999999946,0.4214499999611738,0.7695089999135591,0.581988741590682,,0.0,0.0,0.0,0.0,False,False,False
324,1773731959.1874845,1773731959187486605,-0.42,8.409937492055881e-20,0.8749994277780444,-0.032749999999999946,0.4214499999611738,0.7695089999135591,0.581988741590682,,0.0,0.0,0.0,0.0,False,False,False
325,1773731959.237462,1773731959237464512,-0.42,8.409937492055881e-20,0.8749994277780444,-0.032749999999999946,0.4214499999611738,0.7695089999135591,0.581988741590682,,0.0,0.0,0.0,0.0,False,False,False
326,1773731959.2878065,1773731959287810676,-0.42,8.409937492055881e-20,0.8749994277780444,-0.032749999999999946,0.4214499999611738,0.7695089999135591,0.581988741590682,,0.0,0.0,0.0,0.0,False,False,False
327,1773731959.3375223,1773731959337524594,-0.42,8.409937492055881e-20,0.8749994277780444,-0.032749999999999946,0.4214499999611738,0.7695089999135591,0.581988741590682,,0.0,0.0,0.0,0.0,False,False,False
328,1773731959.3875377,1773731959387542811,-0.42,8.409937492055881e-20,0.8749994277780444,-0.032749999999999946,0.4214499999611738,0.7695089999135591,0.581988741590682,,0.0,0.0,0.0,0.0,False,False,False
329,1773731959.440135,1773731959440137964,-0.42,8.409937492055881e-20,0.8749994277780444,-0.032749999999999946,0.4214499999611738,0.7695089999135591,0.581988741590682,,0.0,0.0,0.0,0.0,False,False,False
330,1773731959.4875593,1773731959487562293,-0.42,8.409937492055881e-20,0.8749994277780444,-0.032749999999999946,0.4214499999611738,0.7695089999135591,0.581988741590682,,0.0,0.0,0.0,0.0,False,False,False
331,1773731959.5374885,1773731959537490429,-0.42,8.409937492055881e-20,0.8749994277780444,-0.032749999999999946,0.4214499999611738,0.7695089999135591,0.581988741590682,,0.0,0.0,0.0,0.0,False,False,False
332,1773731959.5876236,1773731959587626425,-0.42,8.409937492055881e-20,0.8749994277780444,-0.032749999999999946,0.4214499999611738,0.7695089999135591,0.581988741590682,,0.0,0.0,0.0,0.0,False,False,False
333,1773731959.638357,1773731959638361048,-0.42,8.409937492055881e-20,0.8749994277780444,-0.032749999999999946,0.4214499999611738,0.7695089999135591,0.581988741590682,,0.0,0.0,0.0,0.0,False,False,False
334,1773731959.6874897,1773731959687492548,-0.42,8.409937492055881e-20,0.8749994277780444,-0.032749999999999946,0.4214499999611738,0.7695089999135591,0.581988741590682,,0.0,0.0,0.0,0.0,False,False,False
335,1773731959.7374892,1773731959737491374,-0.42,8.409937492055881e-20,0.8749994277780444,-0.032749999999999946,0.4214499999611738,0.7695089999135591,0.581988741590682,,0.0,0.0,0.0,0.0,False,False,False
336,1773731959.7888281,1773731959788830345,-0.42,8.409937492055881e-20,0.8749994277780444,-0.032749999999999946,0.4214499999611738,0.7695089999135591,0.581988741590682,,0.0,0.0,0.0,0.0,False,False,False
337,1773731959.8374999,1773731959837503157,-0.42,8.409937492055881e-20,0.8749994277780444,-0.032749999999999946,0.4214499999611738,0.7695089999135591,0.581988741590682,,0.0,0.0,0.0,0.0,False,False,False
338,1773731959.8881202,1773731959888124171,-0.42,8.409937492055881e-20,0.8749994277780444,-0.032749999999999946,0.4214499999611738,0.7695089999135591,0.581988741590682,,0.0,0.0,0.0,0.0,False,False,False
339,1773731959.9374897,1773731959937492850,-0.42,8.409937492055881e-20,0.8749994277780444,-0.032749999999999946,0.4214499999611738,0.7695089999135591,0.581988741590682,,0.0,0.0,0.0,0.0,False,False,False
340,1773731959.9875379,1773731959987541596,-0.42,8.409937492055881e-20,0.8749994277780444,-0.032749999999999946,0.4214499999611738,0.7695089999135591,0.581988741590682,,0.0,0.0,0.0,0.0,False,False,False
341,1773731960.037718,1773731960037722891,-0.42,8.409937492055881e-20,0.8749994277780444,-0.032749999999999946,0.4214499999611738,0.7695089999135591,0.581988741590682,,0.0,0.0,0.0,0.0,False,False,False
342,1773731960.087507,1773731960087511908,-0.42,8.409937492055881e-20,0.8749994277780444,-0.032749999999999946,0.4214499999611738,0.7695089999135591,0.581988741590682,,0.0,0.0,0.0,0.0,False,False,False
343,1773731960.1376107,1773731960137616904,-0.42,8.409937492055881e-20,0.8749994277780444,-0.032749999999999946,0.4214499999611738,0.7695089999135591,0.581988741590682,,0.0,0.0,0.0,0.0,False,False,False
344,1773731960.1874876,1773731960187490751,-0.42,8.409937492055881e-20,0.8749994277780444,-0.03275000000000006,0.4214499999611738,0.7695089999135591,0.5819887415906819,,0.0,1.1102230246251565e-16,0.0,1.1102230246251565e-16,False,False,False
345,1773731960.239813,1773731960239819537,-0.42,8.409937492055881e-20,0.8749994277780444,-0.03275000000000006,0.4214499999611738,0.7695089999135591,0.5819887415906819,,0.0,1.1102230246251565e-16,0.0,0.0,False,False,False
346,1773731960.2874794,1773731960287483044,-0.42,8.409937492055881e-20,0.8749994277780444,-0.032749999999999946,0.4214499999611738,0.7695089999135591,0.581988741590682,,0.0,0.0,0.0,1.1102230246251565e-16,False,False,False
347,1773731960.3374505,1773731960337453710,-0.42,8.409937492055881e-20,0.8749994277780444,-0.032749999999999946,0.4214499999611738,0.7695089999135591,0.581988741590682,,0.0,0.0,0.0,0.0,False,False,False
348,1773731960.3875196,1773731960387524436,-0.42,8.409937492055881e-20,0.8749994277780444,-0.032749999999999946,0.4214499999611738,0.7695089999135591,0.581988741590682,,0.0,0.0,0.0,0.0,False,False,False
349,1773731960.4374712,1773731960437475073,-0.42,8.409937492055881e-20,0.8749994277780444,-0.032749999999999946,0.4214499999611738,0.7695089999135591,0.581988741590682,,0.0,0.0,0.0,0.0,False,False,False
350,1773731960.4875543,1773731960487558688,-0.42,8.409937492055881e-20,0.8749994277780444,-0.032749999999999946,0.4214499999611738,0.7695089999135591,0.581988741590682,,0.0,0.0,0.0,0.0,False,False,False
351,1773731960.5375326,1773731960537538515,-0.42,8.409937492055881e-20,0.8749994277780444,-0.032749999999999946,0.4214499999611738,0.7695089999135593,0.581988741590682,,0.0,1.1102230246251565e-16,0.0,1.1102230246251565e-16,False,False,False
352,1773731960.5876021,1773731960587606801,-0.42,8.409937492055881e-20,0.8749994277780444,-0.032749999999999946,0.4214499999611738,0.7695089999135593,0.581988741590682,,0.0,1.1102230246251565e-16,0.0,0.0,False,False,False
353,1773731960.6375065,1773731960637511498,-0.42,8.409937492055881e-20,0.8749994277780444,-0.032749999999999946,0.4214499999611738,0.7695089999135591,0.581988741590682,,0.0,0.0,0.0,1.1102230246251565e-16,False,False,False
354,1773731960.6895072,1773731960689510795,-0.42,8.409937492055881e-20,0.8749994277780444,-0.032749999999999946,0.4214499999611738,0.7695089999135591,0.581988741590682,,0.0,0.0,0.0,0.0,False,False,False
355,1773731960.7377892,1773731960737793699,-0.42,8.409937492055881e-20,0.8749994277780444,-0.032749999999999946,0.4214499999611738,0.7695089999135591,0.581988741590682,,0.0,0.0,0.0,0.0,False,False,False
356,1773731960.7874482,1773731960787451047,-0.42,8.409937492055881e-20,0.8749994277780444,-0.032749999999999946,0.4214499999611738,0.7695089999135591,0.581988741590682,,0.0,0.0,0.0,0.0,False,False,False
357,1773731960.8374195,1773731960837423193,-0.42,8.409937492055881e-20,0.8749994277780444,-0.032749999999999946,0.4214499999611738,0.7695089999135591,0.581988741590682,,0.0,0.0,0.0,0.0,False,False,False
358,1773731960.888949,1773731960888953372,-0.42,8.409937492055881e-20,0.8749994277780444,-0.032749999999999946,0.4214499999611738,0.7695089999135591,0.581988741590682,,0.0,0.0,0.0,0.0,False,False,False
359,1773731960.9375463,1773731960937551085,-0.42,8.409937492055881e-20,0.8749994277780444,-0.032749999999999946,0.4214499999611738,0.7695089999135591,0.581988741590682,,0.0,0.0,0.0,0.0,False,False,False
360,1773731960.9875557,1773731960987560352,-0.42,8.409937492055881e-20,0.8749994277780444,-0.032749999999999946,0.4214499999611738,0.7695089999135591,0.581988741590682,,0.0,0.0,0.0,0.0,False,False,False
361,1773731961.0377507,1773731961037754387,-0.42,8.409937492055881e-20,0.8749994277780444,-0.032749999999999946,0.4214499999611738,0.7695089999135591,0.581988741590682,,0.0,0.0,0.0,0.0,False,False,False
362,1773731961.0902228,1773731961090226461,-0.42,8.409937492055881e-20,0.8749994277780444,-0.032749999999999946,0.4214499999611738,0.7695089999135591,0.581988741590682,,0.0,0.0,0.0,0.0,False,False,False
363,1773731961.1375096,1773731961137514600,-0.42,8.409937492055881e-20,0.8749994277780444,-0.032749999999999946,0.4214499999611738,0.7695089999135591,0.581988741590682,,0.0,0.0,0.0,0.0,False,False,False
364,1773731961.1874604,1773731961187464197,-0.42,8.409937492055881e-20,0.8749994277780444,-0.03275000000000006,0.4214499999611738,0.7695089999135593,0.5819887415906819,,0.0,1.5700924586837752e-16,0.0,1.5700924586837752e-16,False,False,False
365,1773731961.2375557,1773731961237560393,-0.42,8.409937492055881e-20,0.8749994277780444,-0.032749999999999946,0.4214499999611738,0.7695089999135591,0.581988741590682,,0.0,0.0,0.0,1.5700924586837752e-16,False,False,False
366,1773731961.287491,1773731961287494549,-0.42,8.409937492055881e-20,0.8749994277780444,-0.032749999999999946,0.4214499999611738,0.7695089999135591,0.581988741590682,,0.0,0.0,0.0,0.0,False,False,False
367,1773731961.3374608,1773731961337464966,-0.42,8.409937492055881e-20,0.8749994277780444,-0.032749999999999946,0.4214499999611738,0.7695089999135591,0.581988741590682,,0.0,0.0,0.0,0.0,False,False,False
368,1773731961.38811,1773731961388114089,-0.42,8.409937492055881e-20,0.8749994277780444,-0.032749999999999946,0.4214499999611738,0.7695089999135591,0.581988741590682,,0.0,0.0,0.0,0.0,False,False,False
369,1773731961.437567,1773731961437571428,-0.42,8.409937492055881e-20,0.8749994277780444,-0.032749999999999946,0.4214499999611738,0.7695089999135591,0.581988741590682,,0.0,0.0,0.0,0.0,False,False,False
370,1773731961.4875073,1773731961487511405,-0.42,8.409937492055881e-20,0.8749994277780444,-0.032749999999999946,0.4214499999611738,0.7695089999135591,0.581988741590682,,0.0,0.0,0.0,0.0,False,False,False
371,1773731961.5374649,1773731961537467781,-0.42,8.409937492055881e-20,0.8749994277780444,-0.032749999999999946,0.4214499999611738,0.7695089999135591,0.581988741590682,,0.0,0.0,0.0,0.0,False,False,False
372,1773731961.5874057,1773731961587408378,-0.42,8.409937492055881e-20,0.8749994277780444,-0.032749999999999946,0.4214499999611738,0.7695089999135591,0.581988741590682,,0.0,0.0,0.0,0.0,False,False,False
373,1773731961.637645,1773731961637651523,-0.42,8.409937492055881e-20,0.8749994277780444,-0.032749999999999946,0.4214499999611738,0.7695089999135591,0.581988741590682,,0.0,0.0,0.0,0.0,False,False,False
374,1773731961.6874619,1773731961687464740,-0.42,8.409937492055881e-20,0.8749994277780444,-0.032749999999999946,0.4214499999611738,0.7695089999135591,0.581988741590682,,0.0,0.0,0.0,0.0,False,False,False
375,1773731961.7380757,1773731961738079553,-0.42,8.409937492055881e-20,0.8749994277780444,-0.032749999999999946,0.4214499999611738,0.7695089999135591,0.581988741590682,,0.0,0.0,0.0,0.0,False,False,False
376,1773731961.787625,1773731961787630412,-0.42,8.409937492055881e-20,0.8749994277780444,-0.032749999999999946,0.4214499999611738,0.7695089999135591,0.581988741590682,,0.0,0.0,0.0,0.0,False,False,False
377,1773731961.8375177,1773731961837520899,-0.42,8.409937492055881e-20,0.8749994277780444,-0.03275000000000006,0.4214499999611738,0.7695089999135591,0.5819887415906819,,0.0,1.1102230246251565e-16,0.0,1.1102230246251565e-16,False,False,False
378,1773731961.887576,1773731961887581825,-0.42,8.409937492055881e-20,0.8749994277780444,-0.03275000000000006,0.4214499999611738,0.7695089999135591,0.5819887415906819,,0.0,1.1102230246251565e-16,0.0,0.0,False,False,False
379,1773731961.9374828,1773731961937485881,-0.42,8.409937492055881e-20,0.8749994277780444,-0.032749999999999946,0.4214499999611738,0.7695089999135591,0.581988741590682,,0.0,0.0,0.0,1.1102230246251565e-16,False,False,False
380,1773731961.9875941,1773731961987599597,-0.42,8.409937492055881e-20,0.8749994277780444,-0.032749999999999946,0.4214499999611738,0.7695089999135591,0.581988741590682,,0.0,0.0,0.0,0.0,False,False,False
381,1773731962.0374963,1773731962037501594,-0.42,8.409937492055881e-20,0.8749994277780444,-0.032749999999999946,0.4214499999611738,0.7695089999135591,0.581988741590682,,0.0,0.0,0.0,0.0,False,False,False
382,1773731962.08751,1773731962087514830,-0.42,8.409937492055881e-20,0.8749994277780444,-0.032749999999999946,0.4214499999611738,0.7695089999135591,0.581988741590682,,0.0,0.0,0.0,0.0,False,False,False
383,1773731962.1374598,1773731962137463147,-0.42,8.409937492055881e-20,0.8749994277780444,-0.032749999999999946,0.4214499999611738,0.7695089999135591,0.581988741590682,,0.0,0.0,0.0,0.0,False,False,False
384,1773731962.187884,1773731962187887551,-0.42,8.409937492055881e-20,0.8749994277780444,-0.032749999999999946,0.4214499999611738,0.7695089999135593,0.581988741590682,,0.0,1.1102230246251565e-16,0.0,1.1102230246251565e-16,False,False,False
385,1773731962.237666,1773731962237669138,-0.42,8.409937492055881e-20,0.8749994277780444,-0.032749999999999946,0.4214499999611738,0.7695089999135593,0.581988741590682,,0.0,1.1102230246251565e-16,0.0,0.0,False,False,False
386,1773731962.2875125,1773731962287515945,-0.42,8.409937492055881e-20,0.8749994277780444,-0.03275000000000017,0.4214499999611738,0.7695089999135591,0.5819887415906818,,0.0,2.220446049250313e-16,0.0,2.482534153247273e-16,False,False,False
387,1773731962.3376486,1773731962337653371,-0.42,8.409937492055881e-20,0.8749994277780444,-0.03275000000000017,0.4214499999611738,0.7695089999135591,0.5819887415906818,,0.0,2.220446049250313e-16,0.0,0.0,False,False,False
388,1773731962.3875356,1773731962387539748,-0.42,8.409937492055881e-20,0.8749994277780444,-0.03275000000000017,0.4214499999611738,0.7695089999135591,0.5819887415906818,,0.0,2.220446049250313e-16,0.0,0.0,False,False,False
389,1773731962.4374616,1773731962437464125,-0.42,8.409937492055881e-20,0.8749994277780444,-0.03275000000000017,0.4214499999611738,0.7695089999135591,0.5819887415906818,,0.0,2.220446049250313e-16,0.0,0.0,False,False,False
390,1773731962.49,1773731962490003179,-0.42,8.409937492055881e-20,0.8749994277780444,-0.032749999999999946,0.4214499999611738,0.7695089999135591,0.581988741590682,,0.0,0.0,0.0,2.220446049250313e-16,False,False,False
391,1773731962.5374951,1773731962537498347,-0.42,8.409937492055881e-20,0.8749994277780444,-0.032749999999999946,0.4214499999611738,0.7695089999135591,0.581988741590682,,0.0,0.0,0.0,0.0,False,False,False
392,1773731962.5875075,1773731962587509603,-0.42,8.409937492055881e-20,0.8749994277780444,-0.032749999999999946,0.4214499999611738,0.7695089999135591,0.581988741590682,,0.0,0.0,0.0,0.0,False,False,False
393,1773731962.6375961,1773731962637601089,-0.42,8.409937492055881e-20,0.8749994277780444,-0.032749999999999946,0.4214499999611738,0.7695089999135591,0.581988741590682,,0.0,0.0,0.0,0.0,False,False,False
394,1773731962.6874712,1773731962687473706,-0.42,8.409937492055881e-20,0.8749994277780444,-0.032749999999999946,0.4214499999611738,0.7695089999135591,0.581988741590682,,0.0,0.0,0.0,0.0,False,False,False
395,1773731962.7376556,1773731962737658271,-0.42,8.409937492055881e-20,0.8749994277780444,-0.032749999999999946,0.4214499999611738,0.7695089999135591,0.581988741590682,,0.0,0.0,0.0,0.0,False,False,False
396,1773731962.7902539,1773731962790256775,-0.42,8.409937492055881e-20,0.8749994277780444,-0.032749999999999946,0.4214499999611738,0.7695089999135591,0.581988741590682,,0.0,0.0,0.0,0.0,False,False,False
397,1773731962.8374507,1773731962837452985,-0.42,8.409937492055881e-20,0.8749994277780444,-0.032749999999999946,0.4214499999611738,0.7695089999135591,0.581988741590682,,0.0,0.0,0.0,0.0,False,False,False
398,1773731962.887544,1773731962887547421,-0.42,8.409937492055881e-20,0.8749994277780444,-0.032749999999999946,0.4214499999611738,0.7695089999135591,0.581988741590682,,0.0,0.0,0.0,0.0,False,False,False
399,1773731962.9375699,1773731962937572347,-0.42,8.409937492055881e-20,0.8749994277780444,-0.032749999999999946,0.4214499999611738,0.7695089999135591,0.581988741590682,,0.0,0.0,0.0,0.0,False,False,False
400,1773731962.9874601,1773731962987462074,-0.42,8.409937492055881e-20,0.8749994277780444,-0.032749999999999946,0.4214499999611738,0.7695089999135591,0.581988741590682,,0.0,0.0,0.0,0.0,False,False,False
401,1773731963.0375497,1773731963037553040,-0.42,8.409937492055881e-20,0.8749994277780444,-0.032749999999999946,0.4214499999611738,0.7695089999135591,0.581988741590682,,0.0,0.0,0.0,0.0,False,False,False
402,1773731963.0874858,1773731963087488046,-0.42,8.409937492055881e-20,0.8749994277780444,-0.032749999999999946,0.4214499999611738,0.7695089999135591,0.581988741590682,,0.0,0.0,0.0,0.0,False,False,False
403,1773731963.1374748,1773731963137477963,-0.42,8.409937492055881e-20,0.8749994277780444,-0.03275000000000006,0.4214499999611738,0.7695089999135591,0.5819887415906819,,0.0,1.1102230246251565e-16,0.0,1.1102230246251565e-16,False,False,False
404,1773731963.1876657,1773731963187669348,-0.42,8.409937492055881e-20,0.8749994277780444,-0.03275000000000017,0.4214499999611738,0.7695089999135591,0.5819887415906818,,0.0,2.220446049250313e-16,0.0,1.1102230246251565e-16,False,False,False
405,1773731963.237578,1773731963237581035,-0.42,8.409937492055881e-20,0.8749994277780444,-0.03275000000000017,0.4214499999611738,0.7695089999135591,0.5819887415906818,,0.0,2.220446049250313e-16,0.0,0.0,False,False,False
406,1773731963.2875535,1773731963287557861,-0.42,8.409937492055881e-20,0.8749994277780444,-0.03275000000000017,0.4214499999611738,0.7695089999135591,0.5819887415906818,,0.0,2.220446049250313e-16,0.0,0.0,False,False,False
407,1773731963.3374696,1773731963337472098,-0.42,8.409937492055881e-20,0.8749994277780444,-0.03275000000000017,0.4214499999611738,0.7695089999135591,0.5819887415906818,,0.0,2.220446049250313e-16,0.0,0.0,False,False,False
408,1773731963.3874679,1773731963387469864,-0.42,8.409937492055881e-20,0.8749994277780444,-0.03275000000000017,0.4214499999611738,0.7695089999135591,0.5819887415906818,,0.0,2.220446049250313e-16,0.0,0.0,False,False,False
409,1773731963.439637,1773731963439639491,-0.42,8.409937492055881e-20,0.8749994277780444,-0.03275000000000017,0.4214499999611738,0.7695089999135591,0.5819887415906818,,0.0,2.220446049250313e-16,0.0,0.0,False,False,False
410,1773731963.4875703,1773731963487574497,-0.42,8.409937492055881e-20,0.8749994277780444,-0.032749999999999946,0.4214499999611738,0.769508999913559,0.581988741590682,,0.0,1.1102230246251565e-16,0.0,2.482534153247273e-16,False,False,False
411,1773731963.5374792,1773731963537482223,-0.42,8.409937492055881e-20,0.8749994277780444,-0.032749999999999946,0.4214499999611738,0.769508999913559,0.581988741590682,,0.0,1.1102230246251565e-16,0.0,0.0,False,False,False
412,1773731963.5875251,1773731963587527029,-0.42,8.409937492055881e-20,0.8749994277780444,-0.032749999999999946,0.4214499999611738,0.7695089999135591,0.581988741590682,,0.0,0.0,0.0,1.1102230246251565e-16,False,False,False
413,1773731963.637518,1773731963637520016,-0.42,8.409937492055881e-20,0.8749994277780444,-0.032749999999999946,0.4214499999611738,0.7695089999135591,0.581988741590682,,0.0,0.0,0.0,0.0,False,False,False
414,1773731963.687501,1773731963687504062,-0.42,8.409937492055881e-20,0.8749994277780444,-0.032749999999999946,0.4214499999611738,0.7695089999135591,0.581988741590682,,0.0,0.0,0.0,0.0,False,False,False
415,1773731963.7374349,1773731963737437729,-0.42,8.409937492055881e-20,0.8749994277780444,-0.032749999999999946,0.4214499999611738,0.7695089999135591,0.581988741590682,,0.0,0.0,0.0,0.0,False,False,False
416,1773731963.7875926,1773731963787598184,-0.42,8.409937492055881e-20,0.8749994277780444,-0.032749999999999946,0.4214499999611738,0.7695089999135591,0.581988741590682,,0.0,0.0,0.0,0.0,False,False,False
417,1773731963.837539,1773731963837541971,-0.42,8.409937492055881e-20,0.8749994277780444,-0.032749999999999946,0.4214499999611738,0.7695089999135591,0.581988741590682,,0.0,0.0,0.0,0.0,False,False,False
418,1773731963.8874853,1773731963887490217,-0.42,8.409937492055881e-20,0.8749994277780444,-0.032749999999999946,0.4214499999611738,0.7695089999135591,0.581988741590682,,0.0,0.0,0.0,0.0,False,False,False
419,1773731963.9374344,1773731963937438104,-0.42,8.409937492055881e-20,0.8749994277780444,-0.03275000000000017,0.4214499999611738,0.7695089999135591,0.5819887415906818,,0.0,2.220446049250313e-16,0.0,2.220446049250313e-16,False,False,False
420,1773731963.9881737,1773731963988176767,-0.42,8.409937492055881e-20,0.8749994277780444,-0.03275000000000017,0.4214499999611738,0.7695089999135591,0.5819887415906818,,0.0,2.220446049250313e-16,0.0,0.0,False,False,False
421,1773731964.037492,1773731964037496436,-0.42,8.409937492055881e-20,0.8749994277780444,-0.03275000000000017,0.4214499999611738,0.7695089999135591,0.5819887415906818,,0.0,2.220446049250313e-16,0.0,0.0,False,False,False
422,1773731964.0875175,1773731964087521103,-0.42,8.409937492055881e-20,0.8749994277780444,-0.03275000000000017,0.4214499999611738,0.7695089999135591,0.5819887415906818,,0.0,2.220446049250313e-16,0.0,0.0,False,False,False
423,1773731964.138492,1773731964138497054,-0.42,8.409937492055881e-20,0.8749994277780444,-0.03275000000000017,0.4214499999611738,0.7695089999135591,0.5819887415906818,,0.0,2.220446049250313e-16,0.0,0.0,False,False,False
424,1773731964.189365,1773731964189369917,-0.42,8.409937492055881e-20,0.8749994277780444,-0.032749999999999946,0.4214499999611738,0.7695089999135591,0.581988741590682,,0.0,0.0,0.0,2.220446049250313e-16,False,False,False
425,1773731964.2374563,1773731964237459332,-0.42,8.409937492055881e-20,0.8749994277780444,-0.032749999999999946,0.4214499999611738,0.7695089999135591,0.581988741590682,,0.0,0.0,0.0,0.0,False,False,False
426,1773731964.2875583,1773731964287561628,-0.42,8.409937492055881e-20,0.8749994277780444,-0.032749999999999946,0.4214499999611738,0.7695089999135591,0.581988741590682,,0.0,0.0,0.0,0.0,False,False,False
427,1773731964.3390024,1773731964339007167,-0.42,8.409937492055881e-20,0.8749994277780444,-0.032749999999999946,0.4214499999611738,0.7695089999135591,0.581988741590682,,0.0,0.0,0.0,0.0,False,False,False
428,1773731964.3875477,1773731964387553220,-0.42,8.409937492055881e-20,0.8749994277780444,-0.032749999999999946,0.4214499999611738,0.7695089999135591,0.581988741590682,,0.0,0.0,0.0,0.0,False,False,False
429,1773731964.437577,1773731964437582926,-0.42,8.409937492055881e-20,0.8749994277780444,-0.032749999999999946,0.4214499999611738,0.7695089999135591,0.581988741590682,,0.0,0.0,0.0,0.0,False,False,False
430,1773731964.4884336,1773731964488439299,-0.42,8.409937492055881e-20,0.8749994277780444,-0.032749999999999946,0.4214499999611738,0.7695089999135591,0.581988741590682,,0.0,0.0,0.0,0.0,False,False,False
431,1773731964.5375297,1773731964537535579,-0.42,8.409937492055881e-20,0.8749994277780444,-0.032749999999999946,0.4214499999611738,0.7695089999135591,0.581988741590682,,0.0,0.0,0.0,0.0,False,False,False
432,1773731964.5878212,1773731964587828414,-0.42,8.409937492055881e-20,0.8749994277780444,-0.032749999999999946,0.4214499999611738,0.7695089999135591,0.581988741590682,,0.0,0.0,0.0,0.0,False,False,False
433,1773731964.6376448,1773731964637650381,-0.42,8.409937492055881e-20,0.8749994277780444,-0.032749999999999946,0.4214499999611738,0.7695089999135591,0.581988741590682,,0.0,0.0,0.0,0.0,False,False,False
434,1773731964.6875238,1773731964687528768,-0.42,8.409937492055881e-20,0.8749994277780444,-0.032749999999999946,0.4214499999611738,0.7695089999135591,0.581988741590682,,0.0,0.0,0.0,0.0,False,False,False
435,1773731964.7388873,1773731964738891408,-0.42,8.409937492055881e-20,0.8749994277780444,-0.032749999999999946,0.4214499999611738,0.7695089999135591,0.581988741590682,,0.0,0.0,0.0,0.0,False,False,False
436,1773731964.7874649,1773731964787468511,-0.42,8.409937492055881e-20,0.8749994277780444,-0.032749999999999946,0.4214499999611738,0.7695089999135591,0.581988741590682,,0.0,0.0,0.0,0.0,False,False,False
437,1773731964.8374677,1773731964837471148,-0.42,8.409937492055881e-20,0.8749994277780444,-0.03275000000000006,0.4214499999611738,0.7695089999135591,0.5819887415906819,,0.0,1.1102230246251565e-16,0.0,1.1102230246251565e-16,False,False,False
438,1773731964.8874488,1773731964887453264,-0.42,8.409937492055881e-20,0.8749994277780444,-0.03275000000000006,0.4214499999611738,0.7695089999135591,0.5819887415906819,,0.0,1.1102230246251565e-16,0.0,0.0,False,False,False
439,1773731964.9375813,1773731964937584610,-0.42,8.409937492055881e-20,0.8749994277780444,-0.032749999999999946,0.4214499999611738,0.7695089999135591,0.581988741590682,,0.0,0.0,0.0,1.1102230246251565e-16,False,False,False
440,1773731964.9874768,1773731964987480857,-0.42,8.409937492055881e-20,0.8749994277780444,-0.032749999999999946,0.4214499999611738,0.7695089999135591,0.581988741590682,,0.0,0.0,0.0,0.0,False,False,False
441,1773731965.0376263,1773731965037633522,-0.42,8.409937492055881e-20,0.8749994277780444,-0.032749999999999946,0.4214499999611738,0.7695089999135591,0.581988741590682,,0.0,0.0,0.0,0.0,False,False,False
442,1773731965.0875099,1773731965087513739,-0.42,8.409937492055881e-20,0.8749994277780444,-0.032749999999999946,0.4214499999611738,0.7695089999135591,0.581988741590682,,0.0,0.0,0.0,0.0,False,False,False
443,1773731965.1375895,1773731965137594475,-0.42,8.409937492055881e-20,0.8749994277780444,-0.032749999999999946,0.4214499999611738,0.7695089999135591,0.581988741590682,,0.0,0.0,0.0,0.0,False,False,False
444,1773731965.1875305,1773731965187534272,-0.42,8.409937492055881e-20,0.8749994277780444,-0.032749999999999946,0.4214499999611738,0.7695089999135593,0.581988741590682,,0.0,1.1102230246251565e-16,0.0,1.1102230246251565e-16,False,False,False
445,1773731965.2374613,1773731965237464268,-0.42,8.409937492055881e-20,0.8749994277780444,-0.032749999999999946,0.4214499999611738,0.7695089999135593,0.581988741590682,,0.0,1.1102230246251565e-16,0.0,0.0,False,False,False
446,1773731965.2875824,1773731965287586404,-0.42,8.409937492055881e-20,0.8749994277780444,-0.03275000000000017,0.4214499999611738,0.7695089999135591,0.5819887415906818,,0.0,2.220446049250313e-16,0.0,2.482534153247273e-16,False,False,False
447,1773731965.337502,1773731965337506221,-0.42,8.409937492055881e-20,0.8749994277780444,-0.03275000000000017,0.4214499999611738,0.7695089999135591,0.5819887415906818,,0.0,2.220446049250313e-16,0.0,0.0,False,False,False
448,1773731965.3874807,1773731965387484157,-0.42,8.409937492055881e-20,0.8749994277780444,-0.03275000000000017,0.4214499999611738,0.7695089999135591,0.5819887415906818,,0.0,2.220446049250313e-16,0.0,0.0,False,False,False
449,1773731965.4375021,1773731965437507434,-0.42,8.409937492055881e-20,0.8749994277780444,-0.03275000000000017,0.4214499999611738,0.7695089999135591,0.5819887415906818,,0.0,2.220446049250313e-16,0.0,0.0,False,False,False
450,1773731965.4877832,1773731965487787068,-0.42,8.409937492055881e-20,0.8749994277780444,-0.032749999999999946,0.4214499999611738,0.7695089999135591,0.581988741590682,,0.0,0.0,0.0,2.220446049250313e-16,False,False,False
451,1773731965.5375314,1773731965537536856,-0.42,8.409937492055881e-20,0.8749994277780444,-0.032749999999999946,0.4214499999611738,0.7695089999135591,0.581988741590682,,0.0,0.0,0.0,0.0,False,False,False
452,1773731965.5874896,1773731965587494312,-0.42,8.409937492055881e-20,0.8749994277780444,-0.032749999999999946,0.4214499999611738,0.7695089999135591,0.581988741590682,,0.0,0.0,0.0,0.0,False,False,False
453,1773731965.6375551,1773731965637558389,-0.42,8.409937492055881e-20,0.8749994277780444,-0.032749999999999946,0.4214499999611738,0.7695089999135591,0.581988741590682,,0.0,0.0,0.0,0.0,False,False,False
454,1773731965.6874912,1773731965687495375,-0.42,8.409937492055881e-20,0.8749994277780444,-0.032749999999999946,0.4214499999611738,0.7695089999135591,0.581988741590682,,0.0,0.0,0.0,0.0,False,False,False
455,1773731965.7375674,1773731965737572221,-0.42,8.409937492055881e-20,0.8749994277780444,-0.032749999999999946,0.4214499999611738,0.7695089999135591,0.581988741590682,,0.0,0.0,0.0,0.0,False,False,False
456,1773731965.787466,1773731965787468938,-0.42,8.409937492055881e-20,0.8749994277780444,-0.032749999999999946,0.4214499999611738,0.7695089999135591,0.581988741590682,,0.0,0.0,0.0,0.0,False,False,False
457,1773731965.8375552,1773731965837559444,-0.42,8.409937492055881e-20,0.8749994277780444,-0.032749999999999946,0.4214499999611738,0.7695089999135591,0.581988741590682,,0.0,0.0,0.0,0.0,False,False,False
458,1773731965.8874733,1773731965887477501,-0.42,8.409937492055881e-20,0.8749994277780444,-0.032749999999999946,0.4214499999611738,0.7695089999135591,0.581988741590682,,0.0,0.0,0.0,0.0,False,False,False
459,1773731965.9374285,1773731965937431547,-0.42,8.409937492055881e-20,0.8749994277780444,-0.032749999999999946,0.4214499999611738,0.7695089999135591,0.581988741590682,,0.0,0.0,0.0,0.0,False,False,False
460,1773731965.9899523,1773731965989957251,-0.42,8.409937492055881e-20,0.8749994277780444,-0.032749999999999946,0.4214499999611738,0.7695089999135591,0.581988741590682,,0.0,0.0,0.0,0.0,False,False,False
461,1773731966.0376341,1773731966037642849,-0.42,8.409937492055881e-20,0.8749994277780444,-0.032749999999999946,0.4214499999611738,0.7695089999135591,0.581988741590682,,0.0,0.0,0.0,0.0,False,False,False
462,1773731966.0874734,1773731966087476926,-0.42,8.409937492055881e-20,0.8749994277780444,-0.032749999999999946,0.4214499999611738,0.7695089999135591,0.581988741590682,,0.0,0.0,0.0,0.0,False,False,False
463,1773731966.1374576,1773731966137460272,-0.42,8.409937492055881e-20,0.8749994277780444,-0.032749999999999946,0.4214499999611738,0.7695089999135591,0.581988741590682,,0.0,0.0,0.0,0.0,False,False,False
464,1773731966.1874878,1773731966187493538,-0.42,8.409937492055881e-20,0.8749994277780444,-0.032749999999999946,0.4214499999611738,0.7695089999135591,0.581988741590682,,0.0,0.0,0.0,0.0,False,False,False
465,1773731966.2376325,1773731966237636464,-0.42,8.409937492055881e-20,0.8749994277780444,-0.032749999999999946,0.4214499999611738,0.7695089999135591,0.581988741590682,,0.0,0.0,0.0,0.0,False,False,False
466,1773731966.2885349,1773731966288538616,-0.42,8.409937492055881e-20,0.8749994277780444,-0.032749999999999946,0.4214499999611738,0.7695089999135591,0.581988741590682,,0.0,0.0,0.0,0.0,False,False,False
467,1773731966.3375206,1773731966337523667,-0.42,8.409937492055881e-20,0.8749994277780444,-0.032749999999999946,0.4214499999611738,0.7695089999135591,0.581988741590682,,0.0,0.0,0.0,0.0,False,False,False
468,1773731966.3874426,1773731966387444674,-0.42,8.409937492055881e-20,0.8749994277780444,-0.032749999999999946,0.4214499999611738,0.7695089999135591,0.581988741590682,,0.0,0.0,0.0,0.0,False,False,False
469,1773731966.4375193,1773731966437521270,-0.42,8.409937492055881e-20,0.8749994277780444,-0.032749999999999946,0.4214499999611738,0.7695089999135591,0.581988741590682,,0.0,0.0,0.0,0.0,False,False,False
470,1773731966.4894786,1773731966489483127,-0.42,8.409937492055881e-20,0.8749994277780444,-0.03275000000000006,0.4214499999611738,0.7695089999135591,0.5819887415906819,,0.0,1.1102230246251565e-16,0.0,1.1102230246251565e-16,False,False,False
471,1773731966.537586,1773731966537589292,-0.42,8.409937492055881e-20,0.8749994277780444,-0.03275000000000006,0.4214499999611738,0.7695089999135591,0.5819887415906819,,0.0,1.1102230246251565e-16,0.0,0.0,False,False,False
472,1773731966.5874915,1773731966587493959,-0.42,8.409937492055881e-20,0.8749994277780444,-0.032749999999999946,0.4214499999611738,0.7695089999135591,0.581988741590682,,0.0,0.0,0.0,1.1102230246251565e-16,False,False,False
473,1773731966.6374264,1773731966637429856,-0.42,8.409937492055881e-20,0.8749994277780444,-0.032749999999999946,0.4214499999611738,0.7695089999135591,0.581988741590682,,0.0,0.0,0.0,0.0,False,False,False
474,1773731966.687681,1773731966687685761,-0.42,8.409937492055881e-20,0.8749994277780444,-0.032749999999999946,0.4214499999611738,0.7695089999135591,0.581988741590682,,0.0,0.0,0.0,0.0,False,False,False
475,1773731966.7375069,1773731966737509238,-0.42,8.409937492055881e-20,0.8749994277780444,-0.032749999999999946,0.4214499999611738,0.7695089999135591,0.581988741590682,,0.0,0.0,0.0,0.0,False,False,False
476,1773731966.7874968,1773731966787499694,-0.42,8.409937492055881e-20,0.8749994277780444,-0.032749999999999946,0.4214499999611738,0.7695089999135591,0.581988741590682,,0.0,0.0,0.0,0.0,False,False,False
477,1773731966.8374639,1773731966837467571,-0.42,8.409937492055881e-20,0.8749994277780444,-0.032749999999999946,0.4214499999611738,0.7695089999135593,0.581988741590682,,0.0,1.1102230246251565e-16,0.0,1.1102230246251565e-16,False,False,False
478,1773731966.8875618,1773731966887564387,-0.42,8.409937492055881e-20,0.8749994277780444,-0.032749999999999946,0.4214499999611738,0.7695089999135593,0.581988741590682,,0.0,1.1102230246251565e-16,0.0,0.0,False,False,False
479,1773731966.9374664,1773731966937469534,-0.42,8.409937492055881e-20,0.8749994277780444,-0.03275000000000017,0.4214499999611738,0.7695089999135591,0.5819887415906818,,0.0,2.220446049250313e-16,0.0,2.482534153247273e-16,False,False,False
480,1773731966.987558,1773731966987560670,-0.42,8.409937492055881e-20,0.8749994277780444,-0.03275000000000017,0.4214499999611738,0.7695089999135591,0.5819887415906818,,0.0,2.220446049250313e-16,0.0,0.0,False,False,False
481,1773731967.037606,1773731967037609666,-0.42,8.409937492055881e-20,0.8749994277780444,-0.03275000000000017,0.4214499999611738,0.7695089999135591,0.5819887415906818,,0.0,2.220446049250313e-16,0.0,0.0,False,False,False
482,1773731967.087444,1773731967087446013,-0.42,8.409937492055881e-20,0.8749994277780444,-0.03275000000000017,0.4214499999611738,0.7695089999135591,0.5819887415906818,,0.0,2.220446049250313e-16,0.0,0.0,False,False,False
483,1773731967.137574,1773731967137577789,-0.42,8.409937492055881e-20,0.8749994277780444,-0.032749999999999946,0.4214499999611738,0.7695089999135591,0.581988741590682,,0.0,0.0,0.0,2.220446049250313e-16,False,False,False
484,1773731967.187472,1773731967187475825,-0.42,8.409937492055881e-20,0.8749994277780444,-0.032749999999999946,0.4214499999611738,0.7695089999135591,0.581988741590682,,0.0,0.0,0.0,0.0,False,False,False
485,1773731967.2375376,1773731967237540241,-0.42,8.409937492055881e-20,0.8749994277780444,-0.032749999999999946,0.4214499999611738,0.7695089999135591,0.581988741590682,,0.0,0.0,0.0,0.0,False,False,False
486,1773731967.2874608,1773731967287463048,-0.42,8.409937492055881e-20,0.8749994277780444,-0.032749999999999946,0.4214499999611738,0.7695089999135591,0.581988741590682,,0.0,0.0,0.0,0.0,False,False,False
487,1773731967.341422,1773731967341424416,-0.42,8.409937492055881e-20,0.8749994277780444,-0.032749999999999946,0.4214499999611738,0.7695089999135591,0.581988741590682,,0.0,0.0,0.0,0.0,False,False,False
488,1773731967.3875751,1773731967387578450,-0.42,8.409937492055881e-20,0.8749994277780444,-0.032749999999999946,0.4214499999611738,0.7695089999135591,0.581988741590682,,0.0,0.0,0.0,0.0,False,False,False
489,1773731967.437499,1773731967437502847,-0.42,8.409937492055881e-20,0.8749994277780444,-0.032749999999999946,0.4214499999611738,0.7695089999135591,0.581988741590682,,0.0,0.0,0.0,0.0,False,False,False
490,1773731967.4874876,1773731967487490724,-0.42,8.409937492055881e-20,0.8749994277780444,-0.032749999999999946,0.4214499999611738,0.7695089999135591,0.581988741590682,,0.0,0.0,0.0,0.0,False,False,False
491,1773731967.5375452,1773731967537547720,-0.42,8.409937492055881e-20,0.8749994277780444,-0.032749999999999946,0.4214499999611738,0.7695089999135591,0.581988741590682,,0.0,0.0,0.0,0.0,False,False,False
492,1773731967.5875032,1773731967587506656,-0.42,8.409937492055881e-20,0.8749994277780444,-0.032749999999999946,0.4214499999611738,0.7695089999135591,0.581988741590682,,0.0,0.0,0.0,0.0,False,False,False
493,1773731967.6375718,1773731967637574722,-0.42,8.409937492055881e-20,0.8749994277780444,-0.032749999999999946,0.4214499999611738,0.7695089999135591,0.581988741590682,,0.0,0.0,0.0,0.0,False,False,False
494,1773731967.6875167,1773731967687520029,-0.42,8.409937492055881e-20,0.8749994277780444,-0.032749999999999946,0.4214499999611738,0.7695089999135591,0.581988741590682,,0.0,0.0,0.0,0.0,False,False,False
495,1773731967.7401342,1773731967740140323,-0.42,8.409937492055881e-20,0.8749994277780444,-0.032749999999999946,0.4214499999611738,0.7695089999135591,0.581988741590682,,0.0,0.0,0.0,0.0,False,False,False
496,1773731967.7875526,1773731967787556511,-0.42,8.409937492055881e-20,0.8749994277780444,-0.032749999999999946,0.4214499999611738,0.7695089999135591,0.581988741590682,,0.0,0.0,0.0,0.0,False,False,False
497,1773731967.8375556,1773731967837559947,-0.42,8.409937492055881e-20,0.8749994277780444,-0.03275000000000006,0.4214499999611738,0.7695089999135591,0.5819887415906819,,0.0,1.1102230246251565e-16,0.0,1.1102230246251565e-16,False,False,False
498,1773731967.8875513,1773731967887555284,-0.42,8.409937492055881e-20,0.8749994277780444,-0.03275000000000017,0.4214499999611738,0.7695089999135591,0.5819887415906818,,0.0,2.220446049250313e-16,0.0,1.1102230246251565e-16,False,False,False
499,1773731967.939399,1773731967939403331,-0.42,8.409937492055881e-20,0.8749994277780444,-0.03275000000000017,0.4214499999611738,0.7695089999135591,0.5819887415906818,,0.0,2.220446049250313e-16,0.0,0.0,False,False,False
500,1773731967.9874558,1773731967987458837,-0.42,8.409937492055881e-20,0.8749994277780444,-0.03275000000000017,0.4214499999611738,0.7695089999135591,0.5819887415906818,,0.0,2.220446049250313e-16,0.0,0.0,False,False,False
501,1773731968.0374305,1773731968037433344,-0.42,8.409937492055881e-20,0.8749994277780444,-0.03275000000000017,0.4214499999611738,0.7695089999135591,0.5819887415906818,,0.0,2.220446049250313e-16,0.0,0.0,False,False,False
502,1773731968.0901673,1773731968090170877,-0.42,8.409937492055881e-20,0.8749994277780444,-0.03275000000000017,0.4214499999611738,0.7695089999135591,0.5819887415906818,,0.0,2.220446049250313e-16,0.0,0.0,False,False,False
503,1773731968.1388123,1773731968138815130,-0.42,8.409937492055881e-20,0.8749994277780444,-0.032749999999999946,0.4214499999611738,0.769508999913559,0.581988741590682,,0.0,1.1102230246251565e-16,0.0,2.482534153247273e-16,False,False,False
504,1773731968.187532,1773731968187536402,-0.42,8.409937492055881e-20,0.8749994277780444,-0.032749999999999946,0.4214499999611738,0.769508999913559,0.581988741590682,,0.0,1.1102230246251565e-16,0.0,0.0,False,False,False
505,1773731968.2374382,1773731968237440859,-0.42,8.409937492055881e-20,0.8749994277780444,-0.032749999999999946,0.4214499999611738,0.7695089999135591,0.581988741590682,,0.0,0.0,0.0,1.1102230246251565e-16,False,False,False
506,1773731968.2895026,1773731968289507026,-0.42,8.409937492055881e-20,0.8749994277780444,-0.032749999999999946,0.4214499999611738,0.7695089999135591,0.581988741590682,,0.0,0.0,0.0,0.0,False,False,False
507,1773731968.337451,1773731968337454271,-0.42,8.409937492055881e-20,0.8749994277780444,-0.032749999999999946,0.4214499999611738,0.7695089999135591,0.581988741590682,,0.0,0.0,0.0,0.0,False,False,False
508,1773731968.3875165,1773731968387519508,-0.42,8.409937492055881e-20,0.8749994277780444,-0.032749999999999946,0.4214499999611738,0.7695089999135591,0.581988741590682,,0.0,0.0,0.0,0.0,False,False,False
509,1773731968.4376094,1773731968437615664,-0.42,8.409937492055881e-20,0.8749994277780444,-0.032749999999999946,0.4214499999611738,0.7695089999135591,0.581988741590682,,0.0,0.0,0.0,0.0,False,False,False
510,1773731968.4875226,1773731968487526770,-0.42,8.409937492055881e-20,0.8749994277780444,-0.032749999999999946,0.4214499999611738,0.7695089999135591,0.581988741590682,,0.0,0.0,0.0,0.0,False,False,False
511,1773731968.5395174,1773731968539521077,-0.42,8.409937492055881e-20,0.8749994277780444,-0.032749999999999946,0.4214499999611738,0.7695089999135591,0.581988741590682,,0.0,0.0,0.0,0.0,False,False,False
512,1773731968.587571,1773731968587575183,-0.42,8.409937492055881e-20,0.8749994277780444,-0.03275000000000017,0.4214499999611738,0.7695089999135591,0.5819887415906818,,0.0,2.220446049250313e-16,0.0,2.220446049250313e-16,False,False,False
513,1773731968.6374564,1773731968637460720,-0.42,8.409937492055881e-20,0.8749994277780444,-0.03275000000000017,0.4214499999611738,0.7695089999135591,0.5819887415906818,,0.0,2.220446049250313e-16,0.0,0.0,False,False,False
514,1773731968.6875393,1773731968687543546,-0.42,8.409937492055881e-20,0.8749994277780444,-0.03275000000000017,0.4214499999611738,0.7695089999135591,0.5819887415906818,,0.0,2.220446049250313e-16,0.0,0.0,False,False,False
515,1773731968.7374609,1773731968737468242,-0.42,8.409937492055881e-20,0.8749994277780444,-0.03275000000000017,0.4214499999611738,0.7695089999135591,0.5819887415906818,,0.0,2.220446049250313e-16,0.0,0.0,False,False,False
516,1773731968.7874207,1773731968787424059,-0.42,8.409937492055881e-20,0.8749994277780444,-0.032749999999999946,0.4214499999611738,0.7695089999135591,0.581988741590682,,0.0,0.0,0.0,2.220446049250313e-16,False,False,False
517,1773731968.8375328,1773731968837538545,-0.42,8.409937492055881e-20,0.8749994277780444,-0.032749999999999946,0.4214499999611738,0.7695089999135591,0.581988741590682,,0.0,0.0,0.0,0.0,False,False,False
518,1773731968.8875375,1773731968887540651,-0.42,8.409937492055881e-20,0.8749994277780444,-0.032749999999999946,0.4214499999611738,0.7695089999135591,0.581988741590682,,0.0,0.0,0.0,0.0,False,False,False
519,1773731968.9375,1773731968937503368,-0.42,8.409937492055881e-20,0.8749994277780444,-0.032749999999999946,0.4214499999611738,0.7695089999135591,0.581988741590682,,0.0,0.0,0.0,0.0,False,False,False
520,1773731968.987657,1773731968987662583,-0.42,8.409937492055881e-20,0.8749994277780444,-0.032749999999999946,0.4214499999611738,0.7695089999135591,0.581988741590682,,0.0,0.0,0.0,0.0,False,False,False
521,1773731969.0374892,1773731969037493940,-0.42,8.409937492055881e-20,0.8749994277780444,-0.032749999999999946,0.4214499999611738,0.7695089999135591,0.581988741590682,,0.0,0.0,0.0,0.0,False,False,False
522,1773731969.0888002,1773731969088809741,-0.42,8.409937492055881e-20,0.8749994277780444,-0.032749999999999946,0.4214499999611738,0.7695089999135591,0.581988741590682,,0.0,0.0,0.0,0.0,False,False,False
523,1773731969.1375332,1773731969137538303,-0.42,8.409937492055881e-20,0.8749994277780444,-0.032749999999999946,0.4214499999611738,0.7695089999135591,0.581988741590682,,0.0,0.0,0.0,0.0,False,False,False
524,1773731969.1876032,1773731969187607649,-0.42,8.409937492055881e-20,0.8749994277780444,-0.032749999999999946,0.4214499999611738,0.7695089999135591,0.581988741590682,,0.0,0.0,0.0,0.0,False,False,False
525,1773731969.2375817,1773731969237586405,-0.42,8.409937492055881e-20,0.8749994277780444,-0.032749999999999946,0.4214499999611738,0.7695089999135591,0.581988741590682,,0.0,0.0,0.0,0.0,False,False,False
526,1773731969.2874503,1773731969287453043,-0.42,8.409937492055881e-20,0.8749994277780444,-0.032749999999999946,0.4214499999611738,0.7695089999135591,0.581988741590682,,0.0,0.0,0.0,0.0,False,False,False
527,1773731969.3374753,1773731969337481199,-0.42,8.409937492055881e-20,0.8749994277780444,-0.032749999999999946,0.4214499999611738,0.7695089999135591,0.581988741590682,,0.0,0.0,0.0,0.0,False,False,False
528,1773731969.3875759,1773731969387581884,-0.42,8.409937492055881e-20,0.8749994277780444,-0.032749999999999946,0.4214499999611738,0.7695089999135591,0.581988741590682,,0.0,0.0,0.0,0.0,False,False,False
529,1773731969.437632,1773731969437637651,-0.42,8.409937492055881e-20,0.8749994277780444,-0.03275000000000006,0.4214499999611738,0.7695089999135591,0.5819887415906819,,0.0,1.1102230246251565e-16,0.0,1.1102230246251565e-16,False,False,False
530,1773731969.487745,1773731969487749846,-0.42,8.409937492055881e-20,0.8749994277780444,-0.03275000000000006,0.4214499999611738,0.7695089999135591,0.5819887415906819,,0.0,1.1102230246251565e-16,0.0,0.0,False,False,False
531,1773731969.537516,1773731969537520584,-0.42,8.409937492055881e-20,0.8749994277780444,-0.0327599311516662,0.42144937722687104,0.7694990560460041,0.5819834850940174,,0.0,1.406755392320159e-05,0.0,1.4067553923123212e-05,False,False,False
532,1773731969.589238,1773731969589243132,-0.42,8.409937492055881e-20,0.8749994277780444,-0.0327599311516662,0.42144937722687104,0.7694990560460041,0.5819834850940174,,0.0,1.406755392320159e-05,0.0,0.0,False,False,False
533,1773731969.6375597,1773731969637563007,-0.42,8.409937492055881e-20,0.8749994277780444,-0.0327599311516662,0.42144937722687104,0.7694990560460041,0.5819834850940174,,0.0,1.406755392320159e-05,0.0,0.0,False,False,False
534,1773731969.6874685,1773731969687471513,-0.42,8.409937492055881e-20,0.8749994277780444,-0.0327599311516662,0.42144937722687104,0.7694990560460041,0.5819834850940174,,0.0,1.406755392320159e-05,0.0,0.0,False,False,False
535,1773731969.7375169,1773731969737521649,-0.42,8.409937492055881e-20,0.8749994277780444,-0.0327599311516662,0.42144937722687104,0.7694990560460041,0.5819834850940174,,0.0,1.406755392320159e-05,0.0,0.0,False,False,False
536,1773731969.7874384,1773731969787441426,-0.42,8.409937492055881e-20,0.8749994277780444,-0.032996535779886704,0.42143448960265856,0.7692623518306745,0.5818582641631221,,0.0,0.0003490784135066537,0.0,0.00033501086102523023,False,False,False
537,1773731969.837644,1773731969837650801,-0.42,8.409937492055881e-20,0.8749994277780444,-0.032996535779886704,0.42143448960265856,0.7692623518306745,0.5818582641631221,,0.0,0.0003490784135066537,0.0,0.0,False,False,False
538,1773731969.887515,1773731969887519698,-0.42,8.409937492055881e-20,0.8749994277780444,-0.03337309028818647,0.42141059338596887,0.7688864422767981,0.581659024879017,,0.0,0.0008816872441468066,0.0,0.0005326089743784533,False,False,False
539,1773731969.9375684,1773731969937573205,-0.42,8.409937492055881e-20,0.8749994277780444,-0.03337309028818647,0.42141059338596887,0.7688864422767981,0.581659024879017,,0.0,0.0008816872441468066,0.0,0.0,False,False,False
540,1773731969.9875097,1773731969987513121,-0.42,8.409937492055881e-20,0.8749994277780444,-0.03337309028818647,0.42141059338596887,0.7688864422767981,0.581659024879017,,0.0,0.0008816872441468066,0.0,0.0,False,False,False
541,1773731970.0374696,1773731970037472438,-0.42,8.409937492055881e-20,0.8749994277780444,-0.03337309028818647,0.42141059338596887,0.7688864422767981,0.581659024879017,,0.0,0.0008816872441468066,0.0,0.0,False,False,False
542,1773731970.0874636,1773731970087467974,-0.42,8.409937492055881e-20,0.8749994277780444,-0.0359066212700182,0.4212433919195384,0.7663826514945355,0.5803200176715541,,0.0,0.004447583519432931,0.0,0.0035659085585052364,False,False,False
543,1773731970.1374989,1773731970137502650,-0.42,8.409937492055881e-20,0.8749994277780444,-0.0359066212700182,0.4212433919195384,0.7663826514945355,0.5803200176715541,,0.0,0.004447583519432931,0.0,0.0,False,False,False
544,1773731970.1874728,1773731970187475777,-0.42,8.409937492055881e-20,0.8749994277780444,-0.0359066212700182,0.4212433919195384,0.7663826514945355,0.5803200176715541,,0.0,0.004447583519432931,0.0,0.0,False,False,False
545,1773731970.2378707,1773731970237873591,-0.42,8.409937492055881e-20,0.8749994277780444,-0.03668893929989592,0.42118952222033,0.7656183505142177,0.579907064059944,,0.0,0.005542584614630274,0.0,0.001095024854913998,False,False,False
546,1773731970.2875745,1773731970287580289,-0.42,8.409937492055881e-20,0.8749994277780444,-0.03668893929989592,0.42118952222033,0.7656183505142177,0.579907064059944,,0.0,0.005542584614630274,0.0,0.0,False,False,False
547,1773731970.337464,1773731970337466636,-0.42,8.409937492055881e-20,0.8749994277780444,-0.03668893929989592,0.42118952222033,0.7656183505142177,0.579907064059944,,0.0,0.005542584614630274,0.0,0.0,False,False,False
548,1773731970.3874958,1773731970387499812,-0.42,8.409937492055881e-20,0.8749994277780444,-0.03668893929989592,0.42118952222033,0.7656183505142177,0.579907064059944,,0.0,0.005542584614630274,0.0,0.0,False,False,False
549,1773731970.4375532,1773731970437557638,-0.42,8.409937492055881e-20,0.8749994277780444,-0.045337805799069875,0.4205253901712449,0.7574365187523107,0.575355890836903,,0.0,0.017465753905498337,0.0,0.011924191128932225,False,False,False
550,1773731970.487514,1773731970487516995,-0.42,8.409937492055881e-20,0.8749994277780444,-0.045337805799069875,0.4205253901712449,0.7574365187523107,0.575355890836903,,0.0,0.017465753905498337,0.0,0.0,False,False,False
551,1773731970.5375242,1773731970537527771,-0.42,8.409937492055881e-20,0.8749994277780444,-0.045337805799069875,0.4205253901712449,0.7574365187523107,0.575355890836903,,0.0,0.017465753905498337,0.0,0.0,False,False,False
552,1773731970.5878882,1773731970587890896,-0.42,8.409937492055881e-20,0.8749994277780444,-0.045337805799069875,0.420525390171245,0.7574365187523107,0.5753558908369031,,0.0,0.017465753905498333,0.0,1.1102230246251565e-16,False,False,False
553,1773731970.638731,1773731970638734118,-0.42,8.409937492055881e-20,0.8749994277780444,-0.045337805799069875,0.420525390171245,0.7574365187523107,0.5753558908369031,,0.0,0.017465753905498333,0.0,0.0,False,False,False
554,1773731970.687531,1773731970687534140,-0.42,8.409937492055881e-20,0.8749994277780444,-0.045337805799069875,0.420525390171245,0.7574365187523107,0.5753558908369031,,0.0,0.017465753905498333,0.0,0.0,False,False,False
555,1773731970.737424,1773731970737425987,-0.42,8.409937492055881e-20,0.8749994277780444,-0.05358661836794665,0.4197788326255987,0.7500647501356426,0.5710356453297447,,0.0,0.028548840864402125,0.0,0.011087976799358561,False,False,False
556,1773731970.7891042,1773731970789108756,-0.42,8.409937492055881e-20,0.8749994277780444,-0.062268716846736516,0.418879441107032,0.742732042495692,0.5665035907547719,,0.0,0.03993704878504025,0.0,0.011399839491504424,False,False,False
557,1773731970.8375366,1773731970837539439,-0.42,8.409937492055881e-20,0.8749994277780444,-0.062268716846736516,0.418879441107032,0.742732042495692,0.5665035907547719,,0.0,0.03993704878504025,0.0,0.0,False,False,False
558,1773731970.8875394,1773731970887542926,-0.42,8.409937492055881e-20,0.8749994277780444,-0.062268716846736516,0.418879441107032,0.742732042495692,0.5665035907547719,,0.0,0.03993704878504025,0.0,0.0,False,False,False
559,1773731970.9374442,1773731970937447733,-0.42,8.409937492055881e-20,0.8749994277780444,-0.062268716846736516,0.418879441107032,0.742732042495692,0.5665035907547719,,0.0,0.03993704878504025,0.0,0.0,False,False,False
560,1773731970.9874892,1773731970987492739,-0.42,8.409937492055881e-20,0.8749994277780444,-0.062268716846736516,0.418879441107032,0.742732042495692,0.5665035907547719,,0.0,0.03993704878504025,0.0,0.0,False,False,False
561,1773731971.038259,1773731971038261422,-0.42,8.409937492055881e-20,0.8749994277780444,-0.062268716846736516,0.418879441107032,0.742732042495692,0.5665035907547719,,0.0,0.03993704878504025,0.0,0.0,False,False,False
562,1773731971.0876338,1773731971087636761,-0.42,8.409937492055881e-20,0.8749994277780444,-0.07880680258778439,0.4168605285581332,0.7298865051562564,0.5578917982386677,,0.0,0.060928108481734085,0.0,0.0210378734048189,False,False,False
563,1773731971.1375031,1773731971137505358,-0.42,8.409937492055881e-20,0.8749994277780444,-0.07880680258778439,0.4168605285581332,0.7298865051562564,0.5578917982386677,,0.0,0.060928108481734085,0.0,0.0,False,False,False
564,1773731971.1875193,1773731971187522174,-0.42,8.409937492055881e-20,0.8749994277780444,-0.08875252179683202,0.41546158727467825,0.7228113359902103,0.552715512355837,,0.0,0.07316293699685975,0.0,0.012285454245893529,False,False,False
565,1773731971.237734,1773731971237737470,-0.42,8.409937492055881e-20,0.8749994277780444,-0.08875252179683202,0.41546158727467825,0.7228113359902103,0.552715512355837,,0.0,0.07316293699685975,0.0,0.0,False,False,False
566,1773731971.2875025,1773731971287506257,-0.42,8.409937492055881e-20,0.8749994277780444,-0.08875252179683202,0.41546158727467825,0.7228113359902103,0.552715512355837,,0.0,0.07316293699685975,0.0,0.0,False,False,False
567,1773731971.3376558,1773731971337659963,-0.42,8.409937492055881e-20,0.8749994277780444,-0.08875252179683202,0.41546158727467825,0.7228113359902103,0.552715512355837,,0.0,0.07316293699685975,0.0,0.0,False,False,False
568,1773731971.3875606,1773731971387564760,-0.42,8.409937492055881e-20,0.8749994277780444,-0.11714036222244018,0.4107425799959886,0.705049113820147,0.5378815263893191,,0.0,0.10673077809854654,0.0,0.033817673635908284,False,False,False
569,1773731971.4374735,1773731971437475426,-0.42,8.409937492055881e-20,0.8749994277780444,-0.11714036222244018,0.4107425799959886,0.705049113820147,0.5378815263893191,,0.0,0.10673077809854654,0.0,0.0,False,False,False
570,1773731971.4874473,1773731971487449603,-0.42,8.409937492055881e-20,0.8749994277780444,-0.11714036222244018,0.4107425799959886,0.705049113820147,0.5378815263893191,,0.0,0.10673077809854654,0.0,0.0,False,False,False
571,1773731971.5375466,1773731971537550209,-0.42,8.409937492055881e-20,0.8749994277780444,-0.12571818885326624,0.4091107671810419,0.7003358523459058,0.5333673863089127,,0.0,0.1165343947024878,0.0,0.009922537805224016,False,False,False
572,1773731971.5874813,1773731971587483915,-0.42,8.409937492055881e-20,0.8749994277780444,-0.12571818885326624,0.4091107671810419,0.7003358523459058,0.5333673863089127,,0.0,0.1165343947024878,0.0,0.0,False,False,False
573,1773731971.6394506,1773731971639454663,-0.42,8.409937492055881e-20,0.8749994277780444,-0.12571818885326624,0.4091107671810419,0.7003358523459058,0.5333673863089127,,0.0,0.1165343947024878,0.0,0.0,False,False,False
574,1773731971.6889222,1773731971688925821,-0.42,8.409937492055881e-20,0.8749994277780444,-0.12571818885326624,0.4091107671810419,0.7003358523459058,0.5333673863089127,,0.0,0.1165343947024878,0.0,0.0,False,False,False
575,1773731971.7376165,1773731971737620924,-0.42,8.409937492055881e-20,0.8749994277780444,-0.1684304764107004,0.39958526654242976,0.6809152252850593,0.5105137491724095,,0.0,0.16351181960162028,0.0,0.04787729551929211,False,False,False
576,1773731971.78752,1773731971787524371,-0.42,8.409937492055881e-20,0.8749994277780444,-0.1684304764107004,0.39958526654242976,0.6809152252850593,0.5105137491724095,,0.0,0.16351181960162028,0.0,0.0,False,False,False
577,1773731971.837507,1773731971837510307,-0.42,8.409937492055881e-20,0.8749994277780444,-0.1684304764107004,0.39958526654242976,0.6809152252850593,0.5105137491724095,,0.0,0.16351181960162028,0.0,0.0,False,False,False
578,1773731971.887522,1773731971887526473,-0.42,8.409937492055881e-20,0.8749994277780444,-0.17321209931185366,0.3983728942630967,0.6791344206564993,0.5079058296813905,,0.0,0.1686111465069373,0.0,0.005244523737922179,False,False,False
579,1773731971.9375749,1773731971937578060,-0.42,8.409937492055881e-20,0.8749994277780444,-0.17321209931185366,0.3983728942630967,0.6791344206564993,0.5079058296813905,,0.0,0.1686111465069373,0.0,0.0,False,False,False
580,1773731971.9875088,1773731971987512446,-0.42,8.409937492055881e-20,0.8749994277780444,-0.17321209931185366,0.3983728942630967,0.6791344206564993,0.5079058296813905,,0.0,0.1686111465069373,0.0,0.0,False,False,False
581,1773731972.039791,1773731972039795702,-0.42,8.409937492055881e-20,0.8749994277780444,-0.22749241069933823,0.3824648740494041,0.6639677373672292,0.4773603734890705,,0.0,0.2249075469325554,0.0,0.058561468504798986,False,False,False
582,1773731972.0875,1773731972087503589,-0.42,8.409937492055881e-20,0.8749994277780444,-0.22749241069933823,0.3824648740494041,0.6639677373672292,0.4773603734890705,,0.0,0.2249075469325554,0.0,0.0,False,False,False
583,1773731972.137416,1773731972137418566,-0.42,8.409937492055881e-20,0.8749994277780444,-0.22749241069933823,0.3824648740494041,0.6639677373672292,0.4773603734890705,,0.0,0.2249075469325554,0.0,0.0,False,False,False
584,1773731972.1874254,1773731972187427972,-0.42,8.409937492055881e-20,0.8749994277780444,-0.22749241069933823,0.3824648740494041,0.6639677373672292,0.4773603734890705,,0.0,0.2249075469325554,0.0,0.0,False,False,False
585,1773731972.2391076,1773731972239111401,-0.42,8.409937492055881e-20,0.8749994277780444,-0.22749241069933823,0.3824648740494041,0.6639677373672292,0.4773603734890705,,0.0,0.2249075469325554,0.0,0.0,False,False,False
586,1773731972.287579,1773731972287584154,-0.42,8.409937492055881e-20,0.8749994277780444,-0.22749241069933823,0.3824648740494041,0.6639677373672292,0.4773603734890705,,0.0,0.2249075469325554,0.0,0.0,False,False,False
587,1773731972.3375833,1773731972337588001,-0.42,8.409937492055881e-20,0.8749994277780444,-0.2619855274799806,0.370257076485654,0.6586641468887838,0.4570118488298949,,0.0,0.25972336035689864,0.0,0.03697206375851357,False,False,False
588,1773731972.387521,1773731972387524097,-0.42,8.409937492055881e-20,0.8749994277780444,-0.2619855274799806,0.370257076485654,0.6586641468887838,0.4570118488298949,,0.0,0.25972336035689864,0.0,0.0,False,False,False
589,1773731972.4374824,1773731972437486574,-0.42,8.409937492055881e-20,0.8749994277780444,-0.2850290891498485,0.36116586991460453,0.6568631096787018,0.4429914058317951,,0.0,0.28278615903992266,0.0,0.024837461754023835,False,False,False
590,1773731972.4875865,1773731972487589660,-0.42,8.409937492055881e-20,0.8749994277780444,-0.2850290891498485,0.36116586991460453,0.6568631096787018,0.4429914058317951,,0.0,0.28278615903992266,0.0,0.0,False,False,False
591,1773731972.537565,1773731972537569356,-0.42,8.409937492055881e-20,0.8749994277780444,-0.2850290891498485,0.36116586991460453,0.6568631096787018,0.4429914058317951,,0.0,0.28278615903992266,0.0,0.0,False,False,False
592,1773731972.5875664,1773731972587570273,-0.42,8.409937492055881e-20,0.8749994277780444,-0.2850290891498485,0.36116586991460453,0.6568631096787018,0.4429914058317951,,0.0,0.28278615903992266,0.0,0.0,False,False,False
593,1773731972.6374662,1773731972637470130,-0.42,8.409937492055881e-20,0.8749994277780444,-0.2850290891498485,0.36116586991460453,0.6568631096787018,0.4429914058317951,,0.0,0.28278615903992266,0.0,0.0,False,False,False
594,1773731972.6875293,1773731972687533636,-0.42,8.409937492055881e-20,0.8749994277780444,-0.3253985007722331,0.3431146279499423,0.6574103175272936,0.4171595767438186,,0.0,0.3230258350428191,0.0,0.044224836547282625,False,False,False
595,1773731972.7395272,1773731972739530663,-0.42,8.409937492055881e-20,0.8749994277780444,-0.3253985007722331,0.3431146279499423,0.6574103175272936,0.4171595767438186,,0.0,0.3230258350428191,0.0,0.0,False,False,False
596,1773731972.7876513,1773731972787657738,-0.42,8.409937492055881e-20,0.8749994277780444,-0.3406129548864131,0.33552966200551965,0.6588669519749331,0.40693452067155406,,0.0,0.3382359623663053,0.0,0.017062623077492792,False,False,False
597,1773731972.8375802,1773731972837584565,-0.42,8.409937492055881e-20,0.8749994277780444,-0.3406129548864131,0.33552966200551965,0.6588669519749331,0.40693452067155406,,0.0,0.3382359623663053,0.0,0.0,False,False,False
598,1773731972.8875306,1773731972887535561,-0.42,8.409937492055881e-20,0.8749994277780444,-0.3406129548864131,0.33552966200551965,0.6588669519749331,0.40693452067155406,,0.0,0.3382359623663053,0.0,0.0,False,False,False
599,1773731972.9374917,1773731972937495258,-0.42,8.409937492055881e-20,0.8749994277780444,-0.3406129548864131,0.33552966200551965,0.6588669519749331,0.40693452067155406,,0.0,0.3382359623663053,0.0,0.0,False,False,False
600,1773731972.9874964,1773731972987500434,-0.42,8.409937492055881e-20,0.8749994277780444,-0.3406129548864131,0.33552966200551965,0.6588669519749331,0.40693452067155406,,0.0,0.3382359623663053,0.0,0.0,False,False,False
601,1773731973.037613,1773731973037615800,-0.42,8.409937492055881e-20,0.8749994277780444,-0.3835973751510561,0.3110414982442444,0.6671986079744701,0.3758365940631045,,0.0,0.3817739307502454,0.0,0.05016719088788118,False,False,False
602,1773731973.0875664,1773731973087571557,-0.42,8.409937492055881e-20,0.8749994277780444,-0.3835973751510561,0.3110414982442444,0.6671986079744701,0.3758365940631045,,0.0,0.3817739307502454,0.0,0.0,False,False,False
603,1773731973.1375725,1773731973137575593,-0.42,8.409937492055881e-20,0.8749994277780444,-0.3835973751510561,0.3110414982442444,0.6671986079744701,0.3758365940631045,,0.0,0.3817739307502454,0.0,0.0,False,False,False
604,1773731973.1875134,1773731973187517660,-0.42,8.409937492055881e-20,0.8749994277780444,-0.3912466849563362,0.3060952522194023,0.6693950290290067,0.36985703365248174,,0.0,0.38967858308806674,0.0,0.009370248432364656,False,False,False
605,1773731973.2375264,1773731973237530426,-0.42,8.409937492055881e-20,0.8749994277780444,-0.3912466849563362,0.3060952522194023,0.6693950290290067,0.36985703365248174,,0.0,0.38967858308806674,0.0,0.0,False,False,False
606,1773731973.2875466,1773731973287550752,-0.42,8.409937492055881e-20,0.8749994277780444,-0.3912466849563362,0.3060952522194023,0.6693950290290067,0.36985703365248174,,0.0,0.38967858308806674,0.0,0.0,False,False,False
607,1773731973.3374562,1773731973337459849,-0.42,8.409937492055881e-20,0.8749994277780444,-0.43315855753897536,0.27467941317984934,0.6857197585539103,0.33383936383076596,,0.0,0.43461391494313983,0.0,0.05486398454363064,False,False,False
608,1773731973.387474,1773731973387477435,-0.42,8.409937492055881e-20,0.8749994277780444,-0.43315855753897536,0.27467941317984934,0.6857197585539103,0.33383936383076596,,0.0,0.43461391494313983,0.0,0.0,False,False,False
609,1773731973.4374263,1773731973437429682,-0.42,8.409937492055881e-20,0.8749994277780444,-0.43315855753897536,0.27467941317984934,0.6857197585539103,0.33383936383076596,,0.0,0.43461391494313983,0.0,0.0,False,False,False
610,1773731973.4875188,1773731973487522678,-0.42,8.409937492055881e-20,0.8749994277780444,-0.43315855753897536,0.27467941317984934,0.6857197585539103,0.33383936383076596,,0.0,0.43461391494313983,0.0,0.0,False,False,False
611,1773731973.537538,1773731973537543244,-0.42,8.409937492055881e-20,0.8749994277780444,-0.43472193401961823,0.2733100173917456,0.6864949207327753,0.3323387580832759,,0.0,0.43636937050780306,0.0,0.00221816754287097,False,False,False
612,1773731973.5875149,1773731973587520231,-0.42,8.409937492055881e-20,0.8749994277780444,-0.43472193401961823,0.2733100173917456,0.6864949207327753,0.3323387580832759,,0.0,0.43636937050780306,0.0,0.0,False,False,False
613,1773731973.63862,1773731973638623752,-0.42,8.409937492055881e-20,0.8749994277780444,-0.43472193401961823,0.2733100173917456,0.6864949207327753,0.3323387580832759,,0.0,0.43636937050780306,0.0,0.0,False,False,False
614,1773731973.68751,1773731973687516444,-0.42,8.409937492055881e-20,0.8749994277780444,-0.46975593278641603,0.23765171290202083,0.7072087819475827,0.29514011980907356,,0.0,0.4781603421186376,0.0,0.0541106255286355,False,False,False
615,1773731973.737479,1773731973737482300,-0.42,8.409937492055881e-20,0.8749994277780444,-0.46975593278641603,0.23765171290202083,0.7072087819475827,0.29514011980907356,,0.0,0.4781603421186376,0.0,0.0,False,False,False
616,1773731973.7875857,1773731973787589346,-0.42,8.409937492055881e-20,0.8749994277780444,-0.46975593278641603,0.23765171290202083,0.7072087819475827,0.29514011980907356,,0.0,0.4781603421186376,0.0,0.0,False,False,False
617,1773731973.837463,1773731973837465323,-0.42,8.409937492055881e-20,0.8749994277780444,-0.46975593278641603,0.23765171290202083,0.7072087819475827,0.29514011980907356,,0.0,0.4781603421186376,0.0,0.0,False,False,False
618,1773731973.887544,1773731973887547709,-0.42,8.409937492055881e-20,0.8749994277780444,-0.46975593278641603,0.23765171290202083,0.7072087819475827,0.29514011980907356,,0.0,0.4781603421186376,0.0,0.0,False,False,False
619,1773731973.937463,1773731973937466606,-0.42,8.409937492055881e-20,0.8749994277780444,-0.46975593278641603,0.23765171290202083,0.7072087819475827,0.29514011980907356,,0.0,0.4781603421186376,0.0,0.0,False,False,False
620,1773731973.988717,1773731973988720337,-0.42,8.409937492055881e-20,0.8749994277780444,-0.4877654671261289,0.21357227192121137,0.7208373231442511,0.27197652173217257,,0.0,0.5026143225760702,0.0,0.03301363264215056,False,False,False
621,1773731974.0374866,1773731974037490149,-0.42,8.409937492055881e-20,0.8749994277780444,-0.4877654671261289,0.21357227192121137,0.7208373231442511,0.27197652173217257,,0.0,0.5026143225760702,0.0,0.0,False,False,False
622,1773731974.0874593,1773731974087462315,-0.42,8.409937492055881e-20,0.8749994277780444,-0.49633125195610517,0.19967657137537898,0.7281867854013457,0.259328257509747,,0.0,0.5155565499575017,0.0,0.017901892606128466,False,False,False
623,1773731974.1374643,1773731974137467842,-0.42,8.409937492055881e-20,0.8749994277780444,-0.49633125195610517,0.19967657137537898,0.7281867854013457,0.259328257509747,,0.0,0.5155565499575017,0.0,0.0,False,False,False
624,1773731974.1895928,1773731974189595838,-0.42,8.409937492055881e-20,0.8749994277780444,-0.49633125195610517,0.19967657137537898,0.7281867854013457,0.259328257509747,,0.0,0.5155565499575017,0.0,0.0,False,False,False
625,1773731974.2375362,1773731974237540034,-0.42,8.409937492055881e-20,0.8749994277780444,-0.49633125195610517,0.19967657137537898,0.7281867854013457,0.259328257509747,,0.0,0.5155565499575017,0.0,0.0,False,False,False
626,1773731974.287509,1773731974287511991,-0.42,8.409937492055881e-20,0.8749994277780444,-0.49633125195610517,0.19967657137537898,0.7281867854013457,0.259328257509747,,0.0,0.5155565499575017,0.0,0.0,False,False,False
627,1773731974.3375432,1773731974337546817,-0.42,8.409937492055881e-20,0.8749994277780444,-0.5115809847533408,0.1697537119803748,0.7424687614127948,0.23402516323405223,,0.0,0.5416283853726147,0.0,0.036495297005941466,False,False,False
628,1773731974.3874295,1773731974387431434,-0.42,8.409937492055881e-20,0.8749994277780444,-0.5115809847533408,0.1697537119803748,0.7424687614127948,0.23402516323405223,,0.0,0.5416283853726147,0.0,0.0,False,False,False
629,1773731974.4375427,1773731974437545410,-0.42,8.409937492055881e-20,0.8749994277780444,-0.5153200590223188,0.1616109806399702,0.7460868116658342,0.22764552556183756,,0.0,0.5485788701079554,0.0,0.00966307599599938,False,False,False
630,1773731974.4875216,1773731974487524136,-0.42,8.409937492055881e-20,0.8749994277780444,-0.5153200590223188,0.1616109806399702,0.7460868116658342,0.22764552556183756,,0.0,0.5485788701079554,0.0,0.0,False,False,False
631,1773731974.5376945,1773731974537697652,-0.42,8.409937492055881e-20,0.8749994277780444,-0.5153200590223188,0.1616109806399702,0.7460868116658342,0.22764552556183756,,0.0,0.5485788701079554,0.0,0.0,False,False,False
632,1773731974.5875473,1773731974587550359,-0.42,8.409937492055881e-20,0.8749994277780444,-0.5153200590223188,0.1616109806399702,0.7460868116658342,0.22764552556183756,,0.0,0.5485788701079554,0.0,0.0,False,False,False
633,1773731974.637441,1773731974637443786,-0.42,8.409937492055881e-20,0.8749994277780444,-0.5267177941484961,0.1352353471503736,0.7572012825321998,0.20869520773166778,,0.0,0.5710293241565423,0.0,0.030807691744486672,False,False,False
634,1773731974.6874514,1773731974687454992,-0.42,8.409937492055881e-20,0.8749994277780444,-0.5267177941484961,0.1352353471503736,0.7572012825321998,0.20869520773166778,,0.0,0.5710293241565423,0.0,0.0,False,False,False
635,1773731974.7374969,1773731974737500389,-0.42,8.409937492055881e-20,0.8749994277780444,-0.5267177941484961,0.1352353471503736,0.7572012825321998,0.20869520773166778,,0.0,0.5710293241565423,0.0,0.0,False,False,False
636,1773731974.7874584,1773731974787460765,-0.42,8.409937492055881e-20,0.8749994277780444,-0.5278603501959173,0.13255604835590823,0.7583111256574676,0.20693264834699912,,0.0,0.5733405327840382,0.0,0.003117022315323823,False,False,False
637,1773731974.8374724,1773731974837476321,-0.42,8.409937492055881e-20,0.8749994277780444,-0.5278603501959173,0.13255604835590823,0.7583111256574676,0.20693264834699912,,0.0,0.5733405327840382,0.0,0.0,False,False,False
638,1773731974.887506,1773731974887508868,-0.42,8.409937492055881e-20,0.8749994277780444,-0.5278603501959173,0.13255604835590823,0.7583111256574676,0.20693264834699912,,0.0,0.5733405327840382,0.0,0.0,False,False,False
639,1773731974.937476,1773731974937478004,-0.42,8.409937492055881e-20,0.8749994277780444,-0.5278603501959173,0.13255604835590823,0.7583111256574676,0.20693264834699912,,0.0,0.5733405327840382,0.0,0.0,False,False,False
640,1773731974.9874668,1773731974987468960,-0.42,8.409937492055881e-20,0.8749994277780444,-0.5359683809693472,0.11273034023652652,0.766182159963027,0.1949307383898699,,0.0,0.5903792299107156,0.0,0.0228199922545363,False,False,False
641,1773731975.037536,1773731975037538877,-0.42,8.409937492055881e-20,0.8749994277780444,-0.5359683809693472,0.11273034023652652,0.766182159963027,0.1949307383898699,,0.0,0.5903792299107156,0.0,0.0,False,False,False
642,1773731975.0875673,1773731975087569623,-0.42,8.409937492055881e-20,0.8749994277780444,-0.5359683809693472,0.11273034023652652,0.766182159963027,0.1949307383898699,,0.0,0.5903792299107156,0.0,0.0,False,False,False
643,1773731975.1375713,1773731975137575999,-0.42,8.409937492055881e-20,0.8749994277780444,-0.5359683809693472,0.11273034023652652,0.766182159963027,0.1949307383898699,,0.0,0.5903792299107156,0.0,0.0,False,False,False
644,1773731975.1874933,1773731975187495796,-0.42,8.409937492055881e-20,0.8749994277780444,-0.535968380969347,0.11273034023652648,0.766182159963027,0.19493073838986977,,0.0,0.5903792299107153,0.0,2.2591401799415137e-16,False,False,False
645,1773731975.239021,1773731975239023475,-0.42,8.409937492055881e-20,0.8749994277780444,-0.535968380969347,0.11273034023652648,0.766182159963027,0.19493073838986977,,0.0,0.5903792299107153,0.0,0.0,False,False,False
646,1773731975.2875733,1773731975287575798,-0.42,8.409937492055881e-20,0.8749994277780444,-0.535968380969347,0.11273034023652648,0.766182159963027,0.19493073838986977,,0.0,0.5903792299107153,0.0,0.0,False,False,False
647,1773731975.3375723,1773731975337575185,-0.42,8.409937492055881e-20,0.8749994277780444,-0.5389978282860179,0.10505372296431505,0.7690975763313652,0.19081920759002793,,0.0,0.5969871330365057,0.0,0.008752579984740185,False,False,False
648,1773731975.3874624,1773731975387465492,-0.42,8.409937492055881e-20,0.8749994277780444,-0.5407071428742387,0.10065375520550245,0.7707308849703339,0.18860891229492427,,0.0,0.6007763166515409,0.0,0.004994914388678202,False,False,False
649,1773731975.4382892,1773731975438293184,-0.42,8.409937492055881e-20,0.8749994277780444,-0.5407071428742387,0.10065375520550245,0.7707308849703339,0.18860891229492427,,0.0,0.6007763166515409,0.0,0.0,False,False,False
650,1773731975.4875112,1773731975487516055,-0.42,8.409937492055881e-20,0.8749994277780444,-0.5407071428742387,0.10065375520550245,0.7707308849703339,0.18860891229492427,,0.0,0.6007763166515409,0.0,0.0,False,False,False
651,1773731975.5375028,1773731975537505711,-0.42,8.409937492055881e-20,0.8749994277780444,-0.5407071428742387,0.10065375520550245,0.7707308849703339,0.18860891229492427,,0.0,0.6007763166515409,0.0,0.0,False,False,False
652,1773731975.5875318,1773731975587534597,-0.42,8.409937492055881e-20,0.8749994277780444,-0.5407071428742387,0.10065375520550245,0.7707308849703339,0.18860891229492427,,0.0,0.6007763166515409,0.0,0.0,False,False,False
653,1773731975.6375816,1773731975637586613,-0.42,8.409937492055881e-20,0.8749994277780444,-0.5407071428742387,0.10065375520550245,0.7707308849703339,0.18860891229492427,,0.0,0.6007763166515409,0.0,0.0,False,False,False
654,1773731975.6874819,1773731975687485150,-0.42,8.409937492055881e-20,0.8749994277780444,-0.5426182813046612,0.09566873305834306,0.7725434647435332,0.18623902318372124,,0.0,0.6050688441179127,0.0,0.005638115052224306,False,False,False
655,1773731975.7406924,1773731975740696602,-0.42,8.409937492055881e-20,0.8749994277780444,-0.5426182813046612,0.09566873305834306,0.7725434647435332,0.18623902318372124,,0.0,0.6050688441179127,0.0,0.0,False,False,False
656,1773731975.7875443,1773731975787548073,-0.42,8.409937492055881e-20,0.8749994277780444,-0.5431172155747135,0.09435774695097611,0.7730139628835913,0.18564015791383245,,0.0,0.6061982526188893,0.0,0.0014795230580629294,False,False,False
657,1773731975.8375294,1773731975837533619,-0.42,8.409937492055881e-20,0.8749994277780444,-0.5431172155747135,0.09435774695097611,0.7730139628835913,0.18564015791383245,,0.0,0.6061982526188893,0.0,0.0,False,False,False
658,1773731975.8878996,1773731975887904114,-0.42,8.409937492055881e-20,0.8749994277780444,-0.5431172155747135,0.09435774695097611,0.7730139628835913,0.18564015791383245,,0.0,0.6061982526188893,0.0,0.0,False,False,False
659,1773731975.937434,1773731975937437142,-0.42,8.409937492055881e-20,0.8749994277780444,-0.5431172155747135,0.09435774695097611,0.7730139628835913,0.18564015791383245,,0.0,0.6061982526188893,0.0,0.0,False,False,False
660,1773731975.987632,1773731975987637158,-0.42,8.409937492055881e-20,0.8749994277780444,-0.5431172155747135,0.09435774695097611,0.7730139628835913,0.18564015791383245,,0.0,0.6061982526188893,0.0,0.0,False,False,False
661,1773731976.0375566,1773731976037559885,-0.42,8.409937492055881e-20,0.8749994277780444,-0.5439472634525879,0.09216575102543885,0.7737937911873567,0.184661936135184,,0.0,0.6080864397393234,0.0,0.0024702141203728663,False,False,False
662,1773731976.087513,1773731976087517312,-0.42,8.409937492055881e-20,0.8749994277780444,-0.5439472634525879,0.09216575102543885,0.7737937911873567,0.184661936135184,,0.0,0.6080864397393234,0.0,0.0,False,False,False
663,1773731976.1374428,1773731976137445738,-0.42,8.409937492055881e-20,0.8749994277780444,-0.5439472634525879,0.09216575102543885,0.7737937911873567,0.184661936135184,,0.0,0.6080864397393234,0.0,0.0,False,False,False
664,1773731976.1875768,1773731976187581064,-0.42,8.409937492055881e-20,0.8749994277780444,-0.5440257369473738,0.09195784080726256,0.7738673200182293,0.18457066703898495,,0.0,0.608265531728637,0.0,0.00023407528100060683,False,False,False
665,1773731976.237481,1773731976237485461,-0.42,8.409937492055881e-20,0.8749994277780444,-0.5440257369473738,0.09195784080726256,0.7738673200182293,0.18457066703898495,,0.0,0.608265531728637,0.0,0.0,False,False,False
666,1773731976.287609,1773731976287613307,-0.42,8.409937492055881e-20,0.8749994277780444,-0.5440257369473738,0.09195784080726256,0.7738673200182293,0.18457066703898495,,0.0,0.608265531728637,0.0,0.0,False,False,False
667,1773731976.3374658,1773731976337469684,-0.42,8.409937492055881e-20,0.8749994277780444,-0.5440257369473738,0.09195784080726256,0.7738673200182293,0.18457066703898495,,0.0,0.608265531728637,0.0,0.0,False,False,False
668,1773731976.3875375,1773731976387540850,-0.42,8.409937492055881e-20,0.8749994277780444,-0.5440257369473738,0.09195784080726256,0.7738673200182293,0.18457066703898495,,0.0,0.608265531728637,0.0,0.0,False,False,False
669,1773731976.437663,1773731976437666996,-0.42,8.409937492055881e-20,0.8749994277780444,-0.5442717669187629,0.09130517385279881,0.7740976130931307,0.1842858731213812,,0.0,0.6088277092977407,0.0,0.0007345337300752558,False,False,False
670,1773731976.4875774,1773731976487581452,-0.42,8.409937492055881e-20,0.8749994277780444,-0.5442717669187629,0.09130517385279881,0.7740976130931307,0.1842858731213812,,0.0,0.6088277092977407,0.0,0.0,False,False,False
671,1773731976.5375023,1773731976537506139,-0.42,8.409937492055881e-20,0.8749994277780444,-0.5442717669187629,0.09130517385279881,0.7740976130931307,0.1842858731213812,,0.0,0.6088277092977407,0.0,0.0,False,False,False
672,1773731976.5915408,1773731976591547217,-0.42,8.409937492055881e-20,0.8749994277780444,-0.544278931422615,0.09128614918429899,0.7741043139419965,0.1842776107519147,,0.0,0.6088440957693495,0.0,2.1404894358449692e-05,False,False,False
673,1773731976.637566,1773731976637569002,-0.42,8.409937492055881e-20,0.8749994277780444,-0.544278931422615,0.09128614918429899,0.7741043139419965,0.1842776107519147,,0.0,0.6088440957693495,0.0,0.0,False,False,False
674,1773731976.687986,1773731976687995406,-0.42,8.409937492055881e-20,0.8749994277780444,-0.544278931422615,0.09128614918429899,0.7741043139419965,0.1842776107519147,,0.0,0.6088440957693495,0.0,0.0,False,False,False
675,1773731976.7374866,1773731976737490385,-0.42,8.409937492055881e-20,0.8749994277780444,-0.544278931422615,0.09128614918429899,0.7741043139419965,0.1842776107519147,,0.0,0.6088440957693495,0.0,0.0,False,False,False
676,1773731976.78753,1773731976787533851,-0.42,8.409937492055881e-20,0.8749994277780444,-0.544344173821824,0.09111285558677075,0.7741653199471807,0.18420245198871257,,0.0,0.6089933570722471,0.0,0.0001949589040474055,False,False,False
677,1773731976.83752,1773731976837523518,-0.42,8.409937492055881e-20,0.8749994277780444,-0.544344173821824,0.09111285558677075,0.7741653199471807,0.18420245198871257,,0.0,0.6089933570722471,0.0,0.0,False,False,False
678,1773731976.887464,1773731976887469154,-0.42,8.409937492055881e-20,0.8749994277780444,-0.544344173821824,0.09111285558677075,0.7741653199471807,0.18420245198871257,,0.0,0.6089933570722471,0.0,0.0,False,False,False
679,1773731976.9393175,1773731976939321492,-0.42,8.409937492055881e-20,0.8749994277780444,-0.544344173821824,0.09111285558677075,0.7741653199471807,0.18420245198871257,,0.0,0.6089933570722471,0.0,0.0,False,False,False
680,1773731976.9876392,1773731976987645006,-0.42,8.409937492055881e-20,0.8749994277780444,-0.544344173821824,0.09111285558677075,0.7741653199471807,0.18420245198871257,,0.0,0.6089933570722471,0.0,0.0,False,False,False
681,1773731977.037559,1773731977037563083,-0.42,8.409937492055881e-20,0.8749994277780444,-0.544344173821824,0.09111285558677075,0.7741653199471807,0.18420245198871257,,0.0,0.6089933570722471,0.0,0.0,False,False,False
682,1773731977.0874798,1773731977087483510,-0.42,8.409937492055881e-20,0.8749994277780444,-0.5443573524550127,0.09107784055770736,0.774177639735501,0.18418728809114643,,0.0,0.6090235159603643,0.0,3.938915862632212e-05,False,False,False
683,1773731977.1374571,1773731977137461367,-0.42,8.409937492055881e-20,0.8749994277780444,-0.5443612695355201,0.09106743236669275,0.7741813013394384,0.18418278208600064,,0.0,0.6090324806499919,0.0,1.1708172500110903e-05,False,False,False
684,1773731977.1888185,1773731977188822477,-0.42,8.409937492055881e-20,0.8749994277780444,-0.5443612695355201,0.09106743236669275,0.7741813013394384,0.18418278208600064,,0.0,0.6090324806499919,0.0,0.0,False,False,False
685,1773731977.2375367,1773731977237539659,-0.42,8.409937492055881e-20,0.8749994277780444,-0.5443612695355201,0.09106743236669275,0.7741813013394384,0.18418278208600064,,0.0,0.6090324806499919,0.0,0.0,False,False,False
686,1773731977.2878187,1773731977287825014,-0.42,8.409937492055881e-20,0.8749994277780444,-0.5443612695355201,0.09106743236669275,0.7741813013394384,0.18418278208600064,,0.0,0.6090324806499919,0.0,0.0,False,False,False
687,1773731977.3375428,1773731977337547082,-0.42,8.409937492055881e-20,0.8749994277780444,-0.5443612695355201,0.09106743236669275,0.7741813013394384,0.18418278208600064,,0.0,0.6090324806499919,0.0,0.0,False,False,False
688,1773731977.3876343,1773731977387640308,-0.42,8.409937492055881e-20,0.8749994277780444,-0.5443612695355201,0.09106743236669275,0.7741813013394384,0.18418278208600064,,0.0,0.6090324806499919,0.0,0.0,False,False,False
689,1773731977.4375026,1773731977437505995,-0.42,8.409937492055881e-20,0.8749994277780444,-0.5443612695355201,0.09106743236669275,0.7741813013394384,0.18418278208600064,,0.0,0.6090324806499919,0.0,0.0,False,False,False
690,1773731977.4882138,1773731977488216608,-0.42,8.409937492055881e-20,0.8749994277780444,-0.5443654591730478,0.09105629960836888,0.7741852176211692,0.18417796313144158,,0.0,0.6090420694087697,0.0,1.2523123935589403e-05,False,False,False
691,1773731977.5375886,1773731977537592877,-0.42,8.409937492055881e-20,0.8749994277780444,-0.5443654591730478,0.09105629960836888,0.7741852176211692,0.18417796313144158,,0.0,0.6090420694087697,0.0,0.0,False,False,False
692,1773731977.587456,1773731977587459285,-0.42,8.409937492055881e-20,0.8749994277780444,-0.5443660869182709,0.09105463289138759,0.7741858022347482,0.18417724300665442,,0.0,0.6090435053875003,0.0,1.8745086283171653e-06,False,False,False
693,1773731977.6373901,1773731977637392741,-0.42,8.409937492055881e-20,0.8749994277780444,-0.5443660869182709,0.09105463289138759,0.7741858022347482,0.18417724300665442,,0.0,0.6090435053875003,0.0,0.0,False,False,False
694,1773731977.687658,1773731977687662157,-0.42,8.409937492055881e-20,0.8749994277780444,-0.5443660869182709,0.09105463289138759,0.7741858022347482,0.18417724300665442,,0.0,0.6090435053875003,0.0,0.0,False,False,False
695,1773731977.7375278,1773731977737532753,-0.42,8.409937492055881e-20,0.8749994277780444,-0.5443660869182709,0.09105463289138759,0.7741858022347482,0.18417724300665442,,0.0,0.6090435053875003,0.0,0.0,False,False,False
696,1773731977.7875721,1773731977787575510,-0.42,8.409937492055881e-20,0.8749994277780444,-0.5443660869182709,0.09105463289138759,0.7741858022347482,0.18417724300665442,,0.0,0.6090435053875003,0.0,0.0,False,False,False
697,1773731977.837461,1773731977837464387,-0.42,8.409937492055881e-20,0.8749994277780444,-0.5443673136577094,0.09105137173324304,0.7741869510747782,0.18417583028179044,,0.0,0.6090463138352421,0.0,3.6687702991815165e-06,False,False,False
698,1773731977.8874624,1773731977887465283,-0.42,8.409937492055881e-20,0.8749994277780444,-0.5443673136577094,0.09105137173324304,0.7741869510747782,0.18417583028179044,,0.0,0.6090463138352421,0.0,0.0,False,False,False
699,1773731977.939096,1773731977939100072,-0.42,8.409937492055881e-20,0.8749994277780444,-0.5443673957183905,0.09105115385249607,0.7741870274963785,0.18417573614946267,,0.0,0.6090465015527793,0.0,2.450433355103219e-07,False,False,False
700,1773731977.9875536,1773731977987560305,-0.42,8.409937492055881e-20,0.8749994277780444,-0.5443673957183905,0.09105115385249607,0.7741870274963785,0.18417573614946267,,0.0,0.6090465015527793,0.0,0.0,False,False,False
701,1773731978.0374866,1773731978037489952,-0.42,8.409937492055881e-20,0.8749994277780444,-0.5443673957183905,0.09105115385249607,0.7741870274963785,0.18417573614946267,,0.0,0.6090465015527793,0.0,0.0,False,False,False
702,1773731978.0875018,1773731978087506789,-0.42,8.409937492055881e-20,0.8749994277780444,-0.5443673957183905,0.09105115385249607,0.7741870274963785,0.18417573614946267,,0.0,0.6090465015527793,0.0,0.0,False,False,False
703,1773731978.1375077,1773731978137510755,-0.42,8.409937492055881e-20,0.8749994277780444,-0.544367737900529,0.09105024439364343,0.7741873476268957,0.1841753423752444,,0.0,0.6090472848234898,0.0,1.023077498794741e-06,False,False,False
704,1773731978.1875596,1773731978187563841,-0.42,8.409937492055881e-20,0.8749994277780444,-0.544367737900529,0.09105024439364343,0.7741873476268957,0.1841753423752444,,0.0,0.6090472848234898,0.0,0.0,False,False,False
705,1773731978.2375317,1773731978237534868,-0.42,8.409937492055881e-20,0.8749994277780444,-0.544367737900529,0.09105024439364343,0.7741873476268957,0.1841753423752444,,0.0,0.6090472848234898,0.0,0.0,False,False,False
706,1773731978.2891622,1773731978289165127,-0.42,8.409937492055881e-20,0.8749994277780444,-0.544367737900529,0.09105024439364343,0.7741873476268957,0.1841753423752444,,0.0,0.6090472848234898,0.0,0.0,False,False,False
707,1773731978.337481,1773731978337483991,-0.42,8.409937492055881e-20,0.8749994277780444,-0.5443677419847115,0.09105023225487281,0.7741873522934986,0.18417533657779434,,0.0,0.6090472948752859,0.0,1.3631121800934195e-08,False,False,False
708,1773731978.3901842,1773731978390186985,-0.42,8.409937492055881e-20,0.8749994277780444,-0.5443677419847115,0.09105023225487281,0.7741873522934986,0.18417533657779434,,0.0,0.6090472948752859,0.0,0.0,False,False,False
709,1773731978.437577,1773731978437580114,-0.42,8.409937492055881e-20,0.8749994277780444,-0.5443677419847115,0.09105023225487281,0.7741873522934986,0.18417533657779434,,0.0,0.6090472948752859,0.0,0.0,False,False,False
710,1773731978.4875548,1773731978487557140,-0.42,8.409937492055881e-20,0.8749994277780444,-0.5443677419847115,0.09105023225487281,0.7741873522934986,0.18417533657779434,,0.0,0.6090472948752859,0.0,0.0,False,False,False
711,1773731978.537495,1773731978537498357,-0.42,8.409937492055881e-20,0.8749994277780444,-0.5443678269938073,0.09105000026548091,0.774187435777747,0.1841752335971742,,0.0,0.6090474927777919,0.0,2.607973237023657e-07,False,False,False
712,1773731978.5874732,1773731978587475553,-0.42,8.409937492055881e-20,0.8749994277780444,-0.5443678269938073,0.09105000026548091,0.774187435777747,0.1841752335971742,,0.0,0.6090474927777919,0.0,0.0,False,False,False
713,1773731978.6389847,1773731978638987353,-0.42,8.409937492055881e-20,0.8749994277780444,-0.5443678269938073,0.09105000026548091,0.774187435777747,0.1841752335971742,,0.0,0.6090474927777919,0.0,0.0,False,False,False
714,1773731978.687666,1773731978687669925,-0.42,8.409937492055881e-20,0.8749994277780444,-0.5443678269938073,0.09105000026548091,0.774187435777747,0.1841752335971742,,0.0,0.6090474927777919,0.0,0.0,False,False,False
715,1773731978.73772,1773731978737722321,-0.42,8.409937492055881e-20,0.8749994277780444,-0.5443678269938073,0.09105000026548091,0.774187435777747,0.1841752335971742,,0.0,0.6090474927777919,0.0,0.0,False,False,False
716,1773731978.7875183,1773731978787522219,-0.42,8.409937492055881e-20,0.8749994277780444,-0.5443678269938073,0.09105000026548091,0.774187435777747,0.1841752335971742,,0.0,0.6090474927777919,0.0,0.0,False,False,False
717,1773731978.837423,1773731978837425676,-0.42,8.409937492055881e-20,0.8749994277780444,-0.5443678269938073,0.09105000026548091,0.774187435777747,0.1841752335971742,,0.0,0.6090474927777919,0.0,0.0,False,False,False
718,1773731978.887475,1773731978887477142,-0.42,8.409937492055881e-20,0.8749994277780444,-0.5443678499725146,0.09104994658436263,0.7741874523836623,0.18417521348628516,,0.0,0.6090475413294214,0.0,6.07078238384157e-08,False,False,False
719,1773731978.9375782,1773731978937581228,-0.42,8.409937492055881e-20,0.8749994277780444,-0.5443678539944942,0.0910499346304544,0.7741874569791896,0.18417520777714627,,0.0,0.609047551228137,0.0,1.3423528320755542e-08,False,False,False
720,1773731978.9874701,1773731978987472625,-0.42,8.409937492055881e-20,0.8749994277780444,-0.5443678539944942,0.0910499346304544,0.7741874569791896,0.18417520777714627,,0.0,0.609047551228137,0.0,0.0,False,False,False
721,1773731979.040037,1773731979040039679,-0.42,8.409937492055881e-20,0.8749994277780444,-0.5443678539944942,0.0910499346304544,0.7741874569791896,0.18417520777714627,,0.0,0.609047551228137,0.0,0.0,False,False,False
722,1773731979.0875823,1773731979087586717,-0.42,8.409937492055881e-20,0.8749994277780444,-0.5443678539944942,0.0910499346304544,0.7741874569791896,0.18417520777714627,,0.0,0.609047551228137,0.0,0.0,False,False,False
723,1773731979.1375263,1773731979137529444,-0.42,8.409937492055881e-20,0.8749994277780444,-0.5443678539944942,0.0910499346304544,0.7741874569791896,0.18417520777714627,,0.0,0.609047551228137,0.0,0.0,False,False,False
724,1773731979.1874301,1773731979187432641,-0.42,8.409937492055881e-20,0.8749994277780444,-0.544367860591945,0.0910499183653,0.7741874623099319,0.18417520127337766,,0.0,0.6090475656347649,0.0,1.834389320394155e-08,False,False,False
725,1773731979.2374258,1773731979237427747,-0.42,8.409937492055881e-20,0.8749994277780444,-0.544367860591945,0.0910499183653,0.7741874623099319,0.18417520127337766,,0.0,0.6090475656347649,0.0,0.0,False,False,False
726,1773731979.2878547,1773731979287860112,-0.42,8.409937492055881e-20,0.8749994277780444,-0.544367860591945,0.0910499183653,0.7741874623099319,0.18417520127337766,,0.0,0.6090475656347649,0.0,0.0,False,False,False
727,1773731979.3374915,1773731979337493930,-0.42,8.409937492055881e-20,0.8749994277780444,-0.5443678605919451,0.0910499183653,0.7741874623099317,0.1841752012733778,,0.0,0.609047565634765,0.0,1.5700924586837752e-16,False,False,False
728,1773731979.3877044,1773731979387708265,-0.42,8.409937492055881e-20,0.8749994277780444,-0.5443678605919451,0.0910499183653,0.7741874623099317,0.1841752012733778,,0.0,0.609047565634765,0.0,0.0,False,False,False
729,1773731979.4375098,1773731979437512973,-0.42,8.409937492055881e-20,0.8749994277780444,-0.5443678605919451,0.0910499183653,0.7741874623099317,0.1841752012733778,,0.0,0.609047565634765,0.0,0.0,False,False,False
730,1773731979.4874487,1773731979487450510,-0.42,8.409937492055881e-20,0.8749994277780444,-0.5443678605919451,0.0910499183653,0.7741874623099317,0.1841752012733778,,0.0,0.609047565634765,0.0,0.0,False,False,False
731,1773731979.5375376,1773731979537540785,-0.42,8.409937492055881e-20,0.8749994277780444,-0.5443678630213299,0.09104991190968391,0.7741874645807435,0.18417519847945715,,0.0,0.6090475711950477,0.0,7.2617818595892425e-09,False,False,False
732,1773731979.5875173,1773731979587521092,-0.42,8.409937492055881e-20,0.8749994277780444,-0.5443678630213299,0.09104991190968391,0.7741874645807435,0.18417519847945715,,0.0,0.6090475711950477,0.0,0.0,False,False,False
733,1773731979.6386862,1773731979638689813,-0.42,8.409937492055881e-20,0.8749994277780444,-0.5443678630213299,0.09104991190968391,0.7741874645807435,0.18417519847945715,,0.0,0.6090475711950477,0.0,0.0,False,False,False
734,1773731979.687532,1773731979687536195,-0.42,8.409937492055881e-20,0.8749994277780444,-0.5443678630213299,0.09104991190968391,0.7741874645807435,0.18417519847945715,,0.0,0.6090475711950477,0.0,0.0,False,False,False
735,1773731979.7401385,1773731979740141849,-0.42,8.409937492055881e-20,0.8749994277780444,-0.5443678630213299,0.09104991190968391,0.7741874645807435,0.18417519847945715,,0.0,0.6090475711950477,0.0,0.0,False,False,False
736,1773731979.7885332,1773731979788537253,-0.42,8.409937492055881e-20,0.8749994277780444,-0.5443678630213299,0.09104991190968391,0.7741874645807435,0.18417519847945715,,0.0,0.6090475711950477,0.0,0.0,False,False,False
737,1773731979.8375084,1773731979837512954,-0.42,8.409937492055881e-20,0.8749994277780444,-0.5443678630213299,0.09104991190968391,0.7741874645807435,0.18417519847945715,,0.0,0.6090475711950477,0.0,0.0,False,False,False
738,1773731979.8875508,1773731979887554180,-0.42,8.409937492055881e-20,0.8749994277780444,-0.5443672088896736,0.09104975442482603,0.7741882961766917,0.1841742237192113,,0.0,0.6090471135273995,0.0,1.0696922572879663e-06,False,False,False
739,1773731979.9375381,1773731979937542047,-0.42,8.409937492055881e-20,0.8749994277780444,-0.5443672088896736,0.09104975442482603,0.7741882961766917,0.1841742237192113,,0.0,0.6090471135273995,0.0,0.0,False,False,False
740,1773731979.9876378,1773731979987642863,-0.42,8.409937492055881e-20,0.8749994277780444,-0.5443672088896736,0.09104975442482603,0.7741882961766917,0.1841742237192113,,0.0,0.6090471135273995,0.0,0.0,False,False,False
741,1773731980.037506,1773731980037508720,-0.42,8.409937492055881e-20,0.8749994277780444,-0.5443672088896736,0.09104975442482603,0.7741882961766917,0.1841742237192113,,0.0,0.6090471135273995,0.0,0.0,False,False,False
742,1773731980.088436,1773731980088438612,-0.42,8.409937492055881e-20,0.8749994277780444,-0.5443672088896736,0.09104975442482603,0.7741882961766917,0.1841742237192113,,0.0,0.6090471135273995,0.0,0.0,False,False,False
743,1773731980.1375115,1773731980137514653,-0.42,8.409937492055881e-20,0.8749994277780444,-0.5443672088896737,0.091049754424826,0.7741882961766917,0.18417422371921136,,0.0,0.6090471135273996,0.0,1.1443916996305594e-16,False,False,False
744,1773731980.1874723,1773731980187475049,-0.42,8.409937492055881e-20,0.8749994277780444,-0.5443672088896737,0.091049754424826,0.7741882961766917,0.18417422371921136,,0.0,0.6090471135273996,0.0,0.0,False,False,False
745,1773731980.2402174,1773731980240220923,-0.42,8.409937492055881e-20,0.8749994277780444,-0.5443672088896737,0.091049754424826,0.7741882961766917,0.18417422371921136,,0.0,0.6090471135273996,0.0,0.0,False,False,False
746,1773731980.2875233,1773731980287526592,-0.42,8.409937492055881e-20,0.8749994277780444,-0.544274815925897,0.09102771879173156,0.7743056175778061,0.1840367324054732,,0.0,0.6089823714544271,0.0,0.00015095144928343953,False,False,False
747,1773731980.3374622,1773731980337465779,-0.42,8.409937492055881e-20,0.8749994277780444,-0.5439714433919741,0.09095524174373817,0.7746912307776231,0.18358515507204448,,0.0,0.6087700755701639,0.0,0.0004959691086123504,False,False,False
748,1773731980.3875303,1773731980387533565,-0.42,8.409937492055881e-20,0.8749994277780444,-0.5439714433919741,0.09095524174373817,0.7746912307776231,0.18358515507204448,,0.0,0.6087700755701639,0.0,0.0,False,False,False
749,1773731980.4375045,1773731980437507972,-0.42,8.409937492055881e-20,0.8749994277780444,-0.5439714433919741,0.09095524174373817,0.7746912307776231,0.18358515507204448,,0.0,0.6087700755701639,0.0,0.0,False,False,False
750,1773731980.48748,1773731980487483828,-0.42,8.409937492055881e-20,0.8749994277780444,-0.5439714433919741,0.09095524174373817,0.7746912307776231,0.18358515507204448,,0.0,0.6087700755701639,0.0,0.0,False,False,False
751,1773731980.53797,1773731980537973852,-0.42,8.409937492055881e-20,0.8749994277780444,-0.5439714433919741,0.09095524174373817,0.7746912307776231,0.18358515507204448,,0.0,0.6087700755701639,0.0,0.0,False,False,False
752,1773731980.5875523,1773731980587555741,-0.42,8.409937492055881e-20,0.8749994277780444,-0.5439714433919741,0.09095524174373817,0.7746912307776231,0.18358515507204448,,0.0,0.6087700755701639,0.0,0.0,False,False,False
753,1773731980.6375358,1773731980637539147,-0.42,8.409937492055881e-20,0.8749994277780444,-0.5430934811360952,0.09074442885326475,0.775810563769434,0.18227722625008883,,0.0,0.6081581646306707,0.0,0.0014381120067971068,False,False,False
754,1773731980.6874404,1773731980687442894,-0.42,8.409937492055881e-20,0.8749994277780444,-0.5423753804327991,0.09057081977658489,0.7767298300141795,0.1812062939738759,,0.0,0.6076604320245338,0.0,0.0011793469211001902,False,False,False
755,1773731980.7375703,1773731980737573600,-0.42,8.409937492055881e-20,0.8749994277780444,-0.5423753804327991,0.09057081977658489,0.7767298300141795,0.1812062939738759,,0.0,0.6076604320245338,0.0,0.0,False,False,False
756,1773731980.7875783,1773731980787582156,-0.42,8.409937492055881e-20,0.8749994277780444,-0.5423753804327991,0.09057081977658489,0.7767298300141795,0.1812062939738759,,0.0,0.6076604320245338,0.0,0.0,False,False,False
757,1773731980.8374848,1773731980837490673,-0.42,8.409937492055881e-20,0.8749994277780444,-0.5423753804327991,0.09057081977658489,0.7767298300141795,0.1812062939738759,,0.0,0.6076604320245338,0.0,0.0,False,False,False
758,1773731980.88756,1773731980887565549,-0.42,8.409937492055881e-20,0.8749994277780444,-0.5423753804327991,0.09057081977658489,0.7767298300141795,0.1812062939738759,,0.0,0.6076604320245338,0.0,0.0,False,False,False
759,1773731980.9381351,1773731980938138483,-0.42,8.409937492055881e-20,0.8749994277780444,-0.5401032857018313,0.09001443714234084,0.7796609214112916,0.17781121710024797,,0.0,0.6061022606157949,0.0,0.0037501030493047264,False,False,False
760,1773731980.9875085,1773731980987511243,-0.42,8.409937492055881e-20,0.8749994277780444,-0.5401032857018313,0.09001443714234084,0.7796609214112916,0.17781121710024797,,0.0,0.6061022606157949,0.0,0.0,False,False,False
761,1773731981.0374646,1773731981037468879,-0.42,8.409937492055881e-20,0.8749994277780444,-0.5393126762940088,0.08981828661085871,0.7806889680301599,0.17662758038315152,,0.0,0.6055661235578675,0.0,0.0013116471009019832,False,False,False
762,1773731981.087436,1773731981087438836,-0.42,8.409937492055881e-20,0.8749994277780444,-0.5393126762940088,0.08981828661085871,0.7806889680301599,0.17662758038315152,,0.0,0.6055661235578675,0.0,0.0,False,False,False
763,1773731981.141932,1773731981141938732,-0.42,8.409937492055881e-20,0.8749994277780444,-0.5393126762940088,0.08981828661085871,0.7806889680301599,0.17662758038315152,,0.0,0.6055661235578675,0.0,0.0,False,False,False
764,1773731981.1875286,1773731981187532749,-0.42,8.409937492055881e-20,0.8749994277780444,-0.5393126762940088,0.08981828661085871,0.7806889680301599,0.17662758038315152,,0.0,0.6055661235578675,0.0,0.0,False,False,False
765,1773731981.2374861,1773731981237490105,-0.42,8.409937492055881e-20,0.8749994277780444,-0.5351992043187026,0.08877606523176783,0.7861073352103072,0.170451901000747,,0.0,0.6028288766337142,0.0,0.006882265614865591,False,False,False
766,1773731981.2876213,1773731981287624651,-0.42,8.409937492055881e-20,0.8749994277780444,-0.5351992043187026,0.08877606523176783,0.7861073352103072,0.170451901000747,,0.0,0.6028288766337142,0.0,0.0,False,False,False
767,1773731981.3374357,1773731981337438008,-0.42,8.409937492055881e-20,0.8749994277780444,-0.5351992043187026,0.08877606523176783,0.7861073352103072,0.170451901000747,,0.0,0.6028288766337142,0.0,0.0,False,False,False
768,1773731981.3874617,1773731981387464605,-0.42,8.409937492055881e-20,0.8749994277780444,-0.5347459227040405,0.08865896050984659,0.7867116873553701,0.16976973571526138,,0.0,0.6025327499860871,0.0,0.0007644731867953756,False,False,False
769,1773731981.4374375,1773731981437440501,-0.42,8.409937492055881e-20,0.8749994277780444,-0.5347459227040405,0.08865896050984659,0.7867116873553701,0.16976973571526138,,0.0,0.6025327499860871,0.0,0.0,False,False,False
770,1773731981.4876676,1773731981487672747,-0.42,8.409937492055881e-20,0.8749994277780444,-0.5347459227040405,0.08865896050984659,0.7867116873553701,0.16976973571526138,,0.0,0.6025327499860871,0.0,0.0,False,False,False
771,1773731981.5374682,1773731981537471284,-0.42,8.409937492055881e-20,0.8749994277780444,-0.5347459227040405,0.08865896050984659,0.7867116873553701,0.16976973571526138,,0.0,0.6025327499860871,0.0,0.0,False,False,False
772,1773731981.5875208,1773731981587524810,-0.42,8.409937492055881e-20,0.8749994277780444,-0.5287058484278069,0.08705437357790978,0.7949084251551594,0.1606548914368641,,0.0,0.5986967256772038,0.0,0.010307458806274983,False,False,False
773,1773731981.6374497,1773731981637452567,-0.42,8.409937492055881e-20,0.8749994277780444,-0.5287058484278069,0.08705437357790978,0.7949084251551594,0.1606548914368641,,0.0,0.5986967256772038,0.0,0.0,False,False,False
774,1773731981.6876168,1773731981687621813,-0.42,8.409937492055881e-20,0.8749994277780444,-0.5287058484278069,0.08705437357790978,0.7949084251551594,0.1606548914368641,,0.0,0.5986967256772038,0.0,0.0,False,False,False
775,1773731981.737537,1773731981737540379,-0.42,8.409937492055881e-20,0.8749994277780444,-0.5287058484278069,0.08705437357790978,0.7949084251551594,0.1606548914368641,,0.0,0.5986967256772038,0.0,0.0,False,False,False
776,1773731981.7904253,1773731981790429052,-0.42,8.409937492055881e-20,0.8749994277780444,-0.5287058484278069,0.08705437357790978,0.7949084251551594,0.1606548914368641,,0.0,0.5986967256772038,0.0,0.0,False,False,False
777,1773731981.8375285,1773731981837536732,-0.42,8.409937492055881e-20,0.8749994277780444,-0.5287058484278069,0.08705437357790978,0.7949084251551594,0.1606548914368641,,0.0,0.5986967256772038,0.0,0.0,False,False,False
778,1773731981.888152,1773731981888156306,-0.42,8.409937492055881e-20,0.8749994277780444,-0.5244286685521161,0.0858667648414866,0.800881468842496,0.1541814514028277,,0.0,0.5961109398503555,0.0,0.0074419038619613215,False,False,False
779,1773731981.9375498,1773731981937554985,-0.42,8.409937492055881e-20,0.8749994277780444,-0.5244286685521161,0.0858667648414866,0.800881468842496,0.1541814514028277,,0.0,0.5961109398503555,0.0,0.0,False,False,False
780,1773731981.9874492,1773731981987452032,-0.42,8.409937492055881e-20,0.8749994277780444,-0.5212073876992465,0.08494298873109686,0.8054775287506217,0.14930352006518796,,0.0,0.5942401225697183,0.0,0.005688038265893798,False,False,False
781,1773731982.0374324,1773731982037435699,-0.42,8.409937492055881e-20,0.8749994277780444,-0.5212073876992465,0.08494298873109686,0.8054775287506217,0.14930352006518796,,0.0,0.5942401225697183,0.0,0.0,False,False,False
782,1773731982.0876026,1773731982087608165,-0.42,8.409937492055881e-20,0.8749994277780444,-0.5212073876992465,0.08494298873109686,0.8054775287506217,0.14930352006518796,,0.0,0.5942401225697183,0.0,0.0,False,False,False
783,1773731982.1375067,1773731982137511042,-0.42,8.409937492055881e-20,0.8749994277780444,-0.5212073876992465,0.08494298873109686,0.8054775287506217,0.14930352006518796,,0.0,0.5942401225697183,0.0,0.0,False,False,False
784,1773731982.1874986,1773731982187501818,-0.42,8.409937492055881e-20,0.8749994277780444,-0.5212073876992465,0.08494298873109686,0.8054775287506217,0.14930352006518796,,0.0,0.5942401225697183,0.0,0.0,False,False,False
785,1773731982.2374456,1773731982237448335,-0.42,8.409937492055881e-20,0.8749994277780444,-0.5152402576237958,0.08316203335939028,0.8142260322954976,0.14028555186901243,,0.0,0.5909612593347331,0.0,0.010738470917596443,False,False,False
786,1773731982.2874665,1773731982287469621,-0.42,8.409937492055881e-20,0.8749994277780444,-0.5152402576237958,0.08316203335939028,0.8142260322954976,0.14028555186901243,,0.0,0.5909612593347331,0.0,0.0,False,False,False
787,1773731982.3375988,1773731982337600767,-0.42,8.409937492055881e-20,0.8749994277780444,-0.5126607864810713,0.08236291753946173,0.8181073317336631,0.13640521298405703,,0.0,0.5896237870895699,0.0,0.0047282917421107165,False,False,False
788,1773731982.3875375,1773731982387540124,-0.42,8.409937492055881e-20,0.8749994277780444,-0.5126607864810713,0.08236291753946173,0.8181073317336631,0.13640521298405703,,0.0,0.5896237870895699,0.0,0.0,False,False,False
789,1773731982.4374807,1773731982437483381,-0.42,8.409937492055881e-20,0.8749994277780444,-0.5126607864810713,0.08236291753946173,0.8181073317336631,0.13640521298405703,,0.0,0.5896237870895699,0.0,0.0,False,False,False
790,1773731982.487644,1773731982487648646,-0.42,8.409937492055881e-20,0.8749994277780444,-0.5126607864810713,0.08236291753946173,0.8181073317336631,0.13640521298405703,,0.0,0.5896237870895699,0.0,0.0,False,False,False
791,1773731982.5375874,1773731982537590813,-0.42,8.409937492055881e-20,0.8749994277780444,-0.5046931721507533,0.07977585788189692,0.830506351609903,0.12456626644743662,,0.0,0.585826129512241,0.0,0.014963670996111914,False,False,False
792,1773731982.587487,1773731982587489470,-0.42,8.409937492055881e-20,0.8749994277780444,-0.5046931721507533,0.07977585788189692,0.830506351609903,0.12456626644743662,,0.0,0.585826129512241,0.0,0.0,False,False,False
793,1773731982.6375465,1773731982637549286,-0.42,8.409937492055881e-20,0.8749994277780444,-0.5030535352704875,0.07922010235280054,0.8331396369684001,0.12217183155024518,,0.0,0.5851115928410249,0.0,0.003151422708321421,False,False,False
794,1773731982.6882954,1773731982688299129,-0.42,8.409937492055881e-20,0.8749994277780444,-0.5030535352704875,0.07922010235280054,0.8331396369684001,0.12217183155024518,,0.0,0.5851115928410249,0.0,0.0,False,False,False
795,1773731982.737538,1773731982737540879,-0.42,8.409937492055881e-20,0.8749994277780444,-0.5030535352704875,0.07922010235280054,0.8331396369684001,0.12217183155024518,,0.0,0.5851115928410249,0.0,0.0,False,False,False
796,1773731982.7889977,1773731982788999889,-0.42,8.409937492055881e-20,0.8749994277780444,-0.5030535352704875,0.07922010235280054,0.8331396369684001,0.12217183155024518,,0.0,0.5851115928410249,0.0,0.0,False,False,False
797,1773731982.8374848,1773731982837486742,-0.42,8.409937492055881e-20,0.8749994277780444,-0.4931174204287868,0.07566641640542493,0.8497597624581394,0.1082063050254464,,0.0,0.5813300554228189,0.0,0.019687143857216118,False,False,False
798,1773731982.8874757,1773731982887478369,-0.42,8.409937492055881e-20,0.8749994277780444,-0.4931174204287868,0.07566641640542493,0.8497597624581394,0.1082063050254464,,0.0,0.5813300554228189,0.0,0.0,False,False,False
799,1773731982.9386454,1773731982938648640,-0.42,8.409937492055881e-20,0.8749994277780444,-0.4931174204287868,0.07566641640542493,0.8497597624581394,0.1082063050254464,,0.0,0.5813300554228189,0.0,0.0,False,False,False
800,1773731982.9876313,1773731982987635781,-0.42,8.409937492055881e-20,0.8749994277780444,-0.4931174204287868,0.07566641640542493,0.8497597624581394,0.1082063050254464,,0.0,0.5813300554228189,0.0,0.0,False,False,False
801,1773731983.0375955,1773731983037600277,-0.42,8.409937492055881e-20,0.8749994277780444,-0.49267544200241775,0.07550050238732893,0.850527346979648,0.10761472236450313,,0.0,0.5811853745871762,0.0,0.0009011428235501964,False,False,False
802,1773731983.087576,1773731983087580134,-0.42,8.409937492055881e-20,0.8749994277780444,-0.49267544200241775,0.07550050238732893,0.850527346979648,0.10761472236450313,,0.0,0.5811853745871762,0.0,0.0,False,False,False
803,1773731983.1374836,1773731983137486601,-0.42,8.409937492055881e-20,0.8749994277780444,-0.49267544200241775,0.07550050238732893,0.850527346979648,0.10761472236450313,,0.0,0.5811853745871762,0.0,0.0,False,False,False
804,1773731983.1875014,1773731983187503348,-0.42,8.409937492055881e-20,0.8749994277780444,-0.48171815075393015,0.0711491268983846,0.8704355222703072,0.09429823765251841,,0.0,0.5783331781723952,0.0,0.023137245807433076,False,False,False
805,1773731983.239506,1773731983239508485,-0.42,8.409937492055881e-20,0.8749994277780444,-0.48171815075393015,0.0711491268983846,0.8704355222703072,0.09429823765251841,,0.0,0.5783331781723952,0.0,0.0,False,False,False
806,1773731983.287578,1773731983287581840,-0.42,8.409937492055881e-20,0.8749994277780444,-0.48171815075393015,0.0711491268983846,0.8704355222703072,0.09429823765251841,,0.0,0.5783331781723952,0.0,0.0,False,False,False
807,1773731983.3380046,1773731983338007325,-0.42,8.409937492055881e-20,0.8749994277780444,-0.48171815075393015,0.0711491268983846,0.8704355222703072,0.09429823765251841,,0.0,0.5783331781723952,0.0,0.0,False,False,False
808,1773731983.3875942,1773731983387597583,-0.42,8.409937492055881e-20,0.8749994277780444,-0.48171815075393015,0.0711491268983846,0.8704355222703072,0.09429823765251841,,0.0,0.5783331781723952,0.0,0.0,False,False,False
809,1773731983.437529,1773731983437531240,-0.42,8.409937492055881e-20,0.8749994277780444,-0.48171815075393015,0.0711491268983846,0.8704355222703072,0.09429823765251841,,0.0,0.5783331781723952,0.0,0.0,False,False,False
810,1773731983.4875233,1773731983487525776,-0.42,8.409937492055881e-20,0.8749994277780444,-0.47458718069263567,0.06804338345913553,0.8844230368382414,0.0877409068579579,,0.0,0.5773400789068457,0.0,0.01600459121982468,False,False,False
811,1773731983.537521,1773731983537524983,-0.42,8.409937492055881e-20,0.8749994277780444,-0.47458718069263567,0.06804338345913553,0.8844230368382414,0.0877409068579579,,0.0,0.5773400789068457,0.0,0.0,False,False,False
812,1773731983.5874677,1773731983587471389,-0.42,8.409937492055881e-20,0.8749994277780444,-0.4705108637078007,0.06615646216830667,0.8928491081256199,0.08512717502446111,,0.0,0.5771315743271496,0.0,0.00954858677808509,False,False,False
813,1773731983.6376328,1773731983637637185,-0.42,8.409937492055881e-20,0.8749994277780444,-0.4705108637078007,0.06615646216830667,0.8928491081256199,0.08512717502446111,,0.0,0.5771315743271496,0.0,0.0,False,False,False
814,1773731983.6875548,1773731983687558762,-0.42,8.409937492055881e-20,0.8749994277780444,-0.4705108637078007,0.06615646216830667,0.8928491081256199,0.08512717502446111,,0.0,0.5771315743271496,0.0,0.0,False,False,False
815,1773731983.7374449,1773731983737447849,-0.42,8.409937492055881e-20,0.8749994277780444,-0.4705108637078007,0.06615646216830667,0.8928491081256199,0.08512717502446111,,0.0,0.5771315743271496,0.0,0.0,False,False,False
816,1773731983.7875376,1773731983787541685,-0.42,8.409937492055881e-20,0.8749994277780444,-0.4705108637078007,0.06615646216830667,0.8928491081256199,0.08512717502446111,,0.0,0.5771315743271496,0.0,0.0,False,False,False
817,1773731983.8374856,1773731983837488422,-0.42,8.409937492055881e-20,0.8749994277780444,-0.4620791667044659,0.06195545777317964,0.9114538147132065,0.08329500192235426,,0.0,0.5776748131038888,0.0,0.02085370613330183,False,False,False
818,1773731983.8874702,1773731983887474618,-0.42,8.409937492055881e-20,0.8749994277780444,-0.4620791667044659,0.06195545777317964,0.9114538147132065,0.08329500192235426,,0.0,0.5776748131038888,0.0,0.0,False,False,False
819,1773731983.9401944,1773731983940197372,-0.42,8.409937492055881e-20,0.8749994277780444,-0.4594009257631316,0.06052565244698907,0.9177465971397133,0.08392322708023521,,0.0,0.5781624186285899,0.0,0.006986875444574264,False,False,False
820,1773731983.9875872,1773731983987592091,-0.42,8.409937492055881e-20,0.8749994277780444,-0.4594009257631316,0.06052565244698907,0.9177465971397133,0.08392322708023521,,0.0,0.5781624186285899,0.0,0.0,False,False,False
821,1773731984.0375512,1773731984037555238,-0.42,8.409937492055881e-20,0.8749994277780444,-0.4594009257631316,0.06052565244698907,0.9177465971397133,0.08392322708023521,,0.0,0.5781624186285899,0.0,0.0,False,False,False
822,1773731984.0874326,1773731984087436014,-0.42,8.409937492055881e-20,0.8749994277780444,-0.4594009257631316,0.06052565244698907,0.9177465971397133,0.08392322708023521,,0.0,0.5781624186285899,0.0,0.0,False,False,False
823,1773731984.1375837,1773731984137588550,-0.42,8.409937492055881e-20,0.8749994277780444,-0.45000729909258386,0.055066682442007756,0.941647371035495,0.09151352825920912,,0.0,0.5813535996404439,0.0,0.026254286666336824,False,False,False
824,1773731984.1876206,1773731984187626646,-0.42,8.409937492055881e-20,0.8749994277780444,-0.45000729909258386,0.055066682442007756,0.941647371035495,0.09151352825920912,,0.0,0.5813535996404439,0.0,0.0,False,False,False
825,1773731984.2374878,1773731984237490904,-0.42,8.409937492055881e-20,0.8749994277780444,-0.45000729909258386,0.055066682442007756,0.941647371035495,0.09151352825920912,,0.0,0.5813535996404439,0.0,0.0,False,False,False
826,1773731984.2879493,1773731984287953498,-0.42,8.409937492055881e-20,0.8749994277780444,-0.44874030058483405,0.05426897254830112,0.9451283379954116,0.09321582648579815,,0.0,0.581989681163628,0.0,0.0037892950886924664,False,False,False
827,1773731984.3380303,1773731984338035504,-0.42,8.409937492055881e-20,0.8749994277780444,-0.44874030058483405,0.05426897254830112,0.9451283379954116,0.09321582648579815,,0.0,0.581989681163628,0.0,0.0,False,False,False
828,1773731984.387475,1773731984387478743,-0.42,8.409937492055881e-20,0.8749994277780444,-0.44874030058483405,0.05426897254830112,0.9451283379954116,0.09321582648579815,,0.0,0.581989681163628,0.0,0.0,False,False,False
829,1773731984.4375556,1773731984437559469,-0.42,8.409937492055881e-20,0.8749994277780444,-0.43897300230462505,0.04747232152070816,0.9747483003145798,0.11208672401014666,,0.0,0.5890667211803805,0.0,0.03192078865996888,False,False,False
830,1773731984.4874704,1773731984487473246,-0.42,8.409937492055881e-20,0.8749994277780444,-0.43897300230462505,0.04747232152070816,0.9747483003145798,0.11208672401014666,,0.0,0.5890667211803805,0.0,0.0,False,False,False
831,1773731984.5375144,1773731984537517802,-0.42,8.409937492055881e-20,0.8749994277780444,-0.43897300230462505,0.04747232152070816,0.9747483003145798,0.11208672401014666,,0.0,0.5890667211803805,0.0,0.0,False,False,False
832,1773731984.587543,1773731984587549279,-0.42,8.409937492055881e-20,0.8749994277780444,-0.43897300230462505,0.04747232152070816,0.9747483003145798,0.11208672401014666,,0.0,0.5890667211803805,0.0,0.0,False,False,False
833,1773731984.637714,1773731984637717505,-0.42,8.409937492055881e-20,0.8749994277780444,-0.43897300230462505,0.04747232152070816,0.9747483003145798,0.11208672401014666,,0.0,0.5890667211803805,0.0,0.0,False,False,False
834,1773731984.6874769,1773731984687481762,-0.42,8.409937492055881e-20,0.8749994277780444,-0.43897300230462505,0.04747232152070816,0.9747483003145798,0.11208672401014666,,0.0,0.5890667211803805,0.0,0.0,False,False,False
835,1773731984.7379534,1773731984737957527,-0.42,8.409937492055881e-20,0.8749994277780444,-0.43414544823098605,0.04355509318164862,0.9918440250319008,0.12549820618293123,,0.0,0.5944373220322172,0.0,0.018191035149343764,False,False,False
836,1773731984.7880483,1773731984788052672,-0.42,8.409937492055881e-20,0.8749994277780444,-0.4308056122710585,0.040531512041480464,1.0050847709352484,0.13668123949265548,,0.0,0.5992020600698701,0.0,0.013986203889098034,False,False,False
837,1773731984.8375099,1773731984837513452,-0.42,8.409937492055881e-20,0.8749994277780444,-0.4308056122710585,0.040531512041480464,1.0050847709352484,0.13668123949265548,,0.0,0.5992020600698701,0.0,0.0,False,False,False
838,1773731984.887488,1773731984887492918,-0.42,8.409937492055881e-20,0.8749994277780444,-0.4308056122710585,0.040531512041480464,1.0050847709352484,0.13668123949265548,,0.0,0.5992020600698701,0.0,0.0,False,False,False
839,1773731984.937986,1773731984937990732,-0.42,8.409937492055881e-20,0.8749994277780444,-0.4308056122710585,0.040531512041480464,1.0050847709352484,0.13668123949265548,,0.0,0.5992020600698701,0.0,0.0,False,False,False
840,1773731984.9875445,1773731984987548171,-0.42,8.409937492055881e-20,0.8749994277780444,-0.4308056122710585,0.040531512041480464,1.0050847709352484,0.13668123949265548,,0.0,0.5992020600698701,0.0,0.0,False,False,False
841,1773731985.0374305,1773731985037433888,-0.42,8.409937492055881e-20,0.8749994277780444,-0.4264214357393248,0.03600204462019201,1.0250395144772513,0.15443254084063401,,0.0,0.6073245997543572,0.0,0.020926750077568758,False,False,False
842,1773731985.0875692,1773731985087573404,-0.42,8.409937492055881e-20,0.8749994277780444,-0.4264214357393248,0.03600204462019201,1.0250395144772513,0.15443254084063401,,0.0,0.6073245997543572,0.0,0.0,False,False,False
843,1773731985.1375494,1773731985137553950,-0.42,8.409937492055881e-20,0.8749994277780444,-0.42470154165525603,0.03397880983740861,1.0340148204551685,0.16267316656462688,,0.0,0.6113290957268834,0.0,0.009359894873550404,False,False,False
844,1773731985.1875575,1773731985187562277,-0.42,8.409937492055881e-20,0.8749994277780444,-0.42470154165525603,0.03397880983740861,1.0340148204551685,0.16267316656462688,,0.0,0.6113290957268834,0.0,0.0,False,False,False
845,1773731985.2374713,1773731985237474704,-0.42,8.409937492055881e-20,0.8749994277780444,-0.42470154165525603,0.03397880983740861,1.0340148204551685,0.16267316656462688,,0.0,0.6113290957268834,0.0,0.0,False,False,False
846,1773731985.2876093,1773731985287614289,-0.42,8.409937492055881e-20,0.8749994277780444,-0.42470154165525603,0.03397880983740861,1.0340148204551685,0.16267316656462688,,0.0,0.6113290957268834,0.0,0.0,False,False,False
847,1773731985.337563,1773731985337567956,-0.42,8.409937492055881e-20,0.8749994277780444,-0.42470154165525603,0.03397880983740861,1.0340148204551685,0.16267316656462688,,0.0,0.6113290957268834,0.0,0.0,False,False,False
848,1773731985.3874447,1773731985387449183,-0.42,8.409937492055881e-20,0.8749994277780444,-0.4211810923548411,0.029129625993059564,1.055732157383376,0.18306897508928188,,0.0,0.6218662920680359,0.0,0.022528889686053658,False,False,False
849,1773731985.4374893,1773731985437492680,-0.42,8.409937492055881e-20,0.8749994277780444,-0.4211810923548411,0.029129625993059564,1.055732157383376,0.18306897508928188,,0.0,0.6218662920680359,0.0,0.0,False,False,False
850,1773731985.4874225,1773731985487425516,-0.42,8.409937492055881e-20,0.8749994277780444,-0.4211810923548411,0.029129625993059564,1.055732157383376,0.18306897508928188,,0.0,0.6218662920680359,0.0,0.0,False,False,False
851,1773731985.537514,1773731985537517982,-0.42,8.409937492055881e-20,0.8749994277780444,-0.42048619138237636,0.028003431925081403,1.060825187414532,0.18792456339212454,,0.0,0.6245035445113121,0.0,0.005262143606795495,False,False,False
852,1773731985.5875168,1773731985587519909,-0.42,8.409937492055881e-20,0.8749994277780444,-0.42048619138237636,0.028003431925081403,1.060825187414532,0.18792456339212454,,0.0,0.6245035445113121,0.0,0.0,False,False,False
853,1773731985.637524,1773731985637528865,-0.42,8.409937492055881e-20,0.8749994277780444,-0.42048619138237636,0.028003431925081403,1.060825187414532,0.18792456339212454,,0.0,0.6245035445113121,0.0,0.0,False,False,False
854,1773731985.687521,1773731985687526362,-0.42,8.409937492055881e-20,0.8749994277780444,-0.4179954388222462,0.023057614120281504,1.08346466092442,0.20974609713939357,,0.0,0.6369448157494573,0.0,0.023306881449026873,False,False,False
855,1773731985.7374682,1773731985737471859,-0.42,8.409937492055881e-20,0.8749994277780444,-0.4179954388222462,0.023057614120281504,1.08346466092442,0.20974609713939357,,0.0,0.6369448157494573,0.0,0.0,False,False,False
856,1773731985.7875183,1773731985787522145,-0.42,8.409937492055881e-20,0.8749994277780444,-0.4179954388222462,0.023057614120281504,1.08346466092442,0.20974609713939357,,0.0,0.6369448157494573,0.0,0.0,False,False,False
857,1773731985.8374515,1773731985837455022,-0.42,8.409937492055881e-20,0.8749994277780444,-0.4178347583504631,0.022657615863112962,1.0853175636791033,0.21154615126940393,,0.0,0.6380130764146653,0.0,0.0019023841457662784,False,False,False
858,1773731985.887545,1773731985887548498,-0.42,8.409937492055881e-20,0.8749994277780444,-0.4178347583504631,0.022657615863112962,1.0853175636791033,0.21154615126940393,,0.0,0.6380130764146653,0.0,0.0,False,False,False
859,1773731985.9374547,1773731985937457675,-0.42,8.409937492055881e-20,0.8749994277780444,-0.4178347583504631,0.022657615863112962,1.0853175636791033,0.21154615126940393,,0.0,0.6380130764146653,0.0,0.0,False,False,False
860,1773731985.987501,1773731985987505781,-0.42,8.409937492055881e-20,0.8749994277780444,-0.4164273968530411,0.017978975090250086,1.1072824426648986,0.23300516312620206,,0.0,0.6512204783285089,0.0,0.022501694485672744,False,False,False
861,1773731986.0374522,1773731986037455828,-0.42,8.409937492055881e-20,0.8749994277780444,-0.4164273968530411,0.017978975090250086,1.1072824426648986,0.23300516312620206,,0.0,0.6512204783285089,0.0,0.0,False,False,False
862,1773731986.0875428,1773731986087546474,-0.42,8.409937492055881e-20,0.8749994277780444,-0.4164273968530411,0.017978975090250086,1.1072824426648986,0.23300516312620206,,0.0,0.6512204783285089,0.0,0.0,False,False,False
863,1773731986.13749,1773731986137493410,-0.42,8.409937492055881e-20,0.8749994277780444,-0.4164273968530411,0.017978975090250086,1.1072824426648986,0.23300516312620206,,0.0,0.6512204783285089,0.0,0.0,False,False,False
864,1773731986.1874707,1773731986187474727,-0.42,8.409937492055881e-20,0.8749994277780444,-0.4164273968530411,0.017978975090250086,1.1072824426648986,0.23300516312620206,,0.0,0.6512204783285089,0.0,0.0,False,False,False
865,1773731986.237564,1773731986237569263,-0.42,8.409937492055881e-20,0.8749994277780444,-0.4164273968530411,0.017978975090250086,1.1072824426648986,0.23300516312620206,,0.0,0.6512204783285089,0.0,0.0,False,False,False
866,1773731986.2875094,1773731986287513090,-0.42,8.409937492055881e-20,0.8749994277780444,-0.4164273968530411,0.017978975090250086,1.1072824426648986,0.23300516312620206,,0.0,0.6512204783285089,0.0,0.0,False,False,False
867,1773731986.337517,1773731986337520387,-0.42,8.409937492055881e-20,0.8749994277780444,-0.4160460776621504,0.015472644756594,1.1193030738551348,0.24482505534396956,,0.0,0.6588546047913298,0.0,0.012285058822749934,False,False,False
868,1773731986.387822,1773731986387823821,-0.42,8.409937492055881e-20,0.8749994277780444,-0.41594824413260995,0.013941306400504633,1.1267495184070526,0.25216836613952104,,0.0,0.6637205870600511,0.0,0.007602901092682904,False,False,False
869,1773731986.4375353,1773731986437538359,-0.42,8.409937492055881e-20,0.8749994277780444,-0.41594824413260995,0.013941306400504633,1.1267495184070526,0.25216836613952104,,0.0,0.6637205870600511,0.0,0.0,False,False,False
870,1773731986.4875135,1773731986487515946,-0.42,8.409937492055881e-20,0.8749994277780444,-0.41594824413260995,0.013941306400504633,1.1267495184070526,0.25216836613952104,,0.0,0.6637205870600511,0.0,0.0,False,False,False
871,1773731986.538719,1773731986538721377,-0.42,8.409937492055881e-20,0.8749994277780444,-0.41594824413260995,0.013941306400504633,1.1267495184070526,0.25216836613952104,,0.0,0.6637205870600511,0.0,0.0,False,False,False
872,1773731986.5875518,1773731986587554119,-0.42,8.409937492055881e-20,0.8749994277780444,-0.41594824413260995,0.013941306400504633,1.1267495184070526,0.25216836613952104,,0.0,0.6637205870600511,0.0,0.0,False,False,False
873,1773731986.6377056,1773731986637708195,-0.42,8.409937492055881e-20,0.8749994277780444,-0.41602525272830293,0.011384027927847828,1.139379705060141,0.26465510711772444,,0.0,0.6722041053870549,0.0,0.012886707042622582,False,False,False
874,1773731986.6874204,1773731986687422833,-0.42,8.409937492055881e-20,0.8749994277780444,-0.41602525272830293,0.011384027927847828,1.139379705060141,0.26465510711772444,,0.0,0.6722041053870549,0.0,0.0,False,False,False
875,1773731986.7375429,1773731986737545529,-0.42,8.409937492055881e-20,0.8749994277780444,-0.41612568762391544,0.010494065506148929,1.1438379933653668,0.26907119885688974,,0.0,0.6752657945309803,0.0,0.004547356912845713,False,False,False
876,1773731986.7874608,1773731986787463575,-0.42,8.409937492055881e-20,0.8749994277780444,-0.41612568762391544,0.010494065506148929,1.1438379933653668,0.26907119885688974,,0.0,0.6752657945309803,0.0,0.0,False,False,False
877,1773731986.8375432,1773731986837547122,-0.42,8.409937492055881e-20,0.8749994277780444,-0.41612568762391544,0.010494065506148929,1.1438379933653668,0.26907119885688974,,0.0,0.6752657945309803,0.0,0.0,False,False,False
878,1773731986.8875618,1773731986887564058,-0.42,8.409937492055881e-20,0.8749994277780444,-0.41612568762391544,0.010494065506148929,1.1438379933653668,0.26907119885688974,,0.0,0.6752657945309803,0.0,0.0,False,False,False
879,1773731986.937475,1773731986937479065,-0.42,8.409937492055881e-20,0.8749994277780444,-0.41612568762391544,0.010494065506148929,1.1438379933653668,0.26907119885688974,,0.0,0.6752657945309803,0.0,0.0,False,False,False
880,1773731986.9875479,1773731986987552861,-0.42,8.409937492055881e-20,0.8749994277780444,-0.41661781158613304,0.008015124976407776,1.1564483919278206,0.28158338169685426,,0.0,0.684108899019712,0.0,0.012861161846742963,False,False,False
881,1773731987.0375025,1773731987037504938,-0.42,8.409937492055881e-20,0.8749994277780444,-0.41661781158613304,0.008015124976407776,1.1564483919278206,0.28158338169685426,,0.0,0.684108899019712,0.0,0.0,False,False,False
882,1773731987.0887983,1773731987088800718,-0.42,8.409937492055881e-20,0.8749994277780444,-0.41661781158613304,0.008015124976407776,1.1564483919278206,0.28158338169685426,,0.0,0.684108899019712,0.0,0.0,False,False,False
883,1773731987.138529,1773731987138532506,-0.42,8.409937492055881e-20,0.8749994277780444,-0.41673112197927,0.007603211704377015,1.158573353640642,0.2836946700607221,,0.0,0.6856250706676338,0.0,0.0021674810425525684,False,False,False
884,1773731987.1875546,1773731987187557117,-0.42,8.409937492055881e-20,0.8749994277780444,-0.41673112197927,0.007603211704377015,1.158573353640642,0.2836946700607221,,0.0,0.6856250706676338,0.0,0.0,False,False,False
885,1773731987.2374897,1773731987237492114,-0.42,8.409937492055881e-20,0.8749994277780444,-0.41673112197927,0.007603211704377015,1.158573353640642,0.2836946700607221,,0.0,0.6856250706676338,0.0,0.0,False,False,False
886,1773731987.288634,1773731987288638265,-0.42,8.409937492055881e-20,0.8749994277780444,-0.41673112197927,0.007603211704377015,1.158573353640642,0.2836946700607221,,0.0,0.6856250706676338,0.0,0.0,False,False,False
887,1773731987.3402183,1773731987340220944,-0.42,8.409937492055881e-20,0.8749994277780444,-0.41753640651376306,0.005310543412148429,1.170572160650298,0.2956307013518222,,0.0,0.6943228966661235,0.0,0.012242392769987927,False,False,False
888,1773731987.3874543,1773731987387456464,-0.42,8.409937492055881e-20,0.8749994277780444,-0.41753640651376306,0.005310543412148429,1.170572160650298,0.2956307013518222,,0.0,0.6943228966661235,0.0,0.0,False,False,False
889,1773731987.4387624,1773731987438766884,-0.42,8.409937492055881e-20,0.8749994277780444,-0.41753640651376306,0.005310543412148429,1.170572160650298,0.2956307013518222,,0.0,0.6943228966661235,0.0,0.0,False,False,False
890,1773731987.489416,1773731987489418697,-0.42,8.409937492055881e-20,0.8749994277780444,-0.41757027815894493,0.005229993254239078,1.1709993379583494,0.2960560811812737,,0.0,0.6946367626384085,0.0,0.0004360230140723071,False,False,False
891,1773731987.5375795,1773731987537584133,-0.42,8.409937492055881e-20,0.8749994277780444,-0.41757027815894493,0.005229993254239078,1.1709993379583494,0.2960560811812737,,0.0,0.6946367626384085,0.0,0.0,False,False,False
892,1773731987.5875232,1773731987587527189,-0.42,8.409937492055881e-20,0.8749994277780444,-0.41757027815894493,0.005229993254239078,1.1709993379583494,0.2960560811812737,,0.0,0.6946367626384085,0.0,0.0,False,False,False
893,1773731987.6374888,1773731987637492826,-0.42,8.409937492055881e-20,0.8749994277780444,-0.4184719853805973,0.0033553845429881253,1.1810591529602026,0.30608193153580077,,0.0,0.7021097392290937,0.0,0.010272638979609275,False,False,False
894,1773731987.6875505,1773731987687556962,-0.42,8.409937492055881e-20,0.8749994277780444,-0.4184719853805973,0.0033553845429881253,1.1810591529602026,0.30608193153580077,,0.0,0.7021097392290937,0.0,0.0,False,False,False
895,1773731987.7374635,1773731987737466509,-0.42,8.409937492055881e-20,0.8749994277780444,-0.4184719853805973,0.0033553845429881253,1.1810591529602026,0.30608193153580077,,0.0,0.7021097392290937,0.0,0.0,False,False,False
896,1773731987.7876594,1773731987787664165,-0.42,8.409937492055881e-20,0.8749994277780444,-0.4184719853805973,0.0033553845429881253,1.1810591529602026,0.30608193153580077,,0.0,0.7021097392290937,0.0,0.0,False,False,False
897,1773731987.8375235,1773731987837527262,-0.42,8.409937492055881e-20,0.8749994277780444,-0.4184719853805973,0.0033553845429881253,1.1810591529602026,0.30608193153580077,,0.0,0.7021097392290937,0.0,0.0,False,False,False
898,1773731987.8875532,1773731987887558218,-0.42,8.409937492055881e-20,0.8749994277780444,-0.4184719853805973,0.0033553845429881253,1.1810591529602026,0.30608193153580077,,0.0,0.7021097392290937,0.0,0.0,False,False,False
899,1773731987.9374974,1773731987937500045,-0.42,8.409937492055881e-20,0.8749994277780444,-0.4190284769180184,0.002384277621875551,1.1863659614056687,0.31137717787300906,,0.0,0.7061139197851124,0.0,0.0054235548637701645,False,False,False
900,1773731987.9875329,1773731987987536781,-0.42,8.409937492055881e-20,0.8749994277780444,-0.41930837977800983,0.0019338937478300703,1.1888510959624963,0.3138583882991223,,0.0,0.7080034871861308,0.0,0.0025410794970976295,False,False,False
901,1773731988.0374892,1773731988037492208,-0.42,8.409937492055881e-20,0.8749994277780444,-0.41930837977800983,0.0019338937478300703,1.1888510959624963,0.3138583882991223,,0.0,0.7080034871861308,0.0,0.0,False,False,False
902,1773731988.0874581,1773731988087462605,-0.42,8.409937492055881e-20,0.8749994277780444,-0.41930837977800983,0.0019338937478300703,1.1888510959624963,0.3138583882991223,,0.0,0.7080034871861308,0.0,0.0,False,False,False
903,1773731988.1375303,1773731988137534401,-0.42,8.409937492055881e-20,0.8749994277780444,-0.41930837977800983,0.0019338937478300703,1.1888510959624963,0.3138583882991223,,0.0,0.7080034871861308,0.0,0.0,False,False,False
904,1773731988.1874454,1773731988187448968,-0.42,8.409937492055881e-20,0.8749994277780444,-0.41930837977800983,0.0019338937478300703,1.1888510959624963,0.3138583882991223,,0.0,0.7080034871861308,0.0,0.0,False,False,False
905,1773731988.2374394,1773731988237442975,-0.42,8.409937492055881e-20,0.8749994277780444,-0.41930837977800983,0.0019338937478300703,1.1888510959624963,0.3138583882991223,,0.0,0.7080034871861308,0.0,0.0,False,False,False
906,1773731988.289773,1773731988289775610,-0.42,8.409937492055881e-20,0.8749994277780444,-0.4198525889016981,0.0011171462824253633,1.1933986277160697,0.31840119388441823,,0.0,0.7114847424749657,0.0,0.0046522344139466555,False,False,False
907,1773731988.3375456,1773731988337549607,-0.42,8.409937492055881e-20,0.8749994277780444,-0.4198525889016981,0.0011171462824253633,1.1933986277160697,0.31840119388441823,,0.0,0.7114847424749657,0.0,0.0,False,False,False
908,1773731988.3874624,1773731988387466694,-0.42,8.409937492055881e-20,0.8749994277780444,-0.41998561650620236,0.0009278733384798607,1.1944602738197063,0.31946219386567726,,0.0,0.7123018088315296,0.0,0.001086560187121109,False,False,False
909,1773731988.4374847,1773731988437487780,-0.42,8.409937492055881e-20,0.8749994277780444,-0.41998561650620236,0.0009278733384798607,1.1944602738197063,0.31946219386567726,,0.0,0.7123018088315296,0.0,0.0,False,False,False
910,1773731988.4902127,1773731988490217904,-0.42,8.409937492055881e-20,0.8749994277780444,-0.41998561650620236,0.0009278733384798607,1.1944602738197063,0.31946219386567726,,0.0,0.7123018088315296,0.0,0.0,False,False,False
911,1773731988.5374784,1773731988537481713,-0.42,8.409937492055881e-20,0.8749994277780444,-0.41998561650620236,0.0009278733384798607,1.1944602738197063,0.31946219386567726,,0.0,0.7123018088315296,0.0,0.0,False,False,False
912,1773731988.5874484,1773731988587452170,-0.42,8.409937492055881e-20,0.8749994277780444,-0.4204015646873237,0.00035898528518145,1.1976696138857603,0.3226706356757942,,0.0,0.7147817076579671,0.0,0.0032858043408187446,False,False,False
913,1773731988.6374567,1773731988637460557,-0.42,8.409937492055881e-20,0.8749994277780444,-0.4204015646873237,0.00035898528518145,1.1976696138857603,0.3226706356757942,,0.0,0.7147817076579671,0.0,0.0,False,False,False
914,1773731988.6874752,1773731988687479673,-0.42,8.409937492055881e-20,0.8749994277780444,-0.4204015646873237,0.00035898528518145,1.1976696138857603,0.3226706356757942,,0.0,0.7147817076579671,0.0,0.0,False,False,False
915,1773731988.7374356,1773731988737440280,-0.42,8.409937492055881e-20,0.8749994277780444,-0.420433291588653,0.00031692557009005016,1.1979080104129092,0.32290902886521317,,0.0,0.71496651188704,0.0,0.00024414856145012025,False,False,False
916,1773731988.7876024,1773731988787605456,-0.42,8.409937492055881e-20,0.8749994277780444,-0.420433291588653,0.00031692557009005016,1.1979080104129092,0.32290902886521317,,0.0,0.71496651188704,0.0,0.0,False,False,False
917,1773731988.837551,1773731988837555162,-0.42,8.409937492055881e-20,0.8749994277780444,-0.420433291588653,0.00031692557009005016,1.1979080104129092,0.32290902886521317,,0.0,0.71496651188704,0.0,0.0,False,False,False
918,1773731988.8874876,1773731988887492179,-0.42,8.409937492055881e-20,0.8749994277780444,-0.420433291588653,0.00031692557009005016,1.1979080104129092,0.32290902886521317,,0.0,0.71496651188704,0.0,0.0,False,False,False
919,1773731988.9374309,1773731988937434446,-0.42,8.409937492055881e-20,0.8749994277780444,-0.42062562084081456,6.572359671150622e-05,1.199335119795113,0.32433630206503,,0.0,0.7160745065579983,0.0,0.001461757216996184,False,False,False
920,1773731988.9875512,1773731988987556352,-0.42,8.409937492055881e-20,0.8749994277780444,-0.42062562084081456,6.572359671150622e-05,1.199335119795113,0.32433630206503,,0.0,0.7160745065579983,0.0,0.0,False,False,False
921,1773731989.0374973,1773731989037501349,-0.42,8.409937492055881e-20,0.8749994277780444,-0.42062562084081456,6.572359671150622e-05,1.199335119795113,0.32433630206503,,0.0,0.7160745065579983,0.0,0.0,False,False,False
922,1773731989.0874343,1773731989087437246,-0.42,8.409937492055881e-20,0.8749994277780444,-0.42062562084081456,6.572359671150622e-05,1.199335119795113,0.32433630206503,,0.0,0.7160745065579983,0.0,0.0,False,False,False
923,1773731989.1375277,1773731989137531961,-0.42,8.409937492055881e-20,0.8749994277780444,-0.4206256208408147,6.57235967115201e-05,1.199335119795113,0.32433630206503,,0.0,0.7160745065579984,0.0,1.1188630228279524e-16,False,False,False
924,1773731989.1874988,1773731989187501758,-0.42,8.409937492055881e-20,0.8749994277780444,-0.4206256208408147,6.57235967115201e-05,1.199335119795113,0.32433630206503,,0.0,0.7160745065579984,0.0,0.0,False,False,False
925,1773731989.2374427,1773731989237445605,-0.42,8.409937492055881e-20,0.8749994277780444,-0.42066173218735475,1.9259459797405113e-05,1.1995997105311371,0.32460095782945914,,0.0,0.7162802526718615,0.0,0.00027105571928647297,False,False,False
926,1773731989.287534,1773731989287538091,-0.42,8.409937492055881e-20,0.8749994277780444,-0.4206753376660037,1.8094488055496658e-06,1.199699130488367,0.32470040502655545,,0.0,0.7163575876148747,0.0,0.00010185253962708848,False,False,False
927,1773731989.337571,1773731989337574687,-0.42,8.409937492055881e-20,0.8749994277780444,-0.4206753376660037,1.8094488055496658e-06,1.199699130488367,0.32470040502655545,,0.0,0.7163575876148747,0.0,0.0,False,False,False
928,1773731989.3874671,1773731989387469945,-0.42,8.409937492055881e-20,0.8749994277780444,-0.4206753376660037,1.8094488055496658e-06,1.199699130488367,0.32470040502655545,,0.0,0.7163575876148747,0.0,0.0,False,False,False
929,1773731989.4374928,1773731989437496661,-0.42,8.409937492055881e-20,0.8749994277780444,-0.4206753376660037,1.8094488055496658e-06,1.199699130488367,0.32470040502655545,,0.0,0.7163575876148747,0.0,0.0,False,False,False
930,1773731989.4886823,1773731989488686182,-0.42,8.409937492055881e-20,0.8749994277780444,-0.4206753376660037,1.8094488055496658e-06,1.199699130488367,0.32470040502655545,,0.0,0.7163575876148747,0.0,0.0,False,False,False
931,1773731989.5375216,1773731989537526044,-0.42,8.409937492055881e-20,0.8749994277780444,-0.42068734617051107,-1.3567010130059573e-05,1.1997867595094993,0.3247880593280178,,0.0,0.7164257625468918,0.0,8.97746345829216e-05,False,False,False
932,1773731989.5874774,1773731989587481060,-0.42,8.409937492055881e-20,0.8749994277780444,-0.42068734617051107,-1.3567010130059573e-05,1.1997867595094993,0.3247880593280178,,0.0,0.7164257625468918,0.0,0.0,False,False,False
933,1773731989.6376195,1773731989637624556,-0.42,8.409937492055881e-20,0.8749994277780444,-0.4206896144182969,-1.646876221822869e-05,1.199803298740954,0.324804603464539,,0.0,0.7164386312145251,0.0,1.6944358657335055e-05,False,False,False
934,1773731989.6875234,1773731989687526513,-0.42,8.409937492055881e-20,0.8749994277780444,-0.4206896144182969,-1.646876221822869e-05,1.199803298740954,0.324804603464539,,0.0,0.7164386312145251,0.0,0.0,False,False,False
935,1773731989.7375357,1773731989737540510,-0.42,8.409937492055881e-20,0.8749994277780444,-0.4206896144182969,-1.646876221822869e-05,1.199803298740954,0.324804603464539,,0.0,0.7164386312145251,0.0,0.0,False,False,False
936,1773731989.7874627,1773731989787465657,-0.42,8.409937492055881e-20,0.8749994277780444,-0.4206896144182969,-1.646876221822869e-05,1.199803298740954,0.324804603464539,,0.0,0.7164386312145251,0.0,0.0,False,False,False
937,1773731989.8375475,1773731989837551063,-0.42,8.409937492055881e-20,0.8749994277780444,-0.4206896144182969,-1.646876221822869e-05,1.199803298740954,0.324804603464539,,0.0,0.7164386312145251,0.0,0.0,False,False,False
938,1773731989.8874865,1773731989887489649,-0.42,8.409937492055881e-20,0.8749994277780444,-0.42069321524761316,-2.1073544397673235e-05,1.1998295463747384,0.32483085896973535,,0.0,0.7164590544931669,0.0,2.6890672545840167e-05,False,False,False
939,1773731989.9375522,1773731989937559056,-0.42,8.409937492055881e-20,0.8749994277780444,-0.42069321524761316,-2.1073544397673235e-05,1.1998295463747384,0.32483085896973535,,0.0,0.7164590544931669,0.0,0.0,False,False,False
940,1773731989.9875097,1773731989987512973,-0.42,8.409937492055881e-20,0.8749994277780444,-0.42069321524761316,-2.1073544397673235e-05,1.1998295463747384,0.32483085896973535,,0.0,0.7164590544931669,0.0,0.0,False,False,False
941,1773731990.0374446,1773731990037447609,-0.42,8.409937492055881e-20,0.8749994277780444,-0.4206930338893578,-2.1129771616720646e-05,1.1998283010175566,0.32482961323206067,,0.0,0.7164582413819712,0.0,1.259748715921424e-06,False,False,False
942,1773731990.088698,1773731990088701900,-0.42,8.409937492055881e-20,0.8749994277780444,-0.4206930338893578,-2.1129771616720646e-05,1.1998283010175566,0.32482961323206067,,0.0,0.7164582413819712,0.0,0.0,False,False,False
943,1773731990.137482,1773731990137484432,-0.42,8.409937492055881e-20,0.8749994277780444,-0.4206930338893578,-2.1129771616720646e-05,1.1998283010175566,0.32482961323206067,,0.0,0.7164582413819712,0.0,0.0,False,False,False
944,1773731990.187503,1773731990187505669,-0.42,8.409937492055881e-20,0.8749994277780444,-0.4206930338893578,-2.1129771616720646e-05,1.1998283010175566,0.32482961323206067,,0.0,0.7164582413819712,0.0,0.0,False,False,False
945,1773731990.2375042,1773731990237507515,-0.42,8.409937492055881e-20,0.8749994277780444,-0.4206877214834683,-2.2018607105611495e-05,1.199791611084907,0.32479291215002903,,0.0,0.7164338515607972,0.0,3.708318814090493e-05,False,False,False
946,1773731990.2875345,1773731990287539412,-0.42,8.409937492055881e-20,0.8749994277780444,-0.4206877214834683,-2.2018607105611495e-05,1.199791611084907,0.32479291215002903,,0.0,0.7164338515607972,0.0,0.0,False,False,False
947,1773731990.3375292,1773731990337532109,-0.42,8.409937492055881e-20,0.8749994277780444,-0.4206877214834683,-2.2018607105611495e-05,1.199791611084907,0.32479291215002903,,0.0,0.7164338515607972,0.0,0.0,False,False,False
948,1773731990.3888988,1773731990388901038,-0.42,8.409937492055881e-20,0.8749994277780444,-0.42068598641700605,-2.2388556366725717e-05,1.199779645051447,0.32478094249935663,,0.0,0.7164259430725485,0.0,1.2096829123659416e-05,False,False,False
949,1773731990.4418654,1773731990441867821,-0.42,8.409937492055881e-20,0.8749994277780444,-0.42068598641700605,-2.2388556366725717e-05,1.199779645051447,0.32478094249935663,,0.0,0.7164259430725485,0.0,0.0,False,False,False
950,1773731990.4875126,1773731990487516038,-0.42,8.409937492055881e-20,0.8749994277780444,-0.42068598641700605,-2.2388556366725717e-05,1.199779645051447,0.32478094249935663,,0.0,0.7164259430725485,0.0,0.0,False,False,False
951,1773731990.5374308,1773731990537433285,-0.42,8.409937492055881e-20,0.8749994277780444,-0.4206561195806674,-2.8945031856849998e-05,1.199573407807619,0.32457464448560625,,0.0,0.7162897832705961,0.0,0.00020849176488660188,False,False,False
952,1773731990.5875957,1773731990587598681,-0.42,8.409937492055881e-20,0.8749994277780444,-0.4206561195806674,-2.8945031856849998e-05,1.199573407807619,0.32457464448560625,,0.0,0.7162897832705961,0.0,0.0,False,False,False
953,1773731990.637508,1773731990637510908,-0.42,8.409937492055881e-20,0.8749994277780444,-0.4206561195806674,-2.8945031856849998e-05,1.199573407807619,0.32457464448560625,,0.0,0.7162897832705961,0.0,0.0,False,False,False
954,1773731990.689207,1773731990689209836,-0.42,8.409937492055881e-20,0.8749994277780444,-0.4206561195806674,-2.8945031856849998e-05,1.199573407807619,0.32457464448560625,,0.0,0.7162897832705961,0.0,0.0,False,False,False
955,1773731990.7375112,1773731990737513631,-0.42,8.409937492055881e-20,0.8749994277780444,-0.4206561195806674,-2.8945031856849998e-05,1.199573407807619,0.32457464448560625,,0.0,0.7162897832705961,0.0,0.0,False,False,False
956,1773731990.7875483,1773731990787553117,-0.42,8.409937492055881e-20,0.8749994277780444,-0.4206561195806674,-2.8945031856849998e-05,1.199573407807619,0.32457464448560625,,0.0,0.7162897832705961,0.0,0.0,False,False,False
957,1773731990.839109,1773731990839112196,-0.42,8.409937492055881e-20,0.8749994277780444,-0.4206561195806674,-2.8945031856849998e-05,1.199573407807619,0.32457464448560625,,0.0,0.7162897832705961,0.0,0.0,False,False,False
958,1773731990.8875654,1773731990887568700,-0.42,8.409937492055881e-20,0.8749994277780444,-0.42062424958446487,-3.61225743039066e-05,1.1993527407429478,0.32435391569039623,,0.0,0.7161442777198643,0.0,0.0002230721121165004,False,False,False
959,1773731990.9374793,1773731990937481307,-0.42,8.409937492055881e-20,0.8749994277780444,-0.42059561321544486,-4.259489677830837e-05,1.199153896025848,0.32415501824658527,,0.0,0.7160132428704751,0.0,0.00020100038335122653,False,False,False
960,1773731990.9874675,1773731990987470283,-0.42,8.409937492055881e-20,0.8749994277780444,-0.42059561321544486,-4.259489677830837e-05,1.199153896025848,0.32415501824658527,,0.0,0.7160132428704751,0.0,0.0,False,False,False
961,1773731991.0374868,1773731991037489200,-0.42,8.409937492055881e-20,0.8749994277780444,-0.42059561321544486,-4.259489677830837e-05,1.199153896025848,0.32415501824658527,,0.0,0.7160132428704751,0.0,0.0,False,False,False
962,1773731991.0874996,1773731991087502037,-0.42,8.409937492055881e-20,0.8749994277780444,-0.42059561321544486,-4.259489677830837e-05,1.199153896025848,0.32415501824658527,,0.0,0.7160132428704751,0.0,0.0,False,False,False
963,1773731991.1375794,1773731991137582383,-0.42,8.409937492055881e-20,0.8749994277780444,-0.42059561321544486,-4.259489677830837e-05,1.199153896025848,0.32415501824658527,,0.0,0.7160132428704751,0.0,0.0,False,False,False
964,1773731991.1875072,1773731991187509849,-0.42,8.409937492055881e-20,0.8749994277780444,-0.4205343532383622,-5.644513913156665e-05,1.1987266781866983,0.32372769633842635,,0.0,0.7157319353080284,0.0,0.0004318097915671032,False,False,False
965,1773731991.2385721,1773731991238574901,-0.42,8.409937492055881e-20,0.8749994277780444,-0.4205343532383622,-5.644513913156665e-05,1.1987266781866983,0.32372769633842635,,0.0,0.7157319353080284,0.0,0.0,False,False,False
966,1773731991.2875113,1773731991287513873,-0.42,8.409937492055881e-20,0.8749994277780444,-0.4205045483629767,-6.318369311826959e-05,1.1985179048403434,0.32351887667018586,,0.0,0.7155945739572315,0.0,0.00021099774608942439,False,False,False
967,1773731991.33751,1773731991337513489,-0.42,8.409937492055881e-20,0.8749994277780444,-0.4205045483629767,-6.318369311826959e-05,1.1985179048403434,0.32351887667018586,,0.0,0.7155945739572315,0.0,0.0,False,False,False
968,1773731991.3875303,1773731991387534386,-0.42,8.409937492055881e-20,0.8749994277780444,-0.4205045483629767,-6.318369311826959e-05,1.1985179048403434,0.32351887667018586,,0.0,0.7155945739572315,0.0,0.0,False,False,False
969,1773731991.4374454,1773731991437448333,-0.42,8.409937492055881e-20,0.8749994277780444,-0.4205045483629767,-6.318369311826959e-05,1.1985179048403434,0.32351887667018586,,0.0,0.7155945739572315,0.0,0.0,False,False,False
970,1773731991.4874716,1773731991487475369,-0.42,8.409937492055881e-20,0.8749994277780444,-0.4205045483629767,-6.318369311826959e-05,1.1985179048403434,0.32351887667018586,,0.0,0.7155945739572315,0.0,0.0,False,False,False
971,1773731991.5388024,1773731991538805029,-0.42,8.409937492055881e-20,0.8749994277780444,-0.42040573031930123,-8.550603344827505e-05,1.1978213314872153,0.3228221699988818,,0.0,0.7151367711435307,0.0,0.000703901789258842,False,False,False
972,1773731991.5874906,1773731991587493952,-0.42,8.409937492055881e-20,0.8749994277780444,-0.42040573031930123,-8.550603344827505e-05,1.1978213314872153,0.3228221699988818,,0.0,0.7151367711435307,0.0,0.0,False,False,False
973,1773731991.6374598,1773731991637462699,-0.42,8.409937492055881e-20,0.8749994277780444,-0.42038324408762573,-9.058135077751454e-05,1.197661870028249,0.3226626825647467,,0.0,0.7150320788623132,0.0,0.00016111904405307387,False,False,False
974,1773731991.6874866,1773731991687490505,-0.42,8.409937492055881e-20,0.8749994277780444,-0.42038324408762573,-9.058135077751454e-05,1.197661870028249,0.3226626825647467,,0.0,0.7150320788623132,0.0,0.0,False,False,False
975,1773731991.7374296,1773731991737433422,-0.42,8.409937492055881e-20,0.8749994277780444,-0.42038324408762573,-9.058135077751454e-05,1.197661870028249,0.3226626825647467,,0.0,0.7150320788623132,0.0,0.0,False,False,False
976,1773731991.7875826,1773731991787586258,-0.42,8.409937492055881e-20,0.8749994277780444,-0.42038324408762573,-9.058135077751454e-05,1.197661870028249,0.3226626825647467,,0.0,0.7150320788623132,0.0,0.0,False,False,False
977,1773731991.8374913,1773731991837494135,-0.42,8.409937492055881e-20,0.8749994277780444,-0.4202395777821804,-0.000122965230465459,1.1966344816169463,0.3216351665721815,,0.0,0.7143585339244112,0.0,0.0010378900089427674,False,False,False
978,1773731991.88752,1773731991887523221,-0.42,8.409937492055881e-20,0.8749994277780444,-0.4202395777821804,-0.000122965230465459,1.1966344816169463,0.3216351665721815,,0.0,0.7143585339244112,0.0,0.0,False,False,False
979,1773731991.9375055,1773731991937510308,-0.42,8.409937492055881e-20,0.8749994277780444,-0.4202395777821804,-0.000122965230465459,1.1966344816169463,0.3216351665721815,,0.0,0.7143585339244112,0.0,0.0,False,False,False
980,1773731991.987773,1773731991987776103,-0.42,8.409937492055881e-20,0.8749994277780444,-0.4202326475469563,-0.00012452548855149532,1.1965845405806095,0.321585221065454,,0.0,0.7143258360819754,0.0,5.044372781577972e-05,False,False,False
981,1773731992.0375457,1773731992037550681,-0.42,8.409937492055881e-20,0.8749994277780444,-0.4202326475469563,-0.00012452548855149532,1.1965845405806095,0.321585221065454,,0.0,0.7143258360819754,0.0,0.0,False,False,False
982,1773731992.0875468,1773731992087551437,-0.42,8.409937492055881e-20,0.8749994277780444,-0.4202326475469563,-0.00012452548855149532,1.1965845405806095,0.321585221065454,,0.0,0.7143258360819754,0.0,0.0,False,False,False
983,1773731992.1374562,1773731992137459604,-0.42,8.409937492055881e-20,0.8749994277780444,-0.42014298912577025,-0.00014469459120898938,1.1959351971162047,0.3209358338096443,,0.0,0.7139010548803144,0.0,0.0006558142724558748,False,False,False
984,1773731992.1891606,1773731992189166183,-0.42,8.409937492055881e-20,0.8749994277780444,-0.42005272059808235,-0.0001649696856839174,1.195275237531075,0.32027585657900914,,0.0,0.7134700197681553,0.0,0.0006664128904452258,False,False,False
985,1773731992.2379231,1773731992237926475,-0.42,8.409937492055881e-20,0.8749994277780444,-0.42005272059808235,-0.0001649696856839174,1.195275237531075,0.32027585657900914,,0.0,0.7134700197681553,0.0,0.0,False,False,False
986,1773731992.2875946,1773731992287600343,-0.42,8.409937492055881e-20,0.8749994277780444,-0.42005272059808235,-0.0001649696856839174,1.195275237531075,0.32027585657900914,,0.0,0.7134700197681553,0.0,0.0,False,False,False
987,1773731992.3374844,1773731992337488401,-0.42,8.409937492055881e-20,0.8749994277780444,-0.42005272059808235,-0.0001649696856839174,1.195275237531075,0.32027585657900914,,0.0,0.7134700197681553,0.0,0.0,False,False,False
988,1773731992.3875716,1773731992387575696,-0.42,8.409937492055881e-20,0.8749994277780444,-0.42005272059808235,-0.0001649696856839174,1.195275237531075,0.32027585657900914,,0.0,0.7134700197681553,0.0,0.0,False,False,False
989,1773731992.4375043,1773731992437509203,-0.42,8.409937492055881e-20,0.8749994277780444,-0.4199241922461713,-0.00019378219462694714,1.1943244787562761,0.3193251187749012,,0.0,0.7128502824832789,0.0,0.0009598395416805038,False,False,False
990,1773731992.4875028,1773731992487506320,-0.42,8.409937492055881e-20,0.8749994277780444,-0.4199241922461713,-0.00019378219462694714,1.1943244787562761,0.3193251187749012,,0.0,0.7128502824832789,0.0,0.0,False,False,False
991,1773731992.5388923,1773731992538896590,-0.42,8.409937492055881e-20,0.8749994277780444,-0.4198458661950691,-0.00021130734930124568,1.193738493478641,0.31873917301096666,,0.0,0.7124690385683967,0.0,0.0005914565469522663,False,False,False
992,1773731992.5875425,1773731992587545823,-0.42,8.409937492055881e-20,0.8749994277780444,-0.4198458661950691,-0.00021130734930124568,1.193738493478641,0.31873917301096666,,0.0,0.7124690385683967,0.0,0.0,False,False,False
993,1773731992.6374986,1773731992637502480,-0.42,8.409937492055881e-20,0.8749994277780444,-0.4198458661950691,-0.00021130734930124568,1.193738493478641,0.31873917301096666,,0.0,0.7124690385683967,0.0,0.0,False,False,False
994,1773731992.687454,1773731992687457307,-0.42,8.409937492055881e-20,0.8749994277780444,-0.4198458661950691,-0.00021130734930124568,1.193738493478641,0.31873917301096666,,0.0,0.7124690385683967,0.0,0.0,False,False,False
995,1773731992.737453,1773731992737456513,-0.42,8.409937492055881e-20,0.8749994277780444,-0.41967345675981826,-0.00024979031092154237,1.1924303254190152,0.31743116388098946,,0.0,0.7116199281033297,0.0,0.0013200415235604746,False,False,False
996,1773731992.7875793,1773731992787582999,-0.42,8.409937492055881e-20,0.8749994277780444,-0.41967345675981826,-0.00024979031092154237,1.1924303254190152,0.31743116388098946,,0.0,0.7116199281033297,0.0,0.0,False,False,False
997,1773731992.8375854,1773731992837590736,-0.42,8.409937492055881e-20,0.8749994277780444,-0.41961473870645005,-0.00026286633482837797,1.1919788489364116,0.31697976427978464,,0.0,0.7113275201954381,0.0,0.00045546658114142683,False,False,False
998,1773731992.88744,1773731992887442583,-0.42,8.409937492055881e-20,0.8749994277780444,-0.41961473870645005,-0.00026286633482837797,1.1919788489364116,0.31697976427978464,,0.0,0.7113275201954381,0.0,0.0,False,False,False
999,1773731992.9374619,1773731992937465829,-0.42,8.409937492055881e-20,0.8749994277780444,-0.41961473870645005,-0.00026286633482837797,1.1919788489364116,0.31697976427978464,,0.0,0.7113275201954381,0.0,0.0,False,False,False
1000,1773731992.987571,1773731992987574925,-0.42,8.409937492055881e-20,0.8749994277780444,-0.41961473870645005,-0.00026286633482837797,1.1919788489364116,0.31697976427978464,,0.0,0.7113275201954381,0.0,0.0,False,False,False
1001,1773731993.037473,1773731993037476132,-0.42,8.409937492055881e-20,0.8749994277780444,-0.41961473870645005,-0.00026286633482837797,1.1919788489364116,0.31697976427978464,,0.0,0.7113275201954381,0.0,0.0,False,False,False
1002,1773731993.0874166,1773731993087420119,-0.42,8.409937492055881e-20,0.8749994277780444,-0.4193938565466141,-0.00031190975656928267,1.190251998715485,0.3152533079608338,,0.0,0.7102121171416563,0.0,0.0017416101375636094,False,False,False
1003,1773731993.1375334,1773731993137537665,-0.42,8.409937492055881e-20,0.8749994277780444,-0.4193938565466141,-0.00031190975656928267,1.190251998715485,0.3152533079608338,,0.0,0.7102121171416563,0.0,0.0,False,False,False
1004,1773731993.1874342,1773731993187438022,-0.42,8.409937492055881e-20,0.8749994277780444,-0.4193938565466141,-0.00031190975656928267,1.190251998715485,0.3152533079608338,,0.0,0.7102121171416563,0.0,0.0,False,False,False
1005,1773731993.2374442,1773731993237447459,-0.42,8.409937492055881e-20,0.8749994277780444,-0.41936158299031223,-0.0003190556451593176,1.1899957721711343,0.3149971529296623,,0.0,0.7100470252123637,0.0,0.00025834993359779386,False,False,False
1006,1773731993.2874827,1773731993287485965,-0.42,8.409937492055881e-20,0.8749994277780444,-0.41936158299031223,-0.0003190556451593176,1.1899957721711343,0.3149971529296623,,0.0,0.7100470252123637,0.0,0.0,False,False,False
1007,1773731993.3374882,1773731993337491191,-0.42,8.409937492055881e-20,0.8749994277780444,-0.41936158299031223,-0.0003190556451593176,1.1899957721711343,0.3149971529296623,,0.0,0.7100470252123637,0.0,0.0,False,False,False
1008,1773731993.3875458,1773731993387551408,-0.42,8.409937492055881e-20,0.8749994277780444,-0.4190889323381746,-0.00037920805442786816,1.1877886847396504,0.31279081366566147,,0.0,0.7086293432489827,0.0,0.002224677868965769,False,False,False
1009,1773731993.4374576,1773731993437460505,-0.42,8.409937492055881e-20,0.8749994277780444,-0.4190889323381746,-0.00037920805442786816,1.1877886847396504,0.31279081366566147,,0.0,0.7086293432489827,0.0,0.0,False,False,False
1010,1773731993.487681,1773731993487686920,-0.42,8.409937492055881e-20,0.8749994277780444,-0.4190889323381746,-0.00037920805442786816,1.1877886847396504,0.31279081366566147,,0.0,0.7086293432489827,0.0,0.0,False,False,False
1011,1773731993.5374742,1773731993537477508,-0.42,8.409937492055881e-20,0.8749994277780444,-0.4190889323381748,-0.0003792080544278057,1.1877886847396502,0.31279081366566125,,0.0,0.7086293432489827,0.0,2.8449465006019636e-16,False,False,False
1012,1773731993.5874324,1773731993587435615,-0.42,8.409937492055881e-20,0.8749994277780444,-0.4190889323381748,-0.0003792080544278057,1.1877886847396502,0.31279081366566125,,0.0,0.7086293432489827,0.0,0.0,False,False,False
1013,1773731993.6375303,1773731993637534861,-0.42,8.409937492055881e-20,0.8749994277780444,-0.4190889323381748,-0.0003792080544278057,1.1877886847396502,0.31279081366566125,,0.0,0.7086293432489827,0.0,0.0,False,False,False
1014,1773731993.6875496,1773731993687554697,-0.42,8.409937492055881e-20,0.8749994277780444,-0.4189282094290534,-0.00041447371991764216,1.1864498923335831,0.3114525845058174,,0.0,0.7077732344219159,0.0,0.0013488664230462835,False,False,False
1015,1773731993.7377484,1773731993737752553,-0.42,8.409937492055881e-20,0.8749994277780444,-0.4187978423873611,-0.00044296515588903163,1.1853418041918375,0.3103450209028903,,0.0,0.7070668509703598,0.0,0.0011160943765472758,False,False,False
1016,1773731993.7894027,1773731993789406612,-0.42,8.409937492055881e-20,0.8749994277780444,-0.4187978423873611,-0.00044296515588903163,1.1853418041918375,0.3103450209028903,,0.0,0.7070668509703598,0.0,0.0,False,False,False
1017,1773731993.8375037,1773731993837507207,-0.42,8.409937492055881e-20,0.8749994277780444,-0.4187978423873611,-0.00044296515588903163,1.1853418041918375,0.3103450209028903,,0.0,0.7070668509703598,0.0,0.0,False,False,False
1018,1773731993.8874924,1773731993887496114,-0.42,8.409937492055881e-20,0.8749994277780444,-0.4187978423873611,-0.00044296515588903163,1.1853418041918375,0.3103450209028903,,0.0,0.7070668509703598,0.0,0.0,False,False,False
1019,1773731993.9375017,1773731993937505370,-0.42,8.409937492055881e-20,0.8749994277780444,-0.4187978423873611,-0.00044296515588903163,1.1853418041918375,0.3103450209028903,,0.0,0.7070668509703598,0.0,0.0,False,False,False
1020,1773731993.9896228,1773731993989626477,-0.42,8.409937492055881e-20,0.8749994277780444,-0.41859319648389837,-0.00048746978595895225,1.183559467388346,0.30856363163411865,,0.0,0.7059348342911081,0.0,0.0017945988657585886,False,False,False
1021,1773731994.0375228,1773731994037525524,-0.42,8.409937492055881e-20,0.8749994277780444,-0.41859319648389837,-0.00048746978595895225,1.183559467388346,0.30856363163411865,,0.0,0.7059348342911081,0.0,0.0,False,False,False
1022,1773731994.087626,1773731994087630509,-0.42,8.409937492055881e-20,0.8749994277780444,-0.41849351399719537,-0.0005090438803934715,1.1826710759902874,0.30767575747755466,,0.0,0.7053725217065281,0.0,0.0008942266579847252,False,False,False
1023,1773731994.1375306,1773731994137533036,-0.42,8.409937492055881e-20,0.8749994277780444,-0.41849351399719537,-0.0005090438803934715,1.1826710759902874,0.30767575747755466,,0.0,0.7053725217065281,0.0,0.0,False,False,False
1024,1773731994.1874654,1773731994187468823,-0.42,8.409937492055881e-20,0.8749994277780444,-0.41849351399719537,-0.0005090438803934715,1.1826710759902874,0.30767575747755466,,0.0,0.7053725217065281,0.0,0.0,False,False,False
1025,1773731994.2374876,1773731994237489480,-0.42,8.409937492055881e-20,0.8749994277780444,-0.41849351399719537,-0.0005090438803934715,1.1826710759902874,0.30767575747755466,,0.0,0.7053725217065281,0.0,0.0,False,False,False
1026,1773731994.287453,1773731994287454996,-0.42,8.409937492055881e-20,0.8749994277780444,-0.4182443170573763,-0.0005626519851610586,1.1803870890209096,0.3053932262497622,,0.0,0.7039327744854754,0.0,0.0022981665344355743,False,False,False
1027,1773731994.3376052,1773731994337608332,-0.42,8.409937492055881e-20,0.8749994277780444,-0.4182443170573763,-0.0005626519851610586,1.1803870890209096,0.3053932262497622,,0.0,0.7039327744854754,0.0,0.0,False,False,False
1028,1773731994.387612,1773731994387615139,-0.42,8.409937492055881e-20,0.8749994277780444,-0.4182443170573763,-0.0005626519851610586,1.1803870890209096,0.3053932262497622,,0.0,0.7039327744854754,0.0,0.0,False,False,False
1029,1773731994.4375498,1773731994437552686,-0.42,8.409937492055881e-20,0.8749994277780444,-0.4181813964304163,-0.0005761091079002191,1.1797951702482994,0.3048017123453238,,0.0,0.7035610418849456,0.0,0.0005954056875927954,False,False,False
1030,1773731994.4874678,1773731994487471153,-0.42,8.409937492055881e-20,0.8749994277780444,-0.4181813964304163,-0.0005761091079002191,1.1797951702482994,0.3048017123453238,,0.0,0.7035610418849456,0.0,0.0,False,False,False
1031,1773731994.5375893,1773731994537592719,-0.42,8.409937492055881e-20,0.8749994277780444,-0.4181813964304163,-0.0005761091079002191,1.1797951702482994,0.3048017123453238,,0.0,0.7035610418849456,0.0,0.0,False,False,False
1032,1773731994.5874786,1773731994587481916,-0.42,8.409937492055881e-20,0.8749994277780444,-0.4181813964304163,-0.0005761091079002191,1.1797951702482994,0.3048017123453238,,0.0,0.7035610418849456,0.0,0.0,False,False,False
1033,1773731994.6378515,1773731994637854221,-0.42,8.409937492055881e-20,0.8749994277780444,-0.4178991506461717,-0.0006360419058437901,1.1770563599926365,0.3020649076212001,,0.0,0.7018485204728,0.0,0.0027539673635534508,False,False,False
1034,1773731994.6885161,1773731994688518104,-0.42,8.409937492055881e-20,0.8749994277780444,-0.4178991506461717,-0.0006360419058437901,1.1770563599926365,0.3020649076212001,,0.0,0.7018485204728,0.0,0.0,False,False,False
1035,1773731994.7375426,1773731994737544615,-0.42,8.409937492055881e-20,0.8749994277780444,-0.4178991506461717,-0.0006360419058437901,1.1770563599926365,0.3020649076212001,,0.0,0.7018485204728,0.0,0.0,False,False,False
1036,1773731994.787579,1773731994787582972,-0.42,8.409937492055881e-20,0.8749994277780444,-0.4178750380065179,-0.0006411269630667684,1.176815604321761,0.30182433787010027,,0.0,0.7016985708423786,0.0,0.00024201357452986868,False,False,False
1037,1773731994.837579,1773731994837582728,-0.42,8.409937492055881e-20,0.8749994277780444,-0.4178750380065179,-0.0006411269630667684,1.176815604321761,0.30182433787010027,,0.0,0.7016985708423786,0.0,0.0,False,False,False
1038,1773731994.887436,1773731994887438135,-0.42,8.409937492055881e-20,0.8749994277780444,-0.4178750380065179,-0.0006411269630667684,1.176815604321761,0.30182433787010027,,0.0,0.7016985708423786,0.0,0.0,False,False,False
1039,1773731994.9374344,1773731994937437752,-0.42,8.409937492055881e-20,0.8749994277780444,-0.4175826790728148,-0.000702287887175944,1.173801312829575,0.29881248829172047,,0.0,0.6998292786822639,0.0,0.003029053912464893,False,False,False
1040,1773731994.9875224,1773731994987525288,-0.42,8.409937492055881e-20,0.8749994277780444,-0.4175826790728148,-0.000702287887175944,1.173801312829575,0.29881248829172047,,0.0,0.6998292786822639,0.0,0.0,False,False,False
1041,1773731995.0375283,1773731995037531085,-0.42,8.409937492055881e-20,0.8749994277780444,-0.4175826790728148,-0.000702287887175944,1.173801312829575,0.29881248829172047,,0.0,0.6998292786822639,0.0,0.0,False,False,False
1042,1773731995.0874498,1773731995087451792,-0.42,8.409937492055881e-20,0.8749994277780444,-0.4175826790728148,-0.000702287887175944,1.173801312829575,0.29881248829172047,,0.0,0.6998292786822639,0.0,0.0,False,False,False
1043,1773731995.1376066,1773731995137610647,-0.42,8.409937492055881e-20,0.8749994277780444,-0.4175826790728148,-0.000702287887175944,1.173801312829575,0.29881248829172047,,0.0,0.6998292786822639,0.0,0.0,False,False,False
1044,1773731995.1875072,1773731995187509135,-0.42,8.409937492055881e-20,0.8749994277780444,-0.4175826790728148,-0.000702287887175944,1.173801312829575,0.29881248829172047,,0.0,0.6998292786822639,0.0,0.0,False,False,False
1045,1773731995.237604,1773731995237606871,-0.42,8.409937492055881e-20,0.8749994277780444,-0.4174152928585716,-0.0007368495029636797,1.1719879306498595,0.2970006641343401,,0.0,0.6987119671775063,0.0,0.0018214191114936335,False,False,False
1046,1773731995.2875319,1773731995287534638,-0.42,8.409937492055881e-20,0.8749994277780444,-0.4173071292423627,-0.0007589829270153283,1.1707777301864533,0.29579153433389704,,0.0,0.6979693437232234,0.0,0.0012152260768928335,False,False,False
1047,1773731995.337535,1773731995337537764,-0.42,8.409937492055881e-20,0.8749994277780444,-0.4173071292423627,-0.0007589829270153283,1.1707777301864533,0.29579153433389704,,0.0,0.6979693437232234,0.0,0.0,False,False,False
1048,1773731995.3875296,1773731995387533981,-0.42,8.409937492055881e-20,0.8749994277780444,-0.4173071292423627,-0.0007589829270153283,1.1707777301864533,0.29579153433389704,,0.0,0.6979693437232234,0.0,0.0,False,False,False
1049,1773731995.4374597,1773731995437463658,-0.42,8.409937492055881e-20,0.8749994277780444,-0.4173071292423627,-0.0007589829270153283,1.1707777301864533,0.29579153433389704,,0.0,0.6979693437232234,0.0,0.0,False,False,False
1050,1773731995.487555,1773731995487558554,-0.42,8.409937492055881e-20,0.8749994277780444,-0.4173071292423627,-0.0007589829270153283,1.1707777301864533,0.29579153433389704,,0.0,0.6979693437232234,0.0,0.0,False,False,False
1051,1773731995.537507,1773731995537511271,-0.42,8.409937492055881e-20,0.8749994277780444,-0.41711943244240113,-0.0007969737920361002,1.1685976476607152,0.29361343217733105,,0.0,0.6966377223496378,0.0,0.0021884773733281803,False,False,False
1052,1773731995.587571,1773731995587576787,-0.42,8.409937492055881e-20,0.8749994277780444,-0.41711943244240113,-0.0007969737920361002,1.1685976476607152,0.29361343217733105,,0.0,0.6966377223496378,0.0,0.0,False,False,False
1053,1773731995.638568,1773731995638571329,-0.42,8.409937492055881e-20,0.8749994277780444,-0.41704887177483674,-0.0008111050122039641,1.167749245821228,0.29276581599199597,,0.0,0.6961216539379815,0.0,0.0008514482840641766,False,False,False
1054,1773731995.6874914,1773731995687494941,-0.42,8.409937492055881e-20,0.8749994277780444,-0.41704887177483674,-0.0008111050122039641,1.167749245821228,0.29276581599199597,,0.0,0.6961216539379815,0.0,0.0,False,False,False
1055,1773731995.737512,1773731995737517137,-0.42,8.409937492055881e-20,0.8749994277780444,-0.41704887177483674,-0.0008111050122039641,1.167749245821228,0.29276581599199597,,0.0,0.6961216539379815,0.0,0.0,False,False,False
1056,1773731995.7874503,1773731995787453444,-0.42,8.409937492055881e-20,0.8749994277780444,-0.41704887177483674,-0.0008111050122039641,1.167749245821228,0.29276581599199597,,0.0,0.6961216539379815,0.0,0.0,False,False,False
1057,1773731995.8375309,1773731995837533770,-0.42,8.409937492055881e-20,0.8749994277780444,-0.4168454008740563,-0.0008513292586411179,1.1652024075478316,0.290221373651934,,0.0,0.6945797020347249,0.0,0.0025552697682050436,False,False,False
1058,1773731995.8875363,1773731995887539897,-0.42,8.409937492055881e-20,0.8749994277780444,-0.4168454008740563,-0.0008513292586411179,1.1652024075478316,0.290221373651934,,0.0,0.6945797020347249,0.0,0.0,False,False,False
1059,1773731995.9375246,1773731995937528433,-0.42,8.409937492055881e-20,0.8749994277780444,-0.4168080851628249,-0.0008586133088873311,1.164717585388961,0.2897370124554437,,0.0,0.6942874070977277,0.0,0.0004863106470400533,False,False,False
1060,1773731995.9875016,1773731995987506570,-0.42,8.409937492055881e-20,0.8749994277780444,-0.4168080851628249,-0.0008586133088873311,1.164717585388961,0.2897370124554437,,0.0,0.6942874070977277,0.0,0.0,False,False,False
1061,1773731996.0385137,1773731996038516452,-0.42,8.409937492055881e-20,0.8749994277780444,-0.4168080851628249,-0.0008586133088873311,1.164717585388961,0.2897370124554437,,0.0,0.6942874070977277,0.0,0.0,False,False,False
1062,1773731996.0886586,1773731996088664898,-0.42,8.409937492055881e-20,0.8749994277780444,-0.4168080851628249,-0.0008586133088873311,1.164717585388961,0.2897370124554437,,0.0,0.6942874070977277,0.0,0.0,False,False,False
1063,1773731996.137512,1773731996137515640,-0.42,8.409937492055881e-20,0.8749994277780444,-0.4165933613346864,-0.0008998776943690047,1.1618038929262506,0.286826107939653,,0.0,0.6925391167870605,0.0,0.002921885151599105,False,False,False
1064,1773731996.1874585,1773731996187461337,-0.42,8.409937492055881e-20,0.8749994277780444,-0.4165933613346864,-0.0008998776943690047,1.1618038929262506,0.286826107939653,,0.0,0.6925391167870605,0.0,0.0,False,False,False
1065,1773731996.2375572,1773731996237560793,-0.42,8.409937492055881e-20,0.8749994277780444,-0.4165933613346864,-0.0008998776943690047,1.1618038929262506,0.286826107939653,,0.0,0.6925391167870605,0.0,0.0,False,False,False
1066,1773731996.2875102,1773731996287513649,-0.42,8.409937492055881e-20,0.8749994277780444,-0.41658477473651356,-0.00090150257655718,1.1616825687794838,0.28670490021090866,,0.0,0.6924666303223176,0.0,0.00012163847458349177,False,False,False
1067,1773731996.3400326,1773731996340036024,-0.42,8.409937492055881e-20,0.8749994277780444,-0.41658477473651356,-0.00090150257655718,1.1616825687794838,0.28670490021090866,,0.0,0.6924666303223176,0.0,0.0,False,False,False
1068,1773731996.3875763,1773731996387582222,-0.42,8.409937492055881e-20,0.8749994277780444,-0.41658477473651356,-0.00090150257655718,1.1616825687794838,0.28670490021090866,,0.0,0.6924666303223176,0.0,0.0,False,False,False
1069,1773731996.4374297,1773731996437433810,-0.42,8.409937492055881e-20,0.8749994277780444,-0.41637898471176604,-0.000939759983051532,1.1586445217813182,0.2836697626689693,,0.0,0.6906596568469987,0.0,0.0030452492059765395,False,False,False
1070,1773731996.488032,1773731996488035953,-0.42,8.409937492055881e-20,0.8749994277780444,-0.41637898471176604,-0.000939759983051532,1.1586445217813182,0.2836697626689693,,0.0,0.6906596568469987,0.0,0.0,False,False,False
1071,1773731996.5376086,1773731996537613362,-0.42,8.409937492055881e-20,0.8749994277780444,-0.41637898471176604,-0.000939759983051532,1.1586445217813182,0.2836697626689693,,0.0,0.6906596568469987,0.0,0.0,False,False,False
1072,1773731996.5875008,1773731996587504999,-0.42,8.409937492055881e-20,0.8749994277780444,-0.41637898471176604,-0.000939759983051532,1.1586445217813182,0.2836697626689693,,0.0,0.6906596568469987,0.0,0.0,False,False,False
1073,1773731996.6375048,1773731996637508556,-0.42,8.409937492055881e-20,0.8749994277780444,-0.41637898471176604,-0.000939759983051532,1.1586445217813182,0.2836697626689693,,0.0,0.6906596568469987,0.0,0.0,False,False,False
1074,1773731996.687486,1773731996687489212,-0.42,8.409937492055881e-20,0.8749994277780444,-0.41637898471176604,-0.000939759983051532,1.1586445217813182,0.2836697626689693,,0.0,0.6906596568469987,0.0,0.0,False,False,False
1075,1773731996.7376,1773731996737603368,-0.42,8.409937492055881e-20,0.8749994277780444,-0.4162563943077418,-0.0009618259300780672,1.1566971354978732,0.28172422371408706,,0.0,0.6895096500158382,0.0,0.0019513658422055202,False,False,False
1076,1773731996.787509,1773731996787513035,-0.42,8.409937492055881e-20,0.8749994277780444,-0.41619062190528,-0.0009733971593767047,1.1556015377693551,0.28062965451832433,,0.0,0.6888655055596148,0.0,0.0010976312153938874,False,False,False
1077,1773731996.8374486,1773731996837451592,-0.42,8.409937492055881e-20,0.8749994277780444,-0.41619062190528,-0.0009733971593767047,1.1556015377693551,0.28062965451832433,,0.0,0.6888655055596148,0.0,0.0,False,False,False
1078,1773731996.8876226,1773731996887629228,-0.42,8.409937492055881e-20,0.8749994277780444,-0.41619062190528,-0.0009733971593767047,1.1556015377693551,0.28062965451832433,,0.0,0.6888655055596148,0.0,0.0,False,False,False
1079,1773731996.937556,1773731996937560305,-0.42,8.409937492055881e-20,0.8749994277780444,-0.41619062190528,-0.0009733971593767047,1.1556015377693551,0.28062965451832433,,0.0,0.6888655055596148,0.0,0.0,False,False,False
1080,1773731996.9874175,1773731996987420632,-0.42,8.409937492055881e-20,0.8749994277780444,-0.41619062190528,-0.0009733971593767047,1.1556015377693551,0.28062965451832433,,0.0,0.6888655055596148,0.0,0.0,False,False,False
1081,1773731997.039639,1773731997039643838,-0.42,8.409937492055881e-20,0.8749994277780444,-0.41619062190528,-0.0009733971593767047,1.1556015377693551,0.28062965451832433,,0.0,0.6888655055596148,0.0,0.0,False,False,False
1082,1773731997.0875149,1773731997087518395,-0.42,8.409937492055881e-20,0.8749994277780444,-0.4160592649500522,-0.0009958424116471,1.1532875840120391,0.278317838082576,,0.0,0.6875118064057268,0.0,0.002317787831108176,False,False,False
1083,1773731997.1374514,1773731997137454092,-0.42,8.409937492055881e-20,0.8749994277780444,-0.41601989865630906,-0.001002370854430936,1.1525565858528588,0.2775875032356525,,0.0,0.6870860746061354,0.0,0.0007320864937787515,False,False,False
1084,1773731997.1874185,1773731997187421389,-0.42,8.409937492055881e-20,0.8749994277780444,-0.41601989865630906,-0.001002370854430936,1.1525565858528588,0.2775875032356525,,0.0,0.6870860746061354,0.0,0.0,False,False,False
1085,1773731997.2375066,1773731997237511155,-0.42,8.409937492055881e-20,0.8749994277780444,-0.41601989865630906,-0.001002370854430936,1.1525565858528588,0.2775875032356525,,0.0,0.6870860746061354,0.0,0.0,False,False,False
1086,1773731997.2875152,1773731997287519621,-0.42,8.409937492055881e-20,0.8749994277780444,-0.41601989865630906,-0.001002370854430936,1.1525565858528588,0.2775875032356525,,0.0,0.6870860746061354,0.0,0.0,False,False,False
1087,1773731997.3374615,1773731997337464708,-0.42,8.409937492055881e-20,0.8749994277780444,-0.415884235345578,-0.0010240101990398993,1.14987494644071,0.2749082371913359,,0.0,0.6855321909525391,0.0,0.0026851559976848525,False,False,False
1088,1773731997.3901784,1773731997390184432,-0.42,8.409937492055881e-20,0.8749994277780444,-0.415884235345578,-0.0010240101990398993,1.14987494644071,0.2749082371913359,,0.0,0.6855321909525391,0.0,0.0,False,False,False
1089,1773731997.4375422,1773731997437545361,-0.42,8.409937492055881e-20,0.8749994277780444,-0.415884235345578,-0.0010240101990398993,1.14987494644071,0.2749082371913359,,0.0,0.6855321909525391,0.0,0.0,False,False,False
1090,1773731997.487575,1773731997487579617,-0.42,8.409937492055881e-20,0.8749994277780444,-0.41586681584473956,-0.001026677531541472,1.149509590149335,0.2745431960969483,,0.0,0.6853214473426568,0.0,0.00036578104559892386,False,False,False
1091,1773731997.5374787,1773731997537484074,-0.42,8.409937492055881e-20,0.8749994277780444,-0.41586681584473956,-0.001026677531541472,1.149509590149335,0.2745431960969483,,0.0,0.6853214473426568,0.0,0.0,False,False,False
1092,1773731997.5874693,1773731997587473971,-0.42,8.409937492055881e-20,0.8749994277780444,-0.41586681584473956,-0.001026677531541472,1.149509590149335,0.2745431960969483,,0.0,0.6853214473426568,0.0,0.0,False,False,False
1093,1773731997.6375139,1773731997637517137,-0.42,8.409937492055881e-20,0.8749994277780444,-0.415731362761799,-0.001046314766817933,1.1464601066736804,0.2714962545320693,,0.0,0.6835715010657621,0.0,0.0030525534601343975,False,False,False
1094,1773731997.6875002,1773731997687505214,-0.42,8.409937492055881e-20,0.8749994277780444,-0.415731362761799,-0.001046314766817933,1.1464601066736804,0.2714962545320693,,0.0,0.6835715010657621,0.0,0.0,False,False,False
1095,1773731997.7374344,1773731997737437851,-0.42,8.409937492055881e-20,0.8749994277780444,-0.415731362761799,-0.001046314766817933,1.1464601066736804,0.2714962545320693,,0.0,0.6835715010657621,0.0,0.0,False,False,False
1096,1773731997.788227,1773731997788230654,-0.42,8.409937492055881e-20,0.8749994277780444,-0.4157313627617991,-0.0010463147668178913,1.1464601066736804,0.2714962545320693,,0.0,0.6835715010657621,0.0,1.1857187100668868e-16,False,False,False
1097,1773731997.8374965,1773731997837499224,-0.42,8.409937492055881e-20,0.8749994277780444,-0.4157313627617991,-0.0010463147668178913,1.1464601066736804,0.2714962545320693,,0.0,0.6835715010657621,0.0,0.0,False,False,False
1098,1773731997.887468,1773731997887470981,-0.42,8.409937492055881e-20,0.8749994277780444,-0.4157313627617991,-0.0010463147668178913,1.1464601066736804,0.2714962545320693,,0.0,0.6835715010657621,0.0,0.0,False,False,False
1099,1773731997.9374292,1773731997937431718,-0.42,8.409937492055881e-20,0.8749994277780444,-0.41566318118555806,-0.0010552736230852434,1.1447503964041617,0.2697878920088471,,0.0,0.6825974774143039,0.0,0.0017110926901083103,False,False,False
