{
  "pick_demo": [
    -0.42,
    8.409937492055881e-20,
    0.8749994277780444
  ],
  "box_red": [
    -0.17,
    0.0,
    2.775
  ],
  "box_blue": [
    -0.13,
    0.0,
    2.775
  ],
  "box_green": [
    -0.21,
    0.0,
    2.775
  ],
  "cyl_gray": [
    -0.17,
    0.04,
    2.775
  ],
  "cyl_orange": [
    -0.17,
    -0.04,
    2.775
  ],
  "cyl_purple": [
    -0.12,
    0.05,
    2.775
  ],
  "box_lightblue": [
    -0.22,
    0.05,
    2.775
  ],
  "cyl_green": [
    -0.12,
    -0.05,
    2.775
  ],
  "box_yellow": [
    -0.22,
    -0.05,
    2.775
  ],
  "cross_cyan": [
    -0.09,
    0.0,
    2.775
  ]
}