{
  "mode": "homography",
  "h": [
    [
      0.8958605664488017,
      4.6801723236331054e-17,
      -0.23483660130718956
    ],
    [
      1.7550646213624143e-16,
      0.9295570079883806,
      -0.001452432824981874
    ],
    [
      -0.34858387799564294,
      3.7441378589064843e-16,
      1.0
    ]
  ],
  "camera": {
    "position": [
      -0.85,
      0.0,
      1.85
    ],
    "rotation": [
      [
        0.5233659512516495,
        0.0,
        0.852108021949363
      ],
      [
        0.0,
        1.0,
        0.0
      ],
      [
        -0.852108021949363,
        0.0,
        0.5233659512516495
      ]
    ],
    "fx": 406.47661968390196,
    "fy": 406.47661968390196,
    "cx": 160.0,
    "cy": 120.0,
    "width": 320,
    "height": 240
  }
}