index,wall_time,sim_time_ns,object_x,object_y,object_z,tcp_x,tcp_y,tcp_z,dist_tcp_object,attached_state,object_disp_from_start,tcp_disp_from_start,object_step,tcp_step,anomaly_detached_object_motion,anomaly_far_attached,anomaly_object_moves_more_than_tcp
0,1773751362.8070402,1773751362807044578,,,,,,,,,,,,,False,False,False
1,1773751362.8573074,1773751362857312477,-0.42,8.409937492055881e-20,0.8749994277780444,,,,,,0.0,,,,False,False,False
2,1773751362.8666062,1773751362866608459,-0.42,8.409937492055881e-20,0.8749994277780444,-0.4199154191721675,-0.0004568551995520725,1.050336435582286,0.17533762339080125,,0.0,0.0,0.0,,False,False,False
3,1773751362.9168382,1773751362916841027,-0.42,8.409937492055881e-20,0.8749994277780444,-0.4199154191721675,-0.0004568551995520725,1.050336435582286,0.17533762339080125,,0.0,0.0,0.0,0.0,False,False,False
4,1773751362.966681,1773751362966685058,-0.42,8.409937492055881e-20,0.8749994277780444,-0.4199154191721675,-0.0004568551995520725,1.050336435582286,0.17533762339080125,,0.0,0.0,0.0,0.0,False,False,False
5,1773751363.0166736,1773751363016678318,-0.42,8.409937492055881e-20,0.8749994277780444,-0.41991590895942593,-0.00045592986468306613,1.0503357480213413,0.17533693318808957,,0.0,1.2525478956425076e-06,0.0,1.2525478956425076e-06,False,False,False
6,1773751363.0666945,1773751363066697657,-0.42,8.409937492055881e-20,0.8749994277780444,-0.41991590895942593,-0.00045592986468306613,1.0503357480213413,0.17533693318808957,,0.0,1.2525478956425076e-06,0.0,0.0,False,False,False
7,1773751363.1194365,1773751363119439003,-0.42,8.409937492055881e-20,0.8749994277780444,-0.4198248678774364,-0.0006531957185153994,1.050377646232243,0.1753795223054152,,0.0,0.00022010782365501869,0.0,0.0002212639956585386,False,False,False
8,1773751363.1667674,1773751363166771957,-0.42,8.409937492055881e-20,0.8749994277780444,-0.4198248678774364,-0.0006531957185153994,1.050377646232243,0.1753795223054152,,0.0,0.00022010782365501869,0.0,0.0,False,False,False
9,1773751363.2166812,1773751363216684697,-0.42,8.409937492055881e-20,0.8749994277780444,-0.41944796878739404,-0.0014694927998740144,1.0505485726614505,0.17555616314115458,,0.0,0.0011353179784391332,0.0,0.0009152101907818747,False,False,False
10,1773751363.2666898,1773751363266692577,-0.42,8.409937492055881e-20,0.8749994277780444,-0.41944796878739404,-0.0014694927998740144,1.0505485726614505,0.17555616314115458,,0.0,0.0011353179784391332,0.0,0.0,False,False,False
11,1773751363.3166392,1773751363316642237,-0.42,8.409937492055881e-20,0.8749994277780444,-0.41944796878739404,-0.0014694927998740144,1.0505485726614505,0.17555616314115458,,0.0,0.0011353179784391332,0.0,0.0,False,False,False
12,1773751363.3669112,1773751363366917466,-0.42,8.409937492055881e-20,0.8749994277780444,-0.418665543223617,-0.003161588901293995,1.0508929443911816,0.1759269894183516,,0.0,0.00303108501010482,0.0,0.0018957771144125948,False,False,False
13,1773751363.416708,1773751363416712497,-0.42,8.409937492055881e-20,0.8749994277780444,-0.418665543223617,-0.003161588901293995,1.0508929443911816,0.1759269894183516,,0.0,0.00303108501010482,0.0,0.0,False,False,False
14,1773751363.466609,1773751363466611888,-0.42,8.409937492055881e-20,0.8749994277780444,-0.418665543223617,-0.003161588901293995,1.0508929443911816,0.1759269894183516,,0.0,0.00303108501010482,0.0,0.0,False,False,False
15,1773751363.5166419,1773751363516645337,-0.42,8.409937492055881e-20,0.8749994277780444,-0.4174189784687727,-0.005850826742471149,1.0514129579767095,0.1765293955206056,,0.0,0.006040368006759418,0.0,0.003009375015443035,False,False,False
16,1773751363.5667708,1773751363566775297,-0.42,8.409937492055881e-20,0.8749994277780444,-0.4174189784687727,-0.005850826742471149,1.0514129579767095,0.1765293955206056,,0.0,0.006040368006759418,0.0,0.0,False,False,False
17,1773751363.6167166,1773751363616719837,-0.42,8.409937492055881e-20,0.8749994277780444,-0.415685138171403,-0.009579061891841625,1.052078599788291,0.17739055673615253,,0.0,0.010205149112235792,0.0,0.004165215303812042,False,False,False
18,1773751363.6666908,1773751363666694087,-0.42,8.409937492055881e-20,0.8749994277780444,-0.415685138171403,-0.009579061891841625,1.052078599788291,0.17739055673615253,,0.0,0.010205149112235792,0.0,0.0,False,False,False
19,1773751363.7166622,1773751363716665257,-0.42,8.409937492055881e-20,0.8749994277780444,-0.415685138171403,-0.009579061891841625,1.052078599788291,0.17739055673615253,,0.0,0.010205149112235792,0.0,0.0,False,False,False
20,1773751363.7666776,1773751363766680416,-0.42,8.409937492055881e-20,0.8749994277780444,-0.4134392044124028,-0.014390391104112808,1.052842879528593,0.1785452904039231,,0.0,0.015568141882519456,0.0,0.005364441327865067,False,False,False
21,1773751363.8167021,1773751363816704996,-0.42,8.409937492055881e-20,0.8749994277780444,-0.4134392044124028,-0.014390391104112808,1.052842879528593,0.1785452904039231,,0.0,0.015568141882519456,0.0,0.0,False,False,False
22,1773751363.869013,1773751363869015694,-0.42,8.409937492055881e-20,0.8749994277780444,-0.41068820272808393,-0.020262430924981305,1.0536312077183236,0.18001830040319583,,0.0,0.022096558024952407,0.0,0.006532252541024011,False,False,False
23,1773751363.9166582,1773751363916661736,-0.42,8.409937492055881e-20,0.8749994277780444,-0.41068820272808393,-0.020262430924981305,1.0536312077183236,0.18001830040319583,,0.0,0.022096558024952407,0.0,0.0,False,False,False
24,1773751363.9673069,1773751363967312003,-0.42,8.409937492055881e-20,0.8749994277780444,-0.41068820272808393,-0.020262430924981305,1.0536312077183236,0.18001830040319583,,0.0,0.022096558024952407,0.0,0.0,False,False,False
25,1773751364.0166676,1773751364016670606,-0.42,8.409937492055881e-20,0.8749994277780444,-0.4079069784287549,-0.026181390462622595,1.0542655564730032,0.18157106397924877,,0.0,0.02865994338031536,0.0,0.006570516642850593,False,False,False
26,1773751364.0669692,1773751364066973185,-0.42,8.409937492055881e-20,0.8749994277780444,-0.4079069784287549,-0.026181390462622595,1.0542655564730032,0.18157106397924877,,0.0,0.02865994338031536,0.0,0.0,False,False,False
27,1773751364.1166408,1773751364116643776,-0.42,8.409937492055881e-20,0.8749994277780444,-0.4041611270601332,-0.03413833650972273,1.054865098560059,0.1837605927328282,,0.0,0.037458626397199,0.0,0.008814978365623973,False,False,False
28,1773751364.166613,1773751364166616686,-0.42,8.409937492055881e-20,0.8749994277780444,-0.4041611270601332,-0.03413833650972273,1.054865098560059,0.1837605927328282,,0.0,0.037458626397199,0.0,0.0,False,False,False
29,1773751364.2167058,1773751364216710426,-0.42,8.409937492055881e-20,0.8749994277780444,-0.4041611270601332,-0.03413833650972273,1.054865098560059,0.1837605927328282,,0.0,0.037458626397199,0.0,0.0,False,False,False
30,1773751364.2691426,1773751364269145293,-0.42,8.409937492055881e-20,0.8749994277780444,-0.3999480753503684,-0.04309037756719203,1.05519227498374,0.18635536618281964,,0.0,0.04732748910583264,0.0,0.009899287257978758,False,False,False
31,1773751364.316757,1773751364316761086,-0.42,8.409937492055881e-20,0.8749994277780444,-0.3999480753503684,-0.04309037756719203,1.05519227498374,0.18635536618281964,,0.0,0.04732748910583264,0.0,0.0,False,False,False
32,1773751364.3668501,1773751364366855655,-0.42,8.409937492055881e-20,0.8749994277780444,-0.3999480753503684,-0.04309037756719203,1.05519227498374,0.18635536618281964,,0.0,0.04732748910583264,0.0,0.0,False,False,False
33,1773751364.4166486,1773751364416651636,-0.42,8.409937492055881e-20,0.8749994277780444,-0.3952332352225379,-0.05314136848527443,1.0551210803266202,0.18942335494563423,,0.0,0.058376030783244375,0.0,0.011102126127259512,False,False,False
34,1773751364.4665802,1773751364466584936,-0.42,8.409937492055881e-20,0.8749994277780444,-0.39005198149873627,-0.06427086961726576,1.0544995672262962,0.192997224216965,,0.0,0.07057892752702072,0.0,0.012292170846977306,False,False,False
35,1773751364.5167835,1773751364516789125,-0.42,8.409937492055881e-20,0.8749994277780444,-0.39005198149873627,-0.06427086961726576,1.0544995672262962,0.192997224216965,,0.0,0.07057892752702072,0.0,0.0,False,False,False
36,1773751364.5666273,1773751364566631566,-0.42,8.409937492055881e-20,0.8749994277780444,-0.39005198149873627,-0.06427086961726576,1.0544995672262962,0.192997224216965,,0.0,0.07057892752702072,0.0,0.0,False,False,False
37,1773751364.6197069,1773751364619710650,-0.42,8.409937492055881e-20,0.8749994277780444,-0.39005198149873627,-0.06427086961726576,1.0544995672262962,0.192997224216965,,0.0,0.07057892752702072,0.0,0.0,False,False,False
38,1773751364.6695557,1773751364669561570,-0.42,8.409937492055881e-20,0.8749994277780444,-0.38448181466290254,-0.07639939155910451,1.0531687381356964,0.19708554405019946,,0.0,0.08385005125219067,0.0,0.013412639902013045,False,False,False
39,1773751364.716665,1773751364716668675,-0.42,8.409937492055881e-20,0.8749994277780444,-0.38448181466290254,-0.07639939155910451,1.0531687381356964,0.19708554405019946,,0.0,0.08385005125219067,0.0,0.0,False,False,False
40,1773751364.766641,1773751364766644005,-0.42,8.409937492055881e-20,0.8749994277780444,-0.37862731075685296,-0.08941771264942652,1.0509748440390512,0.2016793838717781,,0.0,0.09807726352263975,0.0,0.01444178213739453,False,False,False
41,1773751364.8191626,1773751364819166852,-0.42,8.409937492055881e-20,0.8749994277780444,-0.37862731075685296,-0.08941771264942652,1.0509748440390512,0.2016793838717781,,0.0,0.09807726352263975,0.0,0.0,False,False,False
42,1773751364.8666322,1773751364866637025,-0.42,8.409937492055881e-20,0.8749994277780444,-0.37258009232007105,-0.10328527617989611,1.047754120573342,0.20678655614601268,,0.0,0.11322979148753688,0.0,0.015467748017611822,False,False,False
43,1773751364.9166799,1773751364916683675,-0.42,8.409937492055881e-20,0.8749994277780444,-0.37258009232007105,-0.10328527617989611,1.047754120573342,0.20678655614601268,,0.0,0.11322979148753688,0.0,0.0,False,False,False
44,1773751364.967978,1773751364967982248,-0.42,8.409937492055881e-20,0.8749994277780444,-0.37258009232007105,-0.10328527617989611,1.047754120573342,0.20678655614601268,,0.0,0.11322979148753688,0.0,0.0,False,False,False
45,1773751365.0166993,1773751365016703375,-0.42,8.409937492055881e-20,0.8749994277780444,-0.36643693827611507,-0.11800705663723754,1.043318406379417,0.21242868345595473,,0.0,0.12933387224885134,0.0,0.0165573162635773,False,False,False
46,1773751365.0666273,1773751365066630645,-0.42,8.409937492055881e-20,0.8749994277780444,-0.36643693827611507,-0.11800705663723754,1.043318406379417,0.21242868345595473,,0.0,0.12933387224885134,0.0,0.0,False,False,False
47,1773751365.117958,1773751365117962428,-0.42,8.409937492055881e-20,0.8749994277780444,-0.36643693827611507,-0.11800705663723754,1.043318406379417,0.21242868345595473,,0.0,0.12933387224885134,0.0,0.0,False,False,False
48,1773751365.1666844,1773751365166688325,-0.42,8.409937492055881e-20,0.8749994277780444,-0.3604315881546386,-0.13330847174542587,1.0375697646648583,0.21851466487257043,,0.0,0.14611935552036806,0.0,0.01741391443521461,False,False,False
49,1773751365.2166874,1773751365216691205,-0.42,8.409937492055881e-20,0.8749994277780444,-0.3604315881546386,-0.13330847174542587,1.0375697646648583,0.21851466487257043,,0.0,0.14611935552036806,0.0,0.0,False,False,False
50,1773751365.266784,1773751365266790384,-0.42,8.409937492055881e-20,0.8749994277780444,-0.3546878661968951,-0.1492447224486183,1.0303064819599117,0.22507763789263752,,0.0,0.1636876970018889,0.0,0.018431215479583617,False,False,False
51,1773751365.3189464,1773751365318949753,-0.42,8.409937492055881e-20,0.8749994277780444,-0.3546878661968951,-0.1492447224486183,1.0303064819599117,0.22507763789263752,,0.0,0.1636876970018889,0.0,0.0,False,False,False
52,1773751365.3668165,1773751365366821124,-0.42,8.409937492055881e-20,0.8749994277780444,-0.3542834410569898,-0.15043437160054618,1.0297106441626898,0.22557643217627568,,0.0,0.16500374313574317,0.0,0.0013906284475259467,False,False,False
53,1773751365.416657,1773751365416661305,-0.42,8.409937492055881e-20,0.8749994277780444,-0.3542834410569898,-0.15043437160054618,1.0297106441626898,0.22557643217627568,,0.0,0.16500374313574317,0.0,0.0,False,False,False
54,1773751365.4706495,1773751365470654253,-0.42,8.409937492055881e-20,0.8749994277780444,-0.3455423945000068,-0.18012512847172965,1.012300632727993,0.2384127047882674,,0.0,0.19813822831110187,0.0,0.035511342366226335,False,False,False
55,1773751365.5167296,1773751365516735454,-0.42,8.409937492055881e-20,0.8749994277780444,-0.3455423945000068,-0.18012512847172965,1.012300632727993,0.2384127047882674,,0.0,0.19813822831110187,0.0,0.0,False,False,False
56,1773751365.5666924,1773751365566695504,-0.42,8.409937492055881e-20,0.8749994277780444,-0.3455423945000068,-0.18012512847172965,1.012300632727993,0.2384127047882674,,0.0,0.19813822831110187,0.0,0.0,False,False,False
57,1773751365.6188307,1773751365618834773,-0.42,8.409937492055881e-20,0.8749994277780444,-0.3455423945000068,-0.18012512847172965,1.012300632727993,0.2384127047882674,,0.0,0.19813822831110187,0.0,0.0,False,False,False
58,1773751365.6677935,1773751365667797468,-0.42,8.409937492055881e-20,0.8749994277780444,-0.34171939620637515,-0.198823551690532,0.9986607341512713,0.24688211018837558,,0.0,0.21939540196366616,0.0,0.023458328585084957,False,False,False
59,1773751365.7166684,1773751365716672724,-0.42,8.409937492055881e-20,0.8749994277780444,-0.34171939620637515,-0.198823551690532,0.9986607341512713,0.24688211018837558,,0.0,0.21939540196366616,0.0,0.0,False,False,False
60,1773751365.768674,1773751365768680133,-0.42,8.409937492055881e-20,0.8749994277780444,-0.340297156762726,-0.20955055967035524,0.9898092951695675,0.2518834768870791,,0.0,0.23178175011196028,0.0,0.013979965567950756,False,False,False
61,1773751365.816627,1773751365816630724,-0.42,8.409937492055881e-20,0.8749994277780444,-0.340297156762726,-0.20955055967035524,0.9898092951695675,0.2518834768870791,,0.0,0.23178175011196028,0.0,0.0,False,False,False
62,1773751365.8667514,1773751365866759013,-0.42,8.409937492055881e-20,0.8749994277780444,-0.340297156762726,-0.20955055967035524,0.9898092951695675,0.2518834768870791,,0.0,0.23178175011196028,0.0,0.0,False,False,False
63,1773751365.9175584,1773751365917562619,-0.42,8.409937492055881e-20,0.8749994277780444,-0.33964472841406745,-0.23129210534984337,0.9692980650165054,0.2623837659876138,,0.0,0.25747915257489656,0.0,0.029897007102305185,False,False,False
64,1773751365.9665956,1773751365966598924,-0.42,8.409937492055881e-20,0.8749994277780444,-0.3401471656588667,-0.23798878424356923,0.9621946670153733,0.26574075021287125,,0.0,0.26561883018723925,0.0,0.009775285906464464,False,False,False
65,1773751366.0166605,1773751366016663444,-0.42,8.409937492055881e-20,0.8749994277780444,-0.3401471656588667,-0.23798878424356923,0.9621946670153733,0.26574075021287125,,0.0,0.26561883018723925,0.0,0.0,False,False,False
66,1773751366.066648,1773751366066651444,-0.42,8.409937492055881e-20,0.8749994277780444,-0.3401471656588667,-0.23798878424356923,0.9621946670153733,0.26574075021287125,,0.0,0.26561883018723925,0.0,0.0,False,False,False
67,1773751366.1178005,1773751366117804348,-0.42,8.409937492055881e-20,0.8749994277780444,-0.3401471656588667,-0.23798878424356923,0.9621946670153733,0.26574075021287125,,0.0,0.26561883018723925,0.0,0.0,False,False,False
68,1773751366.1671228,1773751366167125801,-0.42,8.409937492055881e-20,0.8749994277780444,-0.3454779106333412,-0.2605087282461777,0.9350698108207713,0.27753700692864924,,0.0,0.29403114484087894,0.0,0.0356556102660064,False,False,False
69,1773751366.2166915,1773751366216695233,-0.42,8.409937492055881e-20,0.8749994277780444,-0.3466743431320921,-0.2633734973970628,0.9312008378856035,0.2791072367108185,,0.0,0.29779641804841733,0.0,0.004960575025638811,False,False,False
70,1773751366.2667253,1773751366266728913,-0.42,8.409937492055881e-20,0.8749994277780444,-0.3466743431320921,-0.2633734973970628,0.9312008378856035,0.2791072367108185,,0.0,0.29779641804841733,0.0,0.0,False,False,False
71,1773751366.3182242,1773751366318227905,-0.42,8.409937492055881e-20,0.8749994277780444,-0.3466743431320921,-0.2633734973970628,0.9312008378856035,0.2791072367108185,,0.0,0.29779641804841733,0.0,0.0,False,False,False
72,1773751366.366714,1773751366366718793,-0.42,8.409937492055881e-20,0.8749994277780444,-0.3603958552028686,-0.28369428184909906,0.9000137730102163,0.2909653194081174,,0.0,0.32613328752660203,0.0,0.039671742963930764,False,False,False
73,1773751366.416628,1773751366416631123,-0.42,8.409937492055881e-20,0.8749994277780444,-0.3603958552028686,-0.28369428184909906,0.9000137730102163,0.2909653194081174,,0.0,0.32613328752660203,0.0,0.0,False,False,False
74,1773751366.4666154,1773751366466618563,-0.42,8.409937492055881e-20,0.8749994277780444,-0.36074317636212555,-0.2840455534059464,0.8994023208954199,0.2911850764545439,,0.0,0.3266573296986859,0.0,0.0007860644903610265,False,False,False
75,1773751366.5166388,1773751366516641643,-0.42,8.409937492055881e-20,0.8749994277780444,-0.36074317636212555,-0.2840455534059464,0.8994023208954199,0.2911850764545439,,0.0,0.3266573296986859,0.0,0.0,False,False,False
76,1773751366.5666757,1773751366566679363,-0.42,8.409937492055881e-20,0.8749994277780444,-0.36074317636212555,-0.2840455534059464,0.8994023208954199,0.2911850764545439,,0.0,0.3266573296986859,0.0,0.0,False,False,False
77,1773751366.6178794,1773751366617882797,-0.42,8.409937492055881e-20,0.8749994277780444,-0.3711563515649702,-0.2926287264909925,0.8833644914104153,0.29679495927282606,,0.0,0.34003158557463387,0.0,0.02095989152173938,False,False,False
78,1773751366.6666486,1773751366666652993,-0.42,8.409937492055881e-20,0.8749994277780444,-0.38136901282334684,-0.2984670977821474,0.8708307577694212,0.3009856133412052,,0.0,0.3500260254518251,0.0,0.0171895173956431,False,False,False
79,1773751366.7167912,1773751366716795812,-0.42,8.409937492055881e-20,0.8749994277780444,-0.38136901282334684,-0.2984670977821474,0.8708307577694212,0.3009856133412052,,0.0,0.3500260254518251,0.0,0.0,False,False,False
80,1773751366.7667167,1773751366766721273,-0.42,8.409937492055881e-20,0.8749994277780444,-0.38136901282334684,-0.2984670977821474,0.8708307577694212,0.3009856133412052,,0.0,0.3500260254518251,0.0,0.0,False,False,False
81,1773751366.816628,1773751366816631073,-0.42,8.409937492055881e-20,0.8749994277780444,-0.39887483295332576,-0.30493425023199294,0.8539529462909076,0.30638884449386533,,0.0,0.3629265286809859,0.0,0.0251622399546814,False,False,False
82,1773751366.866624,1773751366866626773,-0.42,8.409937492055881e-20,0.8749994277780444,-0.40815512471155635,-0.3070858127051018,0.8467762495104542,0.3086074289884737,,0.0,0.36823412587691995,0.0,0.011927196354221022,False,False,False
83,1773751366.9166956,1773751366916699182,-0.42,8.409937492055881e-20,0.8749994277780444,-0.40815512471155635,-0.3070858127051018,0.8467762495104542,0.3086074289884737,,0.0,0.36823412587691995,0.0,0.0,False,False,False
84,1773751366.9697154,1773751366969719057,-0.42,8.409937492055881e-20,0.8749994277780444,-0.40815512471155635,-0.3070858127051018,0.8467762495104542,0.3086074289884737,,0.0,0.36823412587691995,0.0,0.0,False,False,False
85,1773751367.01688,1773751367016884931,-0.42,8.409937492055881e-20,0.8749994277780444,-0.40815512471155635,-0.3070858127051018,0.8467762495104542,0.3086074289884737,,0.0,0.36823412587691995,0.0,0.0,False,False,False
86,1773751367.066752,1773751367066754702,-0.42,8.409937492055881e-20,0.8749994277780444,-0.4334303998102729,-0.3097908110878502,0.8318681650596748,0.3130671303366307,,0.0,0.37894397500460775,0.0,0.029468755140963185,False,False,False
87,1773751367.1165977,1773751367116601502,-0.42,8.409937492055881e-20,0.8749994277780444,-0.44019620938569753,-0.30987514020173546,0.8288531995390573,0.31394261222280867,,0.0,0.38105880044103185,0.0,0.007407651969475068,False,False,False
88,1773751367.1666903,1773751367166693312,-0.42,8.409937492055881e-20,0.8749994277780444,-0.44019620938569753,-0.30987514020173546,0.8288531995390573,0.31394261222280867,,0.0,0.38105880044103185,0.0,0.0,False,False,False
89,1773751367.216635,1773751367216637952,-0.42,8.409937492055881e-20,0.8749994277780444,-0.44019620938569753,-0.30987514020173546,0.8288531995390573,0.31394261222280867,,0.0,0.38105880044103185,0.0,0.0,False,False,False
90,1773751367.2666447,1773751367266647812,-0.42,8.409937492055881e-20,0.8749994277780444,-0.4726856797589555,-0.3072053604058592,0.8192553652103756,0.3166359341977869,,0.0,0.3876568159247676,0.0,0.03398252246514518,False,False,False
91,1773751367.3167996,1773751367316804271,-0.42,8.409937492055881e-20,0.8749994277780444,-0.4726856797589555,-0.3072053604058592,0.8192553652103756,0.3166359341977869,,0.0,0.3876568159247676,0.0,0.0,False,False,False
92,1773751367.367418,1773751367367421678,-0.42,8.409937492055881e-20,0.8749994277780444,-0.47561646841515604,-0.30673247404507326,0.8187645545044584,0.31676547028500734,,0.0,0.387985692638144,0.0,0.0030089929887878036,False,False,False
93,1773751367.416657,1773751367416660632,-0.42,8.409937492055881e-20,0.8749994277780444,-0.47561646841515604,-0.30673247404507326,0.8187645545044584,0.31676547028500734,,0.0,0.387985692638144,0.0,0.0,False,False,False
94,1773751367.466624,1773751367466627512,-0.42,8.409937492055881e-20,0.8749994277780444,-0.5114229841986833,-0.2979640389358253,0.8175691230494073,0.31692107919790824,,0.0,0.3886705296463181,0.0,0.03688388649782995,False,False,False
95,1773751367.5167787,1773751367516782861,-0.42,8.409937492055881e-20,0.8749994277780444,-0.5114229841986833,-0.2979640389358253,0.8175691230494073,0.31692107919790824,,0.0,0.3886705296463181,0.0,0.0,False,False,False
96,1773751367.5666888,1773751367566693432,-0.42,8.409937492055881e-20,0.8749994277780444,-0.5114229841986833,-0.2979640389358253,0.8175691230494073,0.31692107919790824,,0.0,0.3886705296463181,0.0,0.0,False,False,False
97,1773751367.6181884,1773751367618191644,-0.42,8.409937492055881e-20,0.8749994277780444,-0.5114229841986833,-0.2979640389358253,0.8175691230494073,0.31692107919790824,,0.0,0.3886705296463181,0.0,0.0,False,False,False
98,1773751367.6666355,1773751367666638892,-0.42,8.409937492055881e-20,0.8749994277780444,-0.5313983997246732,-0.29048214911190634,0.821121280578896,0.31574093361409916,,0.0,0.3861123066480087,0.0,0.021624378000014797,False,False,False
99,1773751367.7166896,1773751367716692381,-0.42,8.409937492055881e-20,0.8749994277780444,-0.543999908153165,-0.2846164700458913,0.8252166171195867,0.3144214376922047,,0.0,0.38317434645337856,0.0,0.014490548193921253,False,False,False
100,1773751367.7666178,1773751367766620252,-0.42,8.409937492055881e-20,0.8749994277780444,-0.543999908153165,-0.2846164700458913,0.8252166171195867,0.3144214376922047,,0.0,0.38317434645337856,0.0,0.0,False,False,False
101,1773751367.8171184,1773751367817121519,-0.42,8.409937492055881e-20,0.8749994277780444,-0.543999908153165,-0.2846164700458913,0.8252166171195867,0.3144214376922047,,0.0,0.38317434645337856,0.0,0.0,False,False,False
102,1773751367.8667068,1773751367866710611,-0.42,8.409937492055881e-20,0.8749994277780444,-0.543999908153165,-0.2846164700458913,0.8252166171195867,0.3144214376922047,,0.0,0.38317434645337856,0.0,0.0,False,False,False
103,1773751367.916688,1773751367916691251,-0.42,8.409937492055881e-20,0.8749994277780444,-0.5645603925671278,-0.27256792335949925,0.8357578765504133,0.31101588269158015,,0.0,0.3755137277647397,0.0,0.026057995835807576,False,False,False
104,1773751367.9666536,1773751367966656911,-0.42,8.409937492055881e-20,0.8749994277780444,-0.5717692144232704,-0.2673696216823771,0.8409197639272099,0.30932480103189264,,0.0,0.3716952278557917,0.0,0.010277866226542516,False,False,False
105,1773751368.0167484,1773751368016752191,-0.42,8.409937492055881e-20,0.8749994277780444,-0.5717692144232704,-0.2673696216823771,0.8409197639272099,0.30932480103189264,,0.0,0.3716952278557917,0.0,0.0,False,False,False
106,1773751368.0667007,1773751368066703961,-0.42,8.409937492055881e-20,0.8749994277780444,-0.5717692144232704,-0.2673696216823771,0.8409197639272099,0.30932480103189264,,0.0,0.3716952278557917,0.0,0.0,False,False,False
107,1773751368.1166568,1773751368116661371,-0.42,8.409937492055881e-20,0.8749994277780444,-0.590146756954059,-0.25029384985865777,0.8595353158800586,0.30304466491896104,,0.0,0.3574944748425214,0.0,0.031238675185671364,False,False,False
108,1773751368.1666796,1773751368166683051,-0.42,8.409937492055881e-20,0.8749994277780444,-0.590146756954059,-0.25029384985865777,0.8595353158800586,0.30304466491896104,,0.0,0.3574944748425214,0.0,0.0,False,False,False
109,1773751368.2166986,1773751368216702691,-0.42,8.409937492055881e-20,0.8749994277780444,-0.5933091549542351,-0.24646521556745385,0.8639692498017981,0.3015009626880986,,0.0,0.35400314817117623,0.0,0.006657249557411253,False,False,False
110,1773751368.2667334,1773751368266738351,-0.42,8.409937492055881e-20,0.8749994277780444,-0.5933091549542351,-0.24646521556745385,0.8639692498017981,0.3015009626880986,,0.0,0.35400314817117623,0.0,0.0,False,False,False
111,1773751368.3166835,1773751368316686901,-0.42,8.409937492055881e-20,0.8749994277780444,-0.5933091549542351,-0.24646521556745385,0.8639692498017981,0.3015009626880986,,0.0,0.35400314817117623,0.0,0.0,False,False,False
112,1773751368.3666618,1773751368366665051,-0.42,8.409937492055881e-20,0.8749994277780444,-0.6058112898928145,-0.2246876973231664,0.8901201959884584,0.29195724757452324,,0.0,0.33242441056583005,0.0,0.036255146743053204,False,False,False
113,1773751368.4166675,1773751368416671071,-0.42,8.409937492055881e-20,0.8749994277780444,-0.6058112898928145,-0.2246876973231664,0.8901201959884584,0.29195724757452324,,0.0,0.33242441056583005,0.0,0.0,False,False,False
114,1773751368.466623,1773751368466627061,-0.42,8.409937492055881e-20,0.8749994277780444,-0.60625335797535,-0.22349492119808836,0.8915772859976391,0.2914019878820022,,0.0,0.3311680448029765,0.0,0.0019342312087770092,False,False,False
115,1773751368.51682,1773751368516823660,-0.42,8.409937492055881e-20,0.8749994277780444,-0.60625335797535,-0.22349492119808836,0.8915772859976391,0.2914019878820022,,0.0,0.3311680448029765,0.0,0.0,False,False,False
116,1773751368.5666533,1773751368566656251,-0.42,8.409937492055881e-20,0.8749994277780444,-0.6104811544140022,-0.1984933884822546,0.9220678328303238,0.27910236511399117,,0.0,0.30329293169283167,0.0,0.039656327956881315,False,False,False
117,1773751368.61664,1773751368616643131,-0.42,8.409937492055881e-20,0.8749994277780444,-0.6104811544140022,-0.1984933884822546,0.9220678328303238,0.27910236511399117,,0.0,0.30329293169283167,0.0,0.0,False,False,False
118,1773751368.6711888,1773751368671193877,-0.42,8.409937492055881e-20,0.8749994277780444,-0.6104811544140022,-0.1984933884822546,0.9220678328303238,0.27910236511399117,,0.0,0.30329293169283167,0.0,0.0,False,False,False
119,1773751368.7168248,1773751368716831880,-0.42,8.409937492055881e-20,0.8749994277780444,-0.6104811544140022,-0.1984933884822546,0.9220678328303238,0.27910236511399117,,0.0,0.30329293169283167,0.0,0.0,False,False,False
120,1773751368.7666698,1773751368766674311,-0.42,8.409937492055881e-20,0.8749994277780444,-0.608470074804599,-0.1818433950624474,0.9418425528168857,0.27028872116617564,,0.0,0.28323992939133946,0.0,0.025928869482141136,False,False,False
121,1773751368.8166525,1773751368816655891,-0.42,8.409937492055881e-20,0.8749994277780444,-0.6056870774248195,-0.17269353889570105,0.9524897926503161,0.26515562552382277,,0.0,0.27157052445662033,0.0,0.014311836302815687,False,False,False
122,1773751368.8666334,1773751368866636561,-0.42,8.409937492055881e-20,0.8749994277780444,-0.6056870774248195,-0.17269353889570105,0.9524897926503161,0.26515562552382277,,0.0,0.27157052445662033,0.0,0.0,False,False,False
123,1773751368.9167805,1773751368916786820,-0.42,8.409937492055881e-20,0.8749994277780444,-0.6056870774248195,-0.17269353889570105,0.9524897926503161,0.26515562552382277,,0.0,0.27157052445662033,0.0,0.0,False,False,False
124,1773751368.96659,1773751368966592531,-0.42,8.409937492055881e-20,0.8749994277780444,-0.6056870774248195,-0.17269353889570105,0.9524897926503161,0.26515562552382277,,0.0,0.27157052445662033,0.0,0.0,False,False,False
125,1773751369.018891,1773751369018894139,-0.42,8.409937492055881e-20,0.8749994277780444,-0.5962110588103171,-0.1536218719500873,0.9738266145895481,0.2538047076820639,,0.0,0.24575074286755844,0.0,0.030146034222320282,False,False,False
126,1773751369.0666602,1773751369066663090,-0.42,8.409937492055881e-20,0.8749994277780444,-0.5922637820871333,-0.14757123241316494,0.9802431258387361,0.25005662406021906,,0.0,0.23719121032033028,0.0,0.009662445288130367,False,False,False
127,1773751369.1172793,1773751369117285857,-0.42,8.409937492055881e-20,0.8749994277780444,-0.5922637820871333,-0.14757123241316494,0.9802431258387361,0.25005662406021906,,0.0,0.23719121032033028,0.0,0.0,False,False,False
128,1773751369.166647,1773751369166651010,-0.42,8.409937492055881e-20,0.8749994277780444,-0.5922637820871333,-0.14757123241316494,0.9802431258387361,0.25005662406021906,,0.0,0.23719121032033028,0.0,0.0,False,False,False
129,1773751369.216619,1773751369216621481,-0.42,8.409937492055881e-20,0.8749994277780444,-0.5778686619303492,-0.1290471257203153,0.9984202910155573,0.2383450955204378,,0.0,0.21019032003663163,0.0,0.02967779215106421,False,False,False
130,1773751369.2666776,1773751369266681650,-0.42,8.409937492055881e-20,0.8749994277780444,-0.5778686619303492,-0.1290471257203153,0.9984202910155573,0.2383450955204378,,0.0,0.21019032003663163,0.0,0.0,False,False,False
131,1773751369.316585,1773751369316587971,-0.42,8.409937492055881e-20,0.8749994277780444,-0.5738502538380132,-0.12448405282340454,1.0025150041957989,0.2354281254279392,,0.0,0.20338527078891408,0.0,0.007330478421461795,False,False,False
132,1773751369.366711,1773751369366715170,-0.42,8.409937492055881e-20,0.8749994277780444,-0.5738502538380132,-0.12448405282340454,1.0025150041957989,0.2354281254279392,,0.0,0.20338527078891408,0.0,0.0,False,False,False
133,1773751369.4172184,1773751369417221857,-0.42,8.409937492055881e-20,0.8749994277780444,-0.5738502538380132,-0.12448405282340454,1.0025150041957989,0.2354281254279392,,0.0,0.20338527078891408,0.0,0.0,False,False,False
134,1773751369.4666913,1773751369466695470,-0.42,8.409937492055881e-20,0.8749994277780444,-0.5540948342453298,-0.10446361393078801,1.0185451100393041,0.22248468284943515,,0.0,0.1727200326277567,0.0,0.03237373735128454,False,False,False
135,1773751369.5169067,1773751369516915089,-0.42,8.409937492055881e-20,0.8749994277780444,-0.5540948342453298,-0.10446361393078801,1.0185451100393041,0.22248468284943515,,0.0,0.1727200326277567,0.0,0.0,False,False,False
136,1773751369.5666394,1773751369566642700,-0.42,8.409937492055881e-20,0.8749994277780444,-0.5523205724697032,-0.10280738489456889,1.019719811597646,0.2214093082516244,,0.0,0.17012975404911182,0.0,0.002696483491519216,False,False,False
137,1773751369.616784,1773751369616788239,-0.42,8.409937492055881e-20,0.8749994277780444,-0.5523205724697032,-0.10280738489456889,1.019719811597646,0.2214093082516244,,0.0,0.17012975404911182,0.0,0.0,False,False,False
138,1773751369.6667051,1773751369666708960,-0.42,8.409937492055881e-20,0.8749994277780444,-0.5523205724697032,-0.10280738489456889,1.019719811597646,0.2214093082516244,,0.0,0.17012975404911182,0.0,0.0,False,False,False
139,1773751369.7166524,1773751369716657380,-0.42,8.409937492055881e-20,0.8749994277780444,-0.5296792453790546,-0.08303872063145659,1.0318070329903657,0.2085991156343938,,0.0,0.13860447612614235,0.0,0.0323964612291221,False,False,False
140,1773751369.7666695,1773751369766674310,-0.42,8.409937492055881e-20,0.8749994277780444,-0.5296792453790546,-0.08303872063145659,1.0318070329903657,0.2085991156343938,,0.0,0.13860447612614235,0.0,0.0,False,False,False
141,1773751369.8174546,1773751369817459686,-0.42,8.409937492055881e-20,0.8749994277780444,-0.5296792453790546,-0.08303872063145659,1.0318070329903657,0.2085991156343938,,0.0,0.13860447612614235,0.0,0.0,False,False,False
142,1773751369.8681955,1773751369868199362,-0.42,8.409937492055881e-20,0.8749994277780444,-0.5296792453790546,-0.08303872063145659,1.0318070329903657,0.2085991156343938,,0.0,0.13860447612614235,0.0,0.0,False,False,False
143,1773751369.916737,1773751369916740199,-0.42,8.409937492055881e-20,0.8749994277780444,-0.5075534102107881,-0.06537904711170905,1.0393797828658666,0.19738520861394893,,0.0,0.10961458258239416,0.0,0.029304661598357866,False,False,False
144,1773751369.9666982,1773751369966701619,-0.42,8.409937492055881e-20,0.8749994277780444,-0.5075534102107881,-0.06537904711170905,1.0393797828658666,0.19738520861394893,,0.0,0.10961458258239416,0.0,0.0,False,False,False
145,1773751370.0166256,1773751370016629150,-0.42,8.409937492055881e-20,0.8749994277780444,-0.5075534102107881,-0.06537904711170905,1.0393797828658666,0.19738520861394893,,0.0,0.10961458258239416,0.0,0.0,False,False,False
146,1773751370.0690901,1773751370069094637,-0.42,8.409937492055881e-20,0.8749994277780444,-0.5075534102107881,-0.06537904711170905,1.0393797828658666,0.19738520861394893,,0.0,0.10961458258239416,0.0,0.0,False,False,False
147,1773751370.1167173,1773751370116720460,-0.42,8.409937492055881e-20,0.8749994277780444,-0.49240087180904907,-0.05385889369215418,1.0425723799928241,0.1903243573020279,,0.0,0.09036702450747844,0.0,0.019300415312664045,False,False,False
148,1773751370.1666403,1773751370166644500,-0.42,8.409937492055881e-20,0.8749994277780444,-0.4869154694137235,-0.04976645730558173,1.0433638096586566,0.1878854582069828,,0.0,0.08348090263345777,0.0,0.0068894147743292,False,False,False
149,1773751370.2180274,1773751370218032223,-0.42,8.409937492055881e-20,0.8749994277780444,-0.4869154694137235,-0.04976645730558173,1.0433638096586566,0.1878854582069828,,0.0,0.08348090263345777,0.0,0.0,False,False,False
150,1773751370.2666373,1773751370266641180,-0.42,8.409937492055881e-20,0.8749994277780444,-0.4869154694137235,-0.04976645730558173,1.0433638096586566,0.1878854582069828,,0.0,0.08348090263345777,0.0,0.0,False,False,False
151,1773751370.3166425,1773751370316646890,-0.42,8.409937492055881e-20,0.8749994277780444,-0.4711783525469675,-0.03818334079360123,1.044612891522897,0.1812344293094124,,0.0,0.06390567275341796,0.0,0.019580235976913694,False,False,False
152,1773751370.366754,1773751370366758439,-0.42,8.409937492055881e-20,0.8749994277780444,-0.4711783525469675,-0.03818334079360123,1.044612891522897,0.1812344293094124,,0.0,0.06390567275341796,0.0,0.0,False,False,False
153,1773751370.4166732,1773751370416677010,-0.42,8.409937492055881e-20,0.8749994277780444,-0.46846204947553194,-0.03620124796626824,1.0446787240547797,0.18013929104626858,,0.0,0.06055119014355778,0.0,0.0033632318198883074,False,False,False
154,1773751370.4666812,1773751370466685240,-0.42,8.409937492055881e-20,0.8749994277780444,-0.46846204947553194,-0.03620124796626824,1.0446787240547797,0.18013929104626858,,0.0,0.06055119014355778,0.0,0.0,False,False,False
155,1773751370.5166256,1773751370516628980,-0.42,8.409937492055881e-20,0.8749994277780444,-0.4533738200262182,-0.025239101440357466,1.0442572236688812,0.17435316336242146,,0.0,0.04207827389447354,0.0,0.01865478455908803,False,False,False
156,1773751370.5666444,1773751370566648290,-0.42,8.409937492055881e-20,0.8749994277780444,-0.4533738200262182,-0.025239101440357466,1.0442572236688812,0.17435316336242146,,0.0,0.04207827389447354,0.0,0.0,False,False,False
157,1773751370.6166062,1773751370616608860,-0.42,8.409937492055881e-20,0.8749994277780444,-0.4533738200262182,-0.025239101440357466,1.0442572236688812,0.17435316336242146,,0.0,0.04207827389447354,0.0,0.0,False,False,False
158,1773751370.6668048,1773751370666808169,-0.42,8.409937492055881e-20,0.8749994277780444,-0.45283927235894084,-0.024851493571181434,1.0442179328754446,0.1741577360015398,,0.0,0.04143084075082716,0.0,0.0006614566012125851,False,False,False
159,1773751370.7196004,1773751370719603344,-0.42,8.409937492055881e-20,0.8749994277780444,-0.45283927235894084,-0.024851493571181434,1.0442179328754446,0.1741577360015398,,0.0,0.04143084075082716,0.0,0.0,False,False,False
160,1773751370.766582,1773751370766584610,-0.42,8.409937492055881e-20,0.8749994277780444,-0.44005667823480477,-0.015575804555276872,1.042781317235995,0.16969277668610006,,0.0,0.02629320747789628,0.0,0.015858656429776193,False,False,False
161,1773751370.8166761,1773751370816679269,-0.42,8.409937492055881e-20,0.8749994277780444,-0.44005667823480477,-0.015575804555276872,1.042781317235995,0.16969277668610006,,0.0,0.02629320747789628,0.0,0.0,False,False,False
162,1773751370.8665814,1773751370866584780,-0.42,8.409937492055881e-20,0.8749994277780444,-0.44005667823480477,-0.015575804555276872,1.042781317235995,0.16969277668610006,,0.0,0.02629320747789628,0.0,0.0,False,False,False
163,1773751370.916664,1773751370916666829,-0.42,8.409937492055881e-20,0.8749994277780444,-0.44005667823480477,-0.015575804555276872,1.042781317235995,0.16969277668610006,,0.0,0.02629320747789628,0.0,0.0,False,False,False
164,1773751370.9667137,1773751370966717029,-0.42,8.409937492055881e-20,0.8749994277780444,-0.44005667823480477,-0.015575804555276872,1.042781317235995,0.16969277668610006,,0.0,0.02629320747789628,0.0,0.0,False,False,False
165,1773751371.016782,1773751371016786089,-0.42,8.409937492055881e-20,0.8749994277780444,-0.43381329892597764,-0.011029750366591113,1.0417303305761378,0.16766531116553302,,0.0,0.019467979279869048,0.0,0.00779429065659959,False,False,False
166,1773751371.0668151,1773751371066819698,-0.42,8.409937492055881e-20,0.8749994277780444,-0.4308517482586151,-0.0088669453460004,1.0411506233006367,0.16674112550185094,,0.0,0.01657443988290903,0.0,0.003712757524767386,False,False,False
167,1773751371.1167347,1773751371116738049,-0.42,8.409937492055881e-20,0.8749994277780444,-0.4308517482586151,-0.0088669453460004,1.0411506233006367,0.16674112550185094,,0.0,0.01657443988290903,0.0,0.0,False,False,False
168,1773751371.1666915,1773751371166694959,-0.42,8.409937492055881e-20,0.8749994277780444,-0.4308517482586151,-0.0088669453460004,1.0411506233006367,0.16674112550185094,,0.0,0.01657443988290903,0.0,0.0,False,False,False
169,1773751371.2175353,1773751371217537554,-0.42,8.409937492055881e-20,0.8749994277780444,-0.42566738446122565,-0.00506801016104429,1.04000856691093,0.16518420012519294,,0.0,0.01268907900748511,0.0,0.0065279268776886395,False,False,False
170,1773751371.2666795,1773751371266684319,-0.42,8.409937492055881e-20,0.8749994277780444,-0.42566738446122565,-0.00506801016104429,1.04000856691093,0.16518420012519294,,0.0,0.01268907900748511,0.0,0.0,False,False,False
171,1773751371.3166769,1773751371316679899,-0.42,8.409937492055881e-20,0.8749994277780444,-0.4245505585315209,-0.004247176899466385,1.0397411473858225,0.16485927415190182,,0.0,0.012170093978091824,0.0,0.001411587972101719,False,False,False
172,1773751371.3666937,1773751371366699139,-0.42,8.409937492055881e-20,0.8749994277780444,-0.4245505585315209,-0.004247176899466385,1.0397411473858225,0.16485927415190182,,0.0,0.012170093978091824,0.0,0.0,False,False,False
173,1773751371.416676,1773751371416681179,-0.42,8.409937492055881e-20,0.8749994277780444,-0.4245505585315209,-0.004247176899466385,1.0397411473858225,0.16485927415190182,,0.0,0.012170093978091824,0.0,0.0,False,False,False
174,1773751371.4666638,1773751371466666229,-0.42,8.409937492055881e-20,0.8749994277780444,-0.421427077921915,-0.0019462536374274361,1.0389525592154294,0.16397089303513857,,0.0,0.0115799853634756,0.0,0.003958819303638365,False,False,False
175,1773751371.5167148,1773751371516718529,-0.42,8.409937492055881e-20,0.8749994277780444,-0.421427077921915,-0.0019462536374274361,1.0389525592154294,0.16397089303513857,,0.0,0.0115799853634756,0.0,0.0,False,False,False
176,1773751371.5665894,1773751371566592079,-0.42,8.409937492055881e-20,0.8749994277780444,-0.42125099278823225,-0.001816295924217799,1.0389063087937727,0.1639217177745055,,0.0,0.011587908973119228,0.0,0.00022368299673910494,False,False,False
177,1773751371.616629,1773751371616632509,-0.42,8.409937492055881e-20,0.8749994277780444,-0.42125099278823225,-0.001816295924217799,1.0389063087937727,0.1639217177745055,,0.0,0.011587908973119228,0.0,0.0,False,False,False
178,1773751371.6667287,1773751371666732379,-0.42,8.409937492055881e-20,0.8749994277780444,-0.42125099278823225,-0.001816295924217799,1.0389063087937727,0.1639217177745055,,0.0,0.011587908973119228,0.0,0.0,False,False,False
179,1773751371.7166996,1773751371716703559,-0.42,8.409937492055881e-20,0.8749994277780444,-0.4202128681265111,-0.0010495615135146558,1.0386297223831247,0.1636337990903936,,0.0,0.011725481251636033,0.0,0.0013198804917056264,False,False,False
180,1773751371.7667353,1773751371766737889,-0.42,8.409937492055881e-20,0.8749994277780444,-0.4202128681265111,-0.0010495615135146558,1.0386297223831247,0.1636337990903936,,0.0,0.011725481251636033,0.0,0.0,False,False,False
181,1773751371.8167224,1773751371816725749,-0.42,8.409937492055881e-20,0.8749994277780444,-0.4202128681265111,-0.0010495615135146558,1.0386297223831247,0.1636337990903936,,0.0,0.011725481251636033,0.0,0.0,False,False,False
182,1773751371.8666797,1773751371866682879,-0.42,8.409937492055881e-20,0.8749994277780444,-0.42020957341678233,-0.0010471265780918585,1.038628833908647,0.16363289078220558,,0.0,0.011726162371745666,0.0,4.1920650767421025e-06,False,False,False
183,1773751371.9167056,1773751371916710369,-0.42,8.409937492055881e-20,0.8749994277780444,-0.42020957341678233,-0.0010471265780918585,1.038628833908647,0.16363289078220558,,0.0,0.011726162371745666,0.0,0.0,False,False,False
184,1773751371.9665875,1773751371966590379,-0.42,8.409937492055881e-20,0.8749994277780444,-0.4199532412055066,-0.0008576554623316898,1.0385595022952772,0.1635623298175948,,0.0,0.011783812159208323,0.0,0.0003262091029652128,False,False,False
185,1773751372.017393,1773751372017396535,-0.42,8.409937492055881e-20,0.8749994277780444,-0.4199532412055066,-0.0008576554623316898,1.0385595022952772,0.1635623298175948,,0.0,0.011783812159208323,0.0,0.0,False,False,False
186,1773751372.0667596,1773751372066765038,-0.42,8.409937492055881e-20,0.8749994277780444,-0.4199532412055066,-0.0008576554623316898,1.0385595022952772,0.1635623298175948,,0.0,0.011783812159208323,0.0,0.0,False,False,False
187,1773751372.116705,1773751372116709998,-0.42,8.409937492055881e-20,0.8749994277780444,-0.4199532412055066,-0.0008576554623316898,1.0385595022952772,0.1635623298175948,,0.0,0.011783812159208323,0.0,0.0,False,False,False
188,1773751372.1666334,1773751372166637699,-0.42,8.409937492055881e-20,0.8749994277780444,-0.419892330283124,-0.0008126235616362609,1.0385429671662938,0.16354559372070143,,0.0,0.01179885594044024,0.0,7.753336724428172e-05,False,False,False
189,1773751372.2167163,1773751372216720258,-0.42,8.409937492055881e-20,0.8749994277780444,-0.41988037821019036,-0.0008037869047132259,1.038539719892855,0.16354231112393625,,0.0,0.011801868095108041,0.0,1.5214576490093342e-05,False,False,False
190,1773751372.266609,1773751372266612239,-0.42,8.409937492055881e-20,0.8749994277780444,-0.41988037821019036,-0.0008037869047132259,1.038539719892855,0.16354231112393625,,0.0,0.011801868095108041,0.0,0.0,False,False,False
191,1773751372.316655,1773751372316659928,-0.42,8.409937492055881e-20,0.8749994277780444,-0.41988037821019036,-0.0008037869047132259,1.038539719892855,0.16354231112393625,,0.0,0.011801868095108041,0.0,0.0,False,False,False
192,1773751372.366659,1773751372366661858,-0.42,8.409937492055881e-20,0.8749994277780444,-0.41988037821019036,-0.0008037869047132259,1.038539719892855,0.16354231112393625,,0.0,0.011801868095108041,0.0,0.0,False,False,False
193,1773751372.4174771,1773751372417479904,-0.42,8.409937492055881e-20,0.8749994277780444,-0.4198699823175922,-0.0007909658159591978,1.038537116827453,0.1635396535129656,,0.0,0.011804135609603113,0.0,1.671020195083408e-05,False,False,False
194,1773751372.466658,1773751372466661158,-0.42,8.409937492055881e-20,0.8749994277780444,-0.4199486889437685,-0.0007708711470380103,1.0385618842627082,0.1635642810837604,,0.0,0.011778784812974013,0.0,8.492322751890975e-05,False,False,False
195,1773751372.516631,1773751372516634939,-0.42,8.409937492055881e-20,0.8749994277780444,-0.4199486889437685,-0.0007708711470380103,1.0385618842627082,0.1635642810837604,,0.0,0.011778784812974013,0.0,0.0,False,False,False
196,1773751372.5666752,1773751372566678289,-0.42,8.409937492055881e-20,0.8749994277780444,-0.4199486889437685,-0.0007708711470380103,1.0385618842627082,0.1635642810837604,,0.0,0.011778784812974013,0.0,0.0,False,False,False
197,1773751372.6167169,1773751372616720938,-0.42,8.409937492055881e-20,0.8749994277780444,-0.4199486889437685,-0.0007708711470380103,1.0385618842627082,0.1635642810837604,,0.0,0.011778784812974013,0.0,0.0,False,False,False
198,1773751372.6666522,1773751372666655699,-0.42,8.409937492055881e-20,0.8749994277780444,-0.42087573781415427,-0.0005287815126961593,1.0388520882832821,0.1638558539730943,,0.0,0.011524652626990817,0.0,0.0010011220568424796,False,False,False
199,1773751372.7166307,1773751372716634679,-0.42,8.409937492055881e-20,0.8749994277780444,-0.42108608954585247,-0.0004734620207499274,1.0389175041384318,0.16392235818971274,,0.0,0.011478795242958908,0.0,0.00022712844674892228,False,False,False
200,1773751372.7666352,1773751372766638149,-0.42,8.409937492055881e-20,0.8749994277780444,-0.42108608954585247,-0.0004734620207499274,1.0389175041384318,0.16392235818971274,,0.0,0.011478795242958908,0.0,0.0,False,False,False
201,1773751372.8167784,1773751372816783088,-0.42,8.409937492055881e-20,0.8749994277780444,-0.42108608954585247,-0.0004734620207499274,1.0389175041384318,0.16392235818971274,,0.0,0.011478795242958908,0.0,0.0,False,False,False
202,1773751372.8666422,1773751372866645909,-0.42,8.409937492055881e-20,0.8749994277780444,-0.42455811843207836,0.00044004876392855416,1.039973350528654,0.1650374662744177,,0.0,0.01139090097255242,0.0,0.003742231705848267,False,False,False
203,1773751372.9167447,1773751372916750238,-0.42,8.409937492055881e-20,0.8749994277780444,-0.42455811843207836,0.00044004876392855416,1.039973350528654,0.1650374662744177,,0.0,0.01139090097255242,0.0,0.0,False,False,False
204,1773751372.966715,1773751372966719908,-0.42,8.409937492055881e-20,0.8749994277780444,-0.42455811843207836,0.00044004876392855416,1.039973350528654,0.1650374662744177,,0.0,0.01139090097255242,0.0,0.0,False,False,False
205,1773751373.016676,1773751373016680998,-0.42,8.409937492055881e-20,0.8749994277780444,-0.42455811843207836,0.00044004876392855416,1.039973350528654,0.1650374662744177,,0.0,0.01139090097255242,0.0,0.0,False,False,False
206,1773751373.0666482,1773751373066651198,-0.42,8.409937492055881e-20,0.8749994277780444,-0.4279402359671336,0.0013302940241615058,1.0409588009511435,0.16615453822695433,,0.0,0.012471231623853067,0.0,0.0036335063202752502,False,False,False
207,1773751373.116721,1773751373116724928,-0.42,8.409937492055881e-20,0.8749994277780444,-0.4309134696767453,0.0021129642792046726,1.0417903531060508,0.1671609440335961,,0.0,0.014163213362272511,0.0,0.0031849914295696185,False,False,False
208,1773751373.1667085,1773751373166712408,-0.42,8.409937492055881e-20,0.8749994277780444,-0.4309134696767453,0.0021129642792046726,1.0417903531060508,0.1671609440335961,,0.0,0.014163213362272511,0.0,0.0,False,False,False
209,1773751373.2165816,1773751373216584739,-0.42,8.409937492055881e-20,0.8749994277780444,-0.4309134696767453,0.0021129642792046726,1.0417903531060508,0.1671609440335961,,0.0,0.014163213362272511,0.0,0.0,False,False,False
210,1773751373.2669291,1773751373266935297,-0.42,8.409937492055881e-20,0.8749994277780444,-0.4309134696767453,0.0021129642792046726,1.0417903531060508,0.1671609440335961,,0.0,0.014163213362272511,0.0,0.0,False,False,False
211,1773751373.3167822,1773751373316787238,-0.42,8.409937492055881e-20,0.8749994277780444,-0.4371646240828235,0.0037585133293082506,1.0434337408680627,0.16934836452844046,,0.0,0.019051288570636652,0.0,0.006669744104630869,False,False,False
212,1773751373.366612,1773751373366615139,-0.42,8.409937492055881e-20,0.8749994277780444,-0.4401597330295621,0.004546940505307765,1.044171261065793,0.1704294536801659,,0.0,0.021745794807996464,0.0,0.0031837448165246943,False,False,False
213,1773751373.4167824,1773751373416787518,-0.42,8.409937492055881e-20,0.8749994277780444,-0.4401597330295621,0.004546940505307765,1.044171261065793,0.1704294536801659,,0.0,0.021745794807996464,0.0,0.0,False,False,False
214,1773751373.469678,1773751373469682733,-0.42,8.409937492055881e-20,0.8749994277780444,-0.4401597330295621,0.004546940505307765,1.044171261065793,0.1704294536801659,,0.0,0.021745794807996464,0.0,0.0,False,False,False
215,1773751373.516617,1773751373516621419,-0.42,8.409937492055881e-20,0.8749994277780444,-0.45013070672912614,0.007171623473440088,1.0463971698686056,0.1741736996936792,,0.0,0.03141138493248861,0.0,0.010548172694786587,False,False,False
216,1773751373.5672054,1773751373567207945,-0.42,8.409937492055881e-20,0.8749994277780444,-0.45013070672912614,0.007171623473440088,1.0463971698686056,0.1741736996936792,,0.0,0.03141138493248861,0.0,0.0,False,False,False
217,1773751373.619131,1773751373619134595,-0.42,8.409937492055881e-20,0.8749994277780444,-0.4523879133951409,0.007765780908676703,1.0468526316877385,0.17505087255206583,,0.0,0.03367805687988919,0.0,0.0023781191012302487,False,False,False
218,1773751373.666761,1773751373666766788,-0.42,8.409937492055881e-20,0.8749994277780444,-0.4523879133951409,0.007765780908676703,1.0468526316877385,0.17505087255206583,,0.0,0.03367805687988919,0.0,0.0,False,False,False
219,1773751373.716628,1773751373716631528,-0.42,8.409937492055881e-20,0.8749994277780444,-0.4523879133951409,0.007765780908676703,1.0468526316877385,0.17505087255206583,,0.0,0.03367805687988919,0.0,0.0,False,False,False
220,1773751373.766693,1773751373766697318,-0.42,8.409937492055881e-20,0.8749994277780444,-0.46693970129396173,0.011596079987318271,1.0493669191379615,0.18094702725325282,,0.0,0.048554055626948485,0.0,0.015256059893250951,False,False,False
221,1773751373.8171458,1773751373817278805,-0.42,8.409937492055881e-20,0.8749994277780444,-0.46693970129396173,0.011596079987318271,1.0493669191379615,0.18094702725325282,,0.0,0.048554055626948485,0.0,0.0,False,False,False
222,1773751373.8684945,1773751373868499108,-0.42,8.409937492055881e-20,0.8749994277780444,-0.4676518468413547,0.011783524344288105,1.049471390159821,0.18124573266897184,,0.0,0.049288352798361273,0.0,0.0007437747387749886,False,False,False
223,1773751373.9166715,1773751373916675008,-0.42,8.409937492055881e-20,0.8749994277780444,-0.4676518468413547,0.011783524344288105,1.049471390159821,0.18124573266897184,,0.0,0.049288352798361273,0.0,0.0,False,False,False
224,1773751373.9666617,1773751373966664628,-0.42,8.409937492055881e-20,0.8749994277780444,-0.4767514094629739,0.014178581404096429,1.0506555410957203,0.18514001402327626,,0.0,0.05869095011366536,0.0,0.009483699260494215,False,False,False
225,1773751374.0166967,1773751374016701738,-0.42,8.409937492055881e-20,0.8749994277780444,-0.48606032564852886,0.01662865501611844,1.0515798265709027,0.18926467190228508,,0.0,0.06832722249035844,0.0,0.009670216382979581,False,False,False
226,1773751374.0666184,1773751374066622608,-0.42,8.409937492055881e-20,0.8749994277780444,-0.48606032564852886,0.01662865501611844,1.0515798265709027,0.18926467190228508,,0.0,0.06832722249035844,0.0,0.0,False,False,False
227,1773751374.1166177,1773751374116620818,-0.42,8.409937492055881e-20,0.8749994277780444,-0.48606032564852886,0.01662865501611844,1.0515798265709027,0.18926467190228508,,0.0,0.06832722249035844,0.0,0.0,False,False,False
228,1773751374.166841,1773751374166846547,-0.42,8.409937492055881e-20,0.8749994277780444,-0.48606032564852886,0.01662865501611844,1.0515798265709027,0.18926467190228508,,0.0,0.06832722249035844,0.0,0.0,False,False,False
229,1773751374.2166762,1773751374216681048,-0.42,8.409937492055881e-20,0.8749994277780444,-0.499383638399172,0.02013514684695216,1.052402285229615,0.19539437048190803,,0.0,0.08211879291708962,0.0,0.013801542879564033,False,False,False
230,1773751374.2667475,1773751374266753358,-0.42,8.409937492055881e-20,0.8749994277780444,-0.5076140556928342,0.022301175529909414,1.052617926561763,0.1993035280549362,,0.0,0.09063213564380224,0.0,0.00851339827961424,False,False,False
231,1773751374.3166094,1773751374316613268,-0.42,8.409937492055881e-20,0.8749994277780444,-0.5076140556928342,0.022301175529909414,1.052617926561763,0.1993035280549362,,0.0,0.09063213564380224,0.0,0.0,False,False,False
232,1773751374.3666499,1773751374366654328,-0.42,8.409937492055881e-20,0.8749994277780444,-0.5076140556928342,0.022301175529909414,1.052617926561763,0.1993035280549362,,0.0,0.09063213564380224,0.0,0.0,False,False,False
233,1773751374.4167445,1773751374416747258,-0.42,8.409937492055881e-20,0.8749994277780444,-0.5259024535132741,0.027113940906940984,1.052299953118902,0.20829299493209158,,0.0,0.10953198458662805,0.0,0.018913733436933845,False,False,False
234,1773751374.4673386,1773751374467342564,-0.42,8.409937492055881e-20,0.8749994277780444,-0.5259024535132741,0.027113940906940984,1.052299953118902,0.20829299493209158,,0.0,0.10953198458662805,0.0,0.0,False,False,False
235,1773751374.5166838,1773751374516686638,-0.42,8.409937492055881e-20,0.8749994277780444,-0.532188735165926,0.028768152017711497,1.0519364548205135,0.2114725287295536,,0.0,0.11602568074631647,0.0,0.0065104441037763,False,False,False
236,1773751374.5667472,1773751374566751217,-0.42,8.409937492055881e-20,0.8749994277780444,-0.532188735165926,0.028768152017711497,1.0519364548205135,0.2114725287295536,,0.0,0.11602568074631647,0.0,0.0,False,False,False
237,1773751374.616677,1773751374616680648,-0.42,8.409937492055881e-20,0.8749994277780444,-0.5560380214057874,0.03504360295424071,1.049364537089474,0.22391424412306316,,0.0,0.14067903168085077,0.0,0.02479484824359411,False,False,False
238,1773751374.666715,1773751374666717708,-0.42,8.409937492055881e-20,0.8749994277780444,-0.5560380214057874,0.03504360295424071,1.049364537089474,0.22391424412306316,,0.0,0.14067903168085077,0.0,0.0,False,False,False
239,1773751374.7167428,1773751374716746828,-0.42,8.409937492055881e-20,0.8749994277780444,-0.5560380214057874,0.03504360295424071,1.049364537089474,0.22391424412306316,,0.0,0.14067903168085077,0.0,0.0,False,False,False
240,1773751374.766607,1773751374766610158,-0.42,8.409937492055881e-20,0.8749994277780444,-0.5597665345525056,0.03602462619215954,1.0487899622737265,0.22591061894784056,,0.0,0.14453935290208172,0.0,0.003897993470681855,False,False,False
241,1773751374.816629,1773751374816631768,-0.42,8.409937492055881e-20,0.8749994277780444,-0.5597665345525056,0.03602462619215954,1.0487899622737265,0.22591061894784056,,0.0,0.14453935290208172,0.0,0.0,False,False,False
242,1773751374.8666847,1773751374866688548,-0.42,8.409937492055881e-20,0.8749994277780444,-0.5893849829018214,0.043817055265734456,1.042522331203739,0.24222949848642583,,0.0,0.17533160697902206,0.0,0.031261120144954115,False,False,False
243,1773751374.9166532,1773751374916655798,-0.42,8.409937492055881e-20,0.8749994277780444,-0.5893849829018214,0.043817055265734456,1.042522331203739,0.24222949848642583,,0.0,0.17533160697902206,0.0,0.0,False,False,False
244,1773751374.966672,1773751374966675118,-0.42,8.409937492055881e-20,0.8749994277780444,-0.5893849829018214,0.043817055265734456,1.042522331203739,0.24222949848642583,,0.0,0.17533160697902206,0.0,0.0,False,False,False
245,1773751375.0166337,1773751375016637538,-0.42,8.409937492055881e-20,0.8749994277780444,-0.5893849829018212,0.043817055265734504,1.042522331203739,0.2422294984864257,,0.0,0.17533160697902184,0.0,2.2729511820139823e-16,False,False,False
246,1773751375.0666456,1773751375066648428,-0.42,8.409937492055881e-20,0.8749994277780444,-0.6066935409461924,0.048370251108419283,1.0374065656134153,0.2521313900393926,,0.0,0.19348729834605247,0.0,0.018614210472978752,False,False,False
247,1773751375.1166565,1773751375116660448,-0.42,8.409937492055881e-20,0.8749994277780444,-0.6202357620682852,0.051932268179568836,1.032612863738033,0.2600640615011136,,0.0,0.20781478538681827,0.0,0.014800651884456341,False,False,False
248,1773751375.166685,1773751375166689178,-0.42,8.409937492055881e-20,0.8749994277780444,-0.6202357620682852,0.051932268179568836,1.032612863738033,0.2600640615011136,,0.0,0.20781478538681827,0.0,0.0,False,False,False
249,1773751375.2166245,1773751375216626928,-0.42,8.409937492055881e-20,0.8749994277780444,-0.6202357620682852,0.051932268179568836,1.032612863738033,0.2600640615011136,,0.0,0.20781478538681827,0.0,0.0,False,False,False
250,1773751375.2666721,1773751375266675968,-0.42,8.409937492055881e-20,0.8749994277780444,-0.6202357620682852,0.051932268179568836,1.032612863738033,0.2600640615011136,,0.0,0.20781478538681827,0.0,0.0,False,False,False
251,1773751375.3166132,1773751375316615928,-0.42,8.409937492055881e-20,0.8749994277780444,-0.6504337993456162,0.05987391616939254,1.019236762977289,0.2783685157910183,,0.0,0.2403033815989706,0.0,0.0339692699326747,False,False,False
252,1773751375.3666997,1773751375366703798,-0.42,8.409937492055881e-20,0.8749994277780444,-0.6504337993456162,0.05987391616939254,1.019236762977289,0.2783685157910183,,0.0,0.2403033815989706,0.0,0.0,False,False,False
253,1773751375.4167182,1773751375416721328,-0.42,8.409937492055881e-20,0.8749994277780444,-0.6504337993456162,0.05987391616939254,1.019236762977289,0.2783685157910183,,0.0,0.2403033815989706,0.0,0.0,False,False,False
254,1773751375.4667134,1773751375466719328,-0.42,8.409937492055881e-20,0.8749994277780444,-0.6504337993456162,0.05987391616939254,1.019236762977289,0.2783685157910183,,0.0,0.2403033815989706,0.0,0.0,False,False,False
255,1773751375.5167522,1773751375516756497,-0.42,8.409937492055881e-20,0.8749994277780444,-0.6732884360930785,0.06588290938971474,1.0063851317033863,0.2928443149594824,,0.0,0.26557591604288777,0.0,0.026899941389911752,False,False,False
256,1773751375.5666714,1773751375566674128,-0.42,8.409937492055881e-20,0.8749994277780444,-0.6732884360930785,0.06588290938971474,1.0063851317033863,0.2928443149594824,,0.0,0.26557591604288777,0.0,0.0,False,False,False
257,1773751375.6167448,1773751375616747397,-0.42,8.409937492055881e-20,0.8749994277780444,-0.678883634037785,0.06735379916093977,1.0028407210839454,0.29648046564343394,,0.0,0.2718798706252277,0.0,0.006784733111828843,False,False,False
258,1773751375.6666384,1773751375666641088,-0.42,8.409937492055881e-20,0.8749994277780444,-0.678883634037785,0.06735379916093977,1.0028407210839454,0.29648046564343394,,0.0,0.2718798706252277,0.0,0.0,False,False,False
259,1773751375.7165904,1773751375716592829,-0.42,8.409937492055881e-20,0.8749994277780444,-0.7036763569007124,0.07387050086637356,0.9850151940070644,0.31310157326603716,,0.0,0.3005190347403347,0.0,0.031223323392043756,False,False,False
260,1773751375.7692032,1773751375769206865,-0.42,8.409937492055881e-20,0.8749994277780444,-0.7036763569007124,0.07387050086637356,0.9850151940070644,0.31310157326603716,,0.0,0.3005190347403347,0.0,0.0,False,False,False
261,1773751375.816692,1773751375816696348,-0.42,8.409937492055881e-20,0.8749994277780444,-0.7057552766025235,0.07441686953625067,0.983349429181511,0.31453723369720676,,0.0,0.3029814479108522,0.0,0.0027194113892628144,False,False,False
262,1773751375.8686075,1773751375868610768,-0.42,8.409937492055881e-20,0.8749994277780444,-0.7057552766025235,0.07441686953625067,0.983349429181511,0.31453723369720676,,0.0,0.3029814479108522,0.0,0.0,False,False,False
263,1773751375.9165967,1773751375916599358,-0.42,8.409937492055881e-20,0.8749994277780444,-0.7057552766025235,0.07441686953625067,0.983349429181511,0.31453723369720676,,0.0,0.3029814479108522,0.0,0.0,False,False,False
264,1773751375.9666755,1773751375966679588,-0.42,8.409937492055881e-20,0.8749994277780444,-0.7315294032673527,0.08118953107632952,0.9601054468634918,0.3329945097761819,,0.0,0.33453107299734647,0.0,0.03536180515289793,False,False,False
265,1773751376.0165946,1773751376016598138,-0.42,8.409937492055881e-20,0.8749994277780444,-0.7315294032673527,0.08118953107632952,0.9601054468634918,0.3329945097761819,,0.0,0.33453107299734647,0.0,0.0,False,False,False
266,1773751376.0667398,1773751376066743677,-0.42,8.409937492055881e-20,0.8749994277780444,-0.7315294032673529,0.08118953107632959,0.9601054468634918,0.3329945097761821,,0.0,0.33453107299734675,0.0,2.3263411494723067e-16,False,False,False
267,1773751376.1165984,1773751376116602858,-0.42,8.409937492055881e-20,0.8749994277780444,-0.7315294032673529,0.08118953107632959,0.9601054468634918,0.3329945097761821,,0.0,0.33453107299734675,0.0,0.0,False,False,False
268,1773751376.166736,1773751376166741598,-0.42,8.409937492055881e-20,0.8749994277780444,-0.744383175734473,0.08456624181418666,0.9464211714588189,0.3427491202389289,,0.0,0.35115044381608446,0.0,0.01907566605376042,False,False,False
269,1773751376.216684,1773751376216687388,-0.42,8.409937492055881e-20,0.8749994277780444,-0.7541567138730637,0.0871333070747756,0.9348652527409239,0.35048086913085263,,0.0,0.3643115063751866,0.0,0.015350932519335921,False,False,False
270,1773751376.266747,1773751376266753028,-0.42,8.409937492055881e-20,0.8749994277780444,-0.7541567138730637,0.0871333070747756,0.9348652527409239,0.35048086913085263,,0.0,0.3643115063751866,0.0,0.0,False,False,False
271,1773751376.3166351,1773751376316638008,-0.42,8.409937492055881e-20,0.8749994277780444,-0.7541567138730637,0.0871333070747756,0.9348652527409239,0.35048086913085263,,0.0,0.3643115063751866,0.0,0.0,False,False,False
272,1773751376.3676214,1773751376367624193,-0.42,8.409937492055881e-20,0.8749994277780444,-0.7661639381582994,0.0902864086407918,0.9190236859703007,0.3604431203059554,,0.0,0.38126816683687076,0.0,0.02012636882971395,False,False,False
273,1773751376.419263,1773751376419273314,-0.42,8.409937492055881e-20,0.8749994277780444,-0.7732172364933776,0.09213817946982551,0.9086997118260732,0.3665891016068948,,0.0,0.3917358498839322,0.0,0.012639719725435141,False,False,False
274,1773751376.4666204,1773751376466623378,-0.42,8.409937492055881e-20,0.8749994277780444,-0.7732172364933776,0.09213817946982551,0.9086997118260732,0.3665891016068948,,0.0,0.3917358498839322,0.0,0.0,False,False,False
275,1773751376.5167143,1773751376516720068,-0.42,8.409937492055881e-20,0.8749994277780444,-0.7732172364933776,0.09213817946982551,0.9086997118260732,0.3665891016068948,,0.0,0.3917358498839322,0.0,0.0,False,False,False
276,1773751376.566596,1773751376566598548,-0.42,8.409937492055881e-20,0.8749994277780444,-0.7732172364933776,0.09213817946982551,0.9086997118260732,0.3665891016068948,,0.0,0.3917358498839322,0.0,0.0,False,False,False
277,1773751376.6167388,1773751376616743518,-0.42,8.409937492055881e-20,0.8749994277780444,-0.7863254414982642,0.09557863741819164,0.8869387865684117,0.37877718160937507,,0.0,0.4125262561420844,0.0,0.025635905628905338,False,False,False
278,1773751376.666856,1773751376666862227,-0.42,8.409937492055881e-20,0.8749994277780444,-0.790262296729495,0.09661160280144247,0.8795835000738343,0.3826865347697477,,0.0,0.4192083732941249,0.0,0.00840631227185716,False,False,False
279,1773751376.7218142,1773751376721818881,-0.42,8.409937492055881e-20,0.8749994277780444,-0.790262296729495,0.09661160280144247,0.8795835000738343,0.3826865347697477,,0.0,0.4192083732941249,0.0,0.0,False,False,False
280,1773751376.7669117,1773751376766918527,-0.42,8.409937492055881e-20,0.8749994277780444,-0.790262296729495,0.09661160280144247,0.8795835000738343,0.3826865347697477,,0.0,0.4192083732941249,0.0,0.0,False,False,False
281,1773751376.8166463,1773751376816650718,-0.42,8.409937492055881e-20,0.8749994277780444,-0.8027893502637387,0.0998971137178521,0.8525923487052368,0.3962438607689307,,0.0,0.44245461923436447,0.0,0.02993733295459363,False,False,False
282,1773751376.866627,1773751376866631008,-0.42,8.409937492055881e-20,0.8749994277780444,-0.8045900033275386,0.10036917206558624,0.848124726709471,0.3983788284009739,,0.0,0.44612778289907273,0.0,0.004839921160193402,False,False,False
283,1773751376.9166698,1773751376916674748,-0.42,8.409937492055881e-20,0.8749994277780444,-0.8045900033275386,0.10036917206558624,0.848124726709471,0.3983788284009739,,0.0,0.44612778289907273,0.0,0.0,False,False,False
284,1773751376.9666953,1773751376966700768,-0.42,8.409937492055881e-20,0.8749994277780444,-0.8045900033275386,0.10036917206558624,0.848124726709471,0.3983788284009739,,0.0,0.44612778289907273,0.0,0.0,False,False,False
285,1773751377.0172827,1773751377017286825,-0.42,8.409937492055881e-20,0.8749994277780444,-0.8145561485373501,0.10298021128610638,0.8190757114003375,0.41159074372324367,,0.0,0.468958478488449,0.0,0.030821856961974512,False,False,False
286,1773751377.066808,1773751377066813508,-0.42,8.409937492055881e-20,0.8749994277780444,-0.8145561485373501,0.10298021128610638,0.8190757114003375,0.41159074372324367,,0.0,0.468958478488449,0.0,0.0,False,False,False
287,1773751377.116662,1773751377116664928,-0.42,8.409937492055881e-20,0.8749994277780444,-0.8153162100147003,0.10317918917388315,0.8164435788570755,0.4127343436422779,,0.0,0.4709438220418151,0.0,0.0027468904918971104,False,False,False
288,1773751377.1665373,1773751377166540249,-0.42,8.409937492055881e-20,0.8749994277780444,-0.8153162100147003,0.10317918917388315,0.8164435788570755,0.4127343436422779,,0.0,0.4709438220418151,0.0,0.0,False,False,False
289,1773751377.2173247,1773751377217328855,-0.42,8.409937492055881e-20,0.8749994277780444,-0.8230197353399002,0.10519344036728803,0.7830420423080422,0.4265521395002351,,0.0,0.49507713272000575,0.0,0.03433750360964726,False,False,False
290,1773751377.2666998,1773751377266703328,-0.42,8.409937492055881e-20,0.8749994277780444,-0.8230197353399002,0.10519344036728803,0.7830420423080422,0.4265521395002351,,0.0,0.49507713272000575,0.0,0.0,False,False,False
291,1773751377.3193657,1773751377319369854,-0.42,8.409937492055881e-20,0.8749994277780444,-0.8230197353399002,0.10519344036728803,0.7830420423080422,0.4265521395002351,,0.0,0.49507713272000575,0.0,0.0,False,False,False
292,1773751377.3669248,1773751377366929767,-0.42,8.409937492055881e-20,0.8749994277780444,-0.8230197353399002,0.10519344036728803,0.7830420423080422,0.4265521395002351,,0.0,0.49507713272000575,0.0,0.0,False,False,False
293,1773751377.4166079,1773751377416611609,-0.42,8.409937492055881e-20,0.8749994277780444,-0.8230197353399002,0.10519344036728803,0.7830420423080422,0.4265521395002351,,0.0,0.49507713272000575,0.0,0.0,False,False,False
294,1773751377.4666727,1773751377466677978,-0.42,8.409937492055881e-20,0.8749994277780444,-0.8273469877524245,0.10631931972388164,0.7488562100751476,0.4394854690999047,,0.0,0.5179690733807216,0.0,0.03447700455699302,False,False,False
295,1773751377.5188284,1773751377518831827,-0.42,8.409937492055881e-20,0.8749994277780444,-0.8273469877524245,0.10631931972388164,0.7488562100751476,0.4394854690999047,,0.0,0.5179690733807216,0.0,0.0,False,False,False
296,1773751377.5666933,1773751377566696798,-0.42,8.409937492055881e-20,0.8749994277780444,-0.8273469877524245,0.10631931972388164,0.7488562100751476,0.4394854690999047,,0.0,0.5179690733807216,0.0,0.0,False,False,False
297,1773751377.6166873,1773751377616690588,-0.42,8.409937492055881e-20,0.8749994277780444,-0.8273469877524245,0.10631931972388164,0.7488562100751476,0.4394854690999047,,0.0,0.5179690733807216,0.0,0.0,False,False,False
298,1773751377.6666942,1773751377666699278,-0.42,8.409937492055881e-20,0.8749994277780444,-0.8283211023608039,0.1065666702724711,0.724192301379033,0.4481354340139051,,0.0,0.53349717275767,0.0,0.02468437711862346,False,False,False
299,1773751377.7167327,1773751377716737708,-0.42,8.409937492055881e-20,0.8749994277780444,-0.8281723458670287,0.1065234939558138,0.7128469553456008,0.45193510929236513,,0.0,0.5403865862233861,0.0,0.011346403364373914,False,False,False
300,1773751377.7673402,1773751377767350575,-0.42,8.409937492055881e-20,0.8749994277780444,-0.8281723458670287,0.1065234939558138,0.7128469553456008,0.45193510929236513,,0.0,0.5403865862233861,0.0,0.0,False,False,False
301,1773751377.8170764,1773751377817079296,-0.42,8.409937492055881e-20,0.8749994277780444,-0.8281723458670287,0.1065234939558138,0.7128469553456008,0.45193510929236513,,0.0,0.5403865862233861,0.0,0.0,False,False,False
302,1773751377.8666182,1773751377866622509,-0.42,8.409937492055881e-20,0.8749994277780444,-0.8281723458670287,0.1065234939558138,0.7128469553456008,0.45193510929236513,,0.0,0.5403865862233861,0.0,0.0,False,False,False
303,1773751377.9166415,1773751377916644349,-0.42,8.409937492055881e-20,0.8749994277780444,-0.826572926205378,0.10609417914771153,0.6884245602635034,0.45974743105350685,,0.0,0.5547104257571652,0.0,0.024478476995201053,False,False,False
304,1773751377.9665985,1773751377966601249,-0.42,8.409937492055881e-20,0.8749994277780444,-0.8256385998947999,0.10584552619237787,0.6802077491653848,0.46226588366035903,,0.0,0.5593806755457198,0.0,0.008273498568864262,False,False,False
305,1773751378.0167706,1773751378016775708,-0.42,8.409937492055881e-20,0.8749994277780444,-0.8256385998947999,0.10584552619237787,0.6802077491653848,0.46226588366035903,,0.0,0.5593806755457198,0.0,0.0,False,False,False
306,1773751378.0699298,1773751378069933161,-0.42,8.409937492055881e-20,0.8749994277780444,-0.8256385998947999,0.10584552619237787,0.6802077491653848,0.46226588366035903,,0.0,0.5593806755457198,0.0,0.0,False,False,False
307,1773751378.1166544,1773751378116657718,-0.42,8.409937492055881e-20,0.8749994277780444,-0.8205228520240421,0.10448954726749175,0.6503407440096822,0.4709651204432989,,0.0,0.5757574280229387,0.0,0.030332285639111764,False,False,False
308,1773751378.1667168,1773751378166721168,-0.42,8.409937492055881e-20,0.8749994277780444,-0.8205228520240421,0.10448954726749175,0.6503407440096822,0.4709651204432989,,0.0,0.5757574280229387,0.0,0.0,False,False,False
309,1773751378.2166672,1773751378216671619,-0.42,8.409937492055881e-20,0.8749994277780444,-0.81956106983305,0.10423509766859732,0.6460491438604405,0.4721570042031198,,0.0,0.578035695554601,0.0,0.004405405931609286,False,False,False
310,1773751378.2666605,1773751378266663399,-0.42,8.409937492055881e-20,0.8749994277780444,-0.81956106983305,0.10423509766859732,0.6460491438604405,0.4721570042031198,,0.0,0.578035695554601,0.0,0.0,False,False,False
311,1773751378.3166106,1773751378316613219,-0.42,8.409937492055881e-20,0.8749994277780444,-0.81956106983305,0.10423509766859732,0.6460491438604405,0.4721570042031198,,0.0,0.578035695554601,0.0,0.0,False,False,False
312,1773751378.3667223,1773751378366725388,-0.42,8.409937492055881e-20,0.8749994277780444,-0.8102264360004091,0.10176876446171294,0.6132255342698127,0.4807901039914445,,0.0,0.5948602417533283,0.0,0.03421414232206936,False,False,False
313,1773751378.4167306,1773751378416734108,-0.42,8.409937492055881e-20,0.8749994277780444,-0.8102264360004091,0.10176876446171294,0.6132255342698127,0.4807901039914445,,0.0,0.5948602417533283,0.0,0.0,False,False,False
314,1773751378.466675,1773751378466677358,-0.42,8.409937492055881e-20,0.8749994277780444,-0.8102264360004092,0.10176876446171293,0.6132255342698125,0.48079010399144473,,0.0,0.5948602417533285,0.0,2.486410087150353e-16,False,False,False
315,1773751378.5166607,1773751378516664408,-0.42,8.409937492055881e-20,0.8749994277780444,-0.8102264360004092,0.10176876446171293,0.6132255342698125,0.48079010399144473,,0.0,0.5948602417533285,0.0,0.0,False,False,False
316,1773751378.5665848,1773751378566587339,-0.42,8.409937492055881e-20,0.8749994277780444,-0.7975256581502381,0.09841774034871714,0.5812600449091261,0.48835898601882094,,0.0,0.6102444907681415,0.0,0.0345591034414007,False,False,False
317,1773751378.616672,1773751378616675009,-0.42,8.409937492055881e-20,0.8749994277780444,-0.7975256581502381,0.09841774034871714,0.5812600449091261,0.48835898601882094,,0.0,0.6102444907681415,0.0,0.0,False,False,False
318,1773751378.6666782,1773751378666681259,-0.42,8.409937492055881e-20,0.8749994277780444,-0.7975256581502381,0.09841774034871714,0.5812600449091261,0.48835898601882094,,0.0,0.6102444907681415,0.0,0.0,False,False,False
319,1773751378.7167046,1773751378716708488,-0.42,8.409937492055881e-20,0.8749994277780444,-0.7975256581502381,0.09841774034871714,0.5812600449091261,0.48835898601882094,,0.0,0.6102444907681415,0.0,0.0,False,False,False
320,1773751378.7666159,1773751378766618979,-0.42,8.409937492055881e-20,0.8749994277780444,-0.7975256581502381,0.09841774034871714,0.5812600449091261,0.48835898601882094,,0.0,0.6102444907681415,0.0,0.0,False,False,False
321,1773751378.8166971,1773751378816700198,-0.42,8.409937492055881e-20,0.8749994277780444,-0.7871374707013642,0.0956788734994113,0.5604905433590361,0.4928084897864489,,0.0,0.6197121199313309,0.0,0.02338349898390651,False,False,False
322,1773751378.867214,1773751378867216776,-0.42,8.409937492055881e-20,0.8749994277780444,-0.781674546659782,0.09423907177190304,0.5508387824055442,0.49474195734575066,,0.0,0.623967058773663,0.0,0.01118360664553188,False,False,False
323,1773751378.9166164,1773751378916621789,-0.42,8.409937492055881e-20,0.8749994277780444,-0.781674546659782,0.09423907177190304,0.5508387824055442,0.49474195734575066,,0.0,0.623967058773663,0.0,0.0,False,False,False
324,1773751378.966638,1773751378966640619,-0.42,8.409937492055881e-20,0.8749994277780444,-0.781674546659782,0.09423907177190304,0.5508387824055442,0.49474195734575066,,0.0,0.623967058773663,0.0,0.0,False,False,False
325,1773751379.016596,1773751379016598319,-0.42,8.409937492055881e-20,0.8749994277780444,-0.7669584621270644,0.09036170226555883,0.528005713592138,0.49894894464507855,,0.0,0.6336531126556448,0.0,0.027439864607912316,False,False,False
326,1773751379.0680525,1773751379068055452,-0.42,8.409937492055881e-20,0.8749994277780444,-0.7669584621270644,0.09036170226555883,0.528005713592138,0.49894894464507855,,0.0,0.6336531126556448,0.0,0.0,False,False,False
327,1773751379.1167016,1773751379116704829,-0.42,8.409937492055881e-20,0.8749994277780444,-0.7628495875005477,0.08927937091568042,0.5223000479640041,0.499913490757755,,0.0,0.6359865255911058,0.0,0.007113994103696712,False,False,False
328,1773751379.1666863,1773751379166691309,-0.42,8.409937492055881e-20,0.8749994277780444,-0.7628495875005477,0.08927937091568042,0.5223000479640041,0.499913490757755,,0.0,0.6359865255911058,0.0,0.0,False,False,False
329,1773751379.2174754,1773751379217479154,-0.42,8.409937492055881e-20,0.8749994277780444,-0.7628495875005477,0.08927937091568042,0.5223000479640041,0.499913490757755,,0.0,0.6359865255911058,0.0,0.0,False,False,False
330,1773751379.266782,1773751379266791758,-0.42,8.409937492055881e-20,0.8749994277780444,-0.7432717061261238,0.08412349400727066,0.4981876306609468,0.5035558446411907,,0.0,0.6454311942884854,0.0,0.03148468157695837,False,False,False
331,1773751379.3187087,1773751379318712018,-0.42,8.409937492055881e-20,0.8749994277780444,-0.7432717061261238,0.08412349400727066,0.4981876306609468,0.5035558446411907,,0.0,0.6454311942884854,0.0,0.0,False,False,False
332,1773751379.367819,1773751379367823513,-0.42,8.409937492055881e-20,0.8749994277780444,-0.7414542440505845,0.08364494952154357,0.49617108405068155,0.5038255874901664,,0.0,0.6461884913086005,0.0,0.0027565618897851365,False,False,False
333,1773751379.4167273,1773751379416730979,-0.42,8.409937492055881e-20,0.8749994277780444,-0.7414542440505845,0.08364494952154357,0.49617108405068155,0.5038255874901664,,0.0,0.6461884913086005,0.0,0.0,False,False,False
334,1773751379.466627,1773751379466630009,-0.42,8.409937492055881e-20,0.8749994277780444,-0.7174204921827831,0.07731795986613117,0.4723453123416625,0.5065247800117629,,0.0,0.6546998769440167,0.0,0.03442846822722487,False,False,False
335,1773751379.5175738,1773751379517576734,-0.42,8.409937492055881e-20,0.8749994277780444,-0.7174204921827831,0.07731795986613117,0.4723453123416625,0.5065247800117629,,0.0,0.6546998769440167,0.0,0.0,False,False,False
336,1773751379.5666614,1773751379566664329,-0.42,8.409937492055881e-20,0.8749994277780444,-0.7174204921827831,0.07731795986613117,0.4723453123416625,0.5065247800117629,,0.0,0.6546998769440167,0.0,0.0,False,False,False
337,1773751379.6166341,1773751379616638579,-0.42,8.409937492055881e-20,0.8749994277780444,-0.7174204921827831,0.07731795986613117,0.4723453123416625,0.5065247800117629,,0.0,0.6546998769440167,0.0,0.0,False,False,False
338,1773751379.6667063,1773751379666711469,-0.42,8.409937492055881e-20,0.8749994277780444,-0.7174204921827831,0.07731795986613117,0.4723453123416625,0.5065247800117629,,0.0,0.6546998769440167,0.0,0.0,False,False,False
339,1773751379.7167678,1773751379716773599,-0.42,8.409937492055881e-20,0.8749994277780444,-0.701905966177941,0.07323468371902414,0.4593475417797702,0.50754387298052,,0.0,0.6589514277294835,0.0,0.020647413901698445,False,False,False
340,1773751379.766703,1773751379766706969,-0.42,8.409937492055881e-20,0.8749994277780444,-0.691145854286908,0.07040313612938354,0.4512559556956078,0.5079716586644459,,0.0,0.6614261173290037,0.0,0.01375759553909622,False,False,False
341,1773751379.8165998,1773751379816602819,-0.42,8.409937492055881e-20,0.8749994277780444,-0.691145854286908,0.07040313612938354,0.4512559556956078,0.5079716586644459,,0.0,0.6614261173290037,0.0,0.0,False,False,False
342,1773751379.8666198,1773751379866623049,-0.42,8.409937492055881e-20,0.8749994277780444,-0.691145854286908,0.07040313612938354,0.4512559556956078,0.5079716586644459,,0.0,0.6614261173290037,0.0,0.0,False,False,False
343,1773751379.9166555,1773751379916659899,-0.42,8.409937492055881e-20,0.8749994277780444,-0.6710041720521732,0.06510348759831307,0.43789248640838124,0.5082362016608053,,0.0,0.665155103152895,0.0,0.0247458269045218,False,False,False
344,1773751379.9690344,1773751379969039397,-0.42,8.409937492055881e-20,0.8749994277780444,-0.6710041720521732,0.06510348759831307,0.43789248640838124,0.5082362016608053,,0.0,0.665155103152895,0.0,0.0,False,False,False
345,1773751380.0166812,1773751380016684679,-0.42,8.409937492055881e-20,0.8749994277780444,-0.6629248392382201,0.06297792049710912,0.4331273686814701,0.5081629783832169,,0.0,0.6663516948827404,0.0,0.009617692091747525,False,False,False
346,1773751380.0666082,1773751380066611130,-0.42,8.409937492055881e-20,0.8749994277780444,-0.6629248392382201,0.06297792049710912,0.4331273686814701,0.5081629783832169,,0.0,0.6663516948827404,0.0,0.0,False,False,False
347,1773751380.1166213,1773751380116625149,-0.42,8.409937492055881e-20,0.8749994277780444,-0.6629248392382201,0.06297792049710912,0.4331273686814701,0.5081629783832169,,0.0,0.6663516948827404,0.0,0.0,False,False,False
348,1773751380.1666408,1773751380166644440,-0.42,8.409937492055881e-20,0.8749994277780444,-0.6379448450385042,0.05640684214626522,0.42032996343469187,0.5073519578419329,,0.0,0.6690877861441639,0.0,0.028826251264447045,False,False,False
349,1773751380.216662,1773751380216666210,-0.42,8.409937492055881e-20,0.8749994277780444,-0.6330734137202845,0.05512553186283084,0.4181533288438996,0.5070970932759543,,0.0,0.6694633767703245,0.0,0.0054872886995674325,False,False,False
350,1773751380.2666466,1773751380266650500,-0.42,8.409937492055881e-20,0.8749994277780444,-0.6330734137202845,0.05512553186283084,0.4181533288438996,0.5070970932759543,,0.0,0.6694633767703245,0.0,0.0,False,False,False
351,1773751380.3167229,1773751380316726019,-0.42,8.409937492055881e-20,0.8749994277780444,-0.6330734137202845,0.05512553186283084,0.4181533288438996,0.5070970932759543,,0.0,0.6694633767703245,0.0,0.0,False,False,False
352,1773751380.366582,1773751380366584450,-0.42,8.409937492055881e-20,0.8749994277780444,-0.6031901720953525,0.047266346002117564,0.40688921424478464,0.5048959483209098,,0.0,0.6707394916351214,0.0,0.03288852702857481,False,False,False
353,1773751380.4173894,1773751380417392946,-0.42,8.409937492055881e-20,0.8749994277780444,-0.6031901720953525,0.047266346002117564,0.40688921424478464,0.5048959483209098,,0.0,0.6707394916351214,0.0,0.0,False,False,False
354,1773751380.466613,1773751380466616340,-0.42,8.409937492055881e-20,0.8749994277780444,-0.6019239350325498,0.046933363763170394,0.4064878814470833,0.5047792862403149,,0.0,0.6707562100801041,0.0,0.0013694164761606602,False,False,False
355,1773751380.5167296,1773751380516733579,-0.42,8.409937492055881e-20,0.8749994277780444,-0.6019239350325498,0.046933363763170394,0.4064878814470833,0.5047792862403149,,0.0,0.6707562100801041,0.0,0.0,False,False,False
356,1773751380.5683115,1773751380568316801,-0.42,8.409937492055881e-20,0.8749994277780444,-0.5853280863587805,0.04256938441008468,0.40177067151515217,0.5030814888089541,,0.0,0.6707086983786033,0.0,0.01779658895796377,False,False,False
357,1773751380.6166122,1773751380616614900,-0.42,8.409937492055881e-20,0.8749994277780444,-0.569823833281813,0.038492804337836944,0.39824940858138036,0.5012179743475557,,0.0,0.6702291394603992,0.0,0.01641339883171249,False,False,False
358,1773751380.6692014,1773751380669205316,-0.42,8.409937492055881e-20,0.8749994277780444,-0.569823833281813,0.038492804337836944,0.39824940858138036,0.5012179743475557,,0.0,0.6702291394603992,0.0,0.0,False,False,False
359,1773751380.7166843,1773751380716688479,-0.42,8.409937492055881e-20,0.8749994277780444,-0.569823833281813,0.038492804337836944,0.39824940858138036,0.5012179743475557,,0.0,0.6702291394603992,0.0,0.0,False,False,False
360,1773751380.7666192,1773751380766622270,-0.42,8.409937492055881e-20,0.8749994277780444,-0.569823833281813,0.038492804337836944,0.39824940858138036,0.5012179743475557,,0.0,0.6702291394603992,0.0,0.0,False,False,False
361,1773751380.8167307,1773751380816734490,-0.42,8.409937492055881e-20,0.8749994277780444,-0.5367977859117208,0.029810291838103326,0.39348405490820904,0.4963742847925642,,0.0,0.6678567494917161,0.0,0.03447918827104273,False,False,False
362,1773751380.86673,1773751380866734950,-0.42,8.409937492055881e-20,0.8749994277780444,-0.5367977859117208,0.029810291838103326,0.39348405490820904,0.4963742847925642,,0.0,0.6678567494917161,0.0,0.0,False,False,False
363,1773751380.916656,1773751380916660210,-0.42,8.409937492055881e-20,0.8749994277780444,-0.5367977859117208,0.029810291838103326,0.39348405490820904,0.4963742847925642,,0.0,0.6678567494917161,0.0,0.0,False,False,False
364,1773751380.9671044,1773751380967107778,-0.42,8.409937492055881e-20,0.8749994277780444,-0.5367977859117208,0.029810291838103326,0.39348405490820904,0.4963742847925642,,0.0,0.6678567494917161,0.0,0.0,False,False,False
365,1773751381.0173728,1773751381017375846,-0.42,8.409937492055881e-20,0.8749994277780444,-0.512096401238579,0.02331728983870758,0.3922825383387043,0.4919766645650094,,0.0,0.6649041097064257,0.0,0.025568752840165552,False,False,False
366,1773751381.0666704,1773751381066674470,-0.42,8.409937492055881e-20,0.8749994277780444,-0.5040056862094179,0.021190740704292818,0.3923230083395076,0.4903901800496397,,0.0,0.6637179083395289,0.0,0.008365615262796826,False,False,False
367,1773751381.1166983,1773751381116702920,-0.42,8.409937492055881e-20,0.8749994277780444,-0.5040056862094179,0.021190740704292818,0.3923230083395076,0.4903901800496397,,0.0,0.6637179083395289,0.0,0.0,False,False,False
368,1773751381.1681066,1773751381168109283,-0.42,8.409937492055881e-20,0.8749994277780444,-0.5040056862094179,0.021190740704292818,0.3923230083395076,0.4903901800496397,,0.0,0.6637179083395289,0.0,0.0,False,False,False
369,1773751381.2166812,1773751381216685930,-0.42,8.409937492055881e-20,0.8749994277780444,-0.47529319853360824,0.013644666640967935,0.39419898547380683,0.4841617292308126,,0.0,0.6586212149635631,0.0,0.029746755663620165,False,False,False
370,1773751381.2666788,1773751381266683380,-0.42,8.409937492055881e-20,0.8749994277780444,-0.47529319853360824,0.013644666640967935,0.39419898547380683,0.4841617292308126,,0.0,0.6586212149635631,0.0,0.0,False,False,False
371,1773751381.3167768,1773751381316780710,-0.42,8.409937492055881e-20,0.8749994277780444,-0.4713032714408552,0.012596136575230284,0.39467548255882146,0.48322021963915684,,0.0,0.6578011684959968,0.0,0.004152828310473224,False,False,False
372,1773751381.3666682,1773751381366672460,-0.42,8.409937492055881e-20,0.8749994277780444,-0.4713032714408552,0.012596136575230284,0.39467548255882146,0.48322021963915684,,0.0,0.6578011684959968,0.0,0.0,False,False,False
373,1773751381.4165995,1773751381416602201,-0.42,8.409937492055881e-20,0.8749994277780444,-0.4390335454605612,0.004116566739692655,0.4005149288918133,0.4748839454622987,,0.0,0.6501187656870776,0.0,0.03387237005163518,False,False,False
374,1773751381.467382,1773751381467386877,-0.42,8.409937492055881e-20,0.8749994277780444,-0.4390335454605612,0.004116566739692655,0.4005149288918133,0.4748839454622987,,0.0,0.6501187656870776,0.0,0.0,False,False,False
375,1773751381.516642,1773751381516646880,-0.42,8.409937492055881e-20,0.8749994277780444,-0.4390335454605612,0.004116566739692655,0.4005149288918133,0.4748839454622987,,0.0,0.6501187656870776,0.0,0.0,False,False,False
376,1773751381.56662,1773751381566623730,-0.42,8.409937492055881e-20,0.8749994277780444,-0.4387138275342669,0.004032560144780239,0.4005908213539647,0.4747946869242967,,0.0,0.6500329977901281,0.0,0.00033917005497849796,False,False,False
377,1773751381.6166334,1773751381616636421,-0.42,8.409937492055881e-20,0.8749994277780444,-0.4212607551900236,-0.000553080604807511,0.40529089267467194,0.46971055273515055,,0.0,0.6450469530300164,0.0,0.018647479876846777,False,False,False
378,1773751381.6666594,1773751381666663271,-0.42,8.409937492055881e-20,0.8749994277780444,-0.4067459899184248,-0.004366414506680334,0.41005857153307834,0.46515022752298946,,0.0,0.6404252194536539,0.0,0.01574645001369128,False,False,False
379,1773751381.7167115,1773751381716716350,-0.42,8.409937492055881e-20,0.8749994277780444,-0.4067459899184248,-0.004366414506680334,0.41005857153307834,0.46515022752298946,,0.0,0.6404252194536539,0.0,0.0,False,False,False
380,1773751381.772207,1773751381772212312,-0.42,8.409937492055881e-20,0.8749994277780444,-0.4067459899184248,-0.004366414506680334,0.41005857153307834,0.46515022752298946,,0.0,0.6404252194536539,0.0,0.0,False,False,False
381,1773751381.816627,1773751381816629811,-0.42,8.409937492055881e-20,0.8749994277780444,-0.4067459899184248,-0.004366414506680334,0.41005857153307834,0.46515022752298946,,0.0,0.6404252194536539,0.0,0.0,False,False,False
382,1773751381.8695898,1773751381869593775,-0.42,8.409937492055881e-20,0.8749994277780444,-0.3891424092447132,-0.008990881940752586,0.4169454810405169,0.45918018792966125,,0.0,0.6341954817307894,0.0,0.019460248563374374,False,False,False
383,1773751381.9167376,1773751381916740260,-0.42,8.409937492055881e-20,0.8749994277780444,-0.37694492675804053,-0.01219494248844338,0.42246837266177656,0.4547381793942637,,0.0,0.629446225143234,0.0,0.013767603817154818,False,False,False
384,1773751381.9668117,1773751381966817060,-0.42,8.409937492055881e-20,0.8749994277780444,-0.37694492675804053,-0.01219494248844338,0.42246837266177656,0.4547381793942637,,0.0,0.629446225143234,0.0,0.0,False,False,False
385,1773751382.0166712,1773751382016674631,-0.42,8.409937492055881e-20,0.8749994277780444,-0.37694492675804053,-0.01219494248844338,0.42246837266177656,0.4547381793942637,,0.0,0.629446225143234,0.0,0.0,False,False,False
386,1773751382.0667071,1773751382066712530,-0.42,8.409937492055881e-20,0.8749994277780444,-0.37694492675804053,-0.01219494248844338,0.42246837266177656,0.4547381793942637,,0.0,0.629446225143234,0.0,0.0,False,False,False
387,1773751382.1168394,1773751382116843340,-0.42,8.409937492055881e-20,0.8749994277780444,-0.3562019142333472,-0.017643321371755956,0.4333891068087793,0.44654356800103345,,0.0,0.6204665920191375,0.0,0.02406698642051437,False,False,False
388,1773751382.1667092,1773751382166712891,-0.42,8.409937492055881e-20,0.8749994277780444,-0.34828525472922633,-0.01972256919203165,0.4381037303291955,0.443181492025674,,0.0,0.6167097644559233,0.0,0.009445869157550812,False,False,False
389,1773751382.2166026,1773751382216605521,-0.42,8.409937492055881e-20,0.8749994277780444,-0.34828525472922633,-0.01972256919203165,0.4381037303291955,0.443181492025674,,0.0,0.6167097644559233,0.0,0.0,False,False,False
390,1773751382.266641,1773751382266644821,-0.42,8.409937492055881e-20,0.8749994277780444,-0.34828525472922633,-0.01972256919203165,0.4381037303291955,0.443181492025674,,0.0,0.6167097644559233,0.0,0.0,False,False,False
391,1773751382.3166554,1773751382316659771,-0.42,8.409937492055881e-20,0.8749994277780444,-0.3253965166985814,-0.02573362864968321,0.45363484760969863,0.4326200967554419,,0.0,0.6046697638297022,0.0,0.0283062319714168,False,False,False
392,1773751382.3666825,1773751382366685481,-0.42,8.409937492055881e-20,0.8749994277780444,-0.3253965166985814,-0.02573362864968321,0.45363484760969863,0.4326200967554419,,0.0,0.6046697638297022,0.0,0.0,False,False,False
393,1773751382.4166117,1773751382416614321,-0.42,8.409937492055881e-20,0.8749994277780444,-0.3206733369599273,-0.026973940503604896,0.457224067681986,0.4302669298939432,,0.0,0.6019422128835493,0.0,0.006060470366722511,False,False,False
394,1773751382.4667096,1773751382466713551,-0.42,8.409937492055881e-20,0.8749994277780444,-0.3206733369599273,-0.026973940503604896,0.457224067681986,0.4302669298939432,,0.0,0.6019422128835493,0.0,0.0,False,False,False
395,1773751382.5166032,1773751382516605981,-0.42,8.409937492055881e-20,0.8749994277780444,-0.3206733369599273,-0.026973940503604896,0.457224067681986,0.4302669298939432,,0.0,0.6019422128835493,0.0,0.0,False,False,False
396,1773751382.5667255,1773751382566728391,-0.42,8.409937492055881e-20,0.8749994277780444,-0.29713017636474326,-0.03315590109553157,0.4773957558980168,0.41747453482828917,,0.0,0.5868615389432653,0.0,0.03161319428744139,False,False,False
397,1773751382.6167352,1773751382616738311,-0.42,8.409937492055881e-20,0.8749994277780444,-0.29713017636474326,-0.03315590109553157,0.4773957558980168,0.41747453482828917,,0.0,0.5868615389432653,0.0,0.0,False,False,False
398,1773751382.666723,1773751382666727371,-0.42,8.409937492055881e-20,0.8749994277780444,-0.29617261141582385,-0.03340732008142869,0.4783050607372616,0.41691209150189795,,0.0,0.5861893119244361,0.0,0.0013442386055096576,False,False,False
399,1773751382.716695,1773751382716698321,-0.42,8.409937492055881e-20,0.8749994277780444,-0.29617261141582385,-0.03340732008142869,0.4783050607372616,0.41691209150189795,,0.0,0.5861893119244361,0.0,0.0,False,False,False
400,1773751382.7694185,1773751382769421297,-0.42,8.409937492055881e-20,0.8749994277780444,-0.2734792699362961,-0.03936524694961947,0.5023151896892888,0.40238226641540953,,0.0,0.5685812999929913,0.0,0.03357038773035155,False,False,False
401,1773751382.8171651,1773751382817169079,-0.42,8.409937492055881e-20,0.8749994277780444,-0.2734792699362961,-0.03936524694961947,0.5023151896892888,0.40238226641540953,,0.0,0.5685812999929913,0.0,0.0,False,False,False
402,1773751382.8667994,1773751382866802421,-0.42,8.409937492055881e-20,0.8749994277780444,-0.2734792699362961,-0.03936524694961947,0.5023151896892888,0.40238226641540953,,0.0,0.5685812999929913,0.0,0.0,False,False,False
403,1773751382.9166474,1773751382916650172,-0.42,8.409937492055881e-20,0.8749994277780444,-0.2734792699362961,-0.03936524694961947,0.5023151896892888,0.40238226641540953,,0.0,0.5685812999929913,0.0,0.0,False,False,False
404,1773751382.966657,1773751382966659582,-0.42,8.409937492055881e-20,0.8749994277780444,-0.2734792699362961,-0.03936524694961947,0.5023151896892888,0.40238226641540953,,0.0,0.5685812999929913,0.0,0.0,False,False,False
405,1773751383.0166903,1773751383016694141,-0.42,8.409937492055881e-20,0.8749994277780444,-0.2532248565420827,-0.04468204215809303,0.5287648894681883,0.3868963541899377,,0.0,0.5493436889118709,0.0,0.03373568128297482,False,False,False
406,1773751383.066659,1773751383066662512,-0.42,8.409937492055881e-20,0.8749994277780444,-0.2532248565420827,-0.04468204215809303,0.5287648894681883,0.3868963541899377,,0.0,0.5493436889118709,0.0,0.0,False,False,False
407,1773751383.1184397,1773751383118443892,-0.42,8.409937492055881e-20,0.8749994277780444,-0.2532248565420827,-0.04468204215809303,0.5287648894681883,0.3868963541899377,,0.0,0.5493436889118709,0.0,0.0,False,False,False
408,1773751383.1666846,1773751383166687072,-0.42,8.409937492055881e-20,0.8749994277780444,-0.2532248565420827,-0.04468204215809303,0.5287648894681883,0.3868963541899377,,0.0,0.5493436889118709,0.0,0.0,False,False,False
409,1773751383.2166955,1773751383216697762,-0.42,8.409937492055881e-20,0.8749994277780444,-0.2398882220381371,-0.04818241782565,0.5498898370340201,0.37477732581074846,,0.0,0.5339796990845643,0.0,0.0252266101441513,False,False,False
410,1773751383.2682111,1773751383268214204,-0.42,8.409937492055881e-20,0.8749994277780444,-0.2398882220381371,-0.04818241782565,0.5498898370340201,0.37477732581074846,,0.0,0.5339796990845643,0.0,0.0,False,False,False
411,1773751383.316697,1773751383316701162,-0.42,8.409937492055881e-20,0.8749994277780444,-0.2359837649432427,-0.04920710656994559,0.5568320373528735,0.370828535082473,,0.0,0.5289177927691976,0.0,0.008030499205880386,False,False,False
412,1773751383.3667586,1773751383366763361,-0.42,8.409937492055881e-20,0.8749994277780444,-0.2359837649432427,-0.04920710656994559,0.5568320373528735,0.370828535082473,,0.0,0.5289177927691976,0.0,0.0,False,False,False
413,1773751383.416723,1773751383416727552,-0.42,8.409937492055881e-20,0.8749994277780444,-0.2359837649432427,-0.04920710656994559,0.5568320373528735,0.370828535082473,,0.0,0.5289177927691976,0.0,0.0,False,False,False
414,1773751383.4666548,1773751383466657812,-0.42,8.409937492055881e-20,0.8749994277780444,-0.22313354845550115,-0.052579195826879,0.583082665886697,0.35600051608200434,,0.0,0.5096723735204415,0.0,0.02942098822540366,False,False,False
415,1773751383.517221,1773751383517224229,-0.42,8.409937492055881e-20,0.8749994277780444,-0.22313354845550115,-0.052579195826879,0.583082665886697,0.35600051608200434,,0.0,0.5096723735204415,0.0,0.0,False,False,False
416,1773751383.5666258,1773751383566629362,-0.42,8.409937492055881e-20,0.8749994277780444,-0.2215640847922593,-0.05299100893902757,0.5867511676089986,0.3539377331723642,,0.0,0.506965866544561,0.0,0.004011322863607938,False,False,False
417,1773751383.6166422,1773751383616648173,-0.42,8.409937492055881e-20,0.8749994277780444,-0.2215640847922593,-0.05299100893902757,0.5867511676089986,0.3539377331723642,,0.0,0.506965866544561,0.0,0.0,False,False,False
418,1773751383.6666706,1773751383666673902,-0.42,8.409937492055881e-20,0.8749994277780444,-0.21023445970454835,-0.05596347831272048,0.6180342130031773,0.3363994863322396,,0.0,0.4836654852473204,0.0,0.033403965452321334,False,False,False
419,1773751383.7166429,1773751383716646812,-0.42,8.409937492055881e-20,0.8749994277780444,-0.21023445970454835,-0.05596347831272048,0.6180342130031773,0.3363994863322396,,0.0,0.4836654852473204,0.0,0.0,False,False,False
420,1773751383.7666247,1773751383766628322,-0.42,8.409937492055881e-20,0.8749994277780444,-0.21023445970454913,-0.0559634783127204,0.6180342130031774,0.33639948633223904,,0.0,0.4836654852473199,0.0,7.887480714941159e-16,False,False,False
421,1773751383.8166482,1773751383816651862,-0.42,8.409937492055881e-20,0.8749994277780444,-0.21023445970454913,-0.0559634783127204,0.6180342130031774,0.33639948633223904,,0.0,0.4836654852473199,0.0,0.0,False,False,False
422,1773751383.8667257,1773751383866731662,-0.42,8.409937492055881e-20,0.8749994277780444,-0.21023445970454913,-0.0559634783127204,0.6180342130031774,0.33639948633223904,,0.0,0.4836654852473199,0.0,0.0,False,False,False
423,1773751383.9166622,1773751383916665853,-0.42,8.409937492055881e-20,0.8749994277780444,-0.20210882965975907,-0.05809485915677438,0.6503537398759422,0.3183037226701787,,0.0,0.45907298635370947,0.0,0.03339341948957256,False,False,False
424,1773751383.9667034,1773751383966709032,-0.42,8.409937492055881e-20,0.8749994277780444,-0.20210882965975907,-0.05809485915677438,0.6503537398759422,0.3183037226701787,,0.0,0.45907298635370947,0.0,0.0,False,False,False
425,1773751384.0178807,1773751384017883876,-0.42,8.409937492055881e-20,0.8749994277780444,-0.20210882965975907,-0.05809485915677438,0.6503537398759422,0.3183037226701787,,0.0,0.45907298635370947,0.0,0.0,False,False,False
426,1773751384.0666494,1773751384066652483,-0.42,8.409937492055881e-20,0.8749994277780444,-0.19845587597090675,-0.05905276296492087,0.6727488739477847,0.30573569341877005,,0.0,0.44164485322807395,0.0,0.022711311729056084,False,False,False
427,1773751384.1168735,1773751384116878202,-0.42,8.409937492055881e-20,0.8749994277780444,-0.19720864227374102,-0.0593797223068073,0.6839945943523259,0.29940739284581785,,0.0,0.4327546156661787,0.0,0.011319395819729365,False,False,False
428,1773751384.1692977,1773751384169302499,-0.42,8.409937492055881e-20,0.8749994277780444,-0.19720864227374102,-0.0593797223068073,0.6839945943523259,0.29940739284581785,,0.0,0.4327546156661787,0.0,0.0,False,False,False
429,1773751384.2166631,1773751384216667043,-0.42,8.409937492055881e-20,0.8749994277780444,-0.19720864227374102,-0.0593797223068073,0.6839945943523259,0.29940739284581785,,0.0,0.4327546156661787,0.0,0.0,False,False,False
430,1773751384.2666373,1773751384266641113,-0.42,8.409937492055881e-20,0.8749994277780444,-0.19720864227374102,-0.0593797223068073,0.6839945943523259,0.29940739284581785,,0.0,0.4327546156661787,0.0,0.0,False,False,False
431,1773751384.3165934,1773751384316597214,-0.42,8.409937492055881e-20,0.8749994277780444,-0.19584451456512908,-0.05973703863317455,0.7073743666207494,0.2862033482738993,,0.0,0.41393826977668813,0.0,0.023422260153235314,False,False,False
432,1773751384.366755,1773751384366759323,-0.42,8.409937492055881e-20,0.8749994277780444,-0.19576044312107843,-0.05975886613107184,0.716894532890535,0.28080537519413135,,0.0,0.40613505667410876,0.0,0.00952056249660346,False,False,False
433,1773751384.4197032,1773751384419707727,-0.42,8.409937492055881e-20,0.8749994277780444,-0.19576044312107843,-0.05975886613107184,0.716894532890535,0.28080537519413135,,0.0,0.40613505667410876,0.0,0.0,False,False,False
434,1773751384.4666998,1773751384466703153,-0.42,8.409937492055881e-20,0.8749994277780444,-0.19576044312107843,-0.05975886613107184,0.716894532890535,0.28080537519413135,,0.0,0.40613505667410876,0.0,0.0,False,False,False
435,1773751384.5166473,1773751384516651323,-0.42,8.409937492055881e-20,0.8749994277780444,-0.19707853405261044,-0.059412414263994226,0.7447621274733284,0.2649255920810038,,0.0,0.3827632337237417,0.0,0.027900899993206774,False,False,False
436,1773751384.5667756,1773751384566779573,-0.42,8.409937492055881e-20,0.8749994277780444,-0.19707853405261044,-0.059412414263994226,0.7447621274733284,0.2649255920810038,,0.0,0.3827632337237417,0.0,0.0,False,False,False
437,1773751384.6166818,1773751384616685313,-0.42,8.409937492055881e-20,0.8749994277780444,-0.19759701072815739,-0.059276280639148915,0.750084295185544,0.26187889841311085,,0.0,0.3782017283870433,0.0,0.0053490952117017,False,False,False
438,1773751384.6667285,1773751384666732583,-0.42,8.409937492055881e-20,0.8749994277780444,-0.19759701072815739,-0.059276280639148915,0.750084295185544,0.26187889841311085,,0.0,0.3782017283870433,0.0,0.0,False,False,False
439,1773751384.716722,1773751384716727793,-0.42,8.409937492055881e-20,0.8749994277780444,-0.19759701072815739,-0.059276280639148915,0.750084295185544,0.26187889841311085,,0.0,0.3782017283870433,0.0,0.0,False,False,False
440,1773751384.7666624,1773751384766666364,-0.42,8.409937492055881e-20,0.8749994277780444,-0.20248965744373892,-0.057992116456129436,0.7817707971048383,0.2436501842133602,,0.0,0.3503023983957991,0.0,0.03208771530374023,False,False,False
441,1773751384.8166656,1773751384816670394,-0.42,8.409937492055881e-20,0.8749994277780444,-0.20248965744373892,-0.057992116456129436,0.7817707971048383,0.2436501842133602,,0.0,0.3503023983957991,0.0,0.0,False,False,False
442,1773751384.866678,1773751384866681503,-0.42,8.409937492055881e-20,0.8749994277780444,-0.20275944857804673,-0.057921318214729706,0.7830795353056628,0.24289422166445315,,0.0,0.34912051045415,0.0,0.001338131281090757,False,False,False
443,1773751384.919825,1773751384919827957,-0.42,8.409937492055881e-20,0.8749994277780444,-0.20275944857804673,-0.057921318214729706,0.7830795353056628,0.24289422166445315,,0.0,0.34912051045415,0.0,0.0,False,False,False
444,1773751384.9667122,1773751384966715803,-0.42,8.409937492055881e-20,0.8749994277780444,-0.2112796033684219,-0.05568571940807884,0.815645450183655,0.22402677958742756,,0.0,0.3188400691651518,0.0,0.03373617867389379,False,False,False
445,1773751385.017544,1773751385017547789,-0.42,8.409937492055881e-20,0.8749994277780444,-0.2112796033684219,-0.05568571940807884,0.815645450183655,0.22402677958742756,,0.0,0.3188400691651518,0.0,0.0,False,False,False
446,1773751385.0667021,1773751385066705204,-0.42,8.409937492055881e-20,0.8749994277780444,-0.2112796033684219,-0.05568571940807884,0.815645450183655,0.22402677958742756,,0.0,0.3188400691651518,0.0,0.0,False,False,False
447,1773751385.1166859,1773751385116690914,-0.42,8.409937492055881e-20,0.8749994277780444,-0.2112796033684219,-0.05568571940807884,0.815645450183655,0.22402677958742756,,0.0,0.3188400691651518,0.0,0.0,False,False,False
448,1773751385.1668854,1773751385166890393,-0.42,8.409937492055881e-20,0.8749994277780444,-0.2112796033684219,-0.05568571940807884,0.815645450183655,0.22402677958742756,,0.0,0.3188400691651518,0.0,0.0,False,False,False
449,1773751385.2166047,1773751385216607714,-0.42,8.409937492055881e-20,0.8749994277780444,-0.22280581338418903,-0.052661807539162483,0.8466090457423069,0.20606995656936067,,0.0,0.28824018303089544,0.0,0.03317742922889464,False,False,False
450,1773751385.266669,1773751385266672414,-0.42,8.409937492055881e-20,0.8749994277780444,-0.22280581338418903,-0.052661807539162483,0.8466090457423069,0.20606995656936067,,0.0,0.28824018303089544,0.0,0.0,False,False,False
451,1773751385.3167045,1773751385316707484,-0.42,8.409937492055881e-20,0.8749994277780444,-0.22280581338418903,-0.052661807539162483,0.8466090457423069,0.20606995656936067,,0.0,0.28824018303089544,0.0,0.0,False,False,False
452,1773751385.366618,1773751385366620624,-0.42,8.409937492055881e-20,0.8749994277780444,-0.22280581338418903,-0.052661807539162483,0.8466090457423069,0.20606995656936067,,0.0,0.28824018303089544,0.0,0.0,False,False,False
453,1773751385.4185138,1773751385418517205,-0.42,8.409937492055881e-20,0.8749994277780444,-0.233686537580736,-0.04980746892930735,0.8694473069668323,0.19293604195510156,,0.0,0.2642679629950575,0.0,0.025458271420123777,False,False,False
454,1773751385.4669776,1773751385466981363,-0.42,8.409937492055881e-20,0.8749994277780444,-0.2376417422731706,-0.04876993798597528,0.8767634276118745,0.1887754028143878,,0.0,0.25629170168872856,0.0,0.00838127292899128,False,False,False
455,1773751385.516703,1773751385516706314,-0.42,8.409937492055881e-20,0.8749994277780444,-0.2376417422731706,-0.04876993798597528,0.8767634276118745,0.1887754028143878,,0.0,0.25629170168872856,0.0,0.0,False,False,False
456,1773751385.5676324,1773751385567635759,-0.42,8.409937492055881e-20,0.8749994277780444,-0.2376417422731706,-0.04876993798597528,0.8767634276118745,0.1887754028143878,,0.0,0.25629170168872856,0.0,0.0,False,False,False
457,1773751385.616686,1773751385616690285,-0.42,8.409937492055881e-20,0.8749994277780444,-0.25280387644431235,-0.044792715399010016,0.9013611241131168,0.17508817812327607,,0.0,0.22822265365174776,0.0,0.029167709634066143,False,False,False
458,1773751385.666647,1773751385666649845,-0.42,8.409937492055881e-20,0.8749994277780444,-0.25280387644431235,-0.044792715399010016,0.9013611241131168,0.17508817812327607,,0.0,0.22822265365174776,0.0,0.0,False,False,False
459,1773751385.7166862,1773751385716691444,-0.42,8.409937492055881e-20,0.8749994277780444,-0.2550616718943276,-0.04420047897111577,0.9046429094525008,0.17331206081907374,,0.0,0.22431421303239885,0.0,0.004027219797134328,False,False,False
460,1773751385.766629,1773751385766633115,-0.42,8.409937492055881e-20,0.8749994277780444,-0.2550616718943276,-0.04420047897111577,0.9046429094525008,0.17331206081907374,,0.0,0.22431421303239885,0.0,0.0,False,False,False
461,1773751385.8166287,1773751385816632445,-0.42,8.409937492055881e-20,0.8749994277780444,-0.2550616718943276,-0.04420047897111577,0.9046429094525008,0.17331206081907374,,0.0,0.22431421303239885,0.0,0.0,False,False,False
462,1773751385.8667188,1773751385866723355,-0.42,8.409937492055881e-20,0.8749994277780444,-0.275367972593065,-0.038874076313520606,0.9308211068002488,0.1598301505033635,,0.0,0.19145171977429842,0.0,0.03355613848040352,False,False,False
463,1773751385.916615,1773751385916618865,-0.42,8.409937492055881e-20,0.8749994277780444,-0.275367972593065,-0.038874076313520606,0.9308211068002488,0.1598301505033635,,0.0,0.19145171977429842,0.0,0.0,False,False,False
464,1773751385.9667957,1773751385966800814,-0.42,8.409937492055881e-20,0.8749994277780444,-0.275367972593065,-0.038874076313520606,0.9308211068002488,0.1598301505033635,,0.0,0.19145171977429842,0.0,0.0,False,False,False
465,1773751386.016657,1773751386016661855,-0.42,8.409937492055881e-20,0.8749994277780444,-0.27536797259306456,-0.038874076313520634,0.9308211068002488,0.1598301505033639,,0.0,0.19145171977429876,0.0,4.449557262054371e-16,False,False,False
466,1773751386.0666533,1773751386066655885,-0.42,8.409937492055881e-20,0.8749994277780444,-0.2878523380756337,-0.035599437493140706,0.9445068380540186,0.15349789765719019,,0.0,0.17284548646686257,0.0,0.018811748479519795,False,False,False
467,1773751386.1166716,1773751386116674405,-0.42,8.409937492055881e-20,0.8749994277780444,-0.2981888022986954,-0.032888199231281424,0.9547311130330713,0.14925395528330046,,0.0,0.15814404519584296,0.0,0.01478949304048276,False,False,False
468,1773751386.166723,1773751386166728615,-0.42,8.409937492055881e-20,0.8749994277780444,-0.2981888022986954,-0.032888199231281424,0.9547311130330713,0.14925395528330046,,0.0,0.15814404519584296,0.0,0.0,False,False,False
469,1773751386.2166908,1773751386216694285,-0.42,8.409937492055881e-20,0.8749994277780444,-0.2981888022986954,-0.032888199231281424,0.9547311130330713,0.14925395528330046,,0.0,0.15814404519584296,0.0,0.0,False,False,False
470,1773751386.2679026,1773751386267906689,-0.42,8.409937492055881e-20,0.8749994277780444,-0.2981888022986954,-0.032888199231281424,0.9547311130330713,0.14925395528330046,,0.0,0.15814404519584296,0.0,0.0,False,False,False
471,1773751386.3167455,1773751386316748395,-0.42,8.409937492055881e-20,0.8749994277780444,-0.31502210797571717,-0.02847285132254728,0.9695604121034594,0.14412786279165196,,0.0,0.13532283156057218,0.0,0.022864023882296625,False,False,False
472,1773751386.3666377,1773751386366641416,-0.42,8.409937492055881e-20,0.8749994277780444,-0.32339565422403105,-0.026276477223059473,0.9761977128135952,0.1423514867228071,,0.0,0.12441570688965714,0.0,0.010908441532791083,False,False,False
473,1773751386.4165926,1773751386416596616,-0.42,8.409937492055881e-20,0.8749994277780444,-0.32339565422403105,-0.026276477223059473,0.9761977128135952,0.1423514867228071,,0.0,0.12441570688965714,0.0,0.0,False,False,False
474,1773751386.466641,1773751386466643776,-0.42,8.409937492055881e-20,0.8749994277780444,-0.32339565422403105,-0.026276477223059473,0.9761977128135952,0.1423514867228071,,0.0,0.12441570688965714,0.0,0.0,False,False,False
475,1773751386.5165856,1773751386516587956,-0.42,8.409937492055881e-20,0.8749994277780444,-0.34482353537829424,-0.02065595943647159,0.9912363191993239,0.13996136760028477,,0.0,0.0976709710209035,0.0,0.026775062893958933,False,False,False
476,1773751386.5666332,1773751386566638136,-0.42,8.409937492055881e-20,0.8749994277780444,-0.35139662955202167,-0.018931838850853706,0.9953397374136652,0.1398092524917229,,0.0,0.08978188214431707,0.0,0.007938274362368,False,False,False
477,1773751386.6167107,1773751386616714656,-0.42,8.409937492055881e-20,0.8749994277780444,-0.35139662955202167,-0.018931838850853706,0.9953397374136652,0.1398092524917229,,0.0,0.08978188214431707,0.0,0.0,False,False,False
478,1773751386.6666276,1773751386666631056,-0.42,8.409937492055881e-20,0.8749994277780444,-0.35139662955202167,-0.018931838850853706,0.9953397374136652,0.1398092524917229,,0.0,0.08978188214431707,0.0,0.0,False,False,False
479,1773751386.716678,1773751386716681396,-0.42,8.409937492055881e-20,0.8749994277780444,-0.3768600843240285,-0.012252781279213056,1.0092282354436772,0.1415222801573788,,0.0,0.06068599385029555,0.0,0.0297638659535514,False,False,False
480,1773751386.7666545,1773751386766657436,-0.42,8.409937492055881e-20,0.8749994277780444,-0.3768600843240285,-0.012252781279213056,1.0092282354436772,0.1415222801573788,,0.0,0.06068599385029555,0.0,0.0,False,False,False
481,1773751386.8167145,1773751386816718886,-0.42,8.409937492055881e-20,0.8749994277780444,-0.3800544616754331,-0.011414896467536188,1.0107599590982281,0.14197488424979468,,0.0,0.05722999293972079,0.0,0.003640367423037982,False,False,False
482,1773751386.8666296,1773751386866632986,-0.42,8.409937492055881e-20,0.8749994277780444,-0.3800544616754331,-0.011414896467536188,1.0107599590982281,0.14197488424979468,,0.0,0.05722999293972079,0.0,0.0,False,False,False
483,1773751386.9167104,1773751386916713576,-0.42,8.409937492055881e-20,0.8749994277780444,-0.39358508950766147,-0.007865814515140575,1.016763052906935,0.14441794882904774,,0.0,0.043305322567176126,0.0,0.015222056612535203,False,False,False
484,1773751386.9682176,1773751386968220298,-0.42,8.409937492055881e-20,0.8749994277780444,-0.40671516300122307,-0.004421796507457032,1.0218698651980775,0.1475363160933243,,0.0,0.03162772758186683,0.0,0.014503090076274879,False,False,False
485,1773751387.0165973,1773751387016599527,-0.42,8.409937492055881e-20,0.8749994277780444,-0.40671516300122307,-0.004421796507457032,1.0218698651980775,0.1475363160933243,,0.0,0.03162772758186683,0.0,0.0,False,False,False
486,1773751387.066736,1773751387066739066,-0.42,8.409937492055881e-20,0.8749994277780444,-0.40671516300122307,-0.004421796507457032,1.0218698651980775,0.1475363160933243,,0.0,0.03162772758186683,0.0,0.0,False,False,False
487,1773751387.1167855,1773751387116792576,-0.42,8.409937492055881e-20,0.8749994277780444,-0.40671516300122307,-0.004421796507457032,1.0218698651980775,0.1475363160933243,,0.0,0.03162772758186683,0.0,0.0,False,False,False
488,1773751387.166648,1773751387166650527,-0.42,8.409937492055881e-20,0.8749994277780444,-0.4167832321482985,-0.001780944476422218,1.0253284722139688,0.15037400360320924,,0.0,0.02523810689803629,0.0,0.010968230408342319,False,False,False
489,1773751387.2190008,1773751387219004355,-0.42,8.409937492055881e-20,0.8749994277780444,-0.4167832321482985,-0.001780944476422218,1.0253284722139688,0.15037400360320924,,0.0,0.02523810689803629,0.0,0.0,False,False,False
490,1773751387.2665918,1773751387266594877,-0.42,8.409937492055881e-20,0.8749994277780444,-0.4167832321482985,-0.001780944476422218,1.0253284722139688,0.15037400360320924,,0.0,0.02523810689803629,0.0,0.0,False,False,False
491,1773751387.316662,1773751387316665997,-0.42,8.409937492055881e-20,0.8749994277780444,-0.4167832321482985,-0.001780944476422218,1.0253284722139688,0.15037400360320924,,0.0,0.02523810689803629,0.0,0.0,False,False,False
492,1773751387.366624,1773751387366627287,-0.42,8.409937492055881e-20,0.8749994277780444,-0.4189770488279136,-0.0012055061296717172,1.0260309494173212,0.1510397967517319,,0.0,0.024335111974951692,0.0,0.0023743283546927845,False,False,False
493,1773751387.4169157,1773751387416924556,-0.42,8.409937492055881e-20,0.8749994277780444,-0.41951315188619615,-0.0010648863149885406,1.0261998715957268,0.15120497747962497,,0.0,0.024147572173698263,0.0,0.0005794092886196491,False,False,False
494,1773751387.4667072,1773751387466710277,-0.42,8.409937492055881e-20,0.8749994277780444,-0.41951315188619615,-0.0010648863149885406,1.0261998715957268,0.15120497747962497,,0.0,0.024147572173698263,0.0,0.0,False,False,False
495,1773751387.516623,1773751387516625757,-0.42,8.409937492055881e-20,0.8749994277780444,-0.41951315188619615,-0.0010648863149885406,1.0261998715957268,0.15120497747962497,,0.0,0.024147572173698263,0.0,0.0,False,False,False
496,1773751387.566577,1773751387566579638,-0.42,8.409937492055881e-20,0.8749994277780444,-0.4202102847860078,-0.000882028475144754,1.0264179192804832,0.15142120645007529,,0.0,0.023924112107330284,0.0,0.0007529781287791712,False,False,False
497,1773751387.6165903,1773751387616593358,-0.42,8.409937492055881e-20,0.8749994277780444,-0.4202102847860078,-0.000882028475144754,1.0264179192804832,0.15142120645007529,,0.0,0.023924112107330284,0.0,0.0,False,False,False
498,1773751387.6684237,1773751387668427388,-0.42,8.409937492055881e-20,0.8749994277780444,-0.42030577089177446,-0.0008569824727749267,1.0264476448639832,0.1514509503875976,,0.0,0.023895330051762084,0.0,0.00010309466011198326,False,False,False
499,1773751387.7165911,1773751387716594038,-0.42,8.409937492055881e-20,0.8749994277780444,-0.42030577089177446,-0.0008569824727749267,1.0264476448639832,0.1514509503875976,,0.0,0.023895330051762084,0.0,0.0,False,False,False
500,1773751387.7682145,1773751387768218520,-0.42,8.409937492055881e-20,0.8749994277780444,-0.42030577089177446,-0.0008569824727749267,1.0264476448639832,0.1514509503875976,,0.0,0.023895330051762084,0.0,0.0,False,False,False
501,1773751387.8166883,1773751387816691748,-0.42,8.409937492055881e-20,0.8749994277780444,-0.4204833169893913,-0.0008104121587665699,1.026502824465141,0.15150633508506198,,0.0,0.023842997490615744,0.0,0.00019166689674991687,False,False,False
502,1773751387.8667085,1773751387866711768,-0.42,8.409937492055881e-20,0.8749994277780444,-0.42050065765836325,-0.0008058637018736852,1.0265082076229959,0.15151175018625734,,0.0,0.023837968845946387,0.0,1.871805676323081e-05,False,False,False
503,1773751387.9166012,1773751387916603858,-0.42,8.409937492055881e-20,0.8749994277780444,-0.42050065765836325,-0.0008058637018736852,1.0265082076229959,0.15151175018625734,,0.0,0.023837968845946387,0.0,0.0,False,False,False
504,1773751387.966571,1773751387966573639,-0.42,8.409937492055881e-20,0.8749994277780444,-0.42050065765836325,-0.0008058637018736852,1.0265082076229959,0.15151175018625734,,0.0,0.023837968845946387,0.0,0.0,False,False,False
505,1773751388.0167394,1773751388016744528,-0.42,8.409937492055881e-20,0.8749994277780444,-0.42052485648352733,-0.0007946593486097108,1.0264350918719365,0.151438658596036,,0.0,0.023911498418958607,0.0,7.782694728925738e-05,False,False,False
506,1773751388.0666406,1773751388066648828,-0.42,8.409937492055881e-20,0.8749994277780444,-0.42052485648352733,-0.0007946593486097108,1.0264350918719365,0.151438658596036,,0.0,0.023911498418958607,0.0,0.0,False,False,False
507,1773751388.1167588,1773751388116764317,-0.42,8.409937492055881e-20,0.8749994277780444,-0.42052485648352733,-0.0007946593486097108,1.0264350918719365,0.151438658596036,,0.0,0.023911498418958607,0.0,0.0,False,False,False
508,1773751388.166732,1773751388166735348,-0.42,8.409937492055881e-20,0.8749994277780444,-0.42052012001732747,-0.0007913937971260928,1.0263587731867163,0.15136230796177827,,0.0,0.023987619163671047,0.0,7.653521837880398e-05,False,False,False
509,1773751388.2166789,1773751388216683078,-0.42,8.409937492055881e-20,0.8749994277780444,-0.42052012001732747,-0.0007913937971260928,1.0263587731867163,0.15136230796177827,,0.0,0.023987619163671047,0.0,0.0,False,False,False
510,1773751388.2667322,1773751388266736678,-0.42,8.409937492055881e-20,0.8749994277780444,-0.42042936514904483,-0.0007175373565554255,1.0247049644189794,0.14970787192141768,,0.0,0.02563794862405227,0.0,0.0016579429001549598,False,False,False
511,1773751388.3167434,1773751388316746908,-0.42,8.409937492055881e-20,0.8749994277780444,-0.42042936514904483,-0.0007175373565554255,1.0247049644189794,0.14970787192141768,,0.0,0.02563794862405227,0.0,0.0,False,False,False
512,1773751388.366772,1773751388366775598,-0.42,8.409937492055881e-20,0.8749994277780444,-0.42042936514904483,-0.0007175373565554255,1.0247049644189794,0.14970787192141768,,0.0,0.02563794862405227,0.0,0.0,False,False,False
513,1773751388.4190962,1773751388419100676,-0.42,8.409937492055881e-20,0.8749994277780444,-0.42042936514904483,-0.0007175373565554255,1.0247049644189794,0.14970787192141768,,0.0,0.02563794862405227,0.0,0.0,False,False,False
514,1773751388.4676602,1773751388467663083,-0.42,8.409937492055881e-20,0.8749994277780444,-0.42032991543844284,-0.0006162166325323806,1.022542022741185,0.1475442506355029,,0.0,0.027797960148230938,0.0,0.0021675960960463674,False,False,False
515,1773751388.5167696,1773751388516774868,-0.42,8.409937492055881e-20,0.8749994277780444,-0.4202542969220735,-0.0005224789898466392,1.0206076780470374,0.14560940971522796,,0.0,0.029730761328980945,0.0,0.0019380903749440985,False,False,False
516,1773751388.5666397,1773751388566642969,-0.42,8.409937492055881e-20,0.8749994277780444,-0.4202542969220735,-0.0005224789898466392,1.0206076780470374,0.14560940971522796,,0.0,0.029730761328980945,0.0,0.0,False,False,False
517,1773751388.616594,1773751388616597089,-0.42,8.409937492055881e-20,0.8749994277780444,-0.4202542969220735,-0.0005224789898466392,1.0206076780470374,0.14560940971522796,,0.0,0.029730761328980945,0.0,0.0,False,False,False
518,1773751388.666621,1773751388666624969,-0.42,8.409937492055881e-20,0.8749994277780444,-0.42015356254495145,-0.0003572479349263954,1.0173311130395217,0.14233221644067257,,0.0,0.033006331968655156,0.0,0.0032822746632054896,False,False,False
519,1773751388.7167094,1773751388716713369,-0.42,8.409937492055881e-20,0.8749994277780444,-0.42013057635759016,-0.00030742053888918315,1.0163735291791471,0.14137449594796853,,0.0,0.033963916656955424,0.0,0.0009591548278850281,False,False,False
520,1773751388.7666402,1773751388766644119,-0.42,8.409937492055881e-20,0.8749994277780444,-0.42013057635759016,-0.00030742053888918315,1.0163735291791471,0.14137449594796853,,0.0,0.033963916656955424,0.0,0.0,False,False,False
521,1773751388.8166673,1773751388816671179,-0.42,8.409937492055881e-20,0.8749994277780444,-0.42013057635759016,-0.00030742053888918315,1.0163735291791471,0.14137449594796853,,0.0,0.033963916656955424,0.0,0.0,False,False,False
522,1773751388.8666997,1773751388866705509,-0.42,8.409937492055881e-20,0.8749994277780444,-0.4200903692915011,-0.00019611484387225116,1.0142808326213895,0.13928157222969814,,0.0,0.03605697017153747,0.0,0.0020960401830016346,False,False,False
523,1773751388.916668,1773751388916671449,-0.42,8.409937492055881e-20,0.8749994277780444,-0.4200903692915011,-0.00019611484387225116,1.0142808326213895,0.13928157222969814,,0.0,0.03605697017153747,0.0,0.0,False,False,False
524,1773751388.9666896,1773751388966692219,-0.42,8.409937492055881e-20,0.8749994277780444,-0.4200879103981012,-0.00018764615433451416,1.0141241216688401,0.13912484821024945,,0.0,0.036213725377251545,0.0,0.0001569588720275293,False,False,False
525,1773751389.0190768,1773751389019079837,-0.42,8.409937492055881e-20,0.8749994277780444,-0.4200879103981012,-0.00018764615433451416,1.0141241216688401,0.13912484821024945,,0.0,0.036213725377251545,0.0,0.0,False,False,False
526,1773751389.0666506,1773751389066653840,-0.42,8.409937492055881e-20,0.8749994277780444,-0.4200879103981012,-0.00018764615433451416,1.0141241216688401,0.13912484821024945,,0.0,0.036213725377251545,0.0,0.0,False,False,False
527,1773751389.1167462,1773751389116751119,-0.42,8.409937492055881e-20,0.8749994277780444,-0.42007846853173325,-0.00015207543387065332,1.0134696188275427,0.13847029679152356,,0.0,0.03686843708956267,0.0,0.000655536722282762,False,False,False
528,1773751389.1666467,1773751389166649840,-0.42,8.409937492055881e-20,0.8749994277780444,-0.42007846853173325,-0.00015207543387065332,1.0134696188275427,0.13847029679152356,,0.0,0.03686843708956267,0.0,0.0,False,False,False
529,1773751389.2171454,1773751389217148048,-0.42,8.409937492055881e-20,0.8749994277780444,-0.42007834837082025,-0.00015158555797819818,1.0134606466319998,0.1384613239976114,,0.0,0.03687741241171742,0.0,8.986362439622185e-06,False,False,False
530,1773751389.2665932,1773751389266597930,-0.42,8.409937492055881e-20,0.8749994277780444,-0.42007834837082025,-0.00015158555797819818,1.0134606466319998,0.1384613239976114,,0.0,0.03687741241171742,0.0,0.0,False,False,False
531,1773751389.3167086,1773751389316713590,-0.42,8.409937492055881e-20,0.8749994277780444,-0.42007614267363935,-0.0001423930211585141,1.0132924901125309,0.13829315660338865,,0.0,0.037045628817334905,0.0,0.00016842203796749798,False,False,False
532,1773751389.3666484,1773751389366650731,-0.42,8.409937492055881e-20,0.8749994277780444,-0.42007614267363935,-0.0001423930211585141,1.0132924901125309,0.13829315660338865,,0.0,0.037045628817334905,0.0,0.0,False,False,False
533,1773751389.4166415,1773751389416645830,-0.42,8.409937492055881e-20,0.8749994277780444,-0.42007614267363935,-0.0001423930211585141,1.0132924901125309,0.13829315660338865,,0.0,0.037045628817334905,0.0,0.0,False,False,False
534,1773751389.466669,1773751389466674400,-0.42,8.409937492055881e-20,0.8749994277780444,-0.42007614267363935,-0.0001423930211585141,1.0132924901125309,0.13829315660338865,,0.0,0.037045628817334905,0.0,0.0,False,False,False
535,1773751389.51683,1773751389516834279,-0.42,8.409937492055881e-20,0.8749994277780444,-0.42007614267363935,-0.0001423930211585141,1.0132924901125309,0.13829315660338865,,0.0,0.037045628817334905,0.0,0.0,False,False,False
536,1773751389.5668263,1773751389566831790,-0.42,8.409937492055881e-20,0.8749994277780444,-0.4200755493781332,-0.00013985202697086992,1.0132460775537404,0.13824674115689647,,0.0,0.037092058333017625,0.0,4.648585015353202e-05,False,False,False
537,1773751389.616683,1773751389616687131,-0.42,8.409937492055881e-20,0.8749994277780444,-0.4200755493781332,-0.00013985202697086992,1.0132460775537404,0.13824674115689647,,0.0,0.037092058333017625,0.0,0.0,False,False,False
538,1773751389.6666758,1773751389666679431,-0.42,8.409937492055881e-20,0.8749994277780444,-0.4200755493781332,-0.00013985202697086992,1.0132460775537404,0.13824674115689647,,0.0,0.037092058333017625,0.0,0.0,False,False,False
539,1773751389.7166135,1773751389716617501,-0.42,8.409937492055881e-20,0.8749994277780444,-0.4200755493781332,-0.00013985202697086992,1.0132460775537404,0.13824674115689647,,0.0,0.037092058333017625,0.0,0.0,False,False,False
540,1773751389.7667055,1773751389766708851,-0.42,8.409937492055881e-20,0.8749994277780444,-0.4200754066959194,-0.0001392363773330448,1.013234836891515,0.1382354998027176,,0.0,0.037103303129708075,0.0,1.1258413296626941e-05,False,False,False
541,1773751389.8167849,1773751389816789120,-0.42,8.409937492055881e-20,0.8749994277780444,-0.4200754066959194,-0.0001392363773330448,1.013234836891515,0.1382354998027176,,0.0,0.037103303129708075,0.0,0.0,False,False,False
542,1773751389.8666954,1773751389866698971,-0.42,8.409937492055881e-20,0.8749994277780444,-0.4200355191694744,-0.0001957875583994308,1.0132208137770011,0.13822152922700578,,0.0,0.037116734262533715,0.0,7.060947943847601e-05,False,False,False
543,1773751389.9195533,1773751389919558286,-0.42,8.409937492055881e-20,0.8749994277780444,-0.4200355191694744,-0.0001957875583994308,1.0132208137770011,0.13822152922700578,,0.0,0.037116734262533715,0.0,0.0,False,False,False
544,1773751389.966719,1773751389966722611,-0.42,8.409937492055881e-20,0.8749994277780444,-0.4200355191694744,-0.0001957875583994308,1.0132208137770011,0.13822152922700578,,0.0,0.037116734262533715,0.0,0.0,False,False,False
545,1773751390.0165925,1773751390016595222,-0.42,8.409937492055881e-20,0.8749994277780444,-0.41950750978145296,-0.0009438285932230311,1.0130239131391976,0.13802859094491962,,0.0,0.037317929527549476,0.0,0.0009365517416492163,False,False,False
546,1773751390.066655,1773751390066657982,-0.42,8.409937492055881e-20,0.8749994277780444,-0.4192439111025608,-0.0013173277457141546,1.0129237420654063,0.13793267739897397,,0.0,0.03742861167981278,0.0,0.000467995859436577,False,False,False
547,1773751390.1166782,1773751390116682251,-0.42,8.409937492055881e-20,0.8749994277780444,-0.4192439111025608,-0.0013173277457141546,1.0129237420654063,0.13793267739897397,,0.0,0.03742861167981278,0.0,0.0,False,False,False
548,1773751390.1666596,1773751390166662762,-0.42,8.409937492055881e-20,0.8749994277780444,-0.4192439111025608,-0.0013173277457141546,1.0129237420654063,0.13793267739897397,,0.0,0.03742861167981278,0.0,0.0,False,False,False
549,1773751390.2166877,1773751390216691332,-0.42,8.409937492055881e-20,0.8749994277780444,-0.4167630210044003,-0.00483687154743914,1.0119522351259582,0.13707641956171449,,0.0,0.0387616950363042,0.0,0.0044142757033070815,False,False,False
550,1773751390.2667232,1773751390266726892,-0.42,8.409937492055881e-20,0.8749994277780444,-0.4167630210044003,-0.00483687154743914,1.0119522351259582,0.13707641956171449,,0.0,0.0387616950363042,0.0,0.0,False,False,False
551,1773751390.316679,1773751390316682802,-0.42,8.409937492055881e-20,0.8749994277780444,-0.4167630210044003,-0.00483687154743914,1.0119522351259582,0.13707641956171449,,0.0,0.0387616950363042,0.0,0.0,False,False,False
552,1773751390.366614,1773751390366617443,-0.42,8.409937492055881e-20,0.8749994277780444,-0.4166751985397062,-0.0049616101030209424,1.0119168885006615,0.13704766663571538,,0.0,0.0388182102169138,0.0,0.00015659462466333663,False,False,False
553,1773751390.4175925,1773751390417596427,-0.42,8.409937492055881e-20,0.8749994277780444,-0.4166751985397062,-0.0049616101030209424,1.0119168885006615,0.13704766663571538,,0.0,0.0388182102169138,0.0,0.0,False,False,False
554,1773751390.4667356,1773751390466740502,-0.42,8.409937492055881e-20,0.8749994277780444,-0.4143514388659372,-0.008266098501670666,1.010958107742109,0.13632680325194865,,0.0,0.04052893856602039,0.0,0.004151958952255665,False,False,False
555,1773751390.5166407,1773751390516644012,-0.42,8.409937492055881e-20,0.8749994277780444,-0.4119153020547967,-0.011739460279987731,1.0099037251947192,0.13565524954832092,,0.0,0.042732927825946745,0.0,0.004371581768869039,False,False,False
556,1773751390.5666542,1773751390566656893,-0.42,8.409937492055881e-20,0.8749994277780444,-0.4119153020547967,-0.011739460279987731,1.0099037251947192,0.13565524954832092,,0.0,0.042732927825946745,0.0,0.0,False,False,False
557,1773751390.6166344,1773751390616637483,-0.42,8.409937492055881e-20,0.8749994277780444,-0.4119153020547967,-0.011739460279987731,1.0099037251947192,0.13565524954832092,,0.0,0.042732927825946745,0.0,0.0,False,False,False
558,1773751390.6666083,1773751390666613483,-0.42,8.409937492055881e-20,0.8749994277780444,-0.407435014312583,-0.018151841533516698,1.0078308293185925,0.1346534420340201,,0.0,0.04770324528438788,0.0,0.00809249707487764,False,False,False
559,1773751390.7166164,1773751390716619363,-0.42,8.409937492055881e-20,0.8749994277780444,-0.4048492003810444,-0.021869717713760062,1.006553793726576,0.1342176682933118,,0.0,0.05101393297501895,0.0,0.004705300934418213,False,False,False
560,1773751390.76707,1773751390767072881,-0.42,8.409937492055881e-20,0.8749994277780444,-0.4048492003810444,-0.021869717713760062,1.006553793726576,0.1342176682933118,,0.0,0.05101393297501895,0.0,0.0,False,False,False
561,1773751390.8182495,1773751390818253285,-0.42,8.409937492055881e-20,0.8749994277780444,-0.4048492003810444,-0.021869717713760062,1.006553793726576,0.1342176682933118,,0.0,0.05101393297501895,0.0,0.0,False,False,False
562,1773751390.8668935,1773751390866898772,-0.42,8.409937492055881e-20,0.8749994277780444,-0.4048492003810444,-0.021869717713760062,1.006553793726576,0.1342176682933118,,0.0,0.05101393297501895,0.0,0.0,False,False,False
563,1773751390.916663,1773751390916666963,-0.42,8.409937492055881e-20,0.8749994277780444,-0.39770456438811924,-0.0322144725528038,1.0027076424324823,0.13358235954347739,,0.0,0.0614033408464101,0.0,0.013147344063664681,False,False,False
564,1773751390.9695864,1773751390969590188,-0.42,8.409937492055881e-20,0.8749994277780444,-0.39770456438811924,-0.0322144725528038,1.0027076424324823,0.13358235954347739,,0.0,0.0614033408464101,0.0,0.0,False,False,False
565,1773751391.0181704,1773751391018173945,-0.42,8.409937492055881e-20,0.8749994277780444,-0.3956082027446032,-0.035272533087855606,1.0014876496729126,0.13356040446894307,,0.0,0.06472384477221942,0.0,0.003903184431954162,False,False,False
566,1773751391.0666432,1773751391066646254,-0.42,8.409937492055881e-20,0.8749994277780444,-0.3956082027446032,-0.035272533087855606,1.0014876496729126,0.13356040446894307,,0.0,0.06472384477221942,0.0,0.0,False,False,False
567,1773751391.117617,1773751391117619068,-0.42,8.409937492055881e-20,0.8749994277780444,-0.3956082027446032,-0.035272533087855606,1.0014876496729126,0.13356040446894307,,0.0,0.06472384477221942,0.0,0.0,False,False,False
568,1773751391.1666663,1773751391166670984,-0.42,8.409937492055881e-20,0.8749994277780444,-0.38544056293011403,-0.050279752948466316,0.9949449760606289,0.13457095823377357,,0.0,0.08209172090380605,0.0,0.019271848000095022,False,False,False
569,1773751391.2166734,1773751391216676774,-0.42,8.409937492055881e-20,0.8749994277780444,-0.38544056293011403,-0.050279752948466316,0.9949449760606289,0.13457095823377357,,0.0,0.08209172090380605,0.0,0.0,False,False,False
570,1773751391.2667415,1773751391266745833,-0.42,8.409937492055881e-20,0.8749994277780444,-0.38433152605327253,-0.05193649421353987,0.9941655992232394,0.13479694314704266,,0.0,0.08409238693117362,0.0,0.0021406033421096753,False,False,False
571,1773751391.3166397,1773751391316644544,-0.42,8.409937492055881e-20,0.8749994277780444,-0.38433152605327253,-0.05193649421353987,0.9941655992232394,0.13479694314704266,,0.0,0.08409238693117362,0.0,0.0,False,False,False
572,1773751391.3667645,1773751391366767514,-0.42,8.409937492055881e-20,0.8749994277780444,-0.37161200671160005,-0.07127914603023745,0.9842098332892859,0.13910078082170482,,0.0,0.10826700358215556,0.0,0.02520003228007544,False,False,False
573,1773751391.417563,1773751391417565899,-0.42,8.409937492055881e-20,0.8749994277780444,-0.37161200671160005,-0.07127914603023745,0.9842098332892859,0.13910078082170482,,0.0,0.10826700358215556,0.0,0.0,False,False,False
574,1773751391.466651,1773751391466653714,-0.42,8.409937492055881e-20,0.8749994277780444,-0.37161200671160005,-0.07127914603023745,0.9842098332892859,0.13910078082170482,,0.0,0.10826700358215556,0.0,0.0,False,False,False
575,1773751391.5166068,1773751391516609345,-0.42,8.409937492055881e-20,0.8749994277780444,-0.37161200671160005,-0.07127914603023745,0.9842098332892859,0.13910078082170482,,0.0,0.10826700358215556,0.0,0.0,False,False,False
576,1773751391.5666032,1773751391566606215,-0.42,8.409937492055881e-20,0.8749994277780444,-0.35741754933100495,-0.09383010253873482,0.9705563295460289,0.1478234512845067,,0.0,0.13780207680765744,0.0,0.029940715159207605,False,False,False
577,1773751391.6167707,1773751391616775414,-0.42,8.409937492055881e-20,0.8749994277780444,-0.35741754933100495,-0.09383010253873482,0.9705563295460289,0.1478234512845067,,0.0,0.13780207680765744,0.0,0.0,False,False,False
578,1773751391.6667707,1773751391666775134,-0.42,8.409937492055881e-20,0.8749994277780444,-0.35741754933100495,-0.09383010253873482,0.9705563295460289,0.1478234512845067,,0.0,0.13780207680765744,0.0,0.0,False,False,False
579,1773751391.7166383,1773751391716642245,-0.42,8.409937492055881e-20,0.8749994277780444,-0.35741754933100495,-0.09383010253873482,0.9705563295460289,0.1478234512845067,,0.0,0.13780207680765744,0.0,0.0,False,False,False
580,1773751391.7666285,1773751391766633205,-0.42,8.409937492055881e-20,0.8749994277780444,-0.34690740985973123,-0.11146888149984666,0.9582747838921423,0.15717068178311752,,0.0,0.16164525083954495,0.0,0.023925424104769565,False,False,False
581,1773751391.8167489,1773751391816752125,-0.42,8.409937492055881e-20,0.8749994277780444,-0.34690740985973123,-0.11146888149984666,0.9582747838921423,0.15717068178311752,,0.0,0.16164525083954495,0.0,0.0,False,False,False
582,1773751391.8666832,1773751391866688775,-0.42,8.409937492055881e-20,0.8749994277780444,-0.34267376194525456,-0.11888138867424433,0.9526772445305702,0.16169717029142747,,0.0,0.17183701969230591,0.0,0.010207912821855304,False,False,False
583,1773751391.9166505,1773751391916653545,-0.42,8.409937492055881e-20,0.8749994277780444,-0.34267376194525456,-0.11888138867424433,0.9526772445305702,0.16169717029142747,,0.0,0.17183701969230591,0.0,0.0,False,False,False
584,1773751391.9696083,1773751391969613960,-0.42,8.409937492055881e-20,0.8749994277780444,-0.34267376194525456,-0.11888138867424433,0.9526772445305702,0.16169717029142747,,0.0,0.17183701969230591,0.0,0.0,False,False,False
585,1773751392.0178459,1773751392017850179,-0.42,8.409937492055881e-20,0.8749994277780444,-0.33071466009249173,-0.14116281562454258,0.934218435620549,0.17721654360498768,,0.0,0.20307223501656577,0.0,0.0313083013024168,False,False,False
586,1773751392.0675836,1773751392067588731,-0.42,8.409937492055881e-20,0.8749994277780444,-0.33071466009249173,-0.14116281562454258,0.934218435620549,0.17721654360498768,,0.0,0.20307223501656577,0.0,0.0,False,False,False
587,1773751392.1169262,1773751392116929494,-0.42,8.409937492055881e-20,0.8749994277780444,-0.3284580941309335,-0.14566057951263311,0.9301843375842789,0.18067179974865855,,0.0,0.20948768582284225,0.0,0.0064494896618346904,False,False,False
588,1773751392.1666226,1773751392166626146,-0.42,8.409937492055881e-20,0.8749994277780444,-0.3284580941309335,-0.14566057951263311,0.9301843375842789,0.18067179974865855,,0.0,0.20948768582284225,0.0,0.0,False,False,False
589,1773751392.2180107,1773751392218013509,-0.42,8.409937492055881e-20,0.8749994277780444,-0.3162533303520402,-0.17265653562329206,0.9036307538074739,0.20345368904663172,,0.0,0.24883953797900077,0.0,0.039784805097160016,False,False,False
590,1773751392.266818,1773751392266820655,-0.42,8.409937492055881e-20,0.8749994277780444,-0.3162533303520402,-0.17265653562329206,0.9036307538074739,0.20345368904663172,,0.0,0.24883953797900077,0.0,0.0,False,False,False
591,1773751392.3167493,1773751392316754946,-0.42,8.409937492055881e-20,0.8749994277780444,-0.3162533303520402,-0.17265653562329206,0.9036307538074739,0.20345368904663172,,0.0,0.24883953797900077,0.0,0.0,False,False,False
592,1773751392.3686366,1773751392368640016,-0.42,8.409937492055881e-20,0.8749994277780444,-0.3157795263351554,-0.17383924893229166,0.902372917539508,0.20452701421080977,,0.0,0.25059716938754895,0.0,0.0017903779195218659,False,False,False
593,1773751392.4167573,1773751392416762716,-0.42,8.409937492055881e-20,0.8749994277780444,-0.3157795263351554,-0.17383924893229166,0.902372917539508,0.20452701421080977,,0.0,0.25059716938754895,0.0,0.0,False,False,False
594,1773751392.4669425,1773751392466945685,-0.42,8.409937492055881e-20,0.8749994277780444,-0.30630552716862613,-0.20244307505732448,0.8693417349869962,0.23225339885303595,,0.0,0.29404884325068736,0.0,0.0447101168642609,False,False,False
595,1773751392.5171137,1773751392517116594,-0.42,8.409937492055881e-20,0.8749994277780444,-0.30630552716862613,-0.20244307505732448,0.8693417349869962,0.23225339885303595,,0.0,0.29404884325068736,0.0,0.0,False,False,False
596,1773751392.5666182,1773751392566621577,-0.42,8.409937492055881e-20,0.8749994277780444,-0.30630552716862613,-0.20244307505732448,0.8693417349869962,0.23225339885303595,,0.0,0.29404884325068736,0.0,0.0,False,False,False
597,1773751392.6168191,1773751392616824406,-0.42,8.409937492055881e-20,0.8749994277780444,-0.30630552716862613,-0.20244307505732448,0.8693417349869962,0.23225339885303595,,0.0,0.29404884325068736,0.0,0.0,False,False,False
598,1773751392.6669188,1773751392666921555,-0.42,8.409937492055881e-20,0.8749994277780444,-0.30630552716862613,-0.20244307505732448,0.8693417349869962,0.23225339885303595,,0.0,0.29404884325068736,0.0,0.0,False,False,False
599,1773751392.7167692,1773751392716775386,-0.42,8.409937492055881e-20,0.8749994277780444,-0.30283629388244104,-0.2203733296826617,0.8459627525012288,0.25126652578040726,,0.0,0.32224118244539146,0.0,0.029666587815136772,False,False,False
600,1773751392.7673664,1773751392767369543,-0.42,8.409937492055881e-20,0.8749994277780444,-0.3018351767650006,-0.23032532474716402,0.8319253761017772,0.26242723676831825,,0.0,0.33835757393990024,0.0,0.017236367872222692,False,False,False
601,1773751392.8166337,1773751392816636497,-0.42,8.409937492055881e-20,0.8749994277780444,-0.3018351767650006,-0.23032532474716402,0.8319253761017772,0.26242723676831825,,0.0,0.33835757393990024,0.0,0.0,False,False,False
602,1773751392.866706,1773751392866709277,-0.42,8.409937492055881e-20,0.8749994277780444,-0.3018351767650006,-0.23032532474716402,0.8319253761017772,0.26242723676831825,,0.0,0.33835757393990024,0.0,0.0,False,False,False
603,1773751392.9167295,1773751392916734237,-0.42,8.409937492055881e-20,0.8749994277780444,-0.3030597582526692,-0.24995151781548702,0.8022855072874502,0.28537360710356935,,0.0,0.3707183502211642,0.0,0.03556977477445626,False,False,False
604,1773751392.9667876,1773751392966856156,-0.42,8.409937492055881e-20,0.8749994277780444,-0.3030597582526692,-0.24995151781548702,0.8022855072874502,0.28537360710356935,,0.0,0.3707183502211642,0.0,0.0,False,False,False
605,1773751393.016622,1773751393016625228,-0.42,8.409937492055881e-20,0.8749994277780444,-0.3043590031856056,-0.2559492620867259,0.7925826188920568,0.2927035963118931,,0.0,0.380876207278744,0.0,0.011480723712048769,False,False,False
606,1773751393.0666683,1773751393066671508,-0.42,8.409937492055881e-20,0.8749994277780444,-0.3043590031856056,-0.2559492620867259,0.7925826188920568,0.2927035963118931,,0.0,0.380876207278744,0.0,0.0,False,False,False
607,1773751393.1167698,1773751393116773177,-0.42,8.409937492055881e-20,0.8749994277780444,-0.3043590031856056,-0.2559492620867259,0.7925826188920568,0.2927035963118931,,0.0,0.380876207278744,0.0,0.0,False,False,False
608,1773751393.1666539,1773751393166657418,-0.42,8.409937492055881e-20,0.8749994277780444,-0.3120667920627286,-0.2754294279753203,0.7576155025276264,0.3182607941258837,,0.0,0.4158446666685848,0.0,0.040762557565308284,False,False,False
609,1773751393.2179396,1773751393217944091,-0.42,8.409937492055881e-20,0.8749994277780444,-0.3120667920627286,-0.2754294279753203,0.7576155025276264,0.3182607941258837,,0.0,0.4158446666685848,0.0,0.0,False,False,False
610,1773751393.2672663,1773751393267558403,-0.42,8.409937492055881e-20,0.8749994277780444,-0.31376863521434883,-0.27827172253919435,0.7519777695738503,0.32226477129289516,,0.0,0.4212672950062277,0.0,0.006539032142346306,False,False,False
611,1773751393.3166323,1773751393316636668,-0.42,8.409937492055881e-20,0.8749994277780444,-0.31376863521434883,-0.27827172253919435,0.7519777695738503,0.32226477129289516,,0.0,0.4212672950062277,0.0,0.0,False,False,False
612,1773751393.36666,1773751393366663108,-0.42,8.409937492055881e-20,0.8749994277780444,-0.31376863521434883,-0.27827172253919435,0.7519777695738503,0.32226477129289516,,0.0,0.4212672950062277,0.0,0.0,False,False,False
613,1773751393.4166453,1773751393416649329,-0.42,8.409937492055881e-20,0.8749994277780444,-0.32923481101208707,-0.29532191407733743,0.7142188703589553,0.348286864682415,,0.0,0.4562273482540715,0.0,0.0442226875620932,False,False,False
614,1773751393.466766,1773751393466771448,-0.42,8.409937492055881e-20,0.8749994277780444,-0.32923481101208707,-0.29532191407733743,0.7142188703589553,0.348286864682415,,0.0,0.4562273482540715,0.0,0.0,False,False,False
615,1773751393.5166054,1773751393516608919,-0.42,8.409937492055881e-20,0.8749994277780444,-0.32923481101208696,-0.29532191407733754,0.7142188703589551,0.34828686468241515,,0.0,0.4562273482540717,0.0,1.9229626863835638e-16,False,False,False
616,1773751393.5666704,1773751393566673549,-0.42,8.409937492055881e-20,0.8749994277780444,-0.32923481101208696,-0.29532191407733754,0.7142188703589551,0.34828686468241515,,0.0,0.4562273482540717,0.0,0.0,False,False,False
617,1773751393.6167524,1773751393616758758,-0.42,8.409937492055881e-20,0.8749994277780444,-0.32923481101208696,-0.29532191407733754,0.7142188703589551,0.34828686468241515,,0.0,0.4562273482540717,0.0,0.0,False,False,False
618,1773751393.667029,1773751393667035827,-0.42,8.409937492055881e-20,0.8749994277780444,-0.3511382701832035,-0.30788909525945274,0.6781376883710336,0.3718765618527197,,0.0,0.4876236108690024,0.0,0.04404029132703816,False,False,False
619,1773751393.7168808,1773751393716887058,-0.42,8.409937492055881e-20,0.8749994277780444,-0.3511382701832035,-0.30788909525945274,0.6781376883710336,0.3718765618527197,,0.0,0.4876236108690024,0.0,0.0,False,False,False
620,1773751393.766595,1773751393766598400,-0.42,8.409937492055881e-20,0.8749994277780444,-0.3511382701832035,-0.30788909525945274,0.6781376883710336,0.3718765618527197,,0.0,0.4876236108690024,0.0,0.0,False,False,False
621,1773751393.818009,1773751393818012342,-0.42,8.409937492055881e-20,0.8749994277780444,-0.3511382701832035,-0.30788909525945274,0.6781376883710336,0.3718765618527197,,0.0,0.4876236108690024,0.0,0.0,False,False,False
622,1773751393.8666785,1773751393866684119,-0.42,8.409937492055881e-20,0.8749994277780444,-0.37805365920998835,-0.315173745481278,0.6465947884905353,0.3914877579113124,,0.0,0.5136209162135931,0.0,0.0421005799032347,False,False,False
623,1773751393.9175024,1773751393917505755,-0.42,8.409937492055881e-20,0.8749994277780444,-0.37805365920998835,-0.315173745481278,0.6465947884905353,0.3914877579113124,,0.0,0.5136209162135931,0.0,0.0,False,False,False
624,1773751393.9666152,1773751393966619560,-0.42,8.409937492055881e-20,0.8749994277780444,-0.37805365920998835,-0.315173745481278,0.6465947884905353,0.3914877579113124,,0.0,0.5136209162135931,0.0,0.0,False,False,False
625,1773751394.0185745,1773751394018577620,-0.42,8.409937492055881e-20,0.8749994277780444,-0.37805365920998835,-0.315173745481278,0.6465947884905353,0.3914877579113124,,0.0,0.5136209162135931,0.0,0.0,False,False,False
626,1773751394.066765,1773751394066769379,-0.42,8.409937492055881e-20,0.8749994277780444,-0.4003126895719297,-0.31726925584989774,0.6272476697921873,0.4030239502616709,,0.0,0.528921986640189,0.0,0.02956630849948619,False,False,False
627,1773751394.1166377,1773751394116640860,-0.42,8.409937492055881e-20,0.8749994277780444,-0.40979067924366225,-0.31736606016170726,0.620413091591121,0.4069885120564846,,0.0,0.5341984989279834,0.0,0.01168559448546557,False,False,False
628,1773751394.16668,1773751394166684260,-0.42,8.409937492055881e-20,0.8749994277780444,-0.40979067924366225,-0.31736606016170726,0.620413091591121,0.4069885120564846,,0.0,0.5341984989279834,0.0,0.0,False,False,False
629,1773751394.2166626,1773751394216666280,-0.42,8.409937492055881e-20,0.8749994277780444,-0.40979067924366225,-0.31736606016170726,0.620413091591121,0.4069885120564846,,0.0,0.5341984989279834,0.0,0.0,False,False,False
630,1773751394.2667387,1773751394266744010,-0.42,8.409937492055881e-20,0.8749994277780444,-0.4404119712255717,-0.315227064132046,0.6035099471313357,0.416522854874066,,0.0,0.5469500012422442,0.0,0.035042190560588965,False,False,False
631,1773751394.3166223,1773751394316625401,-0.42,8.409937492055881e-20,0.8749994277780444,-0.4469663890322467,-0.3143342776226773,0.6007881116705938,0.41800128003080217,,0.0,0.5489485283787248,0.0,0.007153030743057212,False,False,False
632,1773751394.3666744,1773751394366676850,-0.42,8.409937492055881e-20,0.8749994277780444,-0.4469663890322467,-0.3143342776226773,0.6007881116705938,0.41800128003080217,,0.0,0.5489485283787248,0.0,0.0,False,False,False
633,1773751394.4182806,1773751394418284413,-0.42,8.409937492055881e-20,0.8749994277780444,-0.4469663890322467,-0.3143342776226773,0.6007881116705938,0.41800128003080217,,0.0,0.5489485283787248,0.0,0.0,False,False,False
634,1773751394.466595,1773751394466597401,-0.42,8.409937492055881e-20,0.8749994277780444,-0.48237506187240725,-0.3075309357839287,0.5918564600959397,0.4226533626455075,,0.0,0.5553373621997195,0.0,0.03714611651744242,False,False,False
635,1773751394.516674,1773751394516678081,-0.42,8.409937492055881e-20,0.8749994277780444,-0.48237506187240725,-0.3075309357839287,0.5918564600959397,0.4226533626455075,,0.0,0.5553373621997195,0.0,0.0,False,False,False
636,1773751394.5677145,1773751394567717396,-0.42,8.409937492055881e-20,0.8749994277780444,-0.48717801648190573,-0.30637026254963684,0.5913779522163101,0.4228673137912081,,0.0,0.5556529125695173,0.0,0.004964323229663021,False,False,False
637,1773751394.6166003,1773751394616604461,-0.42,8.409937492055881e-20,0.8749994277780444,-0.48717801648190573,-0.30637026254963684,0.5913779522163101,0.4228673137912081,,0.0,0.5556529125695173,0.0,0.0,False,False,False
638,1773751394.666665,1773751394666668171,-0.42,8.409937492055881e-20,0.8749994277780444,-0.5253924877265597,-0.2948890138304119,0.593339730475233,0.42118795333173675,,0.0,0.5537704366482183,0.0,0.039950137153686595,False,False,False
639,1773751394.7174013,1773751394717403418,-0.42,8.409937492055881e-20,0.8749994277780444,-0.5253924877265597,-0.2948890138304119,0.593339730475233,0.42118795333173675,,0.0,0.5537704366482183,0.0,0.0,False,False,False
640,1773751394.7665641,1773751394766566172,-0.42,8.409937492055881e-20,0.8749994277780444,-0.5257510456176216,-0.2947606338058334,0.5934067848563453,0.4211431246482179,,0.0,0.553715269465785,0.0,0.0003867059373476789,False,False,False
641,1773751394.8166764,1773751394816678942,-0.42,8.409937492055881e-20,0.8749994277780444,-0.5257510456176216,-0.2947606338058334,0.5934067848563453,0.4211431246482179,,0.0,0.553715269465785,0.0,0.0,False,False,False
642,1773751394.866607,1773751394866609982,-0.42,8.409937492055881e-20,0.8749994277780444,-0.5257510456176216,-0.2947606338058334,0.5934067848563453,0.4211431246482179,,0.0,0.553715269465785,0.0,0.0,False,False,False
643,1773751394.9167244,1773751394916727931,-0.42,8.409937492055881e-20,0.8749994277780444,-0.5605742176877322,-0.280118288022989,0.6047928875193751,0.41381027097210626,,0.0,0.5445222381401766,0.0,0.03945497353822407,False,False,False
644,1773751394.9710135,1773751394971016929,-0.42,8.409937492055881e-20,0.8749994277780444,-0.5605742176877322,-0.280118288022989,0.6047928875193751,0.41381027097210626,,0.0,0.5445222381401766,0.0,0.0,False,False,False
645,1773751395.0166695,1773751395016673082,-0.42,8.409937492055881e-20,0.8749994277780444,-0.5605742176877322,-0.280118288022989,0.6047928875193751,0.41381027097210626,,0.0,0.5445222381401766,0.0,0.0,False,False,False
646,1773751395.0674498,1773751395067454198,-0.42,8.409937492055881e-20,0.8749994277780444,-0.5605742176877322,-0.280118288022989,0.6047928875193751,0.41381027097210626,,0.0,0.5445222381401766,0.0,0.0,False,False,False
647,1773751395.1167288,1773751395116732002,-0.42,8.409937492055881e-20,0.8749994277780444,-0.5817236204418343,-0.26860935432790123,0.6173078741654695,0.4058453540999688,,0.0,0.5344168707943471,0.0,0.027136279818815834,False,False,False
648,1773751395.1667464,1773751395166750892,-0.42,8.409937492055881e-20,0.8749994277780444,-0.5911307233686469,-0.2626113902391893,0.6246775733432086,0.401137753859857,,0.0,0.5284175883102371,0.0,0.013370924599873126,False,False,False
649,1773751395.2166479,1773751395216650893,-0.42,8.409937492055881e-20,0.8749994277780444,-0.5911307233686469,-0.2626113902391893,0.6246775733432086,0.401137753859857,,0.0,0.5284175883102371,0.0,0.0,False,False,False
650,1773751395.2666936,1773751395266696303,-0.42,8.409937492055881e-20,0.8749994277780444,-0.5911307233686469,-0.2626113902391893,0.6246775733432086,0.401137753859857,,0.0,0.5284175883102371,0.0,0.0,False,False,False
651,1773751395.3166702,1773751395316673303,-0.42,8.409937492055881e-20,0.8749994277780444,-0.6112972563316987,-0.24705063598727445,0.6458628883905987,0.38746898031223986,,0.0,0.5109152089100174,0.0,0.03313070627522923,False,False,False
652,1773751395.3666723,1773751395366675143,-0.42,8.409937492055881e-20,0.8749994277780444,-0.6159315700235143,-0.24271942927949858,0.6521600057657316,0.3833527220255863,,0.0,0.5056263002019148,0.0,0.00893811513552119,False,False,False
653,1773751395.4166918,1773751395416694743,-0.42,8.409937492055881e-20,0.8749994277780444,-0.6159315700235143,-0.24271942927949858,0.6521600057657316,0.3833527220255863,,0.0,0.5056263002019148,0.0,0.0,False,False,False
654,1773751395.4665854,1773751395466588674,-0.42,8.409937492055881e-20,0.8749994277780444,-0.6159315700235143,-0.24271942927949858,0.6521600057657316,0.3833527220255863,,0.0,0.5056263002019148,0.0,0.0,False,False,False
655,1773751395.516606,1773751395516610434,-0.42,8.409937492055881e-20,0.8749994277780444,-0.6310056948940149,-0.22499281695902634,0.6790721179722805,0.3654212386939049,,0.0,0.48250667991023777,0.0,0.03557701235896068,False,False,False
656,1773751395.5666506,1773751395566654854,-0.42,8.409937492055881e-20,0.8749994277780444,-0.6310056948940149,-0.22499281695902634,0.6790721179722805,0.3654212386939049,,0.0,0.48250667991023777,0.0,0.0,False,False,False
657,1773751395.6168878,1773751395616891702,-0.42,8.409937492055881e-20,0.8749994277780444,-0.6337992004915268,-0.22067265764305116,0.6857529265178859,0.36086113423486676,,0.0,0.47661557532146726,0.0,0.008432120306409966,False,False,False
658,1773751395.6666791,1773751395666681704,-0.42,8.409937492055881e-20,0.8749994277780444,-0.6337992004915268,-0.22067265764305116,0.6857529265178859,0.36086113423486676,,0.0,0.47661557532146726,0.0,0.0,False,False,False
659,1773751395.716882,1773751395716885193,-0.42,8.409937492055881e-20,0.8749994277780444,-0.6337992004915268,-0.22067265764305116,0.6857529265178859,0.36086113423486676,,0.0,0.47661557532146726,0.0,0.0,False,False,False
660,1773751395.7665956,1773751395766598535,-0.42,8.409937492055881e-20,0.8749994277780444,-0.6432659111689232,-0.19922114265436214,0.7193706666450367,0.3372788787671027,,0.0,0.44601684323670543,0.0,0.04098705353664892,False,False,False
661,1773751395.8187258,1773751395818729244,-0.42,8.409937492055881e-20,0.8749994277780444,-0.6432659111689232,-0.19922114265436214,0.7193706666450367,0.3372788787671027,,0.0,0.44601684323670543,0.0,0.0,False,False,False
662,1773751395.8665743,1773751395866576985,-0.42,8.409937492055881e-20,0.8749994277780444,-0.6435298794752633,-0.19826982018720274,0.7208483682523333,0.3362128459297633,,0.0,0.4446299388105548,0.0,0.0017771594592161496,False,False,False
663,1773751395.9166412,1773751395916644395,-0.42,8.409937492055881e-20,0.8749994277780444,-0.6435298794752633,-0.19826982018720274,0.7208483682523333,0.3362128459297633,,0.0,0.4446299388105548,0.0,0.0,False,False,False
664,1773751395.9704437,1773751395970446925,-0.42,8.409937492055881e-20,0.8749994277780444,-0.6458386992843237,-0.18573451434499186,0.7404201450023795,0.321888196841415,,0.0,0.4259310350771103,0.0,0.023356347887076096,False,False,False
665,1773751396.016966,1773751396016972183,-0.42,8.409937492055881e-20,0.8749994277780444,-0.6461344492636409,-0.1740183725568921,0.7586266084016385,0.30815875165364537,,0.0,0.4079133157383716,0.0,0.021652499993249787,False,False,False
666,1773751396.0666528,1773751396066657975,-0.42,8.409937492055881e-20,0.8749994277780444,-0.6461344492636409,-0.1740183725568921,0.7586266084016385,0.30815875165364537,,0.0,0.4079133157383716,0.0,0.0,False,False,False
667,1773751396.1168935,1773751396116896364,-0.42,8.409937492055881e-20,0.8749994277780444,-0.6461344492636409,-0.1740183725568921,0.7586266084016385,0.30815875165364537,,0.0,0.4079133157383716,0.0,0.0,False,False,False
668,1773751396.166712,1773751396166715515,-0.42,8.409937492055881e-20,0.8749994277780444,-0.6461344492636409,-0.1740183725568921,0.7586266084016385,0.30815875165364537,,0.0,0.4079133157383716,0.0,0.0,False,False,False
669,1773751396.2165768,1773751396216579556,-0.42,8.409937492055881e-20,0.8749994277780444,-0.6439227094172495,-0.15810009726026397,0.7830062375188352,0.2891362440105597,,0.0,0.38274807987369497,0.0,0.029200164339596147,False,False,False
670,1773751396.2666988,1773751396266703355,-0.42,8.409937492055881e-20,0.8749994277780444,-0.6439227094172495,-0.15810009726026397,0.7830062375188352,0.2891362440105597,,0.0,0.38274807987369497,0.0,0.0,False,False,False
671,1773751396.3166852,1773751396316688265,-0.42,8.409937492055881e-20,0.8749994277780444,-0.6413660237607438,-0.14918689583827,0.7965877351525483,0.27822300391214294,,0.0,0.3681703386081249,0.0,0.016445025968656032,False,False,False
672,1773751396.3667588,1773751396366763995,-0.42,8.409937492055881e-20,0.8749994277780444,-0.6413660237607438,-0.14918689583827,0.7965877351525483,0.27822300391214294,,0.0,0.3681703386081249,0.0,0.0,False,False,False
673,1773751396.420126,1773751396420128588,-0.42,8.409937492055881e-20,0.8749994277780444,-0.6413660237607438,-0.14918689583827,0.7965877351525483,0.27822300391214294,,0.0,0.3681703386081249,0.0,0.0,False,False,False
674,1773751396.4667673,1773751396466773535,-0.42,8.409937492055881e-20,0.8749994277780444,-0.6332206575597803,-0.13106359070400347,0.8241140328762394,0.25540171697301545,,0.0,0.3372444507606059,0.0,0.03394846455895776,False,False,False
675,1773751396.5185862,1773751396518591086,-0.42,8.409937492055881e-20,0.8749994277780444,-0.6297437612431162,-0.12537660545823817,0.8328821668489889,0.24796290497734977,,0.0,0.32698507019628364,0.0,0.011014117420223372,False,False,False
676,1773751396.566634,1773751396566637366,-0.42,8.409937492055881e-20,0.8749994277780444,-0.6297437612431162,-0.12537660545823817,0.8328821668489889,0.24796290497734977,,0.0,0.32698507019628364,0.0,0.0,False,False,False
677,1773751396.6166718,1773751396616675676,-0.42,8.409937492055881e-20,0.8749994277780444,-0.6297437612431162,-0.12537660545823817,0.8328821668489889,0.24796290497734977,,0.0,0.32698507019628364,0.0,0.0,False,False,False
678,1773751396.666647,1773751396666649857,-0.42,8.409937492055881e-20,0.8749994277780444,-0.6148589537682806,-0.10623034504647894,0.8623203875710634,0.22229632505494357,,0.0,0.2907594317386492,0.0,0.03814112767865419,False,False,False
679,1773751396.7166283,1773751396716632637,-0.42,8.409937492055881e-20,0.8749994277780444,-0.6148589537682806,-0.10623034504647894,0.8623203875710634,0.22229632505494357,,0.0,0.2907594317386492,0.0,0.0,False,False,False
680,1773751396.7667038,1773751396766707756,-0.42,8.409937492055881e-20,0.8749994277780444,-0.6122551627722346,-0.10354669522537852,0.8665795968147848,0.21852885223266447,,0.0,0.2852869921298821,0.0,0.005667677416295332,False,False,False
681,1773751396.8176272,1773751396817632772,-0.42,8.409937492055881e-20,0.8749994277780444,-0.6122551627722346,-0.10354669522537852,0.8665795968147848,0.21852885223266447,,0.0,0.2852869921298821,0.0,0.0,False,False,False
682,1773751396.8665917,1773751396866594847,-0.42,8.409937492055881e-20,0.8749994277780444,-0.6122551627722346,-0.10354669522537852,0.8665795968147848,0.21852885223266447,,0.0,0.2852869921298821,0.0,0.0,False,False,False
683,1773751396.9166472,1773751396916651047,-0.42,8.409937492055881e-20,0.8749994277780444,-0.5901974399835059,-0.0843053388688102,0.8969035038077123,0.19119191218625725,,0.0,0.2440659734132718,0.0,0.042146319701494336,False,False,False
684,1773751396.9702868,1773751396970290618,-0.42,8.409937492055881e-20,0.8749994277780444,-0.5901974399835059,-0.0843053388688102,0.8969035038077123,0.19119191218625725,,0.0,0.2440659734132718,0.0,0.0,False,False,False
685,1773751397.0166247,1773751397016628867,-0.42,8.409937492055881e-20,0.8749994277780444,-0.5899588269220375,-0.08413439145371548,0.8971866019017218,0.19093682036107262,,0.0,0.24366280419698824,0.0,0.00040780355891374925,False,False,False
686,1773751397.0666578,1773751397066661668,-0.42,8.409937492055881e-20,0.8749994277780444,-0.5899588269220375,-0.08413439145371548,0.8971866019017218,0.19093682036107262,,0.0,0.24366280419698824,0.0,0.0,False,False,False
687,1773751397.1166122,1773751397116615238,-0.42,8.409937492055881e-20,0.8749994277780444,-0.5759542435261897,-0.07460726315530036,0.9126412385100704,0.1769318391486846,,0.0,0.220921626380365,0.0,0.022929027942802643,False,False,False
688,1773751397.1666572,1773751397166660688,-0.42,8.409937492055881e-20,0.8749994277780444,-0.5640101556003283,-0.06764274651062069,0.9242459022240557,0.16655233807092742,,0.0,0.2029188499379169,0.0,0.01805087112550017,False,False,False
689,1773751397.2166986,1773751397216701918,-0.42,8.409937492055881e-20,0.8749994277780444,-0.5640101556003283,-0.06764274651062069,0.9242459022240557,0.16655233807092742,,0.0,0.2029188499379169,0.0,0.0,False,False,False
690,1773751397.2679524,1773751397267955751,-0.42,8.409937492055881e-20,0.8749994277780444,-0.5640101556003283,-0.06764274651062069,0.9242459022240557,0.16655233807092742,,0.0,0.2029188499379169,0.0,0.0,False,False,False
691,1773751397.3166747,1773751397316677858,-0.42,8.409937492055881e-20,0.8749994277780444,-0.5640101556003283,-0.06764274651062069,0.9242459022240557,0.16655233807092742,,0.0,0.2029188499379169,0.0,0.0,False,False,False
692,1773751397.3670745,1773751397367079066,-0.42,8.409937492055881e-20,0.8749994277780444,-0.5443670968085437,-0.057752783244083644,0.9408932439027616,0.15213334198821057,,0.0,0.17535351619512432,0.0,0.02758251469823845,False,False,False
693,1773751397.4167893,1773751397416793538,-0.42,8.409937492055881e-20,0.8749994277780444,-0.5346293313979458,-0.053652850119240106,0.9482067266462922,0.14621156093224189,,0.0,0.16254098861822464,0.0,0.012849924383433008,False,False,False
694,1773751397.4666877,1773751397466691618,-0.42,8.409937492055881e-20,0.8749994277780444,-0.5346293313979458,-0.053652850119240106,0.9482067266462922,0.14621156093224189,,0.0,0.16254098861822464,0.0,0.0,False,False,False
695,1773751397.5166667,1773751397516670999,-0.42,8.409937492055881e-20,0.8749994277780444,-0.5346293313979458,-0.053652850119240106,0.9482067266462922,0.14621156093224189,,0.0,0.16254098861822464,0.0,0.0,False,False,False
696,1773751397.5670564,1773751397567061687,-0.42,8.409937492055881e-20,0.8749994277780444,-0.5109349584678982,-0.04416539957123186,0.9638665666753319,0.13459984237225064,,0.0,0.13293619376785232,0.0,0.029944375368075177,False,False,False
697,1773751397.6175668,1773751397617573784,-0.42,8.409937492055881e-20,0.8749994277780444,-0.5109349584678982,-0.04416539957123186,0.9638665666753319,0.13459984237225064,,0.0,0.13293619376785232,0.0,0.0,False,False,False
698,1773751397.6667607,1773751397666765279,-0.42,8.409937492055881e-20,0.8749994277780444,-0.5056345519371925,-0.041758265060034244,0.9669909845708717,0.1324366856557343,,0.0,0.12649126603346006,0.0,0.0066068595513840865,False,False,False
699,1773751397.716668,1773751397716670759,-0.42,8.409937492055881e-20,0.8749994277780444,-0.5056345519371925,-0.041758265060034244,0.9669909845708717,0.1324366856557343,,0.0,0.12649126603346006,0.0,0.0,False,False,False
700,1773751397.7666137,1773751397766618329,-0.42,8.409937492055881e-20,0.8749994277780444,-0.48401273898915437,-0.031744392648468164,0.9784176105145004,0.12570066721392026,,0.0,0.10129014664057488,0.0,0.02642627889602852,False,False,False
701,1773751397.8208659,1773751397820870948,-0.42,8.409937492055881e-20,0.8749994277780444,-0.48401273898915437,-0.031744392648468164,0.9784176105145004,0.12570066721392026,,0.0,0.10129014664057488,0.0,0.0,False,False,False
702,1773751397.8666694,1773751397866674380,-0.42,8.409937492055881e-20,0.8749994277780444,-0.48240626041862106,-0.030954141184451178,0.9791845362744984,0.12532851642113052,,0.0,0.09948759956517053,0.0,0.0019476770510822132,False,False,False
703,1773751397.9166398,1773751397916644880,-0.42,8.409937492055881e-20,0.8749994277780444,-0.48240626041862106,-0.030954141184451178,0.9791845362744984,0.12532851642113052,,0.0,0.09948759956517053,0.0,0.0,False,False,False
704,1773751397.9666605,1773751397966664040,-0.42,8.409937492055881e-20,0.8749994277780444,-0.48240626041862106,-0.030954141184451178,0.9791845362744984,0.12532851642113052,,0.0,0.09948759956517053,0.0,0.0,False,False,False
705,1773751398.0198183,1773751398019822164,-0.42,8.409937492055881e-20,0.8749994277780444,-0.4631924961105341,-0.02156326332828858,0.9875422920356065,0.12246004385480053,,0.0,0.07912957927467501,0.0,0.022961041073052788,False,False,False
706,1773751398.066678,1773751398066681310,-0.42,8.409937492055881e-20,0.8749994277780444,-0.4631924961105341,-0.02156326332828858,0.9875422920356065,0.12246004385480053,,0.0,0.07912957927467501,0.0,0.0,False,False,False
707,1773751398.116843,1773751398116848229,-0.42,8.409937492055881e-20,0.8749994277780444,-0.4631924961105341,-0.02156326332828858,0.9875422920356065,0.12246004385480053,,0.0,0.07912957927467501,0.0,0.0,False,False,False
708,1773751398.166574,1773751398166576431,-0.42,8.409937492055881e-20,0.8749994277780444,-0.4631924961105341,-0.02156326332828858,0.9875422920356065,0.12246004385480053,,0.0,0.07912957927467501,0.0,0.0,False,False,False
709,1773751398.2178295,1773751398217832105,-0.42,8.409937492055881e-20,0.8749994277780444,-0.4533929189150632,-0.01676230047915475,0.9912468213651662,0.12210453827282858,,0.0,0.06984406233266893,0.0,0.011524083262556014,False,False,False
710,1773751398.266813,1773751398266820470,-0.42,8.409937492055881e-20,0.8749994277780444,-0.44767830599768693,-0.013968829448690948,0.9932408698694863,0.1222385186712111,,0.0,0.06490959064006344,0.0,0.006666071604105824,False,False,False
711,1773751398.3167024,1773751398316706211,-0.42,8.409937492055881e-20,0.8749994277780444,-0.44767830599768693,-0.013968829448690948,0.9932408698694863,0.1222385186712111,,0.0,0.06490959064006344,0.0,0.0,False,False,False
712,1773751398.3666875,1773751398366691821,-0.42,8.409937492055881e-20,0.8749994277780444,-0.44767830599768693,-0.013968829448690948,0.9932408698694863,0.1222385186712111,,0.0,0.06490959064006344,0.0,0.0,False,False,False
713,1773751398.4180672,1773751398418070374,-0.42,8.409937492055881e-20,0.8749994277780444,-0.43845004546529315,-0.009485232805322447,0.9962109491037716,0.12297400831533374,,0.0,0.05791901467181602,0.0,0.010681048729974725,False,False,False
714,1773751398.4666247,1773751398466627232,-0.42,8.409937492055881e-20,0.8749994277780444,-0.4354011214770605,-0.00800949154831437,0.9971255337949421,0.12335368769706166,,0.0,0.05593075505224984,0.0,0.0035085915836670957,False,False,False
715,1773751398.516653,1773751398516656252,-0.42,8.409937492055881e-20,0.8749994277780444,-0.4354011214770605,-0.00800949154831437,0.9971255337949421,0.12335368769706166,,0.0,0.05593075505224984,0.0,0.0,False,False,False
716,1773751398.5667605,1773751398566764648,-0.42,8.409937492055881e-20,0.8749994277780444,-0.4354011214770605,-0.00800949154831437,0.9971255337949421,0.12335368769706166,,0.0,0.05593075505224984,0.0,0.0,False,False,False
717,1773751398.616662,1773751398616666203,-0.42,8.409937492055881e-20,0.8749994277780444,-0.4354011214770605,-0.00800949154831437,0.9971255337949421,0.12335368769706166,,0.0,0.05593075505224984,0.0,0.0,False,False,False
718,1773751398.666595,1773751398666599877,-0.42,8.409937492055881e-20,0.8749994277780444,-0.42858582192977435,-0.004724149616997828,0.9990527220543706,0.12443975951689376,,0.0,0.05218625258473319,0.0,0.007807421732696696,False,False,False
719,1773751398.7167974,1773751398716801940,-0.42,8.409937492055881e-20,0.8749994277780444,-0.4269797294145339,-0.003952155971032326,0.9994835192682217,0.12474223500344338,,0.0,0.051460088460172124,0.0,0.0018333285565834646,False,False,False
720,1773751398.7667322,1773751398766736274,-0.42,8.409937492055881e-20,0.8749994277780444,-0.4269797294145339,-0.003952155971032326,0.9994835192682217,0.12474223500344338,,0.0,0.051460088460172124,0.0,0.0,False,False,False
721,1773751398.8188784,1773751398818881536,-0.42,8.409937492055881e-20,0.8749994277780444,-0.4269797294145339,-0.003952155971032326,0.9994835192682217,0.12474223500344338,,0.0,0.051460088460172124,0.0,0.0,False,False,False
722,1773751398.866609,1773751398866611872,-0.42,8.409937492055881e-20,0.8749994277780444,-0.4223607372251534,-0.0017373948383912594,1.0006734445116965,0.12570819425574833,,0.0,0.04973964258239444,0.0,0.005258914127961612,False,False,False
723,1773751398.9166634,1773751398916666156,-0.42,8.409937492055881e-20,0.8749994277780444,-0.4223607372251534,-0.0017373948383912594,1.0006734445116965,0.12570819425574833,,0.0,0.04973964258239444,0.0,0.0,False,False,False
724,1773751398.9666128,1773751398966615200,-0.42,8.409937492055881e-20,0.8749994277780444,-0.4220293759103789,-0.0015787856626536434,1.000756024807554,0.12578287891122816,,0.0,0.04963813729025518,0.0,0.0003765324644982644,False,False,False
725,1773751399.016695,1773751399016698488,-0.42,8.409937492055881e-20,0.8749994277780444,-0.4220293759103789,-0.0015787856626536434,1.000756024807554,0.12578287891122816,,0.0,0.04963813729025518,0.0,0.0,False,False,False
726,1773751399.0667005,1773751399066706064,-0.42,8.409937492055881e-20,0.8749994277780444,-0.4220293759103789,-0.0015787856626536434,1.000756024807554,0.12578287891122816,,0.0,0.04963813729025518,0.0,0.0,False,False,False
727,1773751399.116682,1773751399116685470,-0.42,8.409937492055881e-20,0.8749994277780444,-0.42024667679777816,-0.0007261780276589011,1.0011939487148878,0.12619685138088754,,0.0,0.04914434130103555,0.0,0.0020240388469427517,False,False,False
728,1773751399.1666174,1773751399166620467,-0.42,8.409937492055881e-20,0.8749994277780444,-0.42024667679777816,-0.0007261780276589011,1.0011939487148878,0.12619685138088754,,0.0,0.04914434130103555,0.0,0.0,False,False,False
729,1773751399.2166429,1773751399216646463,-0.42,8.409937492055881e-20,0.8749994277780444,-0.4202466767977782,-0.0007261780276588594,1.001193948714888,0.12619685138088776,,0.0,0.04914434130103533,0.0,2.3263411494723067e-16,False,False,False
730,1773751399.2666926,1773751399266696379,-0.42,8.409937492055881e-20,0.8749994277780444,-0.4202466767977782,-0.0007261780276588594,1.001193948714888,0.12619685138088776,,0.0,0.04914434130103533,0.0,0.0,False,False,False
731,1773751399.3166387,1773751399316642135,-0.42,8.409937492055881e-20,0.8749994277780444,-0.41991836182876885,-0.0005692814632845516,1.0012734340019456,0.12627531585392796,,0.0,0.04906313047897053,0.0,0.00037245826832909987,False,False,False
732,1773751399.367043,1773751399367045479,-0.42,8.409937492055881e-20,0.8749994277780444,-0.4197854735849933,-0.0005057872334699772,1.0013055034060065,0.12630727050666865,,0.0,0.04903112878850007,0.0,0.00015072905901093806,False,False,False
733,1773751399.4166927,1773751399416696368,-0.42,8.409937492055881e-20,0.8749994277780444,-0.4197854735849933,-0.0005057872334699772,1.0013055034060065,0.12630727050666865,,0.0,0.04903112878850007,0.0,0.0,False,False,False
734,1773751399.4685621,1773751399468567342,-0.42,8.409937492055881e-20,0.8749994277780444,-0.4197854735849933,-0.0005057872334699772,1.0013055034060065,0.12630727050666865,,0.0,0.04903112878850007,0.0,0.0,False,False,False
735,1773751399.516772,1773751399516777120,-0.42,8.409937492055881e-20,0.8749994277780444,-0.41969384253061215,-0.00046200942733714136,1.001327581834445,0.12632936987258614,,0.0,0.049009354907521674,0.0,0.00010392402724641418,False,False,False
736,1773751399.5698783,1773751399569882676,-0.42,8.409937492055881e-20,0.8749994277780444,-0.4196648074153002,-0.00044813818545326174,1.0013345719412496,0.12633638364556724,,0.0,0.04900250526793228,0.0,3.292887586480792e-05,False,False,False
737,1773751399.616671,1773751399616674193,-0.42,8.409937492055881e-20,0.8749994277780444,-0.4196648074153002,-0.00044813818545326174,1.0013345719412496,0.12633638364556724,,0.0,0.04900250526793228,0.0,0.0,False,False,False
738,1773751399.6665795,1773751399666582159,-0.42,8.409937492055881e-20,0.8749994277780444,-0.4196648074153002,-0.00044813818545326174,1.0013345719412496,0.12633638364556724,,0.0,0.04900250526793228,0.0,0.0,False,False,False
739,1773751399.7166855,1773751399716690815,-0.42,8.409937492055881e-20,0.8749994277780444,-0.4196348236360928,-0.00043381404323813706,1.0013417874657369,0.12634363220936434,,0.0,0.04899545702219968,0.0,3.40039976971099e-05,False,False,False
740,1773751399.7665694,1773751399766572532,-0.42,8.409937492055881e-20,0.8749994277780444,-0.4196301739186016,-0.0004315927636492744,1.0013429061388313,0.12634475678850599,,0.0,0.04899436631258753,0.0,5.273081191482509e-06,False,False,False
741,1773751399.8166826,1773751399816685478,-0.42,8.409937492055881e-20,0.8749994277780444,-0.4196301739186016,-0.0004315927636492744,1.0013429061388313,0.12634475678850599,,0.0,0.04899436631258753,0.0,0.0,False,False,False
742,1773751399.8666,1773751399866602764,-0.42,8.409937492055881e-20,0.8749994277780444,-0.4196301739186016,-0.0004315927636492744,1.0013429061388313,0.12634475678850599,,0.0,0.04899436631258753,0.0,0.0,False,False,False
743,1773751399.9166343,1773751399916638380,-0.42,8.409937492055881e-20,0.8749994277780444,-0.4196301739186016,-0.0004315927636492744,1.0013429061388313,0.12634475678850599,,0.0,0.04899436631258753,0.0,0.0,False,False,False
744,1773751399.9666598,1773751399966663417,-0.42,8.409937492055881e-20,0.8749994277780444,-0.4196244426730781,-0.00042891861470918387,1.0013432367597153,0.12634509520547596,,0.0,0.048994070851927966,0.0,6.333052816245643e-06,False,False,False
745,1773751400.0172043,1773751400017209139,-0.42,8.409937492055881e-20,0.8749994277780444,-0.4196244752938745,-0.00042917249930962405,1.0013393131536599,0.12634117240457574,,0.0,0.04899799405034845,0.0,3.931946844069242e-06,False,False,False
746,1773751400.0666068,1773751400066610279,-0.42,8.409937492055881e-20,0.8749994277780444,-0.4196244752938745,-0.00042917249930962405,1.0013393131536599,0.12634117240457574,,0.0,0.04899799405034845,0.0,0.0,False,False,False
747,1773751400.116731,1773751400116736095,-0.42,8.409937492055881e-20,0.8749994277780444,-0.4196244752938745,-0.00042917249930962405,1.0013393131536599,0.12634117240457574,,0.0,0.04899799405034845,0.0,0.0,False,False,False
748,1773751400.1666133,1773751400166617162,-0.42,8.409937492055881e-20,0.8749994277780444,-0.41962235175110485,-0.0004309268154633172,1.0012943001517705,0.12629617216691855,,0.0,0.04904301793710715,0.0,4.509719944916855e-05,False,False,False
749,1773751400.2167287,1773751400216733218,-0.42,8.409937492055881e-20,0.8749994277780444,-0.41962235175110485,-0.0004309268154633172,1.0012943001517705,0.12629617216691855,,0.0,0.04904301793710715,0.0,0.0,False,False,False
750,1773751400.2666533,1773751400266657225,-0.42,8.409937492055881e-20,0.8749994277780444,-0.41962188555633556,-0.0004311038884779294,1.0012878349369387,0.12628970901789996,,0.0,0.04904948573002984,0.0,6.484419421636413e-06,False,False,False
751,1773751400.3166196,1773751400316622431,-0.42,8.409937492055881e-20,0.8749994277780444,-0.41962188555633556,-0.0004311038884779294,1.0012878349369387,0.12628970901789996,,0.0,0.04904948573002984,0.0,0.0,False,False,False
752,1773751400.366657,1773751400366661427,-0.42,8.409937492055881e-20,0.8749994277780444,-0.41962188555633556,-0.0004311038884779294,1.0012878349369387,0.12628970901789996,,0.0,0.04904948573002984,0.0,0.0,False,False,False
753,1773751400.4166772,1773751400416680703,-0.42,8.409937492055881e-20,0.8749994277780444,-0.41961156273327943,-0.00043480996663886463,1.0011479532024534,0.12614987280996376,,0.0,0.04918942583074988,0.0,0.0001403110663269405,False,False,False
754,1773751400.46671,1773751400466713639,-0.42,8.409937492055881e-20,0.8749994277780444,-0.41961156273327943,-0.00043480996663886463,1.0011479532024534,0.12614987280996376,,0.0,0.04918942583074988,0.0,0.0,False,False,False
755,1773751400.516635,1773751400516637686,-0.42,8.409937492055881e-20,0.8749994277780444,-0.41961139806241804,-0.0004348657308055517,1.0011457731851465,0.12614769351533003,,0.0,0.04919160679873403,0.0,2.186938863627783e-06,False,False,False
756,1773751400.5666938,1773751400566696902,-0.42,8.409937492055881e-20,0.8749994277780444,-0.41961139806241804,-0.0004348657308055517,1.0011457731851465,0.12614769351533003,,0.0,0.04919160679873403,0.0,0.0,False,False,False
757,1773751400.616619,1773751400616622729,-0.42,8.409937492055881e-20,0.8749994277780444,-0.41959267815555784,-0.000441176876413149,1.0008976251727133,0.12589962928995563,,0.0,0.049439866325540247,0.0,0.00024893312665512124,False,False,False
758,1773751400.666688,1773751400666690675,-0.42,8.409937492055881e-20,0.8749994277780444,-0.41959267815555784,-0.000441176876413149,1.0008976251727133,0.12589962928995563,,0.0,0.049439866325540247,0.0,0.0,False,False,False
759,1773751400.7166169,1773751400716619872,-0.42,8.409937492055881e-20,0.8749994277780444,-0.41959267815555784,-0.000441176876413149,1.0008976251727133,0.12589962928995563,,0.0,0.049439866325540247,0.0,0.0,False,False,False
760,1773751400.7676272,1773751400767633412,-0.42,8.409937492055881e-20,0.8749994277780444,-0.41959267815555784,-0.000441176876413149,1.0008976251727133,0.12589962928995563,,0.0,0.049439866325540247,0.0,0.0,False,False,False
761,1773751400.8166978,1773751400816701734,-0.42,8.409937492055881e-20,0.8749994277780444,-0.41957591812032186,-0.00044678825027365666,1.0006747692421072,0.12567685115919333,,0.0,0.049662827809045636,0.0,0.00022355570246368342,False,False,False
762,1773751400.8665965,1773751400866599441,-0.42,8.409937492055881e-20,0.8749994277780444,-0.41956627775050276,-0.00045001268528387507,1.0005460578177234,0.1255481857325173,,0.0,0.04979160234909261,0.0,0.0001291122166112831,False,False,False
763,1773751400.9177756,1773751400917778000,-0.42,8.409937492055881e-20,0.8749994277780444,-0.41956627775050276,-0.00045001268528387507,1.0005460578177234,0.1255481857325173,,0.0,0.04979160234909261,0.0,0.0,False,False,False
764,1773751400.9667048,1773751400966709303,-0.42,8.409937492055881e-20,0.8749994277780444,-0.41956627775050276,-0.00045001268528387507,1.0005460578177234,0.1255481857325173,,0.0,0.04979160234909261,0.0,0.0,False,False,False
765,1773751401.0167618,1773751401016766889,-0.42,8.409937492055881e-20,0.8749994277780444,-0.41953981440369503,-0.0004588723859374449,1.0001903847048943,0.12519264367729444,,0.0,0.05014745757871572,0.0,0.0003567662627120226,False,False,False
766,1773751401.066886,1773751401066891185,-0.42,8.409937492055881e-20,0.8749994277780444,-0.41953170790949135,-0.0004615889453941826,1.0000807292961433,0.12508302982938221,,0.0,0.05025717133962564,0.0,0.00010998819760273068,False,False,False
767,1773751401.1166854,1773751401116689762,-0.42,8.409937492055881e-20,0.8749994277780444,-0.41953170790949135,-0.0004615889453941826,1.0000807292961433,0.12508302982938221,,0.0,0.05025717133962564,0.0,0.0,False,False,False
768,1773751401.1666813,1773751401166684659,-0.42,8.409937492055881e-20,0.8749994277780444,-0.41953170790949135,-0.0004615889453941826,1.0000807292961433,0.12508302982938221,,0.0,0.05025717133962564,0.0,0.0,False,False,False
769,1773751401.2166715,1773751401216677185,-0.42,8.409937492055881e-20,0.8749994277780444,-0.4194978494373125,-0.0004729533499213789,0.999618996776737,0.12462147815476562,,0.0,0.05071916031075939,0.0,0.0004631117201127845,False,False,False
770,1773751401.2667055,1773751401266711092,-0.42,8.409937492055881e-20,0.8749994277780444,-0.4194978494373125,-0.0004729533499213789,0.999618996776737,0.12462147815476562,,0.0,0.05071916031075939,0.0,0.0,False,False,False
771,1773751401.316606,1773751401316608479,-0.42,8.409937492055881e-20,0.8749994277780444,-0.41949014338234947,-0.0004755439857009852,0.999513050803622,0.1245155749888685,,0.0,0.05082516747762144,0.0,0.00010625744160357932,False,False,False
772,1773751401.3666523,1773751401366655195,-0.42,8.409937492055881e-20,0.8749994277780444,-0.41949014338234947,-0.0004755439857009852,0.999513050803622,0.1245155749888685,,0.0,0.05082516747762144,0.0,0.0,False,False,False
773,1773751401.4176998,1773751401417706285,-0.42,8.409937492055881e-20,0.8749994277780444,-0.41949014338234947,-0.0004755439857009852,0.999513050803622,0.1245155749888685,,0.0,0.05082516747762144,0.0,0.0,False,False,False
774,1773751401.466653,1773751401466656818,-0.42,8.409937492055881e-20,0.8749994277780444,-0.4194442226053537,-0.0004910161409720753,0.9988748656598028,0.12387765777475965,,0.0,0.05146373841901812,0.0,0.0006400221739441155,False,False,False
775,1773751401.5169373,1773751401516940542,-0.42,8.409937492055881e-20,0.8749994277780444,-0.4194442226053537,-0.0004910161409720753,0.9988748656598028,0.12387765777475965,,0.0,0.05146373841901812,0.0,0.0,False,False,False
776,1773751401.5666418,1773751401566645591,-0.42,8.409937492055881e-20,0.8749994277780444,-0.4194442226053537,-0.0004910161409720753,0.9988748656598028,0.12387765777475965,,0.0,0.05146373841901812,0.0,0.0,False,False,False
777,1773751401.616726,1773751401616730447,-0.42,8.409937492055881e-20,0.8749994277780444,-0.4194420413122104,-0.0004917525829486707,0.9988442528295638,0.12384705822320352,,0.0,0.05149437045993866,0.0,3.069927949972194e-05,False,False,False
778,1773751401.6665835,1773751401666587324,-0.42,8.409937492055881e-20,0.8749994277780444,-0.4193862678235364,-0.0005106311552283873,0.9980519196533485,0.12305508184582584,,0.0,0.05228722118191482,0.0,0.000794518058109201,False,False,False
779,1773751401.716685,1773751401716688760,-0.42,8.409937492055881e-20,0.8749994277780444,-0.4193862678235364,-0.0005106311552283873,0.9980519196533485,0.12305508184582584,,0.0,0.05228722118191482,0.0,0.0,False,False,False
780,1773751401.766797,1773751401766803015,-0.42,8.409937492055881e-20,0.8749994277780444,-0.4193862678235364,-0.0005106311552283873,0.9980519196533485,0.12305508184582584,,0.0,0.05228722118191482,0.0,0.0,False,False,False
781,1773751401.8166714,1773751401816676233,-0.42,8.409937492055881e-20,0.8749994277780444,-0.4193862678235364,-0.0005106311552283873,0.9980519196533485,0.12305508184582584,,0.0,0.05228722118191482,0.0,0.0,False,False,False
782,1773751401.8667207,1773751401866726189,-0.42,8.409937492055881e-20,0.8749994277780444,-0.4193862678235364,-0.0005106311552283873,0.9980519196533485,0.12305508184582584,,0.0,0.05228722118191482,0.0,0.0,False,False,False
783,1773751401.9166002,1773751401916603796,-0.42,8.409937492055881e-20,0.8749994277780444,-0.41934772656111174,-0.0005237336715968016,0.9974931542600776,0.12249658274847097,,0.0,0.05284637289851337,0.0,0.0005602462579631294,False,False,False
784,1773751401.9669173,1773751401966922371,-0.42,8.409937492055881e-20,0.8749994277780444,-0.41932454451537243,-0.0005316382098490113,0.997152411093786,0.1221560076796624,,0.0,0.053187359270338186,0.0,0.00034162229778515003,False,False,False
785,1773751402.0168276,1773751402016832548,-0.42,8.409937492055881e-20,0.8749994277780444,-0.41932454451537243,-0.0005316382098490113,0.997152411093786,0.1221560076796624,,0.0,0.053187359270338186,0.0,0.0,False,False,False
786,1773751402.0666935,1773751402066696775,-0.42,8.409937492055881e-20,0.8749994277780444,-0.41932454451537243,-0.0005316382098490113,0.997152411093786,0.1221560076796624,,0.0,0.053187359270338186,0.0,0.0,False,False,False
787,1773751402.1170788,1773751402117082749,-0.42,8.409937492055881e-20,0.8749994277780444,-0.41928008718299686,-0.0005468490754645158,0.9964886953800243,0.1214926313026469,,0.0,0.0538515633062257,0.0,0.0006653768657903844,False,False,False
788,1773751402.1686974,1773751402168700786,-0.42,8.409937492055881e-20,0.8749994277780444,-0.41928008718299686,-0.0005468490754645158,0.9964886953800243,0.1214926313026469,,0.0,0.0538515633062257,0.0,0.0,False,False,False
789,1773751402.2166507,1773751402216654205,-0.42,8.409937492055881e-20,0.8749994277780444,-0.41925777874595593,-0.0005545086348047081,0.9961503516026544,0.12115446634677768,,0.0,0.05419016261436466,0.0,0.0003391649258065997,False,False,False
790,1773751402.2666264,1773751402266630542,-0.42,8.409937492055881e-20,0.8749994277780444,-0.41925777874595593,-0.0005545086348047081,0.9961503516026544,0.12115446634677768,,0.0,0.05419016261436466,0.0,0.0,False,False,False
791,1773751402.3165877,1773751402316590428,-0.42,8.409937492055881e-20,0.8749994277780444,-0.41925777874595593,-0.0005545086348047081,0.9961503516026544,0.12115446634677768,,0.0,0.05419016261436466,0.0,0.0,False,False,False
792,1773751402.3666475,1773751402366651024,-0.42,8.409937492055881e-20,0.8749994277780444,-0.41920098577159665,-0.0005740943111425367,0.9952720512621727,0.12027664764105357,,0.0,0.055069143634582485,0.0,0.0008803525025491476,False,False,False
793,1773751402.4166121,1773751402416614851,-0.42,8.409937492055881e-20,0.8749994277780444,-0.41920098577159665,-0.0005740943111425367,0.9952720512621727,0.12027664764105357,,0.0,0.055069143634582485,0.0,0.0,False,False,False
794,1773751402.4667616,1773751402466764747,-0.42,8.409937492055881e-20,0.8749994277780444,-0.41918553306476064,-0.0005794457263547284,0.9950286646797533,0.12003339878944083,,0.0,0.05531272262666239,0.0,0.00024393534449753169,False,False,False
795,1773751402.5166328,1773751402516636344,-0.42,8.409937492055881e-20,0.8749994277780444,-0.41918553306476064,-0.0005794457263547284,0.9950286646797533,0.12003339878944083,,0.0,0.05531272262666239,0.0,0.0,False,False,False
796,1773751402.5666451,1773751402566649021,-0.42,8.409937492055881e-20,0.8749994277780444,-0.41918553306476064,-0.0005794457263547284,0.9950286646797533,0.12003339878944083,,0.0,0.05531272262666239,0.0,0.0,False,False,False
797,1773751402.616671,1773751402616674297,-0.42,8.409937492055881e-20,0.8749994277780444,-0.41911679764894694,-0.0006033742802903197,0.9939214641218683,0.11892684656996838,,0.0,0.05642081414742353,0.0,0.0011095901083108318,False,False,False
798,1773751402.6666286,1773751402666632534,-0.42,8.409937492055881e-20,0.8749994277780444,-0.41911679764894694,-0.0006033742802903197,0.9939214641218683,0.11892684656996838,,0.0,0.05642081414742353,0.0,0.0,False,False,False
799,1773751402.7165964,1773751402716598871,-0.42,8.409937492055881e-20,0.8749994277780444,-0.41911045932154867,-0.0006055915933593336,0.9938172432511017,0.11882268847987765,,0.0,0.0565251199436618,0.0,0.00010443697034487566,False,False,False
800,1773751402.766666,1773751402766670827,-0.42,8.409937492055881e-20,0.8749994277780444,-0.41911045932154867,-0.0006055915933593336,0.9938172432511017,0.11882268847987765,,0.0,0.0565251199436618,0.0,0.0,False,False,False
801,1773751402.8166492,1773751402816652313,-0.42,8.409937492055881e-20,0.8749994277780444,-0.41911045932154867,-0.0006055915933593336,0.9938172432511017,0.11882268847987765,,0.0,0.0565251199436618,0.0,0.0,False,False,False
802,1773751402.8666553,1773751402866659850,-0.42,8.409937492055881e-20,0.8749994277780444,-0.4190307630163803,-0.0006336410154895555,0.9924734441050096,0.11747972349837656,,0.0,0.057870023781212025,0.0,0.0013464525302353148,False,False,False
803,1773751402.916657,1773751402916661356,-0.42,8.409937492055881e-20,0.8749994277780444,-0.4190307630163803,-0.0006336410154895555,0.9924734441050096,0.11747972349837656,,0.0,0.057870023781212025,0.0,0.0,False,False,False
804,1773751402.9670916,1773751402967095200,-0.42,8.409937492055881e-20,0.8749994277780444,-0.4190307630163803,-0.0006336410154895555,0.9924734441050096,0.11747972349837656,,0.0,0.057870023781212025,0.0,0.0,False,False,False
805,1773751403.0167303,1773751403016735399,-0.42,8.409937492055881e-20,0.8749994277780444,-0.4190307630163803,-0.0006336410154895555,0.9924734441050096,0.11747972349837656,,0.0,0.057870023781212025,0.0,0.0,False,False,False
806,1773751403.0667002,1773751403066703856,-0.42,8.409937492055881e-20,0.8749994277780444,-0.4189834578923884,-0.0006504512557739025,0.9916441556146365,0.11665097074934835,,0.0,0.058699997947708145,0.0,0.0008308066918360903,False,False,False
807,1773751403.1188052,1773751403118809539,-0.42,8.409937492055881e-20,0.8749994277780444,-0.4189515659327886,-0.0006618590821947559,0.9910703822864235,0.11607757643888068,,0.0,0.05927424493763683,0.0,0.0005747721877051257,False,False,False
808,1773751403.166647,1773751403166650400,-0.42,8.409937492055881e-20,0.8749994277780444,-0.4189515659327886,-0.0006618590821947559,0.9910703822864235,0.11607757643888068,,0.0,0.05927424493763683,0.0,0.0,False,False,False
809,1773751403.216657,1773751403216659816,-0.42,8.409937492055881e-20,0.8749994277780444,-0.4189515659327886,-0.0006618590821947559,0.9910703822864235,0.11607757643888068,,0.0,0.05927424493763683,0.0,0.0,False,False,False
810,1773751403.2666147,1773751403266618103,-0.42,8.409937492055881e-20,0.8749994277780444,-0.4189515659327886,-0.0006618590821947559,0.9910703822864235,0.11607757643888068,,0.0,0.05927424493763683,0.0,0.0,False,False,False
811,1773751403.3168693,1773751403316873028,-0.42,8.409937492055881e-20,0.8749994277780444,-0.4188955596626115,-0.00068205234611447,0.9900314180624535,0.11503931403070035,,0.0,0.06031406109060595,0.0,0.001040668597055006,False,False,False
812,1773751403.3666987,1773751403366704046,-0.42,8.409937492055881e-20,0.8749994277780444,-0.41887428477604094,-0.0006897807230920774,0.9896254427819506,0.11463361787838304,,0.0,0.06072036612153027,0.0,0.0004066058004858115,False,False,False
813,1773751403.416665,1773751403416668383,-0.42,8.409937492055881e-20,0.8749994277780444,-0.41887428477604094,-0.0006897807230920774,0.9896254427819506,0.11463361787838304,,0.0,0.06072036612153027,0.0,0.0,False,False,False
814,1773751403.4683814,1773751403468385048,-0.42,8.409937492055881e-20,0.8749994277780444,-0.41887428477604094,-0.0006897807230920774,0.9896254427819506,0.11463361787838304,,0.0,0.06072036612153027,0.0,0.0,False,False,False
815,1773751403.516661,1773751403516663856,-0.42,8.409937492055881e-20,0.8749994277780444,-0.41887428477604094,-0.0006897807230920774,0.9896254427819506,0.11463361787838304,,0.0,0.06072036612153027,0.0,0.0,False,False,False
816,1773751403.566673,1773751403566677203,-0.42,8.409937492055881e-20,0.8749994277780444,-0.4188127186246743,-0.0007123440980449135,0.9884116647446417,0.11342068843445553,,0.0,0.06193511497018029,0.0,0.001215547868550181,False,False,False
817,1773751403.616596,1773751403616599560,-0.42,8.409937492055881e-20,0.8749994277780444,-0.41880121703186585,-0.0007165946242063794,0.9881779917950482,0.11318718099418834,,0.0,0.06216897172247078,0.0,0.00023399444647581328,False,False,False
818,1773751403.6668284,1773751403666833565,-0.42,8.409937492055881e-20,0.8749994277780444,-0.41880121703186585,-0.0007165946242063794,0.9881779917950482,0.11318718099418834,,0.0,0.06216897172247078,0.0,0.0,False,False,False
819,1773751403.7167187,1773751403716722552,-0.42,8.409937492055881e-20,0.8749994277780444,-0.41880121703186585,-0.0007165946242063794,0.9881779917950482,0.11318718099418834,,0.0,0.06216897172247078,0.0,0.0,False,False,False
820,1773751403.7666924,1773751403766698369,-0.42,8.409937492055881e-20,0.8749994277780444,-0.4187347082948401,-0.0007414193554894132,0.9867786348451759,0.1117888268044553,,0.0,0.06356940372123109,0.0,0.0014011565053696942,False,False,False
821,1773751403.816632,1773751403816637206,-0.42,8.409937492055881e-20,0.8749994277780444,-0.4187347082948401,-0.0007414193554894132,0.9867786348451759,0.1117888268044553,,0.0,0.06356940372123109,0.0,0.0,False,False,False
822,1773751403.8668582,1773751403866863831,-0.42,8.409937492055881e-20,0.8749994277780444,-0.41873136589527327,-0.0007426788342349182,0.9867059787117176,0.11171622319895988,,0.0,0.06364211434946143,0.0,7.274387706663508e-05,False,False,False
823,1773751403.9166603,1773751403916663059,-0.42,8.409937492055881e-20,0.8749994277780444,-0.41873136589527327,-0.0007426788342349182,0.9867059787117176,0.11171622319895988,,0.0,0.06364211434946143,0.0,0.0,False,False,False
824,1773751403.9668038,1773751403966809005,-0.42,8.409937492055881e-20,0.8749994277780444,-0.4186978903009417,-0.0007553624692506313,0.9859647176115485,0.11097550004375693,,0.0,0.06438392313028539,0.0,0.0007421249952919214,False,False,False
825,1773751404.0166352,1773751404016638132,-0.42,8.409937492055881e-20,0.8749994277780444,-0.41866749892219585,-0.0007669946962780257,0.9852688348599401,0.11028012503701334,,0.0,0.0650803054327524,0.0,0.0006966432003498796,False,False,False
826,1773751404.0666513,1773751404066655689,-0.42,8.409937492055881e-20,0.8749994277780444,-0.41866749892219585,-0.0007669946962780257,0.9852688348599401,0.11028012503701334,,0.0,0.0650803054327524,0.0,0.0,False,False,False
827,1773751404.1165855,1773751404116588276,-0.42,8.409937492055881e-20,0.8749994277780444,-0.41866749892219585,-0.0007669946962780257,0.9852688348599401,0.11028012503701334,,0.0,0.0650803054327524,0.0,0.0,False,False,False
828,1773751404.1666188,1773751404166621923,-0.42,8.409937492055881e-20,0.8749994277780444,-0.41866749892219585,-0.0007669946962780257,0.9852688348599401,0.11028012503701334,,0.0,0.0650803054327524,0.0,0.0,False,False,False
829,1773751404.2166395,1773751404216643799,-0.42,8.409937492055881e-20,0.8749994277780444,-0.41860700154442887,-0.0007905310486532565,0.983809113181591,0.10882147316432955,,0.0,0.06654102435390408,0.0,0.0014611643544933722,False,False,False
830,1773751404.2667859,1773751404266789515,-0.42,8.409937492055881e-20,0.8749994277780444,-0.41860700154442887,-0.0007905310486532565,0.983809113181591,0.10882147316432955,,0.0,0.06654102435390408,0.0,0.0,False,False,False
831,1773751404.3166027,1773751404316605903,-0.42,8.409937492055881e-20,0.8749994277780444,-0.41860700154442887,-0.0007905310486532565,0.983809113181591,0.10882147316432955,,0.0,0.06654102435390408,0.0,0.0,False,False,False
832,1773751404.3667116,1773751404366715399,-0.42,8.409937492055881e-20,0.8749994277780444,-0.41860700154442887,-0.0007905310486532565,0.983809113181591,0.10882147316432955,,0.0,0.06654102435390408,0.0,0.0,False,False,False
833,1773751404.417443,1773751404417447091,-0.42,8.409937492055881e-20,0.8749994277780444,-0.41856393578221907,-0.0008076497348251501,0.9826988863280096,0.10771206037620591,,0.0,0.06765195956721388,0.0,0.0011111936715551714,False,False,False
834,1773751404.4666376,1773751404466641503,-0.42,8.409937492055881e-20,0.8749994277780444,-0.41855037458934297,-0.0008131134244368553,0.9823350116760967,0.10734845195906668,,0.0,0.06801605633896413,0.0,0.00036416825803621197,False,False,False
835,1773751404.5166857,1773751404516689780,-0.42,8.409937492055881e-20,0.8749994277780444,-0.41855037458934297,-0.0008131134244368553,0.9823350116760967,0.10734845195906668,,0.0,0.06801605633896413,0.0,0.0,False,False,False
836,1773751404.5666897,1773751404566693496,-0.42,8.409937492055881e-20,0.8749994277780444,-0.41855037458934297,-0.0008131134244368553,0.9823350116760967,0.10734845195906668,,0.0,0.06801605633896413,0.0,0.0,False,False,False
837,1773751404.6166594,1773751404616663363,-0.42,8.409937492055881e-20,0.8749994277780444,-0.41850528983038016,-0.0008315706509559847,0.9810681365499939,0.10608249925782921,,0.0,0.06928366421644513,0.0,0.0012678114567393243,False,False,False
838,1773751404.6666448,1773751404666648030,-0.42,8.409937492055881e-20,0.8749994277780444,-0.41850528983038016,-0.0008315706509559847,0.9810681365499939,0.10608249925782921,,0.0,0.06928366421644513,0.0,0.0,False,False,False
839,1773751404.7167485,1773751404716752326,-0.42,8.409937492055881e-20,0.8749994277780444,-0.41849893115865194,-0.0008342140753138912,0.9808816080790803,0.10589610581173887,,0.0,0.06947029510167349,0.0,0.00018665554066207287,False,False,False
840,1773751404.7690477,1773751404769051248,-0.42,8.409937492055881e-20,0.8749994277780444,-0.41849893115865194,-0.0008342140753138912,0.9808816080790803,0.10589610581173887,,0.0,0.06947029510167349,0.0,0.0,False,False,False
841,1773751404.8166683,1773751404816672150,-0.42,8.409937492055881e-20,0.8749994277780444,-0.41849893115865194,-0.0008342140753138912,0.9808816080790803,0.10589610581173887,,0.0,0.06947029510167349,0.0,0.0,False,False,False
842,1773751404.8666792,1773751404866682397,-0.42,8.409937492055881e-20,0.8749994277780444,-0.4184518643843314,-0.0008541495712695553,0.9794290079890884,0.10444454757635493,,0.0,0.07092364290784388,0.0,0.0014534991319875286,False,False,False
843,1773751404.9166322,1773751404916635704,-0.42,8.409937492055881e-20,0.8749994277780444,-0.4184518643843314,-0.0008541495712695553,0.9794290079890884,0.10444454757635493,,0.0,0.07092364290784388,0.0,0.0,False,False,False
844,1773751404.9665906,1773751404966594201,-0.42,8.409937492055881e-20,0.8749994277780444,-0.41845142107848204,-0.0008543407677697292,0.9794146577776951,0.10443020755846269,,0.0,0.07093800005750805,0.0,1.435833009823261e-05,False,False,False
845,1773751405.0167031,1773751405016706777,-0.42,8.409937492055881e-20,0.8749994277780444,-0.41845142107848204,-0.0008543407677697292,0.9794146577776951,0.10443020755846269,,0.0,0.07093800005750805,0.0,0.0,False,False,False
846,1773751405.0666244,1773751405066626894,-0.42,8.409937492055881e-20,0.8749994277780444,-0.4184084763856913,-0.0008732315247001023,0.9779526460712394,0.10296922179776295,,0.0,0.07240067147330433,0.0,0.001462764279420877,False,False,False
847,1773751405.1173835,1773751405117388926,-0.42,8.409937492055881e-20,0.8749994277780444,-0.4184084763856913,-0.0008732315247001023,0.9779526460712394,0.10296922179776295,,0.0,0.07240067147330433,0.0,0.0,False,False,False
848,1773751405.1666305,1773751405166633688,-0.42,8.409937492055881e-20,0.8749994277780444,-0.4184084763856913,-0.0008732315247001023,0.9779526460712394,0.10296922179776295,,0.0,0.07240067147330433,0.0,0.0,False,False,False
849,1773751405.2165983,1773751405216601645,-0.42,8.409937492055881e-20,0.8749994277780444,-0.4184084763856913,-0.0008732315247001023,0.9779526460712394,0.10296922179776295,,0.0,0.07240067147330433,0.0,0.0,False,False,False
850,1773751405.2676005,1773751405267604045,-0.42,8.409937492055881e-20,0.8749994277780444,-0.4184084763856913,-0.0008732315247001023,0.9779526460712394,0.10296922179776295,,0.0,0.07240067147330433,0.0,0.0,False,False,False
851,1773751405.3167136,1773751405316718718,-0.42,8.409937492055881e-20,0.8749994277780444,-0.4183822348217978,-0.0008852027331963637,0.9769759436645589,0.10199318869612421,,0.0,0.07337776168753514,0.0,0.0009771282007618352,False,False,False
852,1773751405.366738,1773751405366742625,-0.42,8.409937492055881e-20,0.8749994277780444,-0.4183703378952276,-0.0008907630279295893,0.976507252703387,0.10152481360939139,,0.0,0.07384662346188743,0.0,0.000468874898905388,False,False,False
853,1773751405.4167562,1773751405416759951,-0.42,8.409937492055881e-20,0.8749994277780444,-0.4183703378952276,-0.0008907630279295893,0.976507252703387,0.10152481360939139,,0.0,0.07384662346188743,0.0,0.0,False,False,False
854,1773751405.4666057,1773751405466608349,-0.42,8.409937492055881e-20,0.8749994277780444,-0.4183703378952276,-0.0008907630279295893,0.976507252703387,0.10152481360939139,,0.0,0.07384662346188743,0.0,0.0,False,False,False
855,1773751405.5167804,1773751405516783895,-0.42,8.409937492055881e-20,0.8749994277780444,-0.4183425404797678,-0.0009041547775614474,0.9753343050824936,0.1003526395847258,,0.0,0.07501995470407437,0.0,0.0011733533809657971,False,False,False
856,1773751405.5666556,1773751405566659922,-0.42,8.409937492055881e-20,0.8749994277780444,-0.4183425404797678,-0.0009041547775614474,0.9753343050824936,0.1003526395847258,,0.0,0.07501995470407437,0.0,0.0,False,False,False
857,1773751405.6167011,1773751405616705709,-0.42,8.409937492055881e-20,0.8749994277780444,-0.4183357410875915,-0.0009075313475899157,0.9750277694249334,0.1000463017982231,,0.0,0.07532658023726337,0.0,0.00030662965009112307,False,False,False
858,1773751405.6666605,1773751405666664726,-0.42,8.409937492055881e-20,0.8749994277780444,-0.4183357410875915,-0.0009075313475899157,0.9750277694249334,0.1000463017982231,,0.0,0.07532658023726337,0.0,0.0,False,False,False
859,1773751405.7167003,1773751405716704573,-0.42,8.409937492055881e-20,0.8749994277780444,-0.41830841061942486,-0.0009216228881096288,0.9736946404666734,0.09871401051033273,,0.0,0.07666004985673075,0.0,0.0013334835377145778,False,False,False
860,1773751405.766597,1773751405766599950,-0.42,8.409937492055881e-20,0.8749994277780444,-0.41830841061942486,-0.0009216228881096288,0.9736946404666734,0.09871401051033273,,0.0,0.07666004985673075,0.0,0.0,False,False,False
861,1773751405.8166342,1773751405816637687,-0.42,8.409937492055881e-20,0.8749994277780444,-0.4183061784874246,-0.0009228175234874238,0.9735772531279941,0.09859669504716329,,0.0,0.07677746327875139,0.0,0.00011741463643496736,False,False,False
862,1773751405.8667006,1773751405866704033,-0.42,8.409937492055881e-20,0.8749994277780444,-0.4183061784874246,-0.0009228175234874238,0.9735772531279941,0.09859669504716329,,0.0,0.07677746327875139,0.0,0.0,False,False,False
863,1773751405.9166257,1773751405916629640,-0.42,8.409937492055881e-20,0.8749994277780444,-0.41828066061992697,-0.0009371183776218763,0.9721101308909273,0.09713044310532121,,0.0,0.07824485819470571,0.0,0.0014674138252335248,False,False,False
864,1773751405.9667542,1773751405966759107,-0.42,8.409937492055881e-20,0.8749994277780444,-0.41828066061992697,-0.0009371183776218763,0.9721101308909273,0.09713044310532121,,0.0,0.07824485819470571,0.0,0.0,False,False,False
865,1773751406.0166278,1773751406016630434,-0.42,8.409937492055881e-20,0.8749994277780444,-0.41828066061992697,-0.0009371183776218763,0.9721101308909273,0.09713044310532121,,0.0,0.07824485819470571,0.0,0.0,False,False,False
866,1773751406.0671136,1773751406067117168,-0.42,8.409937492055881e-20,0.8749994277780444,-0.41828066061992697,-0.0009371183776218763,0.9721101308909273,0.09713044310532121,,0.0,0.07824485819470571,0.0,0.0,False,False,False
867,1773751406.1166549,1773751406116657718,-0.42,8.409937492055881e-20,0.8749994277780444,-0.41828066061992697,-0.0009371183776218763,0.9721101308909273,0.09713044310532121,,0.0,0.07824485819470571,0.0,0.0,False,False,False
868,1773751406.1689262,1773751406168932630,-0.42,8.409937492055881e-20,0.8749994277780444,-0.41828066061992697,-0.0009371183776218763,0.9721101308909273,0.09713044310532121,,0.0,0.07824485819470571,0.0,0.0,False,False,False
869,1773751406.2167583,1773751406216761731,-0.42,8.409937492055881e-20,0.8749994277780444,-0.4182594963226245,-0.0009502870841667484,0.9706391498423194,0.0956602782513466,,0.0,0.0797160141365979,0.0,0.001471192233420307,False,False,False
870,1773751406.2666361,1773751406266639479,-0.42,8.409937492055881e-20,0.8749994277780444,-0.4182594963226245,-0.0009502870841667484,0.9706391498423194,0.0956602782513466,,0.0,0.0797160141365979,0.0,0.0,False,False,False
871,1773751406.3166502,1773751406316653546,-0.42,8.409937492055881e-20,0.8749994277780444,-0.4182594963226245,-0.0009502870841667484,0.9706391498423194,0.0956602782513466,,0.0,0.0797160141365979,0.0,0.0,False,False,False
872,1773751406.3666213,1773751406366623343,-0.42,8.409937492055881e-20,0.8749994277780444,-0.4182594963226245,-0.0009502870841667484,0.9706391498423194,0.0956602782513466,,0.0,0.0797160141365979,0.0,0.0,False,False,False
873,1773751406.416697,1773751406416701109,-0.42,8.409937492055881e-20,0.8749994277780444,-0.41824705816132607,-0.0009589981877907413,0.9695858147921419,0.09460748961363782,,0.0,0.08076941459511007,0.0,0.001053444502152434,False,False,False
874,1773751406.466656,1773751406466660346,-0.42,8.409937492055881e-20,0.8749994277780444,-0.4182427486005432,-0.0009622903142958274,0.9691676433589553,0.0941895257490067,,0.0,0.08118759832936685,0.0,0.0004182065972033108,False,False,False
875,1773751406.5166698,1773751406516672963,-0.42,8.409937492055881e-20,0.8749994277780444,-0.4182427486005432,-0.0009622903142958274,0.9691676433589553,0.0941895257490067,,0.0,0.08118759832936685,0.0,0.0,False,False,False
876,1773751406.5666313,1773751406566634370,-0.42,8.409937492055881e-20,0.8749994277780444,-0.4182427486005432,-0.0009622903142958274,0.9691676433589553,0.0941895257490067,,0.0,0.08118759832936685,0.0,0.0,False,False,False
877,1773751406.6166253,1773751406616629017,-0.42,8.409937492055881e-20,0.8749994277780444,-0.41823218107278975,-0.0009713885756678616,0.9679430243636218,0.09296548244260819,,0.0,0.08241220933418925,0.0,0.0012246983852094212,False,False,False
878,1773751406.6666682,1773751406666672454,-0.42,8.409937492055881e-20,0.8749994277780444,-0.4182305038405837,-0.000973041265031384,0.9677081319106102,0.09273069474505877,,0.0,0.0826470928429274,0.0,0.00023490425490355201,False,False,False
879,1773751406.7220862,1773751406722091937,-0.42,8.409937492055881e-20,0.8749994277780444,-0.4182305038405837,-0.000973041265031384,0.9677081319106102,0.09273069474505877,,0.0,0.0826470928429274,0.0,0.0,False,False,False
880,1773751406.7666683,1773751406766670878,-0.42,8.409937492055881e-20,0.8749994277780444,-0.4182305038405837,-0.000973041265031384,0.9677081319106102,0.09273069474505877,,0.0,0.0826470928429274,0.0,0.0,False,False,False
881,1773751406.8166234,1773751406816626125,-0.42,8.409937492055881e-20,0.8749994277780444,-0.4182227898858389,-0.0009823530504273177,0.9662955762670511,0.09131872875939698,,0.0,0.08405954542070347,0.0,0.0014126073978978802,False,False,False
882,1773751406.8671834,1773751406867185959,-0.42,8.409937492055881e-20,0.8749994277780444,-0.4182227898858389,-0.0009823530504273177,0.9662955762670511,0.09131872875939698,,0.0,0.08405954542070347,0.0,0.0,False,False,False
883,1773751406.91664,1773751406916643989,-0.42,8.409937492055881e-20,0.8749994277780444,-0.41822244387140284,-0.0009828976215939438,0.9662075741556008,0.09123076103570876,,0.0,0.08414753835347286,0.0,8.800447661034567e-05,False,False,False
884,1773751406.9666212,1773751406966624336,-0.42,8.409937492055881e-20,0.8749994277780444,-0.41822244387140284,-0.0009828976215939438,0.9662075741556008,0.09123076103570876,,0.0,0.08414753835347286,0.0,0.0,False,False,False
885,1773751407.0167549,1773751407016758712,-0.42,8.409937492055881e-20,0.8749994277780444,-0.4182189714266876,-0.0009915415075882868,0.9647071357452666,0.08973086473489844,,0.0,0.08564777180393728,0.0,0.0015004673264831913,False,False,False
886,1773751407.0667014,1773751407066704329,-0.42,8.409937492055881e-20,0.8749994277780444,-0.4182189714266876,-0.0009915415075882868,0.9647071357452666,0.08973086473489844,,0.0,0.08564777180393728,0.0,0.0,False,False,False
887,1773751407.1169767,1773751407116981945,-0.42,8.409937492055881e-20,0.8749994277780444,-0.4182189714266876,-0.0009915415075882868,0.9647071357452666,0.08973086473489844,,0.0,0.08564777180393728,0.0,0.0,False,False,False
888,1773751407.1667743,1773751407166778023,-0.42,8.409937492055881e-20,0.8749994277780444,-0.4182189714266876,-0.0009915415075882868,0.9647071357452666,0.08973086473489844,,0.0,0.08564777180393728,0.0,0.0,False,False,False
889,1773751407.2166052,1773751407216607741,-0.42,8.409937492055881e-20,0.8749994277780444,-0.41821895667793035,-0.0009954285794189334,0.963953088008251,0.0889770569401059,,0.0,0.08640168276356885,0.0,0.0007540577559068553,False,False,False
890,1773751407.2671766,1773751407267182064,-0.42,8.409937492055881e-20,0.8749994277780444,-0.41821987936742155,-0.0009985498566183722,0.9632996883519528,0.08832384699900024,,0.0,0.08705494619358443,0.0,0.0006534077628692779,False,False,False
891,1773751407.3167284,1773751407316732424,-0.42,8.409937492055881e-20,0.8749994277780444,-0.41821987936742155,-0.0009985498566183722,0.9632996883519528,0.08832384699900024,,0.0,0.08705494619358443,0.0,0.0,False,False,False
892,1773751407.366625,1773751407366628212,-0.42,8.409937492055881e-20,0.8749994277780444,-0.41821987936742155,-0.0009985498566183722,0.9632996883519528,0.08832384699900024,,0.0,0.08705494619358443,0.0,0.0,False,False,False
893,1773751407.416936,1773751407416939807,-0.42,8.409937492055881e-20,0.8749994277780444,-0.41821987936742155,-0.0009985498566183722,0.9632996883519528,0.08832384699900024,,0.0,0.08705494619358443,0.0,0.0,False,False,False
894,1773751407.4666023,1773751407466605176,-0.42,8.409937492055881e-20,0.8749994277780444,-0.4182229906732475,-0.0010029010410980603,0.9622952853837775,0.08731970183049202,,0.0,0.08805910860644314,0.0,0.0010044172118744412,False,False,False
895,1773751407.5166857,1773751407516690043,-0.42,8.409937492055881e-20,0.8749994277780444,-0.41822520160477317,-0.0010047893231234064,0.961815298523194,0.08683982337710096,,0.0,0.08853896754233946,0.0,0.0004799956668137794,False,False,False
896,1773751407.5666738,1773751407566677130,-0.42,8.409937492055881e-20,0.8749994277780444,-0.41822520160477317,-0.0010047893231234064,0.961815298523194,0.08683982337710096,,0.0,0.08853896754233946,0.0,0.0,False,False,False
897,1773751407.6165974,1773751407616600557,-0.42,8.409937492055881e-20,0.8749994277780444,-0.41822520160477317,-0.0010047893231234064,0.961815298523194,0.08683982337710096,,0.0,0.08853896754233946,0.0,0.0,False,False,False
898,1773751407.6666362,1773751407666639554,-0.42,8.409937492055881e-20,0.8749994277780444,-0.4182325454985308,-0.0010088721448567846,0.9606461414988576,0.08567088939420653,,0.0,0.08970777914585325,0.0,0.0011691872175849216,False,False,False
899,1773751407.7168748,1773751407716878730,-0.42,8.409937492055881e-20,0.8749994277780444,-0.41823488852127605,-0.001009805880958452,0.9603447682776414,0.0853695640813615,,0.0,0.09000905577770768,0.0,0.000301383775417586,False,False,False
900,1773751407.766617,1773751407766620129,-0.42,8.409937492055881e-20,0.8749994277780444,-0.41823488852127605,-0.001009805880958452,0.9603447682776414,0.0853695640813615,,0.0,0.09000905577770768,0.0,0.0,False,False,False
901,1773751407.8166318,1773751407816635225,-0.42,8.409937492055881e-20,0.8749994277780444,-0.41823488852127605,-0.001009805880958452,0.9603447682776414,0.0853695640813615,,0.0,0.09000905577770768,0.0,0.0,False,False,False
902,1773751407.86672,1773751407866723812,-0.42,8.409937492055881e-20,0.8749994277780444,-0.41824764137738857,-0.0010133908828343476,0.9589952401184274,0.08402020121699597,,0.0,0.09135811514860812,0.0,0.0013495931757714645,False,False,False
903,1773751407.9181318,1773751407918137040,-0.42,8.409937492055881e-20,0.8749994277780444,-0.41824764137738857,-0.0010133908828343476,0.9589952401184274,0.08402020121699597,,0.0,0.09135811514860812,0.0,0.0,False,False,False
904,1773751407.9666145,1773751407966617617,-0.42,8.409937492055881e-20,0.8749994277780444,-0.41824764137738857,-0.0010133908828343476,0.9589952401184274,0.08402020121699597,,0.0,0.09135811514860812,0.0,0.0,False,False,False
905,1773751408.0167072,1773751408016710283,-0.42,8.409937492055881e-20,0.8749994277780444,-0.4182489818017414,-0.00101366804724094,0.958872750934946,0.08389772300260995,,0.0,0.09148055893644814,0.0,0.0001224968310916968,False,False,False
906,1773751408.0667052,1773751408066709350,-0.42,8.409937492055881e-20,0.8749994277780444,-0.4182489818017414,-0.00101366804724094,0.958872750934946,0.08389772300260995,,0.0,0.09148055893644814,0.0,0.0,False,False,False
907,1773751408.1167223,1773751408116727937,-0.42,8.409937492055881e-20,0.8749994277780444,-0.4182666538321302,-0.0010162864803133541,0.9574590787666237,0.08248412797809072,,0.0,0.0928936747016084,0.0,0.0014137850460160728,False,False,False
908,1773751408.166609,1773751408166612375,-0.42,8.409937492055881e-20,0.8749994277780444,-0.4182666538321302,-0.0010162864803133541,0.9574590787666237,0.08248412797809072,,0.0,0.0928936747016084,0.0,0.0,False,False,False
909,1773751408.2165904,1773751408216594012,-0.42,8.409937492055881e-20,0.8749994277780444,-0.41826748205326214,-0.0010163728173565633,0.9573998937964938,0.08242494423533003,,0.0,0.09295283511445354,0.0,5.91908277827475e-05,False,False,False
910,1773751408.266586,1773751408266589039,-0.42,8.409937492055881e-20,0.8749994277780444,-0.41826748205326214,-0.0010163728173565633,0.9573998937964938,0.08242494423533003,,0.0,0.09295283511445354,0.0,0.0,False,False,False
911,1773751408.3166144,1773751408316616976,-0.42,8.409937492055881e-20,0.8749994277780444,-0.41829047187409935,-0.0010179226363480872,0.9559215873241786,0.08094661548524955,,0.0,0.09443049730882264,0.0,0.0014784860364203515,False,False,False
912,1773751408.3690495,1773751408369053868,-0.42,8.409937492055881e-20,0.8749994277780444,-0.41829047187409935,-0.0010179226363480872,0.9559215873241786,0.08094661548524955,,0.0,0.09443049730882264,0.0,0.0,False,False,False
913,1773751408.4168012,1773751408416805070,-0.42,8.409937492055881e-20,0.8749994277780444,-0.41829047187409935,-0.0010179226363480872,0.9559215873241786,0.08094661548524955,,0.0,0.09443049730882264,0.0,0.0,False,False,False
914,1773751408.4665856,1773751408466588348,-0.42,8.409937492055881e-20,0.8749994277780444,-0.41829047187409935,-0.0010179226363480872,0.9559215873241786,0.08094661548524955,,0.0,0.09443049730882264,0.0,0.0,False,False,False
915,1773751408.517995,1773751408517998066,-0.42,8.409937492055881e-20,0.8749994277780444,-0.4183074832936357,-0.0010183024649021754,0.9549767887211335,0.080001748831713,,0.0,0.09537485481144886,0.0,0.0009449518151633565,False,False,False
916,1773751408.566581,1773751408566583782,-0.42,8.409937492055881e-20,0.8749994277780444,-0.4183178107258957,-0.0010183072410480916,0.9544471169426081,0.07947202038441084,,0.0,0.09590427003175704,0.0,0.0005297724500633446,False,False,False
917,1773751408.616739,1773751408616743898,-0.42,8.409937492055881e-20,0.8749994277780444,-0.4183178107258957,-0.0010183072410480916,0.9544471169426081,0.07947202038441084,,0.0,0.09590427003175704,0.0,0.0,False,False,False
918,1773751408.6666403,1773751408666643636,-0.42,8.409937492055881e-20,0.8749994277780444,-0.4183178107258957,-0.0010183072410480916,0.9544471169426081,0.07947202038441084,,0.0,0.09590427003175704,0.0,0.0,False,False,False
919,1773751408.7166612,1773751408716664493,-0.42,8.409937492055881e-20,0.8749994277780444,-0.4183178107258957,-0.0010183072410480916,0.9544471169426081,0.07947202038441084,,0.0,0.09590427003175704,0.0,0.0,False,False,False
920,1773751408.7666802,1773751408766683980,-0.42,8.409937492055881e-20,0.8749994277780444,-0.41834160187570335,-0.0010178224492755602,0.9533233399330232,0.07834807886692408,,0.0,0.09702748225420937,0.0,0.0011240289236064038,False,False,False
921,1773751408.816649,1773751408816651848,-0.42,8.409937492055881e-20,0.8749994277780444,-0.4183496716940107,-0.0010175286173775182,0.9529673304239238,0.07799200466074747,,0.0,0.09738330739498942,0.0,0.00035610107957419624,False,False,False
922,1773751408.8667002,1773751408866704114,-0.42,8.409937492055881e-20,0.8749994277780444,-0.4183496716940107,-0.0010175286173775182,0.9529673304239238,0.07799200466074747,,0.0,0.09738330739498942,0.0,0.0,False,False,False
923,1773751408.9166324,1773751408916635872,-0.42,8.409937492055881e-20,0.8749994277780444,-0.4183496716940107,-0.0010175286173775182,0.9529673304239238,0.07799200466074747,,0.0,0.09738330739498942,0.0,0.0,False,False,False
924,1773751408.9666817,1773751408966685419,-0.42,8.409937492055881e-20,0.8749994277780444,-0.4183813391029157,-0.001015881475032854,0.9516664239793994,0.07669081030221055,,0.0,0.09868351990960458,0.0,0.0013012928629904167,False,False,False
925,1773751409.0166774,1773751409016681106,-0.42,8.409937492055881e-20,0.8749994277780444,-0.4183813391029157,-0.001015881475032854,0.9516664239793994,0.07669081030221055,,0.0,0.09868351990960458,0.0,0.0,False,False,False
926,1773751409.0666082,1773751409066613534,-0.42,8.409937492055881e-20,0.8749994277780444,-0.41838651058418097,-0.0010155484509084033,0.9514664405381419,0.07649077543863714,,0.0,0.09888339405405036,0.0,0.00020005057335766973,False,False,False
927,1773751409.1167016,1773751409116705870,-0.42,8.409937492055881e-20,0.8749994277780444,-0.41838651058418097,-0.0010155484509084033,0.9514664405381419,0.07649077543863714,,0.0,0.09888339405405036,0.0,0.0,False,False,False
928,1773751409.1666713,1773751409166676938,-0.42,8.409937492055881e-20,0.8749994277780444,-0.41838651058418097,-0.0010155484509084033,0.9514664405381419,0.07649077543863714,,0.0,0.09888339405405036,0.0,0.0,False,False,False
929,1773751409.2166884,1773751409216691375,-0.42,8.409937492055881e-20,0.8749994277780444,-0.4184267653801141,-0.001012468755882773,0.9500046693679332,0.07502857073214458,,0.0,0.10034434766457012,0.0,0.001462328583858801,False,False,False
930,1773751409.266671,1773751409266673832,-0.42,8.409937492055881e-20,0.8749994277780444,-0.4184267653801141,-0.001012468755882773,0.9500046693679332,0.07502857073214458,,0.0,0.10034434766457012,0.0,0.0,False,False,False
931,1773751409.316603,1773751409316605530,-0.42,8.409937492055881e-20,0.8749994277780444,-0.4184272186569033,-0.0010124297332970477,0.9499890555906605,0.0750129517789611,,0.0,0.10035995254592268,0.0,1.562040407064069e-05,False,False,False
932,1773751409.3666203,1773751409366623447,-0.42,8.409937492055881e-20,0.8749994277780444,-0.4184272186569033,-0.0010124297332970477,0.9499890555906605,0.0750129517789611,,0.0,0.10035995254592268,0.0,0.0,False,False,False
933,1773751409.4166713,1773751409416674834,-0.42,8.409937492055881e-20,0.8749994277780444,-0.4184719023615367,-0.0010081962918805408,0.9485251806067998,0.07354854091816418,,0.0,0.10182298049785284,0.0,0.0014645629122230054,False,False,False
934,1773751409.4695868,1773751409469591263,-0.42,8.409937492055881e-20,0.8749994277780444,-0.4184719023615367,-0.0010081962918805408,0.9485251806067998,0.07354854091816418,,0.0,0.10182298049785284,0.0,0.0,False,False,False
935,1773751409.51668,1773751409516685658,-0.42,8.409937492055881e-20,0.8749994277780444,-0.4184719023615367,-0.0010081962918805408,0.9485251806067998,0.07354854091816418,,0.0,0.10182298049785284,0.0,0.0,False,False,False
936,1773751409.5666502,1773751409566653966,-0.42,8.409937492055881e-20,0.8749994277780444,-0.4184719023615367,-0.0010081962918805408,0.9485251806067998,0.07354854091816418,,0.0,0.10182298049785284,0.0,0.0,False,False,False
937,1773751409.6166897,1773751409616693843,-0.42,8.409937492055881e-20,0.8749994277780444,-0.41850104077565636,-0.0010050825312093352,0.9476393990945347,0.07266238712367845,,0.0,0.1027082388264068,0.0,0.0008862661170064335,False,False,False
938,1773751409.666666,1773751409666669790,-0.42,8.409937492055881e-20,0.8749994277780444,-0.41852148220977997,-0.0010027597409222226,0.9470449821568083,0.07206770044685372,,0.0,0.10330230114944688,0.0,0.0005947728502879838,False,False,False
939,1773751409.7167845,1773751409716790506,-0.42,8.409937492055881e-20,0.8749994277780444,-0.41852148220977997,-0.0010027597409222226,0.9470449821568083,0.07206770044685372,,0.0,0.10330230114944688,0.0,0.0,False,False,False
940,1773751409.7666395,1773751409766643114,-0.42,8.409937492055881e-20,0.8749994277780444,-0.41852148220977997,-0.0010027597409222226,0.9470449821568083,0.07206770044685372,,0.0,0.10330230114944688,0.0,0.0,False,False,False
941,1773751409.8166068,1773751409816609532,-0.42,8.409937492055881e-20,0.8749994277780444,-0.41852148220977997,-0.0010027597409222226,0.9470449821568083,0.07206770044685372,,0.0,0.10330230114944688,0.0,0.0,False,False,False
942,1773751409.8666978,1773751409866700859,-0.42,8.409937492055881e-20,0.8749994277780444,-0.418560117144664,-0.0009981013604495785,0.9459738378367168,0.07099603053790687,,0.0,0.1043728010508289,0.0,0.0010718509752602528,False,False,False
943,1773751409.9166353,1773751409916639636,-0.42,8.409937492055881e-20,0.8749994277780444,-0.418575908515768,-0.0009961075270312108,0.9455535485333191,0.07057552141012315,,0.0,0.10479283611100451,0.0,0.000420590586346896,False,False,False
944,1773751409.966829,1773751409966835352,-0.42,8.409937492055881e-20,0.8749994277780444,-0.418575908515768,-0.0009961075270312108,0.9455535485333191,0.07057552141012315,,0.0,0.10479283611100451,0.0,0.0,False,False,False
945,1773751410.016718,1773751410016720760,-0.42,8.409937492055881e-20,0.8749994277780444,-0.418575908515768,-0.0009961075270312108,0.9455535485333191,0.07057552141012315,,0.0,0.10479283611100451,0.0,0.0,False,False,False
946,1773751410.0666099,1773751410066612758,-0.42,8.409937492055881e-20,0.8749994277780444,-0.4186245838865322,-0.000989678731845499,0.944313296389259,0.06933457734298358,,0.0,0.10603233563868703,0.0,0.0012412235906444225,False,False,False
947,1773751410.1165986,1773751410116601906,-0.42,8.409937492055881e-20,0.8749994277780444,-0.4186245838865322,-0.000989678731845499,0.944313296389259,0.06933457734298358,,0.0,0.10603233563868703,0.0,0.0,False,False,False
948,1773751410.1665938,1773751410166597443,-0.42,8.409937492055881e-20,0.8749994277780444,-0.4186342462084171,-0.0009883565067494203,0.9440760980404811,0.06909723950020769,,0.0,0.10626938991215157,0.0,0.00023739874769334817,False,False,False
949,1773751410.216674,1773751410216678580,-0.42,8.409937492055881e-20,0.8749994277780444,-0.4186342462084171,-0.0009883565067494203,0.9440760980404811,0.06909723950020769,,0.0,0.10626938991215157,0.0,0.0,False,False,False
950,1773751410.266588,1773751410266591208,-0.42,8.409937492055881e-20,0.8749994277780444,-0.4186945752382173,-0.000979802050466408,0.9426534869576755,0.06767374579072595,,0.0,0.10769113871535783,0.0,0.0014239153989898034,False,False,False
951,1773751410.316684,1773751410316687994,-0.42,8.409937492055881e-20,0.8749994277780444,-0.4186945752382173,-0.000979802050466408,0.9426534869576755,0.06767374579072595,,0.0,0.10769113871535783,0.0,0.0,False,False,False
952,1773751410.3666642,1773751410366666642,-0.42,8.409937492055881e-20,0.8749994277780444,-0.4186945752382173,-0.000979802050466408,0.9426534869576755,0.06767374579072595,,0.0,0.10769113871535783,0.0,0.0,False,False,False
953,1773751410.416791,1773751410416795848,-0.42,8.409937492055881e-20,0.8749994277780444,-0.4186971753686936,-0.0009794226970656602,0.9425942581227172,0.06761447855426063,,0.0,0.10775033177899433,0.0,5.9287093688310246e-05,False,False,False
954,1773751410.4666123,1773751410466615217,-0.42,8.409937492055881e-20,0.8749994277780444,-0.4186971753686936,-0.0009794226970656602,0.9425942581227172,0.06761447855426063,,0.0,0.10775033177899433,0.0,0.0,False,False,False
955,1773751410.5166774,1773751410516682234,-0.42,8.409937492055881e-20,0.8749994277780444,-0.41876473681814613,-0.0009692962772407292,0.9411079499369688,0.06612716622114176,,0.0,0.10923574846224664,0.0,0.0014878773863640402,False,False,False
956,1773751410.5666122,1773751410566614621,-0.42,8.409937492055881e-20,0.8749994277780444,-0.41876473681814613,-0.0009692962772407292,0.9411079499369688,0.06612716622114176,,0.0,0.10923574846224664,0.0,0.0,False,False,False
957,1773751410.6169095,1773751410616912497,-0.42,8.409937492055881e-20,0.8749994277780444,-0.41876473681814613,-0.0009692962772407292,0.9411079499369688,0.06612716622114176,,0.0,0.10923574846224664,0.0,0.0,False,False,False
958,1773751410.6666942,1773751410666696806,-0.42,8.409937492055881e-20,0.8749994277780444,-0.41876473681814613,-0.0009692962772407292,0.9411079499369688,0.06612716622114176,,0.0,0.10923574846224664,0.0,0.0,False,False,False
959,1773751410.7166293,1773751410716633223,-0.42,8.409937492055881e-20,0.8749994277780444,-0.41881022578464666,-0.0009622164875354279,0.9401584388933364,0.06517697563384749,,0.0,0.11018469856039627,0.0,0.0009506264205645807,False,False,False
960,1773751410.7667732,1773751410766777940,-0.42,8.409937492055881e-20,0.8749994277780444,-0.4188368108951681,-0.0009579929920789975,0.9396203307568114,0.06463847044336436,,0.0,0.11072249275837219,0.0,0.0005387810061701423,False,False,False
961,1773751410.8167834,1773751410816787207,-0.42,8.409937492055881e-20,0.8749994277780444,-0.4188368108951681,-0.0009579929920789975,0.9396203307568114,0.06463847044336436,,0.0,0.11072249275837219,0.0,0.0,False,False,False
962,1773751410.8666704,1773751410866673935,-0.42,8.409937492055881e-20,0.8749994277780444,-0.4188368108951681,-0.0009579929920789975,0.9396203307568114,0.06463847044336436,,0.0,0.11072249275837219,0.0,0.0,False,False,False
963,1773751410.9167204,1773751410916724982,-0.42,8.409937492055881e-20,0.8749994277780444,-0.41889305069974414,-0.0009488706597402779,0.9385187638921749,0.06353606655012678,,0.0,0.11182342786153503,0.0,0.0011030392965942215,False,False,False
964,1773751410.9666476,1773751410966650440,-0.42,8.409937492055881e-20,0.8749994277780444,-0.41889305069974414,-0.0009488706597402779,0.9385187638921749,0.06353606655012678,,0.0,0.11182342786153503,0.0,0.0,False,False,False
965,1773751411.0166037,1773751411016607048,-0.42,8.409937492055881e-20,0.8749994277780444,-0.4189106633805768,-0.0009459653643714399,0.9381832833208381,0.06320032520480912,,0.0,0.11215871934510294,0.0,0.0003359551473214338,False,False,False
966,1773751411.066635,1773751411066639275,-0.42,8.409937492055881e-20,0.8749994277780444,-0.4189106633805768,-0.0009459653643714399,0.9381832833208381,0.06320032520480912,,0.0,0.11215871934510294,0.0,0.0,False,False,False
967,1773751411.1165886,1773751411116592032,-0.42,8.409937492055881e-20,0.8749994277780444,-0.4189106633805768,-0.0009459653643714399,0.9381832833208381,0.06320032520480912,,0.0,0.11215871934510294,0.0,0.0,False,False,False
968,1773751411.166693,1773751411166697479,-0.42,8.409937492055881e-20,0.8749994277780444,-0.4189753535833517,-0.0009351153002767106,0.9369862260480283,0.06200231851042055,,0.0,0.11335511659160048,0.0,0.0011988530604760649,False,False,False
969,1773751411.2166622,1773751411216665257,-0.42,8.409937492055881e-20,0.8749994277780444,-0.418984633982238,-0.0009335370974377268,0.9368187492674729,0.06183470683261652,,0.0,0.113522503024598,0.0,0.00016774113554191453,False,False,False
970,1773751411.2665787,1773751411266581455,-0.42,8.409937492055881e-20,0.8749994277780444,-0.418984633982238,-0.0009335370974377268,0.9368187492674729,0.06183470683261652,,0.0,0.113522503024598,0.0,0.0,False,False,False
971,1773751411.316685,1773751411316688381,-0.42,8.409937492055881e-20,0.8749994277780444,-0.418984633982238,-0.0009335370974377268,0.9368187492674729,0.06183470683261652,,0.0,0.113522503024598,0.0,0.0,False,False,False
972,1773751411.366657,1773751411366661069,-0.42,8.409937492055881e-20,0.8749994277780444,-0.41905511316612476,-0.0009213903286301075,0.9355785334935757,0.06059348001691302,,0.0,0.11476206695207349,0.0,0.0012422761469082755,False,False,False
973,1773751411.4166744,1773751411416677996,-0.42,8.409937492055881e-20,0.8749994277780444,-0.41905511316612476,-0.0009213903286301075,0.9355785334935757,0.06059348001691302,,0.0,0.11476206695207349,0.0,0.0,False,False,False
974,1773751411.4666848,1773751411466688654,-0.42,8.409937492055881e-20,0.8749994277780444,-0.4190551131661247,-0.0009213903286301353,0.9355785334935759,0.06059348001691324,,0.0,0.11476206695207326,0.0,2.3055512673781017e-16,False,False,False
975,1773751411.5166981,1773751411516704761,-0.42,8.409937492055881e-20,0.8749994277780444,-0.4190551131661247,-0.0009213903286301353,0.9355785334935759,0.06059348001691324,,0.0,0.11476206695207326,0.0,0.0,False,False,False
976,1773751411.5675735,1773751411567581013,-0.42,8.409937492055881e-20,0.8749994277780444,-0.4190551131661247,-0.0009213903286301353,0.9355785334935759,0.06059348001691324,,0.0,0.11476206695207326,0.0,0.0,False,False,False
977,1773751411.616683,1773751411616686546,-0.42,8.409937492055881e-20,0.8749994277780444,-0.4191228725901249,-0.0009094668452216514,0.9344344237257396,0.059448424922265646,,0.0,0.11590560529923269,0.0,0.0011461765439302345,False,False,False
978,1773751411.6666458,1773751411666648394,-0.42,8.409937492055881e-20,0.8749994277780444,-0.4191228725901249,-0.0009094668452216514,0.9344344237257396,0.059448424922265646,,0.0,0.11590560529923269,0.0,0.0,False,False,False
979,1773751411.716609,1773751411716612661,-0.42,8.409937492055881e-20,0.8749994277780444,-0.4191228725901249,-0.0009094668452216514,0.9344344237257396,0.059448424922265646,,0.0,0.11590560529923269,0.0,0.0,False,False,False
980,1773751411.7680464,1773751411768050450,-0.42,8.409937492055881e-20,0.8749994277780444,-0.4191228725901249,-0.0009094668452216514,0.9344344237257396,0.059448424922265646,,0.0,0.11590560529923269,0.0,0.0,False,False,False
981,1773751411.8167596,1773751411816763495,-0.42,8.409937492055881e-20,0.8749994277780444,-0.4191658594573845,-0.0009017903839563495,0.9337306601488813,0.05874407776226187,,0.0,0.11660903340440631,0.0,0.0007051169909502624,False,False,False
982,1773751411.8666139,1773751411866617183,-0.42,8.409937492055881e-20,0.8749994277780444,-0.4191852784583581,-0.0008982960430063732,0.9334179680404874,0.058431126579640474,,0.0,0.11692158067612173,0.0,0.00031331400011700116,False,False,False
983,1773751411.916712,1773751411916717250,-0.42,8.409937492055881e-20,0.8749994277780444,-0.4191852784583581,-0.0008982960430063732,0.9334179680404874,0.058431126579640474,,0.0,0.11692158067612173,0.0,0.0,False,False,False
984,1773751411.9668171,1773751411966822057,-0.42,8.409937492055881e-20,0.8749994277780444,-0.4191852784583581,-0.0008982960430063732,0.9334179680404874,0.058431126579640474,,0.0,0.11692158067612173,0.0,0.0,False,False,False
985,1773751412.0179205,1773751412017924678,-0.42,8.409937492055881e-20,0.8749994277780444,-0.4191852784583581,-0.0008982960430063732,0.9334179680404874,0.058431126579640474,,0.0,0.11692158067612173,0.0,0.0,False,False,False
986,1773751412.0666292,1773751412066632053,-0.42,8.409937492055881e-20,0.8749994277780444,-0.41923228584251176,-0.0008897727308064928,0.9326737605864114,0.05768630466090171,,0.0,0.11766545447122431,0.0,0.0007457392813296749,False,False,False
987,1773751412.1166823,1773751412116685750,-0.42,8.409937492055881e-20,0.8749994277780444,-0.41923228584251176,-0.0008897727308064928,0.9326737605864114,0.05768630466090171,,0.0,0.11766545447122431,0.0,0.0,False,False,False
988,1773751412.1667473,1773751412166751707,-0.42,8.409937492055881e-20,0.8749994277780444,-0.4192433920857169,-0.000887746129540419,0.9325004583692171,0.05751286002081145,,0.0,0.11783868131117789,0.0,0.00017366955471603666,False,False,False
989,1773751412.2168105,1773751412216817515,-0.42,8.409937492055881e-20,0.8749994277780444,-0.4192433920857169,-0.000887746129540419,0.9325004583692171,0.05751286002081145,,0.0,0.11783868131117789,0.0,0.0,False,False,False
990,1773751412.2666612,1773751412266664773,-0.42,8.409937492055881e-20,0.8749994277780444,-0.4192917547227813,-0.0008788669538367557,0.931756500964349,0.05676829551052937,,0.0,0.1185823256023442,0.0,0.0007455805822867678,False,False,False
991,1773751412.3166013,1773751412316604611,-0.42,8.409937492055881e-20,0.8749994277780444,-0.4192917547227813,-0.0008788669538367557,0.931756500964349,0.05676829551052937,,0.0,0.1185823256023442,0.0,0.0,False,False,False
992,1773751412.3667336,1773751412366737568,-0.42,8.409937492055881e-20,0.8749994277780444,-0.4192955844422526,-0.0008781601767083632,0.9316983099349947,0.056710057348072655,,0.0,0.11864049287692062,0.0,5.832119839694351e-05,False,False,False
993,1773751412.4165437,1773751412416546277,-0.42,8.409937492055881e-20,0.8749994277780444,-0.4192955844422526,-0.0008781601767083632,0.9316983099349947,0.056710057348072655,,0.0,0.11864049287692062,0.0,0.0,False,False,False
994,1773751412.466787,1773751412466791772,-0.42,8.409937492055881e-20,0.8749994277780444,-0.4192955844422526,-0.0008781601767083632,0.9316983099349947,0.056710057348072655,,0.0,0.11864049287692062,0.0,0.0,False,False,False
995,1773751412.5166864,1773751412516690671,-0.42,8.409937492055881e-20,0.8749994277780444,-0.4193418884540386,-0.0008695741940415904,0.9310027394996461,0.056013928570247215,,0.0,0.11933578799001124,0.0,0.000697162829715486,False,False,False
996,1773751412.5669858,1773751412566989156,-0.42,8.409937492055881e-20,0.8749994277780444,-0.4193418884540386,-0.0008695741940415904,0.9310027394996461,0.056013928570247215,,0.0,0.11933578799001124,0.0,0.0,False,False,False
997,1773751412.6166906,1773751412616694166,-0.42,8.409937492055881e-20,0.8749994277780444,-0.4193418884540386,-0.0008695741940415904,0.9310027394996461,0.056013928570247215,,0.0,0.11933578799001124,0.0,0.0,False,False,False
998,1773751412.6666682,1773751412666671943,-0.42,8.409937492055881e-20,0.8749994277780444,-0.4193418884540386,-0.0008695741940415904,0.9310027394996461,0.056013928570247215,,0.0,0.11933578799001124,0.0,0.0,False,False,False
999,1773751412.7166584,1773751412716662431,-0.42,8.409937492055881e-20,0.8749994277780444,-0.4193812176543625,-0.0008622250369105771,0.9304230933525649,0.055433825678206955,,0.0,0.11991521730234603,0.0,0.000581025345346224,False,False,False
1000,1773751412.7667117,1773751412766716128,-0.42,8.409937492055881e-20,0.8749994277780444,-0.4193812176543625,-0.0008622250369105771,0.9304230933525649,0.055433825678206955,,0.0,0.11991521730234603,0.0,0.0,False,False,False
1001,1773751412.8166327,1773751412816636886,-0.42,8.409937492055881e-20,0.8749994277780444,-0.4193812176543625,-0.0008622250369105771,0.9304230933525649,0.055433825678206955,,0.0,0.11991521730234603,0.0,0.0,False,False,False
1002,1773751412.8666759,1773751412866679823,-0.42,8.409937492055881e-20,0.8749994277780444,-0.4193812176543625,-0.0008622250369105771,0.9304230933525649,0.055433825678206955,,0.0,0.11991521730234603,0.0,0.0,False,False,False
1003,1773751412.9167264,1773751412916730191,-0.42,8.409937492055881e-20,0.8749994277780444,-0.4193812176543625,-0.0008622250369105771,0.9304230933525649,0.055433825678206955,,0.0,0.11991521730234603,0.0,0.0,False,False,False
1004,1773751412.966697,1773751412966702858,-0.42,8.409937492055881e-20,0.8749994277780444,-0.41940553571710465,-0.00085765618038319,0.9300695680406406,0.05508002642019521,,0.0,0.12026861623401036,0.0,0.0003543901646444246,False,False,False
1005,1773751413.0168338,1773751413016839385,-0.42,8.409937492055881e-20,0.8749994277780444,-0.41941356968241106,-0.0008561427420858039,0.9299535687432459,0.05496393808794496,,0.0,0.1203845750577625,0.0,0.00011628702459899859,False,False,False
1006,1773751413.0670643,1773751413067069941,-0.42,8.409937492055881e-20,0.8749994277780444,-0.41941356968241106,-0.0008561427420858039,0.9299535687432459,0.05496393808794496,,0.0,0.1203845750577625,0.0,0.0,False,False,False
1007,1773751413.116726,1773751413116730121,-0.42,8.409937492055881e-20,0.8749994277780444,-0.41941356968241106,-0.0008561427420858039,0.9299535687432459,0.05496393808794496,,0.0,0.1203845750577625,0.0,0.0,False,False,False
1008,1773751413.1669958,1773751413167000887,-0.42,8.409937492055881e-20,0.8749994277780444,-0.4194353604382235,-0.0008520279669586405,0.9296408835947156,0.05465101520792123,,0.0,0.12069715360143513,0.0,0.0003134705257669241,False,False,False
1009,1773751413.2166913,1773751413216695386,-0.42,8.409937492055881e-20,0.8749994277780444,-0.4194387894125115,-0.0008513791792971917,0.9295919347441604,0.05460202945565182,,0.0,0.12074608609700978,0.0,4.9073096099402676e-05,False,False,False
1010,1773751413.2666342,1773751413266638524,-0.42,8.409937492055881e-20,0.8749994277780444,-0.4194387894125115,-0.0008513791792971917,0.9295919347441604,0.05460202945565182,,0.0,0.12074608609700978,0.0,0.0,False,False,False
1011,1773751413.3187149,1773751413318721919,-0.42,8.409937492055881e-20,0.8749994277780444,-0.4194387894125115,-0.0008513791792971917,0.9295919347441604,0.05460202945565182,,0.0,0.12074608609700978,0.0,0.0,False,False,False
1012,1773751413.3666167,1773751413366619930,-0.42,8.409937492055881e-20,0.8749994277780444,-0.4194555887118301,-0.000848195643448732,0.9293531085050672,0.05436302445665976,,0.0,0.12098483385147314,0.0,0.00023943751551803695,False,False,False
1013,1773751413.4165785,1773751413416581317,-0.42,8.409937492055881e-20,0.8749994277780444,-0.4194555887118301,-0.000848195643448732,0.9293531085050672,0.05436302445665976,,0.0,0.12098483385147314,0.0,0.0,False,False,False
1014,1773751413.471412,1773751413471417485,-0.42,8.409937492055881e-20,0.8749994277780444,-0.4194555887118301,-0.000848195643448732,0.9293531085050672,0.05436302445665976,,0.0,0.12098483385147314,0.0,0.0,False,False,False
1015,1773751413.516722,1773751413516726102,-0.42,8.409937492055881e-20,0.8749994277780444,-0.4194560508337564,-0.0008481079534925745,0.9293465617028226,0.05435647278506959,,0.0,0.1209913785331676,0.0,6.563677767368061e-06,False,False,False
1016,1773751413.566711,1773751413566716269,-0.42,8.409937492055881e-20,0.8749994277780444,-0.4194560508337564,-0.0008481079534925745,0.9293465617028226,0.05435647278506959,,0.0,0.1209913785331676,0.0,0.0,False,False,False
1017,1773751413.6198144,1773751413619818158,-0.42,8.409937492055881e-20,0.8749994277780444,-0.41946550190746973,-0.0008463132175979243,0.9292129363432681,0.054222748410835644,,0.0,0.1211249609741826,0.0,0.00013397119312502057,False,False,False
1018,1773751413.6668708,1773751413666879083,-0.42,8.409937492055881e-20,0.8749994277780444,-0.41946550190746973,-0.0008463132175979243,0.9292129363432681,0.054222748410835644,,0.0,0.1211249609741826,0.0,0.0,False,False,False
1019,1773751413.716674,1773751413716678483,-0.42,8.409937492055881e-20,0.8749994277780444,-0.41946550190746973,-0.0008463132175979243,0.9292129363432681,0.054222748410835644,,0.0,0.1211249609741826,0.0,0.0,False,False,False
1020,1773751413.766599,1773751413766602840,-0.42,8.409937492055881e-20,0.8749994277780444,-0.41946550190746973,-0.0008463132175979243,0.9292129363432681,0.054222748410835644,,0.0,0.1211249609741826,0.0,0.0,False,False,False
1021,1773751413.8166559,1773751413816659608,-0.42,8.409937492055881e-20,0.8749994277780444,-0.41946806779333057,-0.0008458255209987983,0.9291767454289215,0.05418653080359087,,0.0,0.12116114038430968,0.0,3.628503685358281e-05,False,False,False
1022,1773751413.8666835,1773751413866686305,-0.42,8.409937492055881e-20,0.8749994277780444,-0.41946869201036013,-0.0008457068480539661,0.9291679466730415,0.054177725566235756,,0.0,0.12116993635102456,0.0,8.82166850452344e-06,False,False,False
1023,1773751413.916615,1773751413916617473,-0.42,8.409937492055881e-20,0.8749994277780444,-0.41946869201036013,-0.0008457068480539661,0.9291679466730415,0.054177725566235756,,0.0,0.12116993635102456,0.0,0.0,False,False,False
1024,1773751413.966618,1773751413966621871,-0.42,8.409937492055881e-20,0.8749994277780444,-0.41946869201036013,-0.0008457068480539661,0.9291679466730415,0.054177725566235756,,0.0,0.12116993635102456,0.0,0.0,False,False,False
1025,1773751414.0168269,1773751414016831547,-0.42,8.409937492055881e-20,0.8749994277780444,-0.41946869201036013,-0.0008457068480539661,0.9291679466730415,0.054177725566235756,,0.0,0.12116993635102456,0.0,0.0,False,False,False
1026,1773751414.0666652,1773751414066668066,-0.42,8.409937492055881e-20,0.8749994277780444,-0.4194694778162645,-0.000845557438917445,0.9291568733278204,0.05416664406853071,,0.0,0.12118100619035845,0.0,1.1102197457939801e-05,False,False,False
1027,1773751414.116696,1773751414116698803,-0.42,8.409937492055881e-20,0.8749994277780444,-0.4194695713599142,-0.00084553965183672,0.9291555553693045,0.05416532514003672,,0.0,0.12118232373192098,0.0,1.321393750635781e-06,False,False,False
1028,1773751414.1687963,1773751414168798898,-0.42,8.409937492055881e-20,0.8749994277780444,-0.4194695713599142,-0.00084553965183672,0.9291555553693045,0.05416532514003672,,0.0,0.12118232373192098,0.0,0.0,False,False,False
1029,1773751414.2166727,1773751414216675949,-0.42,8.409937492055881e-20,0.8749994277780444,-0.4194695713599142,-0.00084553965183672,0.9291555553693045,0.05416532514003672,,0.0,0.12118232373192098,0.0,0.0,False,False,False
1030,1773751414.2666829,1773751414266686257,-0.42,8.409937492055881e-20,0.8749994277780444,-0.41946980049681093,-0.000845496081006089,0.9291523272131538,0.05416209460836284,,0.0,0.12118555086709032,0.0,3.236571375420632e-06,False,False,False
1031,1773751414.3167367,1773751414316739214,-0.42,8.409937492055881e-20,0.8749994277780444,-0.41946980049681093,-0.000845496081006089,0.9291523272131538,0.05416209460836284,,0.0,0.12118555086709032,0.0,0.0,False,False,False
1032,1773751414.3667102,1773751414366714452,-0.42,8.409937492055881e-20,0.8749994277780444,-0.4194698108872831,-0.0008454933575623685,0.9291521737238875,0.05416194100092748,,0.0,0.12118570430758865,0.0,1.5386466106790043e-07,False,False,False
1033,1773751414.4167602,1773751414416764439,-0.42,8.409937492055881e-20,0.8749994277780444,-0.4194698108872831,-0.0008454933575623685,0.9291521737238875,0.05416194100092748,,0.0,0.12118570430758865,0.0,0.0,False,False,False
1034,1773751414.4667437,1773751414466748587,-0.42,8.409937492055881e-20,0.8749994277780444,-0.41946987432165894,-0.000845482042750191,0.9291512872071339,0.05416105383711916,,0.0,0.12118659054427056,0.0,8.888553872042743e-07,False,False,False
1035,1773751414.5166457,1773751414516649915,-0.42,8.409937492055881e-20,0.8749994277780444,-0.41946987432165894,-0.000845482042750191,0.9291512872071339,0.05416105383711916,,0.0,0.12118659054427056,0.0,0.0,False,False,False
1036,1773751414.566605,1773751414566607883,-0.42,8.409937492055881e-20,0.8749994277780444,-0.41946987432165894,-0.000845482042750191,0.9291512872071339,0.05416105383711916,,0.0,0.12118659054427056,0.0,0.0,False,False,False
1037,1773751414.6166718,1773751414616675081,-0.42,8.409937492055881e-20,0.8749994277780444,-0.4194698745221375,-0.0008454820282847275,0.9291512843835901,0.05416105101186656,,0.0,0.12118659336699734,0.0,2.8306890935412567e-09,False,False,False
1038,1773751414.6678047,1773751414667808281,-0.42,8.409937492055881e-20,0.8749994277780444,-0.4194698745221375,-0.0008454820282847275,0.9291512843835901,0.05416105101186656,,0.0,0.12118659336699734,0.0,0.0,False,False,False
1039,1773751414.7167134,1773751414716716866,-0.42,8.409937492055881e-20,0.8749994277780444,-0.419469889933768,-0.0008454787726956028,0.9291510644098546,0.054160830873805924,True,0.0,0.12118681327101485,0.0,2.2053698443071232e-07,False,True,False
1040,1773751414.7666173,1773751414766622044,-0.42,8.409937492055881e-20,0.8749994277780444,-0.419469889933768,-0.0008454787726956028,0.9291510644098546,0.054160830873805924,True,0.0,0.12118681327101485,0.0,0.0,False,True,False
1041,1773751414.8166213,1773751414816624472,-0.42,8.409937492055881e-20,0.8749994277780444,-0.419469889933768,-0.0008454787726956028,0.9291510644098546,0.054160830873805924,True,0.0,0.12118681327101485,0.0,0.0,False,True,False
1042,1773751414.8666892,1773751414866691999,-0.42,8.409937492055881e-20,0.8749994277780444,-0.419469889933768,-0.0008454787726956028,0.9291510644098546,0.054160830873805924,True,0.0,0.12118681327101485,0.0,0.0,False,True,False
1043,1773751414.9170265,1773751414917028555,-0.42,8.409937492055881e-20,0.8749994277780444,-0.419469893824337,-0.0008454783341705393,0.929151012468704,0.05416077889654754,True,0.0,0.12118686519583795,0.0,5.208850120304966e-08,False,True,False
1044,1773751414.9666471,1773751414966649925,-0.42,8.409937492055881e-20,0.8749994277780444,-0.419469893824337,-0.0008454783341705393,0.929151012468704,0.05416077889654754,True,0.0,0.12118686519583795,0.0,0.0,False,True,False
1045,1773751415.016675,1773751415016678352,-0.42,8.409937492055881e-20,0.8749994277780444,-0.419469893824337,-0.0008454783341705393,0.929151012468704,0.05416077889654754,True,0.0,0.12118686519583795,0.0,0.0,False,True,False
1046,1773751415.0665855,1773751415066587301,-0.42,8.409937492055881e-20,0.8749994277780444,-0.41946989236891935,-0.0008454787156496723,0.929151002822537,0.05416076927221829,True,0.0,0.1211868748484641,0.0,9.762802070767365e-09,False,True,False
1047,1773751415.118165,1773751415118169489,-0.42,8.409937492055881e-20,0.8749994277780444,-0.41946989236891935,-0.0008454787156496723,0.929151002822537,0.05416076927221829,True,0.0,0.1211868748484641,0.0,0.0,False,True,False
1048,1773751415.1666398,1773751415166642306,-0.42,8.409937492055881e-20,0.8749994277780444,-0.41946989236891935,-0.0008454787156496723,0.929151002822537,0.05416076927221829,True,0.0,0.1211868748484641,0.0,0.0,False,True,False
1049,1773751415.2166994,1773751415216703874,-0.42,8.409937492055881e-20,0.8749994277780444,-0.4194698956723312,-0.0008454779827598679,0.9291509864357304,0.054160752844419985,True,0.0,0.12118689122058106,0.0,1.6732515978521484e-08,False,True,False
1050,1773751415.2667077,1773751415266711701,-0.42,8.409937492055881e-20,0.8749994277780444,-0.4194698956723312,-0.0008454779827598679,0.9291509864357304,0.054160752844419985,True,0.0,0.12118689122058106,0.0,0.0,False,True,False
1051,1773751415.3166015,1773751415316604380,-0.42,8.409937492055881e-20,0.8749994277780444,-0.4194698956723312,-0.0008454779827598679,0.9291509864357304,0.054160752844419985,True,0.0,0.12118689122058106,0.0,0.0,False,True,False
1052,1773751415.3667026,1773751415366706737,-0.42,8.409937492055881e-20,0.8749994277780444,-0.4194698956723312,-0.0008454779827598402,0.9291509864357302,0.05416075284441987,True,0.0,0.12118689122058118,0.0,1.1443916996305594e-16,False,True,False
1053,1773751415.4166465,1773751415416649175,-0.42,8.409937492055881e-20,0.8749994277780444,-0.4194698956723312,-0.0008454779827598402,0.9291509864357302,0.05416075284441987,True,0.0,0.12118689122058118,0.0,0.0,False,True,False
1054,1773751415.4666624,1773751415466665483,-0.42,8.409937492055881e-20,0.8749994277780444,-0.4194698956723312,-0.0008454779827598402,0.9291509864357302,0.05416075284441987,True,0.0,0.12118689122058118,0.0,0.0,False,True,False
1055,1773751415.5166605,1773751415516665401,-0.42,8.409937492055881e-20,0.8749994277780444,-0.4194698960811591,-0.000845477905018499,0.9291509806765056,0.054160747080957854,True,0.0,0.121186896977985,0.0,5.7742404293790795e-09,False,True,False
1056,1773751415.5666833,1773751415566687018,-0.42,8.409937492055881e-20,0.8749994277780444,-0.4194698960811591,-0.000845477905018499,0.9291509806765056,0.054160747080957854,True,0.0,0.121186896977985,0.0,0.0,False,True,False
1057,1773751415.6166198,1773751415616622786,-0.42,8.409937492055881e-20,0.8749994277780444,-0.4194698960811591,-0.000845477905018499,0.9291509806765056,0.054160747080957854,True,0.0,0.121186896977985,0.0,0.0,False,True,False
1058,1773751415.666806,1773751415666809523,-0.42,8.409937492055881e-20,0.8749994277780444,-0.4194698960811591,-0.000845477905018499,0.9291509806765056,0.054160747080957854,True,0.0,0.121186896977985,0.0,0.0,False,True,False
1059,1773751415.716656,1773751415716659212,-0.42,8.409937492055881e-20,0.8749994277780444,-0.4194698960403545,-0.0008454779157136868,0.9291509804060609,0.05416074681112544,True,0.0,0.12118689724861077,0.0,2.7371466653130056e-10,False,True,False
1060,1773751415.7668092,1773751415766814509,-0.42,8.409937492055881e-20,0.8749994277780444,-0.4194698960403545,-0.0008454779157136868,0.9291509804060609,0.05416074681112544,True,0.0,0.12118689724861077,0.0,0.0,False,True,False
1061,1773751415.8189867,1773751415818990843,-0.42,8.409937492055881e-20,0.8749994277780444,-0.4194698960403545,-0.0008454779157136868,0.9291509804060609,0.05416074681112544,True,0.0,0.12118689724861077,0.0,0.0,False,True,False
1062,1773751415.866665,1773751415866669195,-0.42,8.409937492055881e-20,0.8749994277780444,-0.4194698961886187,-0.0008454778845836785,0.9291509791626953,0.05416074556603377,True,0.0,0.12118689849131671,0.0,1.252561152448287e-09,False,True,False
1063,1773751415.9166222,1773751415916626803,-0.42,8.409937492055881e-20,0.8749994277780444,-0.4194698961886187,-0.0008454778845836785,0.9291509791626953,0.05416074556603377,True,0.0,0.12118689849131671,0.0,0.0,False,True,False
1064,1773751415.969993,1773751415969996870,-0.42,8.409937492055881e-20,0.8749994277780444,-0.4194698961886187,-0.0008454778845836785,0.9291509791626953,0.05416074556603377,True,0.0,0.12118689849131671,0.0,0.0,False,True,False
1065,1773751416.0166538,1773751416016659669,-0.42,8.409937492055881e-20,0.8749994277780444,-0.4194698961886187,-0.0008454778845836785,0.9291509791626953,0.05416074556603377,True,0.0,0.12118689849131671,0.0,0.0,False,True,False
1066,1773751416.0689154,1773751416068920303,-0.42,8.409937492055881e-20,0.8749994277780444,-0.4194698961886187,-0.0008454778845836785,0.9291509791626953,0.05416074556603377,True,0.0,0.12118689849131671,0.0,0.0,False,True,False
1067,1773751416.1167078,1773751416116710794,-0.42,8.409937492055881e-20,0.8749994277780444,-0.4194698961886187,-0.0008454778845836785,0.9291509791626953,0.05416074556603377,True,0.0,0.12118689849131671,0.0,0.0,False,True,False
1068,1773751416.1666174,1773751416166620903,-0.42,8.409937492055881e-20,0.8749994277780444,-0.4194698961918531,-0.0008454778849323441,0.9291509788396564,0.054160745243023466,True,0.0,0.12118689881434101,0.0,3.23055308893182e-10,False,True,False
1069,1773751416.2166877,1773751416216690940,-0.42,8.409937492055881e-20,0.8749994277780444,-0.4194698961918531,-0.0008454778849323441,0.9291509788396564,0.054160745243023466,True,0.0,0.12118689881434101,0.0,0.0,False,True,False
1070,1773751416.2666917,1773751416266694848,-0.42,8.409937492055881e-20,0.8749994277780444,-0.4194698961918531,-0.0008454778849323441,0.9291509788396564,0.054160745243023466,True,0.0,0.12118689881434101,0.0,0.0,False,True,False
1071,1773751416.3166103,1773751416316613847,-0.42,8.409937492055881e-20,0.8749994277780444,-0.4194698961918531,-0.0008454778849323441,0.9291509788396564,0.054160745243023466,True,0.0,0.12118689881434101,0.0,0.0,False,True,False
1072,1773751416.3666873,1773751416366692864,-0.42,8.409937492055881e-20,0.8749994277780444,-0.4194698961918531,-0.0008454778849323441,0.9291509788396564,0.054160745243023466,True,0.0,0.12118689881434101,0.0,0.0,False,True,False
1073,1773751416.4166465,1773751416416651032,-0.42,8.409937492055881e-20,0.8749994277780444,-0.4194698961918531,-0.0008454778849323441,0.9291509788396564,0.054160745243023466,True,0.0,0.12118689881434101,0.0,0.0,False,True,False
1074,1773751416.4667277,1773751416466733039,-0.42,8.409937492055881e-20,0.8749994277780444,-0.4194662535645172,-0.0008523009362265868,0.9291547060168508,0.054164614493835556,True,0.0,0.12118320720109702,0.0,8.585721443807226e-06,False,True,False
1075,1773751416.5165904,1773751416516593018,-0.42,8.409937492055881e-20,0.8749994277780444,-0.41937342775105824,-0.0010261616669612105,0.9292496098709103,0.054263503919844636,True,0.0,0.12108937701306192,0.0,0.0002187485470837493,False,True,False
1076,1773751416.56664,1773751416566644346,-0.42,8.409937492055881e-20,0.8749994277780444,-0.41937342775105824,-0.0010261616669612105,0.9292496098709103,0.054263503919844636,True,0.0,0.12108937701306192,0.0,0.0,False,True,False
1077,1773751416.6166315,1773751416616634844,-0.42,8.409937492055881e-20,0.8749994277780444,-0.41937342775105824,-0.0010261616669612105,0.9292496098709103,0.054263503919844636,True,0.0,0.12108937701306192,0.0,0.0,False,True,False
1078,1773751416.6669855,1773751416666989180,-0.42,8.409937492055881e-20,0.8749994277780444,-0.41937342775105824,-0.0010261616669612105,0.9292496098709103,0.054263503919844636,True,0.0,0.12108937701306192,0.0,0.0,False,True,False
1079,1773751416.7166336,1773751416716639799,-0.42,8.409937492055881e-20,0.8749994277780444,-0.41937342775105824,-0.0010261616669612105,0.9292496098709103,0.054263503919844636,True,0.0,0.12108937701306192,0.0,0.0,False,True,False
1080,1773751416.7674196,1773751416767423563,-0.42,8.409937492055881e-20,0.8749994277780444,-0.4188170495783252,-0.0020677910391543293,0.9298153257088791,0.05486763889074725,True,0.0,0.12053688006233523,0.0,0.001309420799223052,False,True,False
1081,1773751416.8180597,1773751416818064767,-0.42,8.409937492055881e-20,0.8749994277780444,-0.4188170495783252,-0.0020677910391543293,0.9298153257088791,0.05486763889074725,True,0.0,0.12053688006233523,0.0,0.0,False,True,False
1082,1773751416.866619,1773751416866623643,-0.42,8.409937492055881e-20,0.8749994277780444,-0.4183836377389053,-0.002878682536778418,0.9302523248337942,0.055351441473189524,True,0.0,0.12011829692543374,0.0,0.001018017229051102,False,True,False
1083,1773751416.9166439,1773751416916646991,-0.42,8.409937492055881e-20,0.8749994277780444,-0.4183836377389053,-0.002878682536778418,0.9302523248337942,0.055351441473189524,True,0.0,0.12011829692543374,0.0,0.0,False,True,False
1084,1773751416.9666154,1773751416966620079,-0.42,8.409937492055881e-20,0.8749994277780444,-0.4183836377389053,-0.002878682536778418,0.9302523248337942,0.055351441473189524,True,0.0,0.12011829692543374,0.0,0.0,False,True,False
1085,1773751417.0166929,1773751417016697467,-0.42,8.409937492055881e-20,0.8749994277780444,-0.4183836377389053,-0.002878682536778418,0.9302523248337942,0.055351441473189524,True,0.0,0.12011829692543374,0.0,0.0,False,True,False
1086,1773751417.066652,1773751417066655905,-0.42,8.409937492055881e-20,0.8749994277780444,-0.4183836377389053,-0.002878682536778418,0.9302523248337942,0.055351441473189524,True,0.0,0.12011829692543374,0.0,0.0,False,True,False
1087,1773751417.1165857,1773751417116588583,-0.42,8.409937492055881e-20,0.8749994277780444,-0.41631116970549586,-0.006750317716741226,0.9322978456809023,0.05781248093957873,True,0.0,0.11826118124972491,0.0,0.004844464702336452,False,True,False
1088,1773751417.1666095,1773751417166612591,-0.42,8.409937492055881e-20,0.8749994277780444,-0.41631116970549586,-0.006750317716741226,0.9322978456809023,0.05781248093957873,True,0.0,0.11826118124972491,0.0,0.0,False,True,False
1089,1773751417.21679,1773751417216795048,-0.42,8.409937492055881e-20,0.8749994277780444,-0.41631116970549586,-0.006750317716741226,0.9322978456809023,0.05781248093957873,True,0.0,0.11826118124972491,0.0,0.0,False,True,False
1090,1773751417.2670748,1773751417267079774,-0.42,8.409937492055881e-20,0.8749994277780444,-0.41631116970549586,-0.006750317716741226,0.9322978456809023,0.05781248093957873,True,0.0,0.11826118124972491,0.0,0.0,False,True,False
1091,1773751417.3167245,1773751417316729924,-0.42,8.409937492055881e-20,0.8749994277780444,-0.4158351479125916,-0.007638336050444781,0.9327574919799376,0.05840962378649202,True,0.0,0.11786869923524086,0.0,0.001107451140470893,False,True,False
1092,1773751417.3667188,1773751417366724373,-0.42,8.409937492055881e-20,0.8749994277780444,-0.4158351479125916,-0.007638336050444781,0.9327574919799376,0.05840962378649202,True,0.0,0.11786869923524086,0.0,0.0,False,True,False
1093,1773751417.4166226,1773751417416625261,-0.42,8.409937492055881e-20,0.8749994277780444,-0.4115430334364533,-0.015628502612881866,0.93673421882196,0.06424137920852663,True,0.0,0.11491622766607892,0.0,0.009903502650467869,False,True,False
1094,1773751417.4667654,1773751417466771358,-0.42,8.409937492055881e-20,0.8749994277780444,-0.4115430334364533,-0.015628502612881866,0.93673421882196,0.06424137920852663,True,0.0,0.11491622766607892,0.0,0.0,False,True,False
1095,1773751417.516688,1773751417516690687,-0.42,8.409937492055881e-20,0.8749994277780444,-0.4115430334364533,-0.015628502612881866,0.93673421882196,0.06424137920852663,True,0.0,0.11491622766607892,0.0,0.0,False,True,False
1096,1773751417.5666432,1773751417566646125,-0.42,8.409937492055881e-20,0.8749994277780444,-0.4115430334364533,-0.015628502612881866,0.93673421882196,0.06424137920852663,True,0.0,0.11491622766607892,0.0,0.0,False,True,False
1097,1773751417.6168542,1773751417616861802,-0.42,8.409937492055881e-20,0.8749994277780444,-0.4115430334364533,-0.015628502612881866,0.93673421882196,0.06424137920852663,True,0.0,0.11491622766607892,0.0,0.0,False,True,False
1098,1773751417.6667743,1773751417666779450,-0.42,8.409937492055881e-20,0.8749994277780444,-0.4114859152748827,-0.015734670160134724,0.9367851375691194,0.06432373914925694,True,0.0,0.11488413922904721,0.0,0.00013086921442105167,False,True,False
1099,1773751417.7166307,1773751417716633729,-0.42,8.409937492055881e-20,0.8749994277780444,-0.4082855520577721,-0.021678642621941246,0.9395559552514584,0.06909947232755596,True,0.0,0.11339282557917163,0.0,0.007297298402622111,False,True,False
1100,1773751417.7666576,1773751417766661077,-0.42,8.409937492055881e-20,0.8749994277780444,-0.405271222610323,-0.027271900221833578,0.9420203830026838,0.07384105812031284,True,0.0,0.11254273134643601,0.0,0.006814992057040261,False,True,False
1101,1773751417.8167338,1773751417816738724,-0.42,8.409937492055881e-20,0.8749994277780444,-0.405271222610323,-0.027271900221833578,0.9420203830026838,0.07384105812031284,True,0.0,0.11254273134643601,0.0,0.0,False,True,False
1102,1773751417.866798,1773751417866799912,-0.42,8.409937492055881e-20,0.8749994277780444,-0.405271222610323,-0.027271900221833578,0.9420203830026838,0.07384105812031284,True,0.0,0.11254273134643601,0.0,0.0,False,True,False
1103,1773751417.9195824,1773751417919584843,-0.42,8.409937492055881e-20,0.8749994277780444,-0.405271222610323,-0.027271900221833578,0.9420203830026838,0.07384105812031284,True,0.0,0.11254273134643601,0.0,0.0,False,True,False
1104,1773751417.9666462,1773751417966648519,-0.42,8.409937492055881e-20,0.8749994277780444,-0.405271222610323,-0.027271900221833578,0.9420203830026838,0.07384105812031284,True,0.0,0.11254273134643601,0.0,0.0,False,True,False
1105,1773751418.0169263,1773751418016931965,-0.42,8.409937492055881e-20,0.8749994277780444,-0.405271222610323,-0.027271900221833578,0.9420203830026838,0.07384105812031284,True,0.0,0.11254273134643601,0.0,0.0,False,True,False
1106,1773751418.0667067,1773751418066709975,-0.42,8.409937492055881e-20,0.8749994277780444,-0.39999765935265863,-0.03706144341967736,0.9460027332831601,0.08255370138506826,True,0.0,0.11234827310838026,0.0,0.011811212436132333,False,True,False
1107,1773751418.120554,1773751418120557989,-0.42,8.409937492055881e-20,0.8749994277780444,-0.3971393195724218,-0.042376341019380315,0.9479887130789215,0.08744026965040481,True,0.0,0.11292054864373449,0.0,0.006353137692808571,False,True,False
1108,1773751418.16662,1773751418166623131,-0.42,8.409937492055881e-20,0.8749994277780444,-0.3971393195724218,-0.042376341019380315,0.9479887130789215,0.08744026965040481,True,0.0,0.11292054864373449,0.0,0.0,False,True,False
1109,1773751418.2166572,1773751418216659949,-0.42,8.409937492055881e-20,0.8749994277780444,-0.3971393195724218,-0.042376341019380315,0.9479887130789215,0.08744026965040481,True,0.0,0.11292054864373449,0.0,0.0,False,True,False
1110,1773751418.267468,1773751418267472372,-0.42,8.409937492055881e-20,0.8749994277780444,-0.3971393195724218,-0.042376341019380315,0.9479887130789215,0.08744026965040481,True,0.0,0.11292054864373449,0.0,0.0,False,True,False
1111,1773751418.3167303,1773751418316733805,-0.42,8.409937492055881e-20,0.8749994277780444,-0.3971393195724218,-0.042376341019380315,0.9479887130789215,0.08744026965040481,True,0.0,0.11292054864373449,0.0,0.0,False,True,False
1112,1773751418.367027,1773751418367031711,-0.42,8.409937492055881e-20,0.8749994277780444,-0.3894706479597532,-0.0567092743174243,0.9527330779611953,0.10094802375679614,True,0.0,0.1166946192834079,0.0,0.016933708966593235,False,True,False
1113,1773751418.41663,1773751418416633602,-0.42,8.409937492055881e-20,0.8749994277780444,-0.3872658533461542,-0.06085787961696382,0.9539396914009057,0.10491315975355611,True,0.0,0.1183495255084295,0.0,0.004850562978914136,False,True,False
1114,1773751418.4666786,1773751418466682050,-0.42,8.409937492055881e-20,0.8749994277780444,-0.3872658533461542,-0.06085787961696382,0.9539396914009057,0.10491315975355611,True,0.0,0.1183495255084295,0.0,0.0,False,True,False
1115,1773751418.5165899,1773751418516592688,-0.42,8.409937492055881e-20,0.8749994277780444,-0.3872658533461542,-0.06085787961696382,0.9539396914009057,0.10491315975355611,True,0.0,0.1183495255084295,0.0,0.0,False,True,False
1116,1773751418.56665,1773751418566652316,-0.42,8.409937492055881e-20,0.8749994277780444,-0.3872658533461542,-0.06085787961696382,0.9539396914009057,0.10491315975355611,True,0.0,0.1183495255084295,0.0,0.0,False,True,False
1117,1773751418.616656,1773751418616659874,-0.42,8.409937492055881e-20,0.8749994277780444,-0.37700588978184835,-0.08042526033169155,0.9586304609515476,0.12373708305329699,True,0.0,0.1290199957946453,0.0,0.022586557049564047,False,True,False
1118,1773751418.6678145,1773751418667819345,-0.42,8.409937492055881e-20,0.8749994277780444,-0.37700588978184835,-0.08042526033169155,0.9586304609515476,0.12373708305329699,True,0.0,0.1290199957946453,0.0,0.0,False,True,False
1119,1773751418.7174175,1773751418717422146,-0.42,8.409937492055881e-20,0.8749994277780444,-0.37700588978184835,-0.08042526033169155,0.9586304609515476,0.12373708305329699,True,0.0,0.1290199957946453,0.0,0.0,False,True,False
1120,1773751418.7666545,1773751418766657388,-0.42,8.409937492055881e-20,0.8749994277780444,-0.3759178573834549,-0.08253241342736059,0.9590372569361632,0.12576641560217636,True,0.0,0.13041366003304491,0.0,0.002406115467229446,False,True,False
1121,1773751418.816649,1773751418816651736,-0.42,8.409937492055881e-20,0.8749994277780444,-0.3759178573834549,-0.08253241342736059,0.9590372569361632,0.12576641560217636,True,0.0,0.13041366003304491,0.0,0.0,False,True,False
1122,1773751418.8665938,1773751418866595945,-0.42,8.409937492055881e-20,0.8749994277780444,-0.3759178573834549,-0.08253241342736059,0.9590372569361632,0.12576641560217636,True,0.0,0.13041366003304491,0.0,0.0,False,True,False
1123,1773751418.9175742,1773751418917577307,-0.42,8.409937492055881e-20,0.8749994277780444,-0.3759178573834549,-0.08253241342736059,0.9590372569361632,0.12576641560217636,True,0.0,0.13041366003304491,0.0,0.0,False,True,False
1124,1773751418.9667702,1773751418966790530,-0.42,8.409937492055881e-20,0.8749994277780444,-0.36360526713362773,-0.10701043874893879,0.9623584807704422,0.14920859236665437,True,0.0,0.14921333694644867,0.0,0.027600799446054917,False,True,False
1125,1773751419.0178692,1773751419017873211,-0.42,8.409937492055881e-20,0.8749994277780444,-0.36360526713362773,-0.10701043874893879,0.9623584807704422,0.14920859236665437,True,0.0,0.14921333694644867,0.0,0.0,False,True,False
1126,1773751419.0666702,1773751419066674007,-0.42,8.409937492055881e-20,0.8749994277780444,-0.36360526713362773,-0.10701043874893879,0.9623584807704422,0.14920859236665437,True,0.0,0.14921333694644867,0.0,0.0,False,True,False
1127,1773751419.1168487,1773751419116851364,-0.42,8.409937492055881e-20,0.8749994277780444,-0.36360526713362773,-0.10701043874893879,0.9623584807704422,0.14920859236665437,True,0.0,0.14921333694644867,0.0,0.0,False,True,False
1128,1773751419.1666021,1773751419166605164,-0.42,8.409937492055881e-20,0.8749994277780444,-0.36360526713362773,-0.10701043874893879,0.9623584807704422,0.14920859236665437,True,0.0,0.14921333694644867,0.0,0.0,False,True,False
1129,1773751419.218206,1773751419218212642,-0.4199963790423797,-6.8189079418591895e-06,0.874993042716579,-0.36360526713362773,-0.10701043874893879,0.9623584807704422,0.14920607202029476,True,1.0018874663604389e-05,0.14921333694644867,1.0018874663604389e-05,0.0,False,True,False
1130,1773751419.2667727,1773751419266776159,-0.4199963790423797,-6.818907941859203e-06,0.8749875967976801,-0.3561124212300505,-0.12270730950187159,0.9631236651900534,0.16402602540275005,True,1.412731170419667e-05,0.16316269010718587,5.44591889883872e-06,0.017410341707302796,False,True,False
1131,1773751419.3175378,1773751419317541882,-0.4199963790423797,-6.818907941859218e-06,0.8749918671801692,-0.350936358793658,-0.13407441207121407,0.9630019219832151,0.174611499277057,True,1.0806085315145302e-05,0.1738938743620378,4.270382489068858e-06,0.01249069511980007,False,True,False
1132,1773751419.366682,1773751419366685686,-0.4199963790423797,-6.818907941859218e-06,0.8749918671801692,-0.350936358793658,-0.13407441207121407,0.9630019219832151,0.174611499277057,True,1.0806085315145302e-05,0.1738938743620378,0.0,0.0,False,True,False
1133,1773751419.4167156,1773751419416719294,-0.4199963790423797,-6.818907941859221e-06,0.8749929344387507,-0.350936358793658,-0.13407441207121407,0.9630019219832151,0.1746109613453526,True,1.0088225552130769e-05,0.1738938743620378,1.0672585815107993e-06,0.0,False,True,False
1134,1773751419.466714,1773751419466719622,-0.4199963790423797,-6.8189079418592226e-06,0.8749950292770969,-0.350936358793658,-0.13407441207121407,0.9630019219832151,0.17460990549545785,True,8.885699195472152e-06,0.1738938743620378,2.094838346233807e-06,0.0,False,True,False
1135,1773751419.5166373,1773751419516642421,-0.4199963790423797,-6.8189079418592226e-06,0.8749950292770969,-0.350936358793658,-0.13407441207121407,0.9630019219832151,0.17460990549545785,True,8.885699195472152e-06,0.1738938743620378,0.0,0.0,False,True,False
1136,1773751419.566718,1773751419566722588,-0.4199035532289207,-0.0001806796386764829,0.8750487977773724,-0.34235494141503575,-0.15434225988557926,0.9613622428663293,0.19294971060254854,True,0.0002106763117142835,0.19394007439091354,0.00020429203841015398,0.022070680253647345,False,True,False
1137,1773751419.6167529,1773751419616759436,-0.4199035532289207,-0.0001806796386764829,0.8749696616364316,-0.3390054967104281,-0.16295701420305872,0.9601024784039914,0.20071927444434387,True,0.000206961674399864,0.2027187318848061,7.913614094079424e-05,0.009328439219951244,False,True,False
1138,1773751419.6665838,1773751419666586476,-0.4199035532289207,-0.0001806796386764829,0.8749775582885697,-0.3390054967104281,-0.16295701420305872,0.9601024784039914,0.20071592529578178,True,0.00020597423638350458,0.2027187318848061,7.896652138073001e-06,0.0,False,True,False
1139,1773751419.7166846,1773751419716688993,-0.4199035532289207,-0.0001806796386764829,0.8749786580780439,-0.3390054967104281,-0.16295701420305872,0.9601024784039914,0.2007154588704346,True,0.00020586036996468352,0.2027187318848061,1.0997894741571201e-06,0.0,False,True,False
1140,1773751419.766634,1773751419766640432,-0.4199035532289207,-0.0001806796386764829,0.8749842129597568,-0.3390054967104281,-0.16295701420305872,0.9601024784039914,0.20071310309723206,True,0.00020537429775755435,0.2027187318848061,5.5548817129436046e-06,0.0,False,True,False
1141,1773751419.8166282,1773751419816630990,-0.4199035532289207,-0.0001806796386764829,0.8749842129597568,-0.33065638883059334,-0.18761705432372483,0.9545901368866168,0.22233882709159214,True,0.00020537429775755435,0.22839323183412935,0.0,0.026612235722429524,False,True,False
1142,1773751419.8666759,1773751419866680328,-0.4199035532289207,-0.0001806796386764829,0.8749842129597568,-0.33065638883059334,-0.18761705432372483,0.9545901368866168,0.22233882709159214,True,0.00020537429775755435,0.22839323183412935,0.0,0.0,False,True,False
1143,1773751419.9166114,1773751419916615067,-0.4193471750561877,-0.0012223090108696016,0.8749215813185446,-0.33065638883059334,-0.18761705432372483,0.9545901368866168,0.22126033396852055,True,0.0013879048225916707,0.22839323183412935,0.0011825697199700747,0.0,False,True,False
1144,1773751419.966748,1773751419966751554,-0.4193471750561877,-0.0012223090108696016,0.8749261702753627,-0.3292364215119662,-0.19259011928693487,0.9531247028234692,0.22551407319021313,True,0.0013876549956728158,0.23364073440113647,4.58895681809679e-06,0.005375423639836183,False,True,False
1145,1773751420.0166702,1773751420016674793,-0.4193471750561877,-0.0012223090108696016,0.8749431475622542,-0.3292364215119662,-0.19259011928693487,0.9531247028234692,0.22550818676319923,True,0.0013868623536623774,0.23364073440113647,1.6977286891539656e-05,0.0,False,True,False
1146,1773751420.0668054,1773751420066810910,-0.4193471750561877,-0.0012223090108696016,0.8749506094747846,-0.3292364215119662,-0.19259011928693487,0.9531247028234692,0.22550559989732488,True,0.0013865795873478455,0.23364073440113647,7.4619125304264955e-06,0.0,False,True,False
1147,1773751420.1166484,1773751420116651599,-0.4193471750561877,-0.0012223090108696016,0.8749587826647813,-0.3292364215119662,-0.19259011928693487,0.9531247028234692,0.22550276669792302,True,0.0013863158913280651,0.23364073440113647,8.17318999668526e-06,0.0,False,True,False
1148,1773751420.1666117,1773751420166614708,-0.4193471750561877,-0.0012223090108696016,0.8749587826647813,-0.3292364215119662,-0.19259011928693487,0.9531247028234692,0.22550276669792302,True,0.0013863158913280651,0.23364073440113647,0.0,0.0,False,True,False
1149,1773751420.2167509,1773751420216754945,-0.41891376321676776,-0.0020332005084936905,0.8760910462663574,-0.3234642745751032,-0.22089115014597596,0.9424393702819951,0.24781345221993506,True,0.002550577499511112,0.2636965649814689,0.0014585649477902329,0.030796791382658978,False,True,False
1150,1773751420.2666194,1773751420266622204,-0.41891376321676776,-0.0020332005084936905,0.8749454964761839,-0.3234642745751032,-0.22089115014597596,0.9424393702819951,0.24812261082535939,True,0.0023058020822061135,0.2636965649814689,0.0011455497901734502,0.0,False,True,False
1151,1773751420.3167295,1773751420316736532,-0.41891376321676776,-0.0020332005084936905,0.8749521718179472,-0.3234642745751032,-0.22089115014597596,0.9424393702819951,0.24812079509384896,True,0.002305655608010527,0.2636965649814689,6.675341763240361e-06,0.0,False,True,False
1152,1773751420.3666425,1773751420366646651,-0.41891376321676776,-0.0020332005084936905,0.8749646210633704,-0.3233510685362857,-0.22207361149990712,0.9419083214780839,0.2490611774425715,True,0.0023054340511869083,0.2649439873162143,1.2449245423207245e-05,0.001301169970795884,False,True,False
1153,1773751420.4166296,1773751420416633849,-0.41891376321676776,-0.0020332005084936905,0.8749738297748126,-0.3227457864414812,-0.23685079957075464,0.9346254069659979,0.2606643344376302,True,0.0023053134092255513,0.28055850834332413,9.208711442276751e-06,0.016485523876596745,False,True,False
1154,1773751420.4666708,1773751420466673957,-0.41891376321676776,-0.0020332005084936905,0.8749738297748126,-0.3227457864414812,-0.23685079957075464,0.9346254069659979,0.2606643344376302,True,0.0023053134092255513,0.28055850834332413,0.0,0.0,False,True,False
1155,1773751420.5167398,1773751420516744675,-0.41891376321676776,-0.0020332005084936905,0.8749738297748126,-0.3227457864414812,-0.23685079957075464,0.9346254069659979,0.2606643344376302,True,0.0023053134092255513,0.28055850834332413,0.0,0.0,False,True,False
1156,1773751420.566665,1773751420566669474,-0.41891376321676776,-0.00203320050849369,0.8749415612484136,-0.32412256102486936,-0.24994950284550915,0.9271980101424931,0.2705154365807308,True,0.002305897480860151,0.2942548635472479,3.2268526399037434e-05,0.015120772444135826,False,True,False
1157,1773751420.6168485,1773751420616853871,-0.41891376321676776,-0.00203320050849369,0.8749471488890728,-0.32412256102486936,-0.24994950284550915,0.9271980101424931,0.27051435725145534,True,0.002305764025050653,0.2942548635472479,5.587640659165949e-06,0.0,False,True,False
1158,1773751420.6665916,1773751420666595731,-0.41891376321676776,-0.00203320050849369,0.8749609056010245,-0.32412256102486936,-0.24994950284550915,0.9271980101424931,0.2705117004277637,True,0.0023054931392454923,0.2942548635472479,1.37567119516957e-05,0.0,False,True,False
1159,1773751420.716678,1773751420716682628,-0.41891376321676776,-0.00203320050849369,0.874967701158706,-0.32412256102486936,-0.24994950284550915,0.9271980101424931,0.2705103882552123,True,0.002305389605979935,0.2942548635472479,6.7955576815714736e-06,0.0,False,True,False
1160,1773751420.7666123,1773751420766615287,-0.41891376321676776,-0.00203320050849369,0.8749713706156332,-0.32412256102486936,-0.24994950284550915,0.9271980101424931,0.270509679778215,True,0.0023053420269773953,0.2942548635472479,3.6694569272022193e-06,0.0,False,True,False
1161,1773751420.8166025,1773751420816605106,-0.41891376321676776,-0.00203320050849369,0.8749713706156332,-0.32412256102486936,-0.24994950284550915,0.9271980101424931,0.270509679778215,True,0.0023053420269773953,0.2942548635472479,0.0,0.0,False,True,False
1162,1773751420.8667314,1773751420866735223,-0.41684129518335833,-0.005904835688456497,0.878136462490571,-0.3286431563365523,-0.265861798064349,0.9168061979697288,0.27722172069621404,True,0.007394963651968913,0.3108065861867565,0.005413177374982878,0.019535267629022534,False,True,False
1163,1773751420.916686,1773751420916690612,-0.41684129518335833,-0.005904835688456498,0.8749798475189565,-0.33249599920375583,-0.2741176453705911,0.9107817207406121,0.28343255698252307,True,0.006696632288911395,0.31938675849069237,0.0031566149716144576,0.010922350424129933,False,True,False
1164,1773751420.9713557,1773751420971362171,-0.41684129518335833,-0.005904835688456498,0.8749821369655844,-0.33249599920375583,-0.2741176453705911,0.9107817207406121,0.2834322677994461,True,0.006696625986162006,0.31938675849069237,2.2894466278344794e-06,0.0,False,True,False
1165,1773751421.0167682,1773751421016774838,-0.41684129518335833,-0.005904835688456498,0.8749853894115809,-0.33249599920375583,-0.2741176453705911,0.9107817207406121,0.283431857009916,True,0.006696618378112768,0.31938675849069237,3.2524459965266317e-06,0.0,False,True,False
1166,1773751421.0667095,1773751421066712636,-0.41684129518335833,-0.005904835688456498,0.8749865180345903,-0.33249599920375583,-0.2741176453705911,0.9107817207406121,0.28343171447147,True,0.006696616107245567,0.31938675849069237,1.1286230093832117e-06,0.0,False,True,False
1167,1773751421.1168156,1773751421116821314,-0.41684129518335833,-0.005904835688456498,0.8749865180345903,-0.33249599920375583,-0.2741176453705911,0.9107817207406121,0.28343171447147,True,0.006696616107245567,0.31938675849069237,0.0,0.0,False,True,False
1168,1773751421.1666472,1773751421166650893,-0.41475240066520574,-0.009798629784034826,0.8801254738887929,-0.33249599920375583,-0.2741176453705911,0.9107817207406121,0.2785147447678005,True,0.012240375531519746,0.31938675849069237,0.006777461179392493,0.0,False,True,True
1169,1773751421.216654,1773751421216657732,-0.41475240066520574,-0.009798629784034826,0.8755869267945987,-0.3434715926017885,-0.2887959083961874,0.8985952520111646,0.2888768216739309,True,0.011130840018505323,0.33467664246346657,0.004538547094194212,0.022009658697520244,False,True,False
1170,1773751421.2680147,1773751421268017362,-0.41475240066520574,-0.009798629784034826,0.8749771761774013,-0.34811931990655876,-0.2931259578518231,0.8945639981357673,0.29171559073153636,True,0.011115347028178586,0.33922696795076934,0.0006097506171973688,0.0075234104763507595,False,True,False
1171,1773751421.3167007,1773751421316704908,-0.41475240066520574,-0.009798629784034826,0.8749782946941249,-0.34811931990655876,-0.2931259578518231,0.8945639981357673,0.2917155156324813,True,0.011115344845318263,0.33922696795076934,1.1185167235749915e-06,0.0,False,True,False
1172,1773751421.3667154,1773751421366719487,-0.41475240066520574,-0.009798629784034826,0.8749836181982265,-0.34811931990655876,-0.2931259578518231,0.8945639981357673,0.29171515826216327,True,0.011115335998786603,0.33922696795076934,5.323504101539811e-06,0.0,False,True,False
1173,1773751421.4167085,1773751421416712015,-0.41475240066520574,-0.009798629784034826,0.8749836181982265,-0.3669099177504823,-0.3050540619052612,0.8819830625294925,0.2991883446751965,True,0.011115335998786603,0.352039628070673,0.0,0.025566504930688936,False,True,False
1174,1773751421.4666617,1773751421466664754,-0.41475240066520574,-0.009798629784034826,0.8749836181982265,-0.3669099177504823,-0.3050540619052612,0.8819830625294925,0.2991883446751965,True,0.011115335998786603,0.352039628070673,0.0,0.0,False,True,False
1175,1773751421.5166585,1773751421516661102,-0.41201604075274517,-0.014889188131849997,0.8814678831978139,-0.3669099177504823,-0.3050540619052612,0.8819830625294925,0.29365027109467945,True,0.018090672845557557,0.352039628070673,0.008686031455613464,0.0,False,True,True
1176,1773751421.5665827,1773751421566585951,-0.41201604075274517,-0.014889188131849997,0.8749966984565117,-0.36989660330429497,-0.3063986272638466,0.8803697453346108,0.29458558984916317,True,0.016894719173062466,0.3535405572609938,0.0064711847413021495,0.0036511558405746387,False,True,False
1177,1773751421.6193082,1773751421619312093,-0.41201604075274517,-0.014889188131849997,0.8749976998453538,-0.36989660330429497,-0.3063986272638466,0.8803697453346108,0.2945855715861926,True,0.01689471904096661,0.3535405572609938,1.0013888420701278e-06,0.0,False,True,False
1178,1773751421.6667595,1773751421666763937,-0.41201604075274517,-0.014889188131849997,0.8749976998453538,-0.36989660330429497,-0.3063986272638466,0.8803697453346108,0.2945855715861926,True,0.01689471904096661,0.3535405572609938,0.0,0.0,False,True,False
1179,1773751421.7167003,1773751421716704325,-0.41201604075274517,-0.014889188131849997,0.8749976998453538,-0.3968618436141994,-0.3140468644589153,0.8696217187498284,0.2995894960926743,True,0.01689471904096661,0.3626678509781778,0.0,0.030018990533162763,False,True,False
1180,1773751421.7666464,1773751421766649394,-0.41201604075274517,-0.014889188131849997,0.8749976998453538,-0.3968618436141994,-0.3140468644589153,0.8696217187498284,0.2995894960926743,True,0.01689471904096661,0.3626678509781778,0.0,0.0,False,True,False
1181,1773751421.8167129,1773751421816716882,-0.4088156775356346,-0.020833160593656523,0.8853943044933775,-0.3968618436141994,-0.3140468644589153,0.8696217187498284,0.293880834252325,True,0.025829500793375128,0.3626678509781778,0.012396068794398377,0.0,False,True,True
1182,1773751421.8667138,1773751421866717720,-0.4088156775356346,-0.02083316059365652,0.8840799863578845,-0.3968618436141994,-0.3140468644589153,0.8696217187498284,0.29381322601617355,True,0.025329156982219124,0.3626678509781778,0.0013143181354929867,0.0,False,True,False
1183,1773751421.9166858,1773751421916688329,-0.4088156775356346,-0.02083316059365652,0.8765561283919668,-0.39686184361419924,-0.31404686445891533,0.8696217187498284,0.29353919042759846,True,0.023696686817134962,0.3626678509781778,0.007523857965917702,1.7554167342883506e-16,False,True,True
1184,1773751421.9666114,1773751421966615268,-0.4088156775356346,-0.02083316059365652,0.874832010702157,-0.39686184361419924,-0.31404686445891533,0.8696217187498284,0.2935035219925537,True,0.02364609223075327,0.3626678509781778,0.0017241176898098454,0.0,False,True,False
1185,1773751422.0166318,1773751422016635186,-0.4088156775356346,-0.02083316059365652,0.8748440105119082,-0.4133259993125277,-0.31585841700005135,0.8658107170281562,0.2951979764689347,True,0.02364601031537043,0.36547408450969365,1.19998097511953e-05,0.01699629017140763,False,True,False
1186,1773751422.0666516,1773751422066654534,-0.4088156775356346,-0.02083316059365652,0.8748440105119082,-0.4133259993125277,-0.31585841700005135,0.8658107170281562,0.2951979764689347,True,0.02364601031537043,0.36547408450969365,0.0,0.0,False,True,False
1187,1773751422.1179872,1773751422117990355,-0.40580134808818547,-0.02642641819354885,0.887859716381284,-0.4133259993125277,-0.31585841700005135,0.8658107170281562,0.29036814680961387,True,0.03263961270621664,0.36547408450969365,0.014483760280901394,0.0,False,True,True
1188,1773751422.1667557,1773751422166759941,-0.40580134808818547,-0.02642641819354885,0.8856322260800568,-0.42686206800145626,-0.31611674799055134,0.8641090967433264,0.2912512423966753,True,0.03182787605833102,0.36656519962732864,0.002227490301227264,0.013645050459627786,False,True,False
1189,1773751422.216682,1773751422216686650,-0.40580134808818547,-0.02642641819354885,0.8749218612882182,-0.42686206800145626,-0.31611674799055134,0.8641090967433264,0.29065608023618666,True,0.029999388513993877,0.36656519962732864,0.010710364791838511,0.0,False,True,True
1190,1773751422.266678,1773751422266682478,-0.40580134808818547,-0.02642641819354885,0.8749360895170571,-0.42686206800145626,-0.31611674799055134,0.8641090967433264,0.2906566098916103,True,0.029999355099543535,0.36656519962732864,1.4228228838897294e-05,0.0,False,True,False
1191,1773751422.316614,1773751422316617187,-0.40580134808818547,-0.02642641819354885,0.8749455826872871,-0.42686206800145626,-0.31611674799055134,0.8641090967433264,0.2906569636681271,True,0.029999336558447463,0.36656519962732864,9.493170229912806e-06,0.0,False,True,False
1192,1773751422.3666198,1773751422366622515,-0.40580134808818547,-0.02642641819354885,0.8749593405018506,-0.45774350423151094,-0.31295631665841633,0.8657844355089575,0.291344382442383,True,0.029999315019561972,0.3648922007420862,1.3757814563586379e-05,0.031087910669835964,False,True,False
1193,1773751422.416614,1773751422416616894,-0.40580134808818547,-0.02642641819354885,0.8749593405018506,-0.45774350423151094,-0.31295631665841633,0.8657844355089575,0.291344382442383,True,0.029999315019561972,0.3648922007420862,0.0,0.0,False,True,False
1194,1773751422.4666355,1773751422466638332,-0.4005277848305211,-0.03621596139139263,0.8918414691909571,-0.45774350423151094,-0.31295631665841633,0.8657844355089575,0.2837918811104295,True,0.04443441663917274,0.3648922007420862,0.02021514023029738,0.0,False,True,True
1195,1773751422.5166533,1773751422516657101,-0.4005277848305211,-0.03621596139139263,0.8838321846979765,-0.45774350423151094,-0.31295631665841633,0.8657844355089575,0.2831688260220059,True,0.04205687361081342,0.3648922007420862,0.00800928449298055,0.0,False,True,True
1196,1773751422.5667655,1773751422566770538,-0.4005277848305211,-0.03621596139139263,0.8793726598314024,-0.45774350423151094,-0.31295631665841633,0.8657844355089575,0.2829196045171285,True,0.0413507942088401,0.3648922007420862,0.004459524866574083,0.0,False,True,True
1197,1773751422.6167207,1773751422616723937,-0.4005277848305211,-0.03621596139139263,0.8745423311663386,-0.48330499400041627,-0.30660399573715486,0.8734544040088895,0.2827771897816752,True,0.04112142945499048,0.3592096364934951,0.004830328665063832,0.02743301217661848,False,True,False
1198,1773751422.6667154,1773751422666719556,-0.4005277848305211,-0.03621596139139263,0.8745603308809654,-0.48330499400041627,-0.30660399573715486,0.8734544040088895,0.2827772596047427,True,0.041121233313147966,0.3592096364934951,1.799971462679295e-05,0.0,False,True,False
1199,1773751422.716716,1773751422716719354,-0.4005277848305211,-0.03621596139139263,0.8745603308809654,-0.48330499400041627,-0.30660399573715486,0.8734544040088895,0.2827772596047427,True,0.041121233313147966,0.3592096364934951,0.0,0.0,False,True,False
1200,1773751422.7667346,1773751422766738783,-0.4005277848305211,-0.03621596139139263,0.8745603308809654,-0.48330499400041627,-0.30660399573715486,0.8734544040088895,0.2827772596047427,True,0.041121233313147966,0.3592096364934951,0.0,0.0,False,True,False
1201,1773751422.8167534,1773751422816757081,-0.3976694450502843,-0.041530858991095584,0.8929659562831271,-0.4898389932932254,-0.3044809004561995,0.8762250999302391,0.2791383280763065,True,0.05046050018999502,0.3572599662915211,0.019369700287802945,0.00740793063000918,False,True,True
1202,1773751422.8666277,1773751422866631200,-0.3976694450502843,-0.041530858991095584,0.886614455886774,-0.4898389932932254,-0.3044809004561995,0.8762250999302391,0.2788294974478118,True,0.048563101330816136,0.3572599662915211,0.006351500396353127,0.0,False,True,True
1203,1773751422.916732,1773751422916735908,-0.3976694450502843,-0.041530858991095584,0.8771187555696914,-0.5187230512732872,-0.29247505217415043,0.8929964677028175,0.27906820925084,True,0.04720124450890023,0.34611189089373645,0.009495700317082578,0.03549236502869645,False,True,False
1204,1773751422.9666424,1773751422966645847,-0.3976694450502843,-0.041530858991095584,0.8747727341428229,-0.5187230512732872,-0.29247505217415043,0.8929964677028175,0.2792115114689111,True,0.04715418669540158,0.34611189089373645,0.002346021426868572,0.0,False,True,False
1205,1773751423.0167086,1773751423016711755,-0.3976694450502843,-0.041530858991095584,0.8747767340794066,-0.5187230512732872,-0.29247505217415043,0.8929964677028175,0.27921125042733547,True,0.04715416763536337,0.34611189089373645,3.999936583731767e-06,0.0,False,True,False
1206,1773751423.0666118,1773751423066613894,-0.3976694450502843,-0.041530858991095584,0.8747767340794066,-0.5187230512732872,-0.29247505217415043,0.8929964677028175,0.27921125042733547,True,0.04715416763536337,0.34611189089373645,0.0,0.0,False,True,False
1207,1773751423.1165454,1773751423116552453,-0.3900007734376157,-0.05586379228913957,0.8969305210861307,-0.5216032445555907,-0.29101714174861865,0.8951133858423037,0.2694802592897367,True,0.06709463269855033,0.34476062582793043,0.02747784161771854,0.00386035731009271,False,True,True
1208,1773751423.1666381,1773751423166642371,-0.3900007734376157,-0.05586379228913957,0.8931196208483185,-0.5216032445555907,-0.29101714174861865,0.8951133858423037,0.26948150820644556,True,0.06594739024532664,0.34476062582793043,0.003810900237812165,0.0,False,True,True
1209,1773751423.2167208,1773751423216724019,-0.3900007734376157,-0.05586379228913957,0.8829892704836735,-0.5216032445555907,-0.29101714174861865,0.8951133858423037,0.26974673740306615,True,0.06391051924156216,0.34476062582793043,0.010130350364645047,0.0,False,True,True
1210,1773751423.2666528,1773751423266657048,-0.3900007734376157,-0.05586379228913957,0.8749715284054215,-0.5485714436438418,-0.27424283916335884,0.9203677662174239,0.27366929672659307,True,0.06340912916639359,0.3292460974170518,0.00801774207825201,0.040576405920394874,False,True,False
1211,1773751423.3166504,1773751423316654027,-0.3900007734376157,-0.05586379228913957,0.8749759998142128,-0.5485714436438418,-0.27424283916335884,0.9203677662174239,0.2736685550452369,True,0.06340912735667383,0.3292460974170518,4.4714087913400036e-06,0.0,False,True,False
1212,1773751423.3666651,1773751423366669155,-0.3900007734376157,-0.05586379228913957,0.874979358217887,-0.5485714436438418,-0.27424283916335884,0.9203677662174239,0.27366799802694614,True,0.06340912620477149,0.3292460974170518,3.3584036741585166e-06,0.0,False,True,False
1213,1773751423.4166179,1773751423416621034,-0.3900007734376157,-0.05586379228913957,0.874979358217887,-0.5485714436438418,-0.27424283916335884,0.9203677662174239,0.27366799802694614,True,0.06340912620477149,0.3292460974170518,0.0,0.0,False,True,False
1214,1773751423.470212,1773751423470216761,-0.35664254670791296,-0.12186182747358686,0.9080913118440126,-0.5485714436438418,-0.27424283916335884,0.9203677662174239,0.24537193306208285,True,0.14127825265728874,0.3292460974170518,0.08102415326121273,0.0,False,True,True
1215,1773751423.5185475,1773751423518551359,-0.35664254670791296,-0.12186182747358686,0.9017198186346477,-0.5485714436438418,-0.27424283916335884,0.9203677662174239,0.24577310705545224,True,0.13992301872955318,0.3292460974170518,0.00637149320936492,0.0,False,True,True
1216,1773751423.56663,1773751423566633180,-0.35664254670791296,-0.12186182747358686,0.8898349051536557,-0.571370949736441,-0.2534573328898278,0.9521929890293526,0.259449792325194,True,0.1381468901996115,0.31077347948514167,0.011884913480991965,0.04432493154131623,False,True,False
1217,1773751423.616721,1773751423616725908,-0.35664254670791296,-0.12186182747358686,0.8802925789564107,-0.571370949736441,-0.2534573328898278,0.9521929890293526,0.26190710773401144,True,0.13744995209987626,0.31077347948514167,0.009542326197245043,0.0,False,True,True
1218,1773751423.6667387,1773751423666742046,-0.35664254670791296,-0.12186182747358686,0.8748103793820645,-0.571370949736441,-0.2534573328898278,0.9521929890293526,0.2634648598746376,True,0.13734812565942522,0.31077347948514167,0.005482199574346147,0.0,False,True,True
1219,1773751423.7166533,1773751423716657186,-0.35664254670791296,-0.12186182747358686,0.8748103793820645,-0.571370949736441,-0.2534573328898278,0.9521929890293526,0.2634648598746376,True,0.13734812565942522,0.31077347948514167,0.0,0.0,False,True,False
1220,1773751423.7666683,1773751423766672044,-0.35146648427152044,-0.13322893004292935,0.9088412553618154,-0.571370949736441,-0.2534573328898278,0.9521929890293526,0.2543466445513084,True,0.15359706987016125,0.31077347948514167,0.03625056086623447,0.0,False,True,True
1221,1773751423.816691,1773751423816694492,-0.35146648427152044,-0.13322893004292935,0.906398945044734,-0.571370949736441,-0.2534573328898278,0.9521929890293526,0.2547742868638704,True,0.15307749757253888,0.31077347948514167,0.0024423103170814198,0.0,False,True,False
1222,1773751423.8666208,1773751423866623911,-0.35146648427152044,-0.13322893004292935,0.8948737645532556,-0.5839319971841812,-0.23700540993773028,0.9768943361572973,0.26746429040033776,True,0.151134972262359,0.2970696864027728,0.011525180491478326,0.03222735222976526,False,True,False
1223,1773751423.9165936,1773751423916597040,-0.35146648427152044,-0.13322893004292935,0.886578694331298,-0.5839319971841812,-0.23700540993773028,0.9768943361572973,0.270123467383981,True,0.1502693248550775,0.2970696864027728,0.008295070221957634,0.0,False,True,True
1224,1773751423.9667325,1773751423966736248,-0.35146648427152044,-0.13322893004292935,0.8747462127300336,-0.58821098146806,-0.22995545309572757,0.9871754419538598,0.27936411508744186,True,0.1498227442558374,0.29151726165174363,0.011832481601264377,0.013180012684967077,False,True,False
1225,1773751424.0166857,1773751424016689877,-0.35146648427152044,-0.13322893004292935,0.8747602125080767,-0.58821098146806,-0.22995545309572757,0.9871754419538598,0.27935848121378715,True,0.14982272124893106,0.29151726165174363,1.3999778043061184e-05,0.0,False,True,False
1226,1773751424.0667944,1773751424066800295,-0.35146648427152044,-0.13322893004292935,0.8747602125080767,-0.58821098146806,-0.22995545309572757,0.9871754419538598,0.27935848121378715,True,0.14982272124893106,0.29151726165174363,0.0,0.0,False,True,False
1227,1773751424.1166346,1773751424116638134,-0.35146648427152044,-0.13322893004292935,0.9066137650605881,-0.58821098146806,-0.22995545309572757,0.9871754419538598,0.26813086543436526,True,0.15312170616964776,0.29151726165174363,0.03185355255251143,0.0,False,True,True
1228,1773751424.1671581,1773751424167162280,-0.35146648427152044,-0.13322893004292935,0.8996216147117969,-0.58821098146806,-0.22995545309572757,0.9871754419538598,0.270313983877007,True,0.15183228466926976,0.29151726165174363,0.006992150348791193,0.0,False,True,True
1229,1773751424.2167013,1773751424216706371,-0.35146648427152044,-0.13322893004292935,0.8872349643471521,-0.5975126622513847,-0.20824661324763266,1.0180831847134841,0.28859596543426663,True,0.15032131895916656,0.27524105160862955,0.012386650364644813,0.038898374714635815,False,True,False
1230,1773751424.2668116,1773751424266815409,-0.35146648427152044,-0.13322893004292935,0.8755574440934865,-0.5988460733740864,-0.20366292110811496,1.0243980424324433,0.29717188951148066,True,0.14982356944318811,0.2719957434857348,0.01167752025366564,0.007916163645524173,False,True,True
1231,1773751424.316688,1773751424316691559,-0.35146648427152044,-0.13322893004292935,0.8747562125714929,-0.5988460733740864,-0.20366292110811496,1.0243980424324433,0.2975739999496908,True,0.14982272768884636,0.2719957434857348,0.0008012315219935173,0.0,False,True,False
1232,1773751424.3666382,1773751424366643438,-0.35146648427152044,-0.13322893004292935,0.8747562125714929,-0.5988460733740864,-0.20366292110811496,1.0243980424324433,0.2975739999496908,True,0.14982272768884636,0.2719957434857348,0.0,0.0,False,True,False
1233,1773751424.4167306,1773751424416734176,-0.3428850668928982,-0.15349677785729454,0.9072015762449296,-0.5988460733740864,-0.20366292110811496,1.0243980424324433,0.2859505035043053,True,0.17477114203027833,0.2719957434857348,0.03920622403590978,0.0,False,True,True
1234,1773751424.4667716,1773751424466776194,-0.3428850668928982,-0.15349677785729454,0.9014162457375984,-0.5988460733740864,-0.20366292110811496,1.0243980424324433,0.2883699032246896,True,0.1737982220616558,0.2719957434857348,0.00578533050733121,0.0,False,True,True
1235,1773751424.5166879,1773751424516691693,-0.3428850668928982,-0.15349677785729454,0.8868783952619745,-0.6023020769472487,-0.17753624752729882,1.0593036650020209,0.31241887723452594,True,0.1721890925383158,0.25436669460641814,0.014537850475623837,0.04373727837973042,False,True,False
1236,1773751424.5667074,1773751424566711522,-0.3428850668928982,-0.15349677785729454,0.876298595024163,-0.6023020769472487,-0.17753624752729882,1.0593036650020209,0.3183801765894898,True,0.17178376394822006,0.25436669460641814,0.010579800237811576,0.0,False,True,True
1237,1773751424.6166835,1773751424616689601,-0.3428850668928982,-0.15349677785729454,0.8747391834228991,-0.6022876649679458,-0.17645896781721743,1.0607109938974417,0.32000388176867395,True,0.1717790483377085,0.25366121331948194,0.001559411601263827,0.001772375213883028,False,True,False
1238,1773751424.6667223,1773751424666726829,-0.3428850668928982,-0.15349677785729454,0.8747631830424015,-0.6022876649679458,-0.17645896781721743,1.0607109938974417,0.31998993486924254,True,0.1717790136549268,0.25366121331948194,2.39996195023906e-05,0.0,False,True,False
1239,1773751424.716695,1773751424716698718,-0.3428850668928982,-0.15349677785729454,0.8747731828838609,-0.6022876649679458,-0.17645896781721743,1.0607109938974417,0.31998412401299287,True,0.17177900019337797,0.25366121331948194,9.999841459329417e-06,0.0,False,True,False
1240,1773751424.766629,1773751424766631767,-0.3428850668928982,-0.15349677785729454,0.8747731828838609,-0.6022876649679458,-0.17645896781721743,1.0607109938974417,0.31998412401299287,True,0.17177900019337797,0.25366121331948194,0.0,0.0,False,True,False
1241,1773751424.816659,1773751424816664326,-0.5993761988519488,-0.20281743907983024,0.9702373758110435,-0.5982339033170863,-0.14956382062100876,1.094706052913917,0.1353872383121322,True,0.28702090699983995,0.23664114576102882,0.27808926719365057,0.0435367197175137,False,True,True
1242,1773751424.866653,1773751424866655944,-0.5993761988519488,-0.20281743907983024,0.9647845853195665,-0.5982339033170863,-0.14956382062100876,1.094706052913917,0.1404166673152321,True,0.2852579689057441,0.23664114576102882,0.005452790491477066,0.0,False,True,True
1243,1773751424.916637,1773751424916641323,-0.5993761988519488,-0.20281743907983024,0.9540960649390673,-0.5982339033170863,-0.14956382062100876,1.094706052913917,0.15036097045554767,True,0.2820762526687723,0.23664114576102882,0.010688520380499167,0.0,False,True,True
1244,1773751424.966635,1773751424966638582,-0.5993761988519488,-0.20281743907983024,0.9369535645427146,-0.5982339033170863,-0.14956382062100876,1.094706052913917,0.16650255344994874,True,0.2777571769940968,0.23664114576102882,0.017142500396352678,0.0,False,True,True
1245,1773751425.0166352,1773751425016638530,-0.5993761988519488,-0.20281743907983024,0.919824684241487,-0.5982339033170863,-0.14956382062100876,1.094706052913917,0.18281341807096402,True,0.27444496338334934,0.23664114576102882,0.01712888030122761,0.0,False,True,True
1246,1773751425.0666254,1773751425066628929,-0.5993761988519488,-0.20281743907983024,0.919824684241487,-0.5982339033170863,-0.14956382062100876,1.094706052913917,0.18281341807096402,True,0.27444496338334934,0.23664114576102882,0.0,0.0,False,True,False
1247,1773751425.116596,1773751425116599168,-0.6028322024251112,-0.1766907654990141,1.004093328380621,-0.5919260725416596,-0.13312423194417825,1.1144945222961513,0.11918645113012583,True,0.28515342542047845,0.22650509445856623,0.08829355252873358,0.026488343199347498,False,True,True
1248,1773751425.1666906,1773751425166696136,-0.6028322024251112,-0.1766907654990141,0.9880974081586641,-0.5871524827043169,-0.12442789450912656,1.1247096636641492,0.14710598101003314,True,0.2782775485417741,0.22106205251392438,0.01599592022195695,0.014239471826147355,False,True,False
1249,1773751425.2166612,1773751425216664565,-0.6028322024251112,-0.1766907654990141,0.957660357794019,-0.5871524827043169,-0.12442789450912656,1.1247096636641492,0.1757348340151166,True,0.26735756994585036,0.22106205251392438,0.030437050364645057,0.0,False,True,True
1250,1773751425.266912,1773751425266917943,-0.6028322024251112,-0.1766907654990141,0.9084255373025412,-0.5871524827043169,-0.12442789450912656,1.1247096636641492,0.22306071956001647,True,0.25644598974089666,0.22106205251392438,0.04923482049147787,0.0,False,True,True
1251,1773751425.316712,1773751425316715503,-0.6028322024251112,-0.1766907654990141,0.8868359171122919,-0.5871524827043169,-0.12442789450912656,1.1247096636641492,0.24405159412150026,True,0.2545335799771892,0.22106205251392438,0.021589620190249237,0.0,False,True,True
1252,1773751425.3666809,1773751425366684092,-0.6028322024251112,-0.1766907654990141,0.8793254570488755,-0.5871524827043169,-0.12442789450912656,1.1247096636641492,0.25137754504099125,True,0.2542950164385777,0.22106205251392438,0.00751046006341638,0.0,False,True,True
1253,1773751425.4166358,1773751425416638311,-0.6028322024251112,-0.1766907654990141,0.8793254570488755,-0.5871524827043169,-0.12442789450912656,1.1247096636641492,0.25137754504099125,True,0.2542950164385777,0.22106205251392438,0.0,0.0,False,True,False
1254,1773751425.4681277,1773751425468131730,-0.6028177904458083,-0.1756134857889327,0.9749368870540849,-0.5747013100958118,-0.10678211155716222,1.1444327637184806,0.18508686272163621,True,0.2724884156454681,0.21004249840747047,0.09561749989891988,0.029247325195097578,False,True,True
1255,1773751425.5167177,1773751425516722078,-0.6028177904458083,-0.1756134857889327,0.931713406752857,-0.5698025038255962,-0.10136268149109867,1.1502972849477533,0.23319970603800358,True,0.2597670423775553,0.20649526709188645,0.04322348030122791,0.0093680912870578,False,True,True
1256,1773751425.5671382,1773751425567141433,-0.6028177904458083,-0.1756134857889327,0.8975984165308989,-0.5698025038255962,-0.10136268149109867,1.1502972849477533,0.26544285484572516,True,0.2545057075726963,0.20649526709188645,0.034114990221958075,0.0,False,True,True
1257,1773751425.6166823,1773751425616688315,-0.6028177904458083,-0.1756134857889327,0.8124011360235669,-0.5698025038255962,-0.10136268149109867,1.1502972849477533,0.3475298527425895,True,0.2611148923845705,0.20649526709188645,0.085197280507332,0.0,False,True,True
1258,1773751425.666589,1773751425666591965,-0.6028177904458083,-0.1756134857889327,0.757062305722339,-0.5511009022752613,-0.08388708480801019,1.1678976704336197,0.42411562816808446,True,0.2795918554843998,0.19491248838718003,0.05533883030122788,0.03106316064454093,False,True,True
1259,1773751425.7166018,1773751425716606093,-0.6028177904458083,-0.1756134857889327,0.757062305722339,-0.5511009022752613,-0.08388708480801019,1.1678976704336197,0.42411562816808446,True,0.2795918554843998,0.19491248838718003,0.0,0.0,False,True,False
1260,1773751425.7666893,1773751425766692311,-0.6016415866589483,-0.16143735761389236,1.0216701164772972,-0.5511009022752613,-0.08388708480801019,1.1678976704336197,0.17306329225542721,True,0.2838449882609329,0.19491248838718003,0.2649898858030532,0.0,False,True,True
1261,1773751425.8166814,1773751425816685030,-0.6016415866589483,-0.16143735761389236,0.9325546460333828,-0.5511009022752613,-0.08388708480801019,1.1678976704336197,0.25289275340366857,True,0.2497364402440213,0.19491248838718003,0.08911547044391444,0.0,False,True,True
1262,1773751425.866709,1773751425866712799,-0.6016415866589483,-0.16143735761389236,0.878184005779718,-0.5482452049469779,-0.08173236570673795,1.1699719149467454,0.30715508013203263,True,0.2430346229951295,0.19335689914760323,0.05437064025366478,0.004135252342528112,False,True,True
1263,1773751425.9166863,1773751425916691218,-0.6016415866589483,-0.16143735761389236,0.7656943052882401,-0.5482452049469779,-0.08173236570673795,1.1699719149467454,0.41550504808731836,True,0.26646443710155227,0.19335689914760323,0.11248970049147788,0.0,False,True,True
1264,1773751425.9666398,1773751425966643107,-0.6016415866589483,-0.16143735761389236,0.7039465450345743,-0.522803266393082,-0.06460773548686588,1.1846111126136007,0.4966184480962608,True,0.29717801926149806,0.1809169241371724,0.061747760253665795,0.03398310324082895,False,True,True
1265,1773751426.0167124,1773751426016715075,-0.6016415866589483,-0.16143735761389236,0.7039465450345743,-0.522803266393082,-0.06460773548686588,1.1846111126136007,0.4966184480962608,True,0.29717801926149806,0.1809169241371724,0.0,0.0,False,True,False
1266,1773751426.0667696,1773751426066772324,-0.6016415866589483,-0.16143735761389236,0.7039465450345743,-0.522803266393082,-0.06460773548686588,1.1846111126136007,0.4966184480962608,True,0.29717801926149806,0.1809169241371724,0.0,0.0,False,True,False
1267,1773751426.1168487,1773751426116853292,-0.5987640287949487,-0.14871833859272404,0.9521969059754354,-0.522803266393082,-0.06460773548686588,1.1846111126136007,0.25857493000434495,True,0.24501667874823957,0.1809169241371724,0.2485926295998924,0.0,False,True,True
1268,1773751426.1666842,1773751426166689132,-0.5987640287949487,-0.14871833859272404,0.8819733057217705,-0.5228032663930822,-0.06460773548686588,1.1846111126136005,0.3231629204283818,True,0.23264212257962952,0.18091692413717236,0.07022360025366492,3.1401849173675503e-16,False,True,True
1269,1773751426.2166378,1773751426216640941,-0.5987640287949487,-0.14871833859272404,0.7387684952302949,-0.5228032663930822,-0.06460773548686588,1.1846111126136005,0.4600220325752895,True,0.26950433986785977,0.18091692413717236,0.1432048104914756,0.0,False,True,True
1270,1773751426.266703,1773751426266706099,-0.5987640287949487,-0.14871833859272404,0.616413744833942,-0.507406535259457,-0.05640108625855546,1.1903887448036534,0.5884861657624997,True,0.34776468717862835,0.1743533816741742,0.12235475039635291,0.018379049346503366,False,True,True
1271,1773751426.316726,1773751426316728718,-0.5987640287949487,-0.14871833859272404,0.5759653047071092,-0.4948117070439962,-0.050731540593124895,1.1937033305885891,0.6340408239219111,True,0.3788075091462478,0.16938436914943159,0.040448440126832796,0.014204222074970114,False,True,True
1272,1773751426.366695,1773751426366697287,-0.5987640287949487,-0.14871833859272404,0.5759653047071092,-0.4948117070439962,-0.050731540593124895,1.1937033305885891,0.6340408239219111,True,0.3788075091462478,0.16938436914943159,0.0,0.0,False,True,False
1273,1773751426.417113,1773751426417116953,-0.5987640287949487,-0.14871833859272404,1.0353657062925172,-0.4948117070439962,-0.050731540593124895,1.1937033305885891,0.21325642088188534,True,0.2824731235168451,0.16938436914943159,0.45940040158540807,0.0,False,True,True
1274,1773751426.4668534,1773751426466858034,-0.5987640287949487,-0.14871833859272404,0.8912936158644578,-0.4948117070439962,-0.050731540593124895,1.1937033305885891,0.33445348456722396,True,0.23310774931386727,0.16938436914943159,0.14407209042805946,0.0,False,True,True
1275,1773751426.517132,1773751426517136391,-0.5987640287949487,-0.14871833859272404,0.7743009355315228,-0.4948117070439962,-0.050731540593124895,1.1937033305885891,0.44306417905223544,True,0.2534046340647782,0.16938436914943159,0.11699268033293497,0.0,False,True,True
1276,1773751426.5666857,1773751426566689013,-0.5987640287949487,-0.14871833859272404,0.599663885055902,-0.47759579627848786,-0.04221259709206658,1.1971680482740115,0.6188993768026764,True,0.36039337301187724,0.1631872861768787,0.17463705047562084,0.019518305523273462,False,True,True
1277,1773751426.6166556,1773751426616659322,-0.5987640287949487,-0.14871833859272404,0.47833418473882006,-0.4709906096784516,-0.0380766336481056,1.198355325278519,0.7395931829930973,True,0.45980108444864315,0.16103886028743836,0.1213297003170819,0.007883166262138138,False,True,True
1278,1773751426.6666603,1773751426666662281,-0.5987640287949487,-0.14871833859272404,0.47833418473882006,-0.4709906096784516,-0.0380766336481056,1.198355325278519,0.7395931829930973,True,0.45980108444864315,0.16103886028743836,0.0,0.0,False,True,False
1279,1773751426.7167015,1773751426716703329,-0.5987640287949487,-0.14871833859272404,0.47833418473882006,-0.4709906096784516,-0.0380766336481056,1.198355325278519,0.7395931829930973,True,0.45980108444864315,0.16103886028743836,0.0,0.0,False,True,False
1280,1773751426.766718,1773751426766721358,-0.5924561980195221,-0.13227874991589353,0.9462016954052327,-0.4709906096784516,-0.0380766336481056,1.198355325278519,0.29531234467703266,True,0.22871067056417343,0.16103886028743836,0.46819873594675643,0.0,False,True,True
1281,1773751426.8168037,1773751426816806686,-0.5924561980195221,-0.13227874991589353,0.8222713451040056,-0.4709906096784516,-0.0380766336481056,1.198355325278519,0.40628449146414153,True,0.22364941005319106,0.16103886028743836,0.12393035030122712,0.0,False,True,True
1282,1773751426.866657,1773751426866659236,-0.5924561980195221,-0.13227874991589353,0.7219300448661949,-0.4709906096784516,-0.0380766336481056,1.198355325278519,0.5006086052759521,True,0.26583649843404594,0.16103886028743836,0.10034130023781063,0.0,False,True,True
1283,1773751426.9166927,1773751426916696025,-0.5924561980195221,-0.13227874991589353,0.6055415845966765,-0.4586967951814539,-0.029810450414114127,1.2000227290850451,0.6178989896436016,True,0.34618829726987416,0.1573900096568654,0.11638846026951843,0.014907980936348481,False,True,True
1284,1773751426.9666624,1773751426966664824,-0.5924561980195221,-0.13227874991589353,0.5287206644222824,-0.4586967951814539,-0.029810450414114127,1.2000227290850451,0.6921255610587368,True,0.4088371189922167,0.1573900096568654,0.07682092017439413,0.0,False,True,True
1285,1773751427.0167506,1773751427016755172,-0.5924561980195221,-0.13227874991589353,0.5287206644222824,-0.4586967951814539,-0.029810450414114127,1.2000227290850451,0.6921255610587368,True,0.4088371189922167,0.1573900096568654,0.0,0.0,False,True,False
1286,1773751427.0666332,1773751427066636492,-0.5876826081821793,-0.12358241248084183,1.0634857970427494,-0.4546966818567774,-0.026833832930812714,1.200436044377094,0.21401148214642995,True,0.28092201971357444,0.156318181119554,0.5348571402826227,0.005003197755714983,False,True,True
1287,1773751427.1170404,1773751427117049208,-0.5876826081821793,-0.12358241248084183,0.8612021665988353,-0.4546966818567774,-0.026833832930812714,1.200436044377094,0.3769949178411403,True,0.20875927327285493,0.156318181119554,0.20228363044391406,0.0,False,True,True
1288,1773751427.1667852,1773751427166791519,-0.5876826081821793,-0.12358241248084183,0.6588684861707754,-0.4546966818567774,-0.026833832930812714,1.200436044377094,0.5659867174652845,True,0.3001710407108053,0.156318181119554,0.20233368042805988,0.0,False,True,True
1289,1773751427.2166271,1773751427216632668,-0.5876826081821793,-0.12358241248084183,0.4730126057902784,-0.4546966818567774,-0.026833832930812714,1.200436044377094,0.7457817396873165,True,0.4527510075231055,0.156318181119554,0.18585588038049705,0.0,False,True,True
1290,1773751427.2667162,1773751427266719927,-0.5876826081821793,-0.12358241248084183,0.353983255552468,-0.44376266200547915,-0.018492645059622656,1.201056443555227,0.8656152701733649,True,0.5611131093477987,0.15365709065965988,0.11902935023781036,0.013766375715899254,False,True,True
1291,1773751427.3166418,1773751427316645546,-0.5876826081821793,-0.12358241248084183,0.353983255552468,-0.44376266200547915,-0.018492645059622656,1.201056443555227,0.8656152701733649,True,0.5611131093477987,0.15365709065965988,0.0,0.0,False,True,False
1292,1773751427.3688855,1773751427368889981,-0.5876826081821793,-0.12358241248084183,0.345969485536614,-0.44376266200547915,-0.018492645059622656,1.201056443555227,0.8734589377284288,True,0.5685620014996908,0.15365709065965988,0.008013770015854016,0.0,False,True,True
1293,1773751427.4166708,1773751427416675004,-0.5749617155578249,-0.10051719946281394,0.8888942059659691,-0.4420706452318258,-0.01715438987939901,1.2010886108344963,0.3493919590162947,True,0.18522933228126426,0.15328365878139907,0.5435633148162418,0.002157517653131771,False,True,True
1294,1773751427.4685626,1773751427468567801,-0.5916264260735437,-0.10051719946281394,0.8743590368383729,-0.4420706452318258,-0.01715438987939901,1.2010886108344963,0.3688746455484639,True,0.19889632378498173,0.15328365878139907,0.02211297623886329,0.0,False,True,True
1295,1773751427.5167043,1773751427516707892,-0.6064395020875158,-0.10051719946281394,0.8587705665027321,-0.4420706452318258,-0.01715438987939901,1.2010886108344963,0.3887777290442582,True,0.21243062694626047,0.15328365878139907,0.021504130496276103,0.0,False,True,True
1296,1773751427.5666914,1773751427566696311,-0.6369914713663335,-0.10051719946281394,0.8186879614354737,-0.4328402417651635,-0.009787006255107752,1.2009121193262566,0.44272451861456175,True,0.24568269632846335,0.15141710369949685,0.05039879022150852,0.011811428316563897,False,True,True
1297,1773751427.6166656,1773751427616671340,-0.6656918061434046,-0.10051719946281394,0.7713030851601713,-0.4328402417651635,-0.009787006255107752,1.2009121193262566,0.49700678187527636,True,0.2849931621393376,0.15141710369949685,0.05539887829136683,0.0,False,True,True
1298,1773751427.6666796,1773751427666684269,-0.6656918061434046,-0.10051719946281394,0.7713030851601713,-0.4328402417651635,-0.009787006255107752,1.2009121193262566,0.49700678187527636,True,0.2849931621393376,0.15141710369949685,0.0,0.0,False,True,False
1299,1773751427.7168343,1773751427716838417,-0.549716587878204,-0.08304160277972547,1.1135543926604896,-0.4321848800134712,-0.009256188156604162,1.200877298139444,0.1639612136634552,True,0.28395558144374305,0.1512961309131152,0.36178944873609614,0.0008440849449736605,False,True,True
1300,1773751427.76662,1773751427766625457,-0.4944846488199155,-0.08304160277972544,1.1010699008858178,-0.4321848800134712,-0.009256188156604162,1.200877298139444,0.13887787855157305,True,0.25209468362745047,0.1512961309131152,0.05662534438756503,0.0,False,True,True
1301,1773751427.8166318,1773751427816635496,-0.46591145935331135,-0.08304160277972544,1.091421069414689,-0.4321848800134712,-0.009256188156604162,1.200877298139444,0.13624402949017,True,0.23630932453222558,0.1512961309131152,0.030158367082000676,0.0,False,True,True
1302,1773751427.8667278,1773751427866733194,-0.43352851129116,-0.08304160277972544,1.0778174070807434,-0.42876672705958224,-0.006482236678020784,1.2006445386855238,0.1448120001423259,True,0.21957700503106142,0.15068900667192833,0.03512427869852997,0.00440825967759433,False,True,True
1303,1773751427.9166358,1773751427916638634,-0.3744772530601781,-0.08304160277972544,1.0457120887070785,-0.42604410089522227,-0.0042582960541767655,1.2003986015237644,0.1810907685710158,True,0.19522049298842617,0.15023536647301639,0.0672146008433918,0.0035240729584921316,False,True,True
1304,1773751427.9667366,1773751427966741762,-0.3744772530601781,-0.08304160277972544,1.0457120887070785,-0.42604410089522227,-0.0042582960541767655,1.2003986015237644,0.1810907685710158,True,0.19522049298842617,0.15023536647301639,0.0,0.0,False,True,False
1305,1773751428.0167482,1773751428016751441,-0.3744772530601781,-0.08304160277972544,1.0457120887070785,-0.42604410089522227,-0.0042582960541767655,1.2003986015237644,0.1810907685710158,True,0.19522049298842617,0.15023536647301639,0.0,0.0,False,True,False
1306,1773751428.0666492,1773751428066654311,-0.5576212211632741,-0.0808868836784532,1.146946820735633,-0.42604410089522227,-0.0042582960541767655,1.2003986015237644,0.16137401243306568,True,0.315337395502201,0.15023536647301639,0.20927213583238083,0.0,False,True,True
1307,1773751428.119812,1773751428119820180,-0.571184920295539,-0.0808868836784532,1.1903875530737624,-0.42604410089522227,-0.0042582960541767655,1.2003986015237644,0.16443241465281433,True,0.3589836175280533,0.15023536647301639,0.04550902284408671,0.0,False,True,True
1308,1773751428.1666949,1773751428166698268,-0.5764924547385992,-0.0808868836784532,1.205973460510422,-0.42604410089522227,-0.0042582960541767655,1.2003986015237644,0.16893112995595125,True,0.37493517664318604,0.15023536647301639,0.016464824095276265,0.0,False,True,True
1309,1773751428.2166207,1773751428216626278,-0.5971328664616111,-0.0808868836784532,1.2590316227640985,-0.42236630738345254,-0.001237115188292792,1.1999791984245802,0.20093437887263138,True,0.43058038403755144,0.14966486604994966,0.056931495482139875,0.004778032848275974,False,True,True
1310,1773751428.2666242,1773751428266627197,-0.6053890311508159,-0.0808868836784532,1.2768900576655695,-0.42236630738345254,-0.001237115188292792,1.1999791984245802,0.21390811883831806,True,0.4499198364304929,0.14966486604994966,0.01967455088446363,0.0,False,True,True
1311,1773751428.3167293,1773751428316733755,-0.6053890311508159,-0.0808868836784532,1.2768900576655695,-0.42236630738345254,-0.001237115188292792,1.1999791984245802,0.21390811883831806,True,0.4499198364304929,0.14966486604994966,0.0,0.0,False,True,False
1312,1773751428.3666558,1773751428366660175,-0.5334171916165537,-0.06376225345858114,1.1083826061573374,-0.42236630738345254,-0.001237115188292792,1.1999791984245802,0.15694466387757128,True,0.26720178193777694,0.14966486604994966,0.18403249674965597,0.0,False,True,True
1313,1773751428.417686,1773751428417706997,-0.5411283325984901,-0.06376225345858114,1.0895875121538472,-0.42236630738345254,-0.001237115188292792,1.1999791984245802,0.1737818631117524,True,0.25453043802320274,0.14966486604994966,0.020315443727453614,0.0,False,True,True
1314,1773751428.4666939,1773751428466698833,-0.559516438016954,-0.06376225345858114,1.038078021837833,-0.42236630738345254,-0.001237115188292792,1.1999791984245802,0.22120475182210333,True,0.22388633116734086,0.14966486604994966,0.05469323553691177,0.0,False,True,True
1315,1773751428.5166206,1773751428516623982,-0.5690070730716451,-0.06376225345858114,1.0078039184489227,-0.42116479880678936,-0.00024598570840422525,1.1998201836220046,0.2505232532515421,True,0.20953702664170437,0.14948911780934354,0.03172685754599337,0.0015656456218242768,False,True,True
1316,1773751428.5666516,1773751428566655411,-0.5796840375081725,-0.06376225345858114,0.9707436921363981,-0.4210034757365231,-0.0001127722943350782,1.199797998636278,0.2858262627240276,True,0.1968034068773966,0.14946591949563387,0.03856757632927446,0.0002103880231377071,False,True,True
1317,1773751428.6165879,1773751428616589961,-0.5796840375081725,-0.06376225345858114,0.9707436921363981,-0.4210034757365231,-0.0001127722943350782,1.199797998636278,0.2858262627240276,True,0.1968034068773966,0.14946591949563387,0.0,0.0,False,True,False
1318,1773751428.6668098,1773751428666813928,-0.5814635315809271,-0.06376225345858114,0.9642579727509774,-0.4210034757365231,-0.0001127722943350782,1.199797998636278,0.2920236116619939,True,0.19520037102266607,0.14946591949563387,0.006725411147386544,0.0,False,True,True
1319,1773751428.7167416,1773751428716746978,-0.4508078495646918,-0.055555604230270735,1.1529947659275694,-0.4210034757365231,-0.0001127722943350782,1.199797998636278,0.07843947287145134,True,0.2851612820651849,0.14946591949563387,0.2296950879606872,0.0,False,True,True
1320,1773751428.766643,1773751428766646157,-0.41906962113545426,-0.055555604230270735,1.1592145479994915,-0.4210034757365231,-0.0001127722943350782,1.199797998636278,0.06873619041147798,True,0.2895954511533524,0.14946591949563387,0.03234193613327229,0.0,False,True,True
1321,1773751428.816658,1773751428816661676,-0.35559316427697923,-0.055555604230270735,1.1650323621433363,-0.4206962366498466,0.0001410264938601942,1.199755193611789,0.09244565826253595,True,0.302247859654596,0.1494219943299243,0.06374250965186547,0.00040080163596556385,False,True,True
1322,1773751428.8666492,1773751428866652385,-0.3153914082666117,-0.055555604230270735,1.1641504227677717,-0.4206962366498466,0.0001410264938601942,1.199755193611789,0.12433391034507739,True,0.3124702874344735,0.1494219943299243,0.04021142876570406,0.0,False,True,True
1323,1773751428.9166672,1773751428916670814,-0.3153914082666117,-0.055555604230270735,1.1641504227677717,-0.4206962366498466,0.0001410264938601942,1.199755193611789,0.12433391034507739,True,0.3124702874344735,0.1494219943299243,0.0,0.0,False,True,False
1324,1773751428.9667156,1773751428966723363,-0.3153914082666117,-0.055555604230270735,1.1641504227677717,-0.4206962366498466,0.0001410264938601942,1.199755193611789,0.12433391034507739,True,0.3124702874344735,0.1494219943299243,0.0,0.0,False,True,False
1325,1773751429.016631,1773751429016634392,-0.5040702722488748,-0.04988605856484017,1.1730641563407753,-0.4206994696837505,0.0001409257391176659,1.1997534106288619,0.10082512669645165,True,0.31368616789445636,0.14942022791216872,0.1889743689178515,3.693465562310864e-06,False,True,True
1326,1773751429.066755,1773751429066759891,-0.5122852743448905,-0.04988605856484017,1.2020156644421702,-0.4206994696837505,0.0001409257391176659,1.1997534106288619,0.10438283655032929,True,0.34343093882469866,0.14942022791216872,0.030094452657967993,0.0,False,True,True
1327,1773751429.116672,1773751429116676250,-0.5292287161679228,-0.04988605856484017,1.2537967649012962,-0.4211589855736618,-0.00017435214231985692,1.1997611220334412,0.13065286497546602,True,0.39737507959922924,0.1494301281080838,0.054482681519622156,0.0005573279657125803,False,True,True
1328,1773751429.1665993,1773751429166602690,-0.5441184074669512,-0.04988605856484017,1.2904821783350728,-0.4211589855736618,-0.00017435214231985692,1.1997611220334412,0.16068784410855289,True,0.43648586909738635,0.1494301281080838,0.03959194950728595,0.0,False,True,True
1329,1773751429.21668,1773751429216683839,-0.547712470883958,-0.04988605856484017,1.298101218129433,-0.4211589855736618,-0.00017435214231985692,1.1997611220334412,0.167802898961225,True,0.44476310442410893,0.1494301281080838,0.008424194871529822,0.0,False,True,True
1330,1773751429.2666206,1773751429266624498,-0.547712470883958,-0.04988605856484017,1.298101218129433,-0.4211589855736618,-0.00017435214231985692,1.1997611220334412,0.167802898961225,True,0.44476310442410893,0.1494301281080838,0.0,0.0,False,True,False
1331,1773751429.3166268,1773751429316630027,-0.5047774084766704,-0.04988605856484017,1.1306492416001772,-0.42139247081789233,-0.0003401602880991725,1.199769266035882,0.11910256774058195,True,0.27392089211019677,0.1494401757113518,0.17286869013060777,0.000286485645811285,False,True,True
1332,1773751429.3669193,1773751429366924045,-0.527079678915317,-0.04988605856484017,1.1048889914224924,-0.42139247081789233,-0.0003401602880991725,1.199769266035882,0.15042223406860356,True,0.2584644810189144,0.1494401757113518,0.0340731823570303,0.0,False,True,True
1333,1773751429.4168487,1773751429416853284,-0.5450930511926855,-0.04988605856484017,1.0792414005097464,-0.42610567588550124,-0.0036982923069465885,1.1998536014066432,0.17560924873018485,True,0.24464601717822382,0.14968035632255328,0.03134135447664378,0.005787785856448389,False,True,True
1334,1773751429.4697626,1773751429469766425,-0.5673953216313321,-0.04988605856484017,1.0414933303320615,-0.42610567588550124,-0.0036982923069465885,1.1998536014066432,0.21719587749699856,True,0.2278908055749618,0.14968035632255328,0.043844133802117186,0.0,False,True,True
1335,1773751429.5166936,1773751429516697894,-0.5725419994248659,-0.04988605856484017,1.0318404772141343,-0.42610567588550124,-0.0036982923069465885,1.1998536014066432,0.2276078129250987,True,0.2244031978735697,0.14968035632255328,0.010939189441029482,0.0,False,True,True
1336,1773751429.566653,1773751429566655723,-0.5725419994248659,-0.04988605856484017,1.0318404772141343,-0.42610567588550124,-0.0036982923069465885,1.1998536014066432,0.2276078129250987,True,0.2244031978735697,0.14968035632255328,0.0,0.0,False,True,False
1337,1773751429.6172633,1773751429617273168,-0.47620604580076925,-0.04136711506378185,1.1432248431066343,-0.42610567588550124,-0.0036982923069465885,1.1998536014066432,0.08447368548923026,True,0.27715560831679537,0.14968035632255328,0.14751157691622935,0.0,False,True,True
1338,1773751429.6667056,1773751429666709541,-0.4472960744984245,-0.04136711506378186,1.1437465048615043,-0.42610567588550124,-0.0036982923069465885,1.1998536014066432,0.07082357999978531,True,0.27327880512880404,0.14968035632255328,0.02891467744397109,0.0,False,True,True
1339,1773751429.7167437,1773751429716746310,-0.4164662272404987,-0.04136711506378186,1.141965458054543,-0.42610567588550124,-0.0036982923069465885,1.1998536014066432,0.0697344700906145,True,0.2701751044789441,0.14968035632255328,0.03088125013136001,0.0,False,True,True
1340,1773751429.766782,1773751429766785649,-0.3548065327246471,-0.04136711506378186,1.1308692844406214,-0.4393958837846338,-0.01320039317306533,1.1992010218035407,0.11232964375379113,True,0.26726542973720036,0.15067365825659546,0.0626501635804603,0.01635070050519075,False,True,True
1341,1773751429.8168058,1773751429816808688,-0.30856176183775835,-0.04136711506378186,1.1159548342301808,-0.4393958837846338,-0.01320039317306533,1.1992010218035407,0.15760983292034117,True,0.2686805296851987,0.15067365825659546,0.04859032475154433,0.0,False,True,True
1342,1773751429.8666327,1773751429866635388,-0.29314683820879545,-0.04136711506378186,1.1097276708267005,-0.4393958837846338,-0.01320039317306533,1.1992010218035407,0.17374587214934759,True,0.27000057583241316,0.15067365825659546,0.016625204796946205,0.0,False,True,True
1343,1773751429.9166448,1773751429916647417,-0.29314683820879545,-0.04136711506378186,1.1097276708267005,-0.4393958837846338,-0.01320039317306533,1.1992010218035407,0.17374587214934759,True,0.27000057583241316,0.15067365825659546,0.0,0.0,False,True,False
1344,1773751429.9666638,1773751429966666596,-0.4754144718627669,-0.03723115161982088,1.176196618995597,-0.4393958837846338,-0.01320039317306533,1.1992010218035407,0.049030792235274706,True,0.30850716416334717,0.15067365825659546,0.19405338838089786,0.0,False,True,True
1345,1773751430.016984,1773751430016988993,-0.48174179401075284,-0.03723115161982088,1.222829228269861,-0.4393958837846338,-0.01320039317306533,1.1992010218035407,0.05411973397218343,True,0.3552235604359334,0.15067365825659546,0.04705991131834568,0.0,False,True,True
1346,1773751430.066646,1773751430066648834,-0.48612224780551233,-0.03723115161982088,1.2512285823828122,-0.4544289739861898,-0.02464076572145301,1.1965670308113328,0.06442721973403698,True,0.3838055328944724,0.15218223935490355,0.028735199485662593,0.01907390451902952,False,True,True
1347,1773751430.1166966,1773751430116699863,-0.49244956995349826,-0.03723115161982088,1.2866385516570744,-0.4613021176142461,-0.031168204395027405,1.1941837090361203,0.0977487649044325,True,0.41962109949963233,0.15280079796075724,0.03597083442969577,0.009773831472527425,False,True,True
1348,1773751430.1666582,1773751430166661103,-0.4936663626742648,-0.03723115161982088,1.292687886132894,-0.4613021176142461,-0.031168204395027405,1.1941837090361203,0.10386181489300174,True,0.42576582751959485,0.15280079796075724,0.00617049691075613,0.0,False,True,True
1349,1773751430.2166605,1773751430216664782,-0.4936663626742648,-0.03723115161982088,1.292687886132894,-0.4613021176142461,-0.031168204395027405,1.1941837090361203,0.10386181489300174,True,0.42576582751959485,0.15280079796075724,0.0,0.0,False,True,False
1350,1773751430.2667346,1773751430266740611,-0.46002071201472305,-0.028964968385829393,1.1450589230502897,-0.4613021176142461,-0.031168204395027405,1.1941837090361203,0.04919086142136945,True,0.2745409946992568,0.15280079796075724,0.1516399364758731,0.0,False,True,True
1351,1773751430.3167586,1773751430316763740,-0.4807213648829597,-0.0289649683858294,1.122188968571338,-0.4613021176142461,-0.031168204395027405,1.1941837090361203,0.07460029536125862,True,0.2561810348648802,0.15280079796075724,0.03084723402576892,0.0,False,True,True
1352,1773751430.3666801,1773751430366683229,-0.49642884335408366,-0.0289649683858294,1.1006891868692203,-0.4801632224164278,-0.05311798250233389,1.182593232587033,0.0869264701937512,True,0.24003375772725843,0.15457959916662273,0.026626405937706564,0.03117488055527589,False,True,False
1353,1773751430.4166386,1773751430416642429,-0.517923287577727,-0.0289649683858294,1.06552958296106,-0.4801632224164278,-0.05311798250233389,1.182593232587033,0.1253518594822198,True,0.21617048752705892,0.15457959916662273,0.041209330005012645,0.0,False,True,True
1354,1773751430.4666243,1773751430466626908,-0.5303239284759828,-0.0289649683858294,1.042228621090968,-0.48342779357147486,-0.05848883236370021,1.178929264375893,0.14750583679189774,True,0.20242515081890639,0.1547179617644957,0.026395278342138777,0.007275171208428554,False,True,True
1355,1773751430.5166562,1773751430516658807,-0.5303239284759828,-0.0289649683858294,1.042228621090968,-0.48342779357147486,-0.05848883236370021,1.178929264375893,0.14750583679189774,True,0.20242515081890639,0.1547179617644957,0.0,0.0,False,True,False
1356,1773751430.5666049,1773751430566607117,-0.5303239284759828,-0.0289649683858294,1.042228621090968,-0.48342779357147486,-0.05848883236370021,1.178929264375893,0.14750583679189774,True,0.20242515081890639,0.1547179617644957,0.0,0.0,False,True,False
1357,1773751430.6167367,1773751430616740815,-0.42777098880226067,-0.025988350902527938,1.1455039639902964,-0.48342779357147486,-0.05848883236370021,1.178929264375893,0.07260311231754321,True,0.27186115346073875,0.1547179617644957,0.14557390610386828,0.0,False,True,True
1358,1773751430.6666605,1773751430666664455,-0.39247065068920167,-0.025988350902527876,1.141675539128687,-0.48342779357147486,-0.05848883236370021,1.178929264375893,0.10352450522126914,True,0.2693499727514544,0.1547179617644957,0.0355073331555226,0.0,False,True,True
1359,1773751430.7166653,1773751430716670484,-0.3316756239389334,-0.025988350902527768,1.1276314457559158,-0.49672131379485673,-0.08601533383811713,1.1557196013921462,0.17785461171252284,True,0.26888571233291875,0.15596477279131318,0.062396088308714924,0.038381172717488025,False,True,True
1360,1773751430.7665715,1773751430766573724,-0.27676398687417497,-0.02598835090252767,1.1068433981934107,-0.4979040807377278,-0.0901861204217271,1.1513836548385044,0.23453811883621822,True,0.27375824454575914,0.15602600068422315,0.05871482612247715,0.006131462377215447,False,True,True
1361,1773751430.8169446,1773751430816947941,-0.27676398687417497,-0.02598835090252767,1.1068433981934107,-0.4979040807377278,-0.0901861204217271,1.1513836548385044,0.23453811883621822,True,0.27375824454575914,0.15602600068422315,0.0,0.0,False,True,False
1362,1773751430.8665988,1773751430866601922,-0.27676398687417497,-0.02598835090252767,1.1068433981934107,-0.4979040807377278,-0.0901861204217271,1.1513836548385044,0.23453811883621822,True,0.27375824454575914,0.15602600068422315,0.0,0.0,False,True,False
1363,1773751430.916647,1773751430916650641,-0.46350387341172766,-0.025988350902527987,1.1764085275765064,-0.4979040807377278,-0.0901861204217271,1.1513836548385044,0.07701280497985515,True,0.3056393738145918,0.15602600068422315,0.1992764222133288,0.0,False,True,True
1364,1773751430.966746,1773751430966751140,-0.4717809394888155,-0.025988350902527987,1.2043256173814634,-0.4979040807377278,-0.0901861204217271,1.1513836548385044,0.08721595907774511,True,0.334383610895756,0.15602600068422315,0.029118271343308,0.0,False,True,True
1365,1773751431.0167408,1773751431016745329,-0.4811616143761817,-0.025988350902527987,1.2332966658270812,-0.4979040807377278,-0.0901861204217271,1.1513836548385044,0.10541065012759585,True,0.36440780486880603,0.15602600068422315,0.03045190814022658,0.0,False,True,True
1366,1773751431.0666337,1773751431066637359,-0.4977157465303574,-0.025988350902527987,1.2775059954369956,-0.5032355513813076,-0.12205489157534159,1.1123976960337298,0.19110206439039942,True,0.4107635191323513,0.159937259356969,0.04720703460222818,0.05063544349556326,False,True,False
1367,1773751431.1166308,1773751431116633979,-0.5070964214177243,-0.025988350902527987,1.2986388538826141,-0.5032355513813076,-0.12205489157534159,1.1123976960337298,0.20959354816208559,True,0.43327998379410043,0.159937259356969,0.023121305487039993,0.0,False,True,True
1368,1773751431.1666563,1773751431166659158,-0.5070964214177243,-0.025988350902527987,1.2986388538826141,-0.5032355513813076,-0.12205489157534159,1.1123976960337298,0.20959354816208559,True,0.43327998379410043,0.159937259356969,0.0,0.0,False,True,False
1369,1773751431.2167532,1773751431216758476,-0.44311647751932265,-0.016308907851114288,1.1457748973180537,-0.5032355513813076,-0.12205489157534159,1.1123976960337298,0.1261370432561411,True,0.2722493469465262,0.159937259356969,0.16599552420351577,0.0,False,True,True
1370,1773751431.2667165,1773751431266720206,-0.4521775839761361,-0.016308907851114284,1.1260639469015943,-0.5032355513813076,-0.12205489157534169,1.1123976960337298,0.11821969176975351,True,0.2536429974365087,0.15993725935696906,0.021693898140763654,9.71445146547012e-17,False,True,True
1371,1773751431.3202145,1773751431320218924,-0.46795115876793253,-0.016308907851114284,1.085504905421241,-0.5032355513813076,-0.12205489157534169,1.1123976960337298,0.11467529648022079,True,0.21651293314782355,0.15993725935696906,0.04351828934502621,0.0,False,True,True
1372,1773751431.366692,1773751431366695495,-0.4707678685521819,-0.016308907851114284,1.0774528944426065,-0.5021444513876776,-0.13946430966977486,1.0855304382992172,0.1273459448208067,True,0.20935797839377107,0.16529762238044993,0.00853045923785671,0.032033230804207107,False,True,False
1373,1773751431.4167113,1773751431416714984,-0.48597810138712844,-0.016308907851114284,1.0297341151579809,-0.49945795394619863,-0.1526348190685122,1.0621721114804008,0.1407788481970266,True,0.16900270357752567,0.17211981509851124,0.0500842597959489,0.026949786976893556,False,True,True
1374,1773751431.4666963,1773751431466700183,-0.48935815312822767,-0.016308907851114284,1.0181587519836197,-0.49945795394619863,-0.1526348190685122,1.0621721114804008,0.1436103612557584,True,0.15990974325428653,0.17211981509851124,0.01205876371734947,0.0,False,True,True
1375,1773751431.516607,1773751431516609863,-0.48935815312822767,-0.016308907851114284,1.0181587519836197,-0.49945795394619863,-0.1526348190685122,1.0621721114804008,0.1436103612557584,True,0.15990974325428653,0.17211981509851124,0.0,0.0,False,True,False
1376,1773751431.567338,1773751431567344048,-0.41032651630158207,-0.016308907851114218,1.1686217832514045,-0.49945795394619863,-0.1526348190685122,1.0621721114804008,0.19457826154533417,True,0.2942339959893893,0.17211981509851124,0.16995623965535717,0.0,False,True,True
1377,1773751431.6166008,1773751431616604402,-0.3610658122049989,-0.016308907851114118,1.194892225443569,-0.49945795394619863,-0.1526348190685122,1.0621721114804008,0.23526956372503133,True,0.3256848491481126,0.17211981509851124,0.05582788820171314,0.0,False,True,True
1378,1773751431.6665869,1773751431666589841,-0.33388749270343576,-0.016308907851114062,1.205854662515108,-0.49273297020580487,-0.17181562586312973,1.0227727075514221,0.28798129679399204,True,0.3422667537771007,0.18821791393177326,0.029305905163917075,0.044333303345902686,False,True,False
1379,1773751431.716745,1773751431716748649,-0.29821594835763415,-0.01630890785111399,1.2164316761715035,-0.48840065402324956,-0.1802681078056399,1.0027494786993674,0.3297164282157714,True,0.3628681798570099,0.19820906241076602,0.03720661626514921,0.02216174876122932,False,True,True
1380,1773751431.7667003,1773751431766703189,-0.2795308537003095,-0.01630890785111395,1.220245456658187,-0.48840065402324956,-0.1802681078056399,1.0027494786993674,0.34324002267354614,True,0.37308495278551274,0.19820906241076602,0.01907033518199905,0.0,False,True,True
1381,1773751431.8165975,1773751431816600349,-0.2795308537003095,-0.01630890785111395,1.220245456658187,-0.48840065402324956,-0.1802681078056399,1.0027494786993674,0.34324002267354614,True,0.37308495278551274,0.19820906241076602,0.0,0.0,False,True,False
1382,1773751431.8667638,1773751431866768127,-0.43371975821522557,-0.008941524226823027,1.148419576182651,-0.48840065402324956,-0.1802681078056399,1.0027494786993674,0.23143590021417734,True,0.27391013156614014,0.19820906241076602,0.17025702253670294,0.0,False,True,True
1383,1773751431.9166164,1773751431916619307,-0.43897897653280044,-0.00894152422682299,1.1781471594230566,-0.48840065402324956,-0.1802681078056399,1.0027494786993674,0.25011926525161654,True,0.30387283459902725,0.19820906241076602,0.030189213017684943,0.0,False,True,True
1384,1773751431.968559,1773751431968563025,-0.4468310295384847,-0.008941524226822942,1.2154964948063411,-0.4756221534368635,-0.19946177336614712,0.9499878685929042,0.32805750218702295,True,0.34166958842786443,0.22973034756808489,0.038165790833901855,0.05758015609488488,False,True,False
1385,1773751432.0166829,1773751432016688126,-0.451598347434793,-0.008941524226822912,1.2344205520033358,-0.4756221534368635,-0.19946177336614712,0.9499878685929042,0.34318662558292407,True,0.36091820535334745,0.22973034756808489,0.0195153083685497,0.0,False,True,True
1386,1773751432.0666788,1773751432066682735,-0.46057212229843214,-0.008941524226822857,1.2623512667270886,-0.47196017547970537,-0.20379342775103082,0.936183695581841,0.3801081905577107,True,0.38957347843571705,0.238925231915139,0.0293368958869705,0.014924091422534211,False,True,True
1387,1773751432.1166754,1773751432116678705,-0.46057212229843214,-0.008941524226822857,1.2623512667270886,-0.47196017547970537,-0.20379342775103082,0.936183695581841,0.3801081905577107,True,0.38957347843571705,0.238925231915139,0.0,0.0,False,True,False
1388,1773751432.1666043,1773751432166607175,-0.46057212229843214,-0.008941524226822857,1.2623512667270886,-0.47196017547970537,-0.20379342775103082,0.936183695581841,0.3801081905577107,True,0.38957347843571705,0.238925231915139,0.0,0.0,False,True,False
1389,1773751432.2183206,1773751432218326093,-0.4303994972998219,-0.005636754649736053,1.1456984952755567,-0.47196017547970537,-0.20379342775103082,0.936183695581841,0.29135855634603053,True,0.2709573909143152,0.238925231915139,0.12053703948823262,0.0,False,True,True
1390,1773751432.266665,1773751432266668693,-0.44418255682953695,-0.00563675464973601,1.1324602852202885,-0.47196017547970537,-0.20379342775103082,0.936183695581841,0.2802894269011001,True,0.2586554893534847,0.238925231915139,0.019110806771747528,0.0,False,True,True
1391,1773751432.3166373,1773751432316640573,-0.4568629715968748,-0.00563675464973597,1.1148660119694402,-0.4535988396725659,-0.22102443605636451,0.8708391567968641,0.3255020950844404,True,0.2427480790646577,0.2863632372232941,0.021687585617058316,0.07002824465072914,False,True,False
1392,1773751432.3666244,1773751432366627382,-0.4734026430325328,-0.005636754649735918,1.0841180099031171,-0.4535988396725659,-0.22102443605636451,0.8708391567968641,0.3037629225425023,True,0.2159032113606517,0.2863632372232941,0.03491418568820033,0.0,False,True,True
1393,1773751432.4167168,1773751432416721241,-0.48332644589392765,-0.0056367546497358865,1.0614312886633237,-0.45191000262479286,-0.22230540508254587,0.8650672358245949,0.2940937575592332,True,0.19697423817770182,0.29080080611021253,0.02476225320611843,0.006148831102745287,False,True,True
1394,1773751432.4666739,1773751432466681151,-0.48332644589392765,-0.0056367546497358865,1.0614312886633237,-0.45191000262479286,-0.22230540508254587,0.8650672358245949,0.2940937575592332,True,0.19697423817770182,0.29080080611021253,0.0,0.0,False,True,False
1395,1773751432.516653,1773751432516655930,-0.42508017223440003,-0.0034128140258920343,1.1463449804824382,-0.45191000262479286,-0.22230540508254587,0.8650672358245949,0.3574226851475374,True,0.2714145619195098,0.29080080611021253,0.10299470552154857,0.0,False,True,True
1396,1773751432.5666242,1773751432566627120,-0.3861595621486451,-0.003412814025891944,1.1435194340589434,-0.45191000262479286,-0.22230540508254587,0.8650672358245949,0.3602398000552464,True,0.2706655063110938,0.29080080611021253,0.0390230393746911,0.0,False,True,True
1397,1773751432.616659,1773751432616663599,-0.33975754026132554,-0.0034128140258918365,1.131568887146443,-0.4300194740562946,-0.2352263027555098,0.7928689638135327,0.4202408218094995,True,0.26884640061767706,0.3485803844880328,0.04791621027104663,0.07654237596956846,False,True,False
1398,1773751432.6666188,1773751432666622149,-0.3217954672726857,-0.003412814025891795,1.1244118889867658,-0.4300194740562946,-0.2352263027555098,0.7928689638135327,0.4187727790027898,True,0.2680715452149993,0.3485803844880328,0.019335425744132165,0.0,False,True,True
1399,1773751432.7166507,1773751432716653938,-0.28587132129540604,-0.0034128140258917116,1.1058599726674117,-0.4300194740562946,-0.2352263027555098,0.7928689638135327,0.4153065796790874,True,0.26701824083240283,0.3485803844880328,0.040431644331108005,0.0,False,True,True
1400,1773751432.7666838,1773751432766687537,-0.28587132129540604,-0.0034128140258917116,1.1058599726674117,-0.4300194740562946,-0.2352263027555098,0.7928689638135327,0.4153065796790874,True,0.26701824083240283,0.3485803844880328,0.0,0.0,False,True,False
1401,1773751432.8166196,1773751432816621907,-0.28587132129540604,-0.0034128140258917116,1.1058599726674117,-0.4300194740562946,-0.2352263027555098,0.7928689638135327,0.4153065796790874,True,0.26701824083240283,0.3485803844880328,0.0,0.0,False,True,False
1402,1773751432.8676522,1773751432867655280,-0.4136271378985024,-0.00039163316000800474,1.178286247960738,-0.4300194740562946,-0.2352263027555098,0.7928689638135327,0.4516220916298784,True,0.3033540209794924,0.3485803844880328,0.14688853448316885,0.0,False,True,True
1403,1773751432.9175754,1773751432917581140,-0.40806556092081486,-0.00039163316000796896,1.1958780716457604,-0.4069009754499656,-0.24237380252154284,0.7222603758344703,0.5318556649447566,True,0.32110074478744416,0.4078321788758723,0.01845002436431065,0.07463996534774961,False,True,False
1404,1773751432.966592,1773751432966594805,-0.40018666020242416,-0.0003916331600079183,1.218381656866209,-0.4069009754499656,-0.24237380252154284,0.7222603758344703,0.5520296892475361,True,0.34395359725408153,0.4078321788758723,0.02384299528801373,0.0,False,True,True
1405,1773751433.0166185,1773751433016622134,-0.385355788261924,-0.00039163316000782286,1.2530503066929364,-0.4069009754499656,-0.24237380252154284,0.7222603758344703,0.5837443927616072,True,0.37963514304106116,0.4078321788758723,0.03770769209755172,0.0,False,True,True
1406,1773751433.0666857,1773751433066688934,-0.38257499977308024,-0.000391633160007805,1.2584323385354472,-0.4069009754499656,-0.24237380252154284,0.7222603758344703,0.5887507936030021,True,0.38525521550059694,0.4078321788758723,0.006057974197162511,0.0,False,True,True
1407,1773751433.1166446,1773751433116647463,-0.38257499977308024,-0.000391633160007805,1.2584323385354472,-0.4069009754499656,-0.24237380252154284,0.7222603758344703,0.5887507936030021,True,0.38525521550059694,0.4078321788758723,0.0,0.0,False,True,False
1408,1773751433.1666431,1773751433166646313,-0.43548918487213234,-0.0003916331600080393,1.1419708386207597,-0.4069009754499656,-0.24237380252154284,0.7222603758344703,0.48531384544350403,True,0.2674206469812774,0.4078321788758723,0.12791869271953776,0.0,False,True,True
1409,1773751433.218111,1773751433218113673,-0.4660715826126887,-0.0003916331600079785,1.124600085139235,-0.3904214937825515,-0.24397174232120422,0.6758573280455996,0.5161630242113294,True,0.2538173206385024,0.44766504650936545,0.035171382231545686,0.04926834249014473,False,True,False
1410,1773751433.268769,1773751433268772539,-0.48046329919647995,-0.0003916331600079499,1.1125016129126342,-0.38405077123321074,-0.24390824420268706,0.6591669205435724,0.5235533007319613,True,0.245078052607654,0.4621346570805564,0.018801450381446757,0.017865045211122754,False,True,False
1411,1773751433.3165889,1773751433316592052,-0.5038498386451407,-0.00039163316000790337,1.0874853355444083,-0.38405077123321074,-0.24390824420268706,0.6591669205435724,0.5070589916718842,True,0.2284320682755463,0.4621346570805564,0.0342453553164188,0.0,False,True,True
1412,1773751433.3666234,1773751433366626801,-0.5317337895262362,-0.0003916331600078479,1.0489911006053707,-0.38405077123321074,-0.24390824420268706,0.6591669205435724,0.48277686886045296,True,0.20677933966350853,0.4621346570805564,0.04753231364325925,0.0,False,True,True
1413,1773751433.416642,1773751433416645381,-0.5317337895262362,-0.0003916331600078479,1.0489911006053707,-0.38405077123321074,-0.24390824420268706,0.6591669205435724,0.48277686886045296,True,0.20677933966350853,0.4621346570805564,0.0,0.0,False,True,False
1414,1773751433.4666276,1773751433466632640,-0.5317337895262362,-0.0003916331600078479,1.0489911006053707,-0.38405077123321074,-0.24390824420268706,0.6591669205435724,0.48277686886045296,True,0.20677933966350853,0.4621346570805564,0.0,0.0,False,True,False
1415,1773751433.5169382,1773751433516942098,-0.40123455080145154,0.0007327097339497176,1.1147634822108257,-0.3643187487729688,-0.24125436806446618,0.6132864310008384,0.5580320377461199,True,0.24049840071240228,0.5020828004085073,0.146141443939579,0.05001414889418232,False,True,True
1416,1773751433.5666955,1773751433566699309,-0.3886684719743972,0.0007327097339497599,1.093477635179455,-0.3643187487729688,-0.24125436806446618,0.6132864310008384,0.5382696790753801,True,0.22071458633562752,0.5020828004085073,0.02471828515351848,0.0,False,True,True
1417,1773751433.6167102,1773751433616714058,-0.3693360430096982,0.000732709733949825,1.057492878208116,-0.36053004749449524,-0.2404269880470823,0.6058985788606454,0.5120282771429577,True,0.1893970243993881,0.508563954203876,0.04084905805476377,0.008343810539317618,False,True,True
1418,1773751433.6667428,1773751433666747087,-0.35483672128617394,0.0007327097339498738,1.0279291854796122,-0.36053004749449524,-0.2404269880470823,0.6058985788606454,0.48610723788103205,True,0.166235677719767,0.508563954203876,0.032927834094997145,0.0,False,True,True
1419,1773751433.718025,1773751433718027089,-0.32583807783912544,0.0007327097339499713,0.962180050022604,-0.36053004749449524,-0.2404269880470823,0.6058985788606454,0.43162254260608013,True,0.12832562231890177,0.508563954203876,0.0718600733030037,0.0,False,True,True
1420,1773751433.7667043,1773751433766708847,-0.32583807783912544,0.0007327097339499713,0.962180050022604,-0.36053004749449524,-0.2404269880470823,0.6058985788606454,0.43162254260608013,True,0.12832562231890177,0.508563954203876,0.0,0.0,False,True,False
1421,1773751433.8166342,1773751433816637517,-0.32583807783912544,0.0007327097339499713,0.962180050022604,-0.36053004749449524,-0.2404269880470823,0.6058985788606454,0.43162254260608013,True,0.12832562231890177,0.508563954203876,0.0,0.0,False,True,False
1422,1773751433.8667364,1773751433866739725,-0.4579601165115519,-0.05764335033541537,1.1574789002812036,-0.3363699501074836,-0.23279336071339976,0.5678195605407799,0.6270245861564676,True,0.29078923410113566,0.5420171878228998,0.24291076222454866,0.04573832318990371,False,True,True
1423,1773751433.9167411,1773751433916746975,-0.4350208789782118,-0.05764335033541527,1.1839787583790182,-0.3363699501074836,-0.23279336071339976,0.5678195605407799,0.6481216621770383,True,0.3146690473843835,0.5420171878228998,0.035049266722933174,0.0,False,True,True
1424,1773751433.966614,1773751433966616655,-0.40902307644042635,-0.05764335033541515,1.211343610889875,-0.33593215383909014,-0.23264782090472702,0.5673413696160667,0.6713477001164508,True,0.34142445460436593,0.5424482161080634,0.037745475089533916,0.0006644651751640091,False,True,True
1425,1773751434.0166922,1773751434016695874,-0.36467388387596883,-0.05764335033541495,1.251481559878984,-0.33593215383909014,-0.23264782090472702,0.5673413696160667,0.7067534589216656,True,0.3848669000505635,0.5424482161080634,0.059815598552314476,0.0,False,True,True
1426,1773751434.0666742,1773751434066677694,-0.3600860363693008,-0.05764335033541493,1.2551628814985467,-0.33593215383909014,-0.23264782090472702,0.5673413696160667,0.7101467503050541,True,0.389148673928786,0.5424482161080634,0.005882216725954636,0.0,False,True,True
1427,1773751434.1166074,1773751434116610094,-0.3600860363693008,-0.05764335033541493,1.2551628814985467,-0.33593215383909014,-0.23264782090472702,0.5673413696160667,0.7101467503050541,True,0.389148673928786,0.5424482161080634,0.0,0.0,False,True,False
1428,1773751434.16663,1773751434166633243,-0.5063868214712698,-0.05764335033541549,1.126730525244142,-0.33593215383909014,-0.23264782090472702,0.5673413696160667,0.6104077210120566,True,0.27231229166764837,0.5424482161080634,0.19467611526458722,0.0,False,True,True
1429,1773751434.2166133,1773751434216616483,-0.5437683255078231,-0.05764335033541549,1.1268465210338,-0.3210670856214939,-0.22664972886576268,0.5513857047585324,0.6397766401636187,True,0.2864756754390765,0.5566740886126111,0.03738168400511228,0.022617042297073967,False,True,True
1430,1773751434.2667491,1773751434266754762,-0.5512446263151337,-0.05764335033541549,1.1263988401917315,-0.3210670856214939,-0.22664972886576268,0.5513857047585324,0.6420163254500884,True,0.28939518367871586,0.5566740886126111,0.007489692376710073,0.0,False,True,True
1431,1773751434.3167365,1773751434316741082,-0.6073168823699636,-0.05764335033541549,1.1180381338762186,-0.3210670856214939,-0.22664972886576268,0.5513857047585324,0.6569604840075677,True,0.3122149626788712,0.5566740886126111,0.056692145039437924,0.0,False,True,True
1432,1773751434.3666303,1773751434366633372,-0.6129241079754466,-0.05764335033541549,1.116716468244667,-0.3210670856214939,-0.22664972886576268,0.5513857047585324,0.6582875888432612,True,0.3145943339094907,0.5566740886126111,0.005760883528800827,0.0,False,True,True
1433,1773751434.4166186,1773751434416621482,-0.6129241079754466,-0.05764335033541549,1.116716468244667,-0.3210670856214939,-0.22664972886576268,0.5513857047585324,0.6582875888432612,True,0.3145943339094907,0.5566740886126111,0.0,0.0,False,True,False
1434,1773751434.4667113,1773751434466715151,-0.49648759026361816,-0.08934063839344236,1.0973858456466548,-0.3210670856214939,-0.22664972886576268,0.5513857047585324,0.589696781087605,True,0.25157070573760204,0.5566740886126111,0.12221233038084683,0.0,False,True,True
1435,1773751434.5166864,1773751434516689420,-0.4594077448111958,-0.08934063839344238,1.0966390149359275,-0.3210670856214939,-0.22664972886576268,0.5513857047585324,0.579044986655427,True,0.24219584351340348,0.5566740886126111,0.03708736570432057,0.0,False,True,True
1436,1773751434.5667243,1773751434566728970,-0.4028193757748238,-0.08934063839344238,1.08880947415523,-0.30549806811815317,-0.21923984231488558,0.5378520970716314,0.5743685850273044,True,0.23236105407130697,0.5688563288669899,0.0571274471601281,0.021919380961586164,False,True,True
1437,1773751434.6167052,1773751434616708589,-0.37354952972152794,-0.08934063839344238,1.081522411682456,-0.29420765490666534,-0.21350024869078046,0.5302786599029017,0.5705965438068505,True,0.2297632232068938,0.5758906315885667,0.03016330829776057,0.014757144574906884,False,True,True
1438,1773751434.6666934,1773751434666696449,-0.330620422176694,-0.08934063839344238,1.066842050055721,-0.29420765490666534,-0.21350024869078046,0.5302786599029017,0.5519436294602327,True,0.22972603318473842,0.5758906315885667,0.04536982799270493,0.0,False,True,True
1439,1773751434.7167296,1773751434716733269,-0.3111071914744968,-0.08934063839344238,1.0585995584072052,-0.29420765490666534,-0.21350024869078046,0.5302786599029017,0.5429771403676116,True,0.2314052751865537,0.5758906315885667,0.02118265424853611,0.0,False,True,True
1440,1773751434.7666209,1773751434766623219,-0.3111071914744968,-0.08934063839344238,1.0585995584072052,-0.29420765490666534,-0.21350024869078046,0.5302786599029017,0.5429771403676116,True,0.2314052751865537,0.5758906315885667,0.0,0.0,False,True,False
1441,1773751434.8166935,1773751434816697328,-0.4999495971250132,-0.12120940954705686,1.0790461792987271,-0.29420765490666534,-0.21350024869078046,0.5302786599029017,0.5932900944070096,True,0.25043708960403877,0.5758906315885667,0.19260097884641517,0.0,False,True,True
1442,1773751434.86662,1773751434866623538,-0.48964618184278963,-0.12120940954705686,1.1303070019491925,-0.26902419390262655,-0.19907572483571995,0.5182228999475267,0.6552741201531529,True,0.29107433593015614,0.5876754478831123,0.05228606224683996,0.031426341573412196,False,True,True
1443,1773751434.9166095,1773751434916611628,-0.48659331805546413,-0.12120940954705686,1.1441219938456269,-0.26902419390262655,-0.19907572483571995,0.5182228999475267,0.6671949959222785,True,0.3025778355054822,0.5876754478831123,0.014148285352031501,0.0,False,True,True
1444,1773751434.9666402,1773751434966642937,-0.47705311872007194,-0.12120940954705686,1.1832472185219844,-0.2597477054587062,-0.19361369558797586,0.5158361015093431,0.7056214441057257,True,0.3361004013936202,0.5904691936325923,0.04027156080082418,0.011026504801518726,False,True,True
1445,1773751435.0166545,1773751435016658127,-0.47094739114542095,-0.12120940954705686,1.2050696823148537,-0.2597477054587062,-0.19361369558797586,0.5158361015093431,0.7244933517854036,True,0.355293865071246,0.5904691936325923,0.02266053475112496,0.0,False,True,True
1446,1773751435.066632,1773751435066635686,-0.47094739114542095,-0.12120940954705686,1.2050696823148537,-0.2597477054587062,-0.19361369558797586,0.5158361015093431,0.7244933517854036,True,0.355293865071246,0.5904691936325923,0.0,0.0,False,True,False
1447,1773751435.116696,1773751435116700106,-0.5049170743085573,-0.12120940954705697,1.057769099861905,-0.2597477054587062,-0.19361369558797586,0.5158361015093431,0.5992009468973888,True,0.23517521873172167,0.5904691936325923,0.15116679848823225,0.0,False,True,True
1448,1773751435.1669827,1773751435166988174,-0.5283385842198847,-0.12120940954705696,1.0469772981583974,-0.22706211071817684,-0.17215888239416305,0.5134940338539323,0.6147908226071457,True,0.2366545112480992,0.5957128074985932,0.025788177728064406,0.03916812982037878,False,True,False
1449,1773751435.216735,1773751435216738485,-0.5458906609061094,-0.12120940954705696,1.0362796401085486,-0.22706211071817684,-0.17215888239416305,0.5134940338539323,0.6144528324496061,True,0.23780556418110932,0.5957128074985932,0.020555176568217745,0.0,False,True,True
1450,1773751435.2666626,1773751435266665925,-0.5634427375923341,-0.12120940954705696,1.0233747320586999,-0.22706211071817684,-0.17215888239416305,0.5134940338539323,0.6129650082357314,True,0.23933819346503496,0.5957128074985932,0.021785592665203357,0.0,False,True,True
1451,1773751435.3196063,1773751435319612096,-0.6043975831935251,-0.12120940954705696,0.9846795299423866,-0.22212187019388852,-0.16894925125278323,0.5142744951403628,0.6080252544118225,True,0.24642222801756286,0.5957133367111581,0.05634374894378017,0.005942796338522158,False,True,True
1452,1773751435.366663,1773751435366666744,-0.6043975831935251,-0.12120940954705696,0.9846795299423866,-0.22212187019388852,-0.16894925125278323,0.5142744951403628,0.6080252544118225,True,0.24642222801756286,0.5957133367111581,0.0,0.0,False,True,False
1453,1773751435.4166439,1773751435416646664,-0.6043975831935251,-0.12120940954705696,0.9846795299423866,-0.22212187019388852,-0.16894925125278323,0.5142744951403628,0.6080252544118225,True,0.24642222801756286,0.5957133367111581,0.0,0.0,False,True,False
1454,1773751435.4671493,1773751435467152811,-0.4737091527678618,-0.13861882764149014,1.0263069212783322,-0.22212187019388852,-0.16894925125278323,0.5142744951403628,0.5713084112509914,True,0.21211744401883198,0.5957133367111581,0.1382584297428051,0.0,False,True,True
1455,1773751435.5166066,1773751435516609094,-0.42120932159082003,-0.13861882764149014,1.0107135117755304,-0.18229178001520052,-0.13963261380977643,0.5283085036277415,0.5383281632248131,True,0.19399730521501543,0.590210172236696,0.05476665676796383,0.051408702656563346,False,True,True
1456,1773751435.5666785,1773751435566682093,-0.3940542364992467,-0.13861882764149014,0.9994106551361497,-0.18229178001520052,-0.13963261380977643,0.5283085036277415,0.5165090540294562,True,0.1880598721500372,0.590210172236696,0.029413486949713734,0.0,False,True,True
1457,1773751435.616678,1773751435616682823,-0.3596577953832538,-0.13861882764149014,0.9819250733929343,-0.18229178001520052,-0.13963261380977643,0.5283085036277415,0.48706028737259577,True,0.18517412001916317,0.590210172236696,0.03858575812841614,0.0,False,True,True
1458,1773751435.6667175,1773751435666720552,-0.3325027102916805,-0.13861882764149014,0.965619116753554,-0.18229178001520063,-0.13963261380977626,0.5283085036277413,0.46239044506714755,True,0.1873042527894678,0.5902101722366961,0.03167464077548375,2.9893669801409083e-16,False,True,True
1459,1773751435.7166226,1773751435716627162,-0.3325027102916805,-0.13861882764149014,0.965619116753554,-0.18229178001520063,-0.13963261380977626,0.5283085036277413,0.46239044506714755,True,0.1873042527894678,0.5902101722366961,0.0,0.0,False,True,False
1460,1773751435.76669,1773751435766693902,-0.5041838139043929,-0.15178933704022748,1.0408089853022449,-0.18229178001520063,-0.13963261380977626,0.5283085036277413,0.6053255414383412,True,0.24004109383389416,0.5902101722366961,0.18788661471182702,0.0,False,True,True
1461,1773751435.8166628,1773751435816667712,-0.5117885826499944,-0.15178933704022748,1.0938375342018893,-0.14355202245862164,-0.10629136899085188,0.5606902629655557,0.6495492607839264,True,0.28170066305775837,0.5721285220216716,0.053571069674555334,0.060506080350904407,False,True,False
1462,1773751435.866593,1773751435866597412,-0.5165087839403677,-0.15178933704022748,1.1226021759327036,-0.14355202245862164,-0.10629136899085188,0.5606902629655557,0.6759525197571007,True,0.3060409598575001,0.5721285220216716,0.029149355295164662,0.0,False,True,True
1463,1773751435.916592,1773751435916594561,-0.5209667518257203,-0.15178933704022748,1.1468503070118061,-0.14355202245862164,-0.10629136899085188,0.5606902629655557,0.6986383472700054,True,0.32731817602069957,0.5721285220216716,0.024654519636289243,0.0,False,True,True
1464,1773751435.96665,1773751435966655561,-0.5285715205713217,-0.15178933704022748,1.1816714959114494,-0.14355202245862164,-0.10629136899085188,0.5606902629655557,0.7320708781904794,True,0.358992388904696,0.5721285220216716,0.035641937434133894,0.0,False,True,True
1465,1773751436.0166137,1773751436016617511,-0.5285715205713217,-0.15178933704022748,1.1816714959114494,-0.14355202245862164,-0.10629136899085188,0.5606902629655557,0.7320708781904794,True,0.358992388904696,0.5721285220216716,0.0,0.0,False,True,False
1466,1773751436.0669084,1773751436066912529,-0.5285715205713217,-0.15178933704022748,1.1816714959114494,-0.14355202245862164,-0.10629136899085188,0.5606902629655557,0.7320708781904794,True,0.358992388904696,0.5721285220216716,0.0,0.0,False,True,False
1467,1773751436.1166346,1773751436116638090,-0.5143310813152034,-0.15178933704022748,1.0026746907878832,-0.12150482522655026,-0.08215963426585168,0.5915773042954074,0.5728541037314998,True,0.21963453400100544,0.5533391069003022,0.17956237455171706,0.04497142257856212,False,True,True
1468,1773751436.16677,1773751436166774859,-0.5337965838817538,-0.15178933704022748,0.9923445616698493,-0.11225574442602404,-0.07024209428324162,0.6092748431188129,0.5754033727752023,True,0.223068477805257,0.5422727942699,0.02203672747400641,0.0232545938536392,False,True,False
1469,1773751436.216713,1773751436216716469,-0.5614580875289569,-0.15178933704022748,0.9715728945021173,-0.11225574442602404,-0.07024209428324162,0.6092748431188129,0.5828315158659244,True,0.22885984322630173,0.5422727942699,0.03459220925224736,0.0,False,True,True
1470,1773751436.2675953,1773751436267597824,-0.5952665919866496,-0.15178933704022748,0.936473401297111,-0.11225574442602404,-0.07024209428324162,0.6092748431188129,0.5890741278790452,True,0.23986961150998132,0.5422727942699,0.04873386293855749,0.0,False,True,True
1471,1773751436.3166816,1773751436316686289,-0.5952665919866496,-0.15178933704022748,0.936473401297111,-0.11225574442602404,-0.07024209428324162,0.6092748431188129,0.5890741278790452,True,0.23986961150998132,0.5422727942699,0.0,0.0,False,True,False
1472,1773751436.3665905,1773751436366593439,-0.5952665919866496,-0.15178933704022748,0.936473401297111,-0.11225574442602404,-0.07024209428324162,0.6092748431188129,0.5890741278790452,True,0.23986961150998132,0.5422727942699,0.0,0.0,False,True,False
1473,1773751436.4167066,1773751436416711658,-0.477315357268304,-0.17097014383484502,0.9693567494893983,-0.11225574442602404,-0.07024209428324162,0.6092748431188129,0.5225644842414193,True,0.2035169389074061,0.5422727942699,0.12394237253340724,0.0,False,True,True
1474,1773751436.466625,1773751436466627749,-0.43904078507143196,-0.17097014383484502,0.9671204259938512,-0.09557267651337076,-0.03920965991444622,0.6581135583862826,0.4804335655926126,True,0.19514000074644033,0.510429995185052,0.038339848977666895,0.06022090041512811,False,True,False
1475,1773751436.5166433,1773751436516646368,-0.4167139512899233,-0.17097014383484502,0.9632064439547816,-0.09269118135585874,-0.03076864116911475,0.6725846358697768,0.4572835576751802,True,0.19241118964820048,0.5006904516456934,0.022667306017903326,0.01699899689202557,False,True,True
1476,1773751436.5666847,1773751436566688358,-0.3816289267761239,-0.17097014383484502,0.9531711407505284,-0.09269118135585874,-0.03076864116911475,0.6725846358697768,0.42646250573698835,True,0.19186960690091615,0.5006904516456934,0.036492002624344905,0.0,False,True,True
1477,1773751436.6166239,1773751436616626938,-0.34175958073771556,-0.17097014383484502,0.9360040121093323,-0.09269118135585874,-0.03076864116911475,0.6725846358697768,0.38869177595982835,True,0.19767122349669125,0.5006904516456934,0.04340823722882244,0.0,False,True,True
1478,1773751436.66676,1773751436666763357,-0.34175958073771556,-0.17097014383484502,0.9360040121093323,-0.09269118135585874,-0.03076864116911475,0.6725846358697768,0.38869177595982835,True,0.19767122349669125,0.5006904516456934,0.0,0.0,False,True,False
1479,1773751436.7167206,1773751436716724297,-0.4890787514775893,-0.17942262577735518,0.9503905304815514,-0.09269118135585874,-0.03076864116911475,0.6725846358697768,0.5063568188224241,True,0.20651433585442472,0.5006904516456934,0.14826110221277436,0.0,False,True,True
1480,1773751436.7666175,1773751436766621047,-0.49084583330402004,-0.17942262577735518,0.9918892017924098,-0.08952263258679216,0.006321629722525786,0.7357793057064413,0.5110318177553047,True,0.22555449453848453,0.4562362647151333,0.04153627690041516,0.07334367179165678,False,True,False
1481,1773751436.8168905,1773751436816896896,-0.4915087365434882,-0.17942262577735518,1.0053296736111519,-0.08952263258679216,0.006321629722525786,0.7357793057064413,0.5184121498026966,True,0.23300633257876294,0.4562362647151333,0.013456809555585512,0.0,False,True,True
1482,1773751436.866597,1773751436866599377,-0.4936447580928856,-0.17942262577735518,1.0432325505826534,-0.08952263258679216,0.006321629722525786,0.7357793057064413,0.5406876349239733,True,0.2567458132939876,0.4562362647151333,0.0379630171453254,0.0,False,True,True
1483,1773751436.916655,1773751436916658706,-0.49430766133235376,-0.17942262577735518,1.0533180024013955,-0.08994333146398614,0.009634895634241601,0.7415812878141567,0.5444566437227449,True,0.26365056652552116,0.45201013636278825,0.010107214210308677,0.006694603418071828,False,True,True
1484,1773751436.9666636,1773751436966666876,-0.4955598118957936,-0.17942262577735518,1.0702002902812413,-0.08994333146398614,0.009634895634241601,0.7415812878141567,0.5552098021312709,True,0.27569029822712393,0.45201013636278825,0.01692865987287568,0.0,False,True,True
1485,1773751437.0166323,1773751437016639026,-0.4955598118957936,-0.17942262577735518,1.0702002902812413,-0.08994333146398614,0.009634895634241601,0.7415812878141567,0.5552098021312709,True,0.27569029822712393,0.45201013636278825,0.0,0.0,False,True,False
1486,1773751437.0667658,1773751437066769765,-0.475443594135248,-0.2029479457227461,0.8786490040449678,-0.08994333146398614,0.009634895634241601,0.7415812878141567,0.46107426277309416,True,0.21041668234872657,0.45201013636278825,0.19403607436323142,0.0,False,True,True
1487,1773751437.116645,1773751437116648806,-0.4984910372402969,-0.2029479457227461,0.8920992961033593,-0.10504401085524173,0.051701481821754665,0.810773196429864,0.47566882177423353,True,0.21826845190472097,0.3990677153685987,0.026685108021825478,0.08237201229442773,False,True,False
1488,1773751437.1666603,1773751437166664246,-0.5159753044234374,-0.2029479457227461,0.8967995559407602,-0.10504401085524173,0.051701481821754665,0.810773196429864,0.49103094964886945,True,0.22555348217255486,0.3990677153685987,0.018105028071520035,0.0,False,True,True
1489,1773751437.2166152,1773751437216618606,-0.5277998843765306,-0.2029479457227461,0.9042358081298828,-0.10504401085524173,0.051701481821754665,0.810773196429864,0.5022988346903449,True,0.23165372796644873,0.3990677153685987,0.013968483728999476,0.0,False,True,True
1490,1773751437.266646,1773751437266648946,-0.5475877465385042,-0.2029479457227461,0.9119828600877348,-0.10504401085524173,0.051701481821754665,0.810773196429864,0.5205138662504376,True,0.24255777869460657,0.3990677153685987,0.021250324773492854,0.0,False,True,True
1491,1773751437.3166847,1773751437316690705,-0.5475877465385042,-0.2029479457227461,0.9119828600877348,-0.10504401085524173,0.051701481821754665,0.810773196429864,0.5205138662504376,True,0.24255777869460657,0.3990677153685987,0.0,0.0,False,True,False
1492,1773751437.366708,1773751437366712045,-0.4540518254857983,-0.2201789540280798,0.8162770252209567,-0.10504401085524173,0.051701481821754665,0.810773196429864,0.44244289823937116,True,0.23040533669577015,0.3990677153685987,0.1349276954592477,0.0,False,True,True
1493,1773751437.416752,1773751437416756714,-0.45214304733358507,-0.2201789540280798,0.8011853874312237,-0.12208517228972082,0.07719248144669187,0.8481963529495604,0.4467415386929714,True,0.23443647293266984,0.36822939649955433,0.01521186922146202,0.04838062513870839,False,True,False
1494,1773751437.4668465,1773751437466852624,-0.4513628653341109,-0.2201789540280798,0.7929911052754717,-0.13605407925891588,0.09417893226053,0.8705614717575608,0.45194875041781146,True,0.23703958757673965,0.3490733879626427,0.008231339137733268,0.031366676783824925,False,True,False
1495,1773751437.5166957,1773751437516699144,-0.4494478731535834,-0.2201789540280798,0.7678453372568081,-0.13605407925891588,0.09417893226053,0.8705614717575608,0.45561733396602966,True,0.24663322595628132,0.3490733879626427,0.025218581330041605,0.0,False,True,True
1496,1773751437.566651,1773751437566654955,-0.4483130629725301,-0.2201789540280798,0.7495695013938968,-0.13605407925891588,0.09417893226053,0.8705614717575608,0.4593099285604258,True,0.25497660238641195,0.3490733879626427,0.018311034122492912,0.0,False,True,True
1497,1773751437.6166432,1773751437616645675,-0.44583066570147595,-0.2201789540280798,0.700835685443779,-0.16498352097496494,0.12464283292153167,0.9035881472990547,0.48875939299877613,True,0.28192020898005354,0.31964865837428386,0.0487969990191127,0.05343896648335151,False,True,False
1498,1773751437.666795,1773751437666800384,-0.44583066570147595,-0.2201789540280798,0.700835685443779,-0.16498352097496494,0.12464283292153167,0.9035881472990547,0.48875939299877613,True,0.28192020898005354,0.31964865837428386,0.0,0.0,False,True,False
1499,1773751437.7165952,1773751437716598375,-0.44583066570147595,-0.2201789540280798,0.700835685443779,-0.16498352097496494,0.12464283292153167,0.9035881472990547,0.48875939299877613,True,0.28192020898005354,0.31964865837428386,0.0,0.0,False,True,False
1500,1773751437.7667508,1773751437766755714,-0.34004993715563864,-0.23194787868511504,0.5147797474440404,-0.16498352097496494,0.12464283292153167,0.9035881472990547,0.5558571376498607,True,0.4358325929474231,0.31964865837428386,0.21434757331081142,0.0,False,True,True
1501,1773751437.8167512,1773751437816754734,-0.387297860710028,-0.23194787868511504,0.5267516000761343,-0.17699727074796234,0.1363741123045409,0.9136641635788694,0.5740982137067099,True,0.41969726927842266,0.3105016110047196,0.04874106621367645,0.019582625044704906,False,True,True
1502,1773751437.8674033,1773751437867405539,-0.43769564583470993,-0.23194787868511504,0.5297900562170355,-0.17699727074796234,0.1363741123045409,0.9136641635788694,0.5924390788277724,True,0.4162721039435372,0.3105016110047196,0.05048929551096742,0.0,False,True,True
1503,1773751437.916784,1773751437916789923,-0.4439953689752952,-0.23194787868511504,0.5294635432346482,-0.17699727074796234,0.1363741123045409,0.9136641635788694,0.5954487300989743,True,0.416858061773996,0.3105016110047196,0.006308179006313364,0.0,False,True,True
1504,1773751437.9665782,1773751437966580794,-0.4613196076119046,-0.23194787868511504,0.5277563075330828,-0.21308458118189644,0.17112788504514254,0.9343944692790798,0.624055521761967,True,0.4196247287245873,0.2926821794692169,0.01740815607923166,0.05422051519936609,False,True,False
1505,1773751438.0166578,1773751438016660404,-0.4613196076119046,-0.23194787868511504,0.5277563075330828,-0.21308458118189644,0.17112788504514254,0.9343944692790798,0.624055521761967,True,0.4196247287245873,0.2926821794692169,0.0,0.0,False,True,False
1506,1773751438.066751,1773751438066755323,-0.33918958141363875,-0.2318023388764423,0.5205984431385712,-0.21308458118189644,0.17112788504514254,0.9343944692790798,0.5911703541980287,True,0.43111797222352033,0.2926821794692169,0.12233968899631562,0.0,False,True,True
1507,1773751438.116689,1773751438116692523,-0.35391701273574394,-0.2318023388764423,0.5563687458300396,-0.21308458118189644,0.17112788504514254,0.9343944692790798,0.5701666306581242,True,0.3995307209627407,0.2926821794692169,0.038683482107827336,0.0,False,True,True
1508,1773751438.1665962,1773751438166599234,-0.3702808253158608,-0.2318023388764423,0.5877259765983376,-0.21977250519446423,0.17774805081907508,0.9366337085485328,0.5586777976080168,True,0.3724652418582979,0.2911056246098764,0.03537018919391704,0.009673112993141825,False,True,True
1509,1773751438.21661,1773751438216612924,-0.38173549412194263,-0.2318023388764423,0.6044227831361467,-0.21977250519446423,0.17774805081907508,0.9366337085485328,0.5516589802091747,True,0.3583409233458393,0.2911056246098764,0.02024827859394595,0.0,False,True,True
1510,1773751438.2666569,1773751438266659293,-0.3888264795733266,-0.2318023388764423,0.6125908914690764,-0.2545855725087618,0.2158049557079279,0.9402102460107747,0.5707077647666757,True,0.3515143704206077,0.2936509946931362,0.0108166569886548,0.05170173387583654,False,True,False
1511,1773751438.3165781,1773751438316579884,-0.3888264795733266,-0.2318023388764423,0.6125908914690764,-0.2545855725087618,0.2158049557079279,0.9402102460107747,0.5707077647666757,True,0.3515143704206077,0.2936509946931362,0.0,0.0,False,True,False
1512,1773751438.36826,1773751438368262994,-0.32110351023708045,-0.22580424683747796,0.4977759196358233,-0.2545855725087618,0.2158049557079279,0.9402102460107747,0.6286425510314068,True,0.45062806023636864,0.2936509946931362,0.13343483593461167,0.0,False,True,True
1513,1773751438.416732,1773751438416737083,-0.3095529802147441,-0.22580424683747796,0.5071198681441664,-0.2545855725087618,0.2158049557079279,0.9402102460107747,0.6209729294287687,True,0.4455574850293746,0.2936509946931362,0.01485678691788576,0.0,False,True,True
1514,1773751438.4667459,1773751438466750793,-0.29349400570192774,-0.22580424683747796,0.5115114681324044,-0.255829778442324,0.21738398939836953,0.9399516762467168,0.6175721971413056,True,0.44622283815436314,0.29421680129188854,0.016648627957281562,0.0020268828588613902,False,True,True
1515,1773751438.5166385,1773751438516640613,-0.2859663613990451,-0.22580424683747796,0.5101120056268909,-0.255829778442324,0.21738398939836953,0.9399516762467168,0.618131190613052,True,0.4495502252369208,0.29421680129188854,0.007656626153539182,0.0,False,True,True
1516,1773751438.5667083,1773751438566711873,-0.27191475870033077,-0.22580424683747796,0.5015940556165994,-0.27913295331034693,0.2550673519592315,0.9270668572651315,0.6421189156265238,True,0.4608127261042702,0.3167139278224889,0.01643176834002777,0.04614208852025721,False,True,False
1517,1773751438.6166773,1773751438616679823,-0.26990738688622873,-0.22580424683747796,0.4997493656151293,-0.27913295331034693,0.2550673519592315,0.9270668572651315,0.6433683581551078,True,0.4629556777429482,0.3167139278224889,0.00272624701771047,0.0,False,True,False
1518,1773751438.6666183,1773751438666620583,-0.26990738688622873,-0.22580424683747796,0.4997493656151293,-0.27913295331034693,0.2550673519592315,0.9270668572651315,0.6433683581551078,True,0.4629556777429482,0.3167139278224889,0.0,0.0,False,True,False
1519,1773751438.7167408,1773751438716745213,-0.3141366051764596,-0.21839436028660086,0.4762323593882416,-0.27913295331034693,0.2550673519592315,0.9270668572651315,0.6547083267246773,True,0.4668172338300677,0.3167139278224889,0.05063773050934683,0.0,False,True,True
1520,1773751438.7665744,1773751438766576194,-0.3297742560816015,-0.21839436028660086,0.45640018230954277,-0.27913295331034693,0.2550673519592315,0.9270668572651315,0.6695204652756143,True,0.48068920289249367,0.3167139278224889,0.02525571961976045,0.0,False,True,True
1521,1773751438.81659,1773751438816592733,-0.33904101217353744,-0.21839436028660086,0.4412731410777213,-0.27913295331034693,0.2550673519592315,0.9270668572651315,0.6809922930303139,True,0.4923098070216861,0.3167139278224889,0.017739789877466373,0.0,False,True,True
1522,1773751438.866621,1773751438866623563,-0.35352031856718735,-0.21839436028660086,0.41260951415299985,-0.2856321319812617,0.2778195958214679,0.9128625960830808,0.7078772789791251,True,0.5156743903574988,0.33818462554986534,0.03211314095694796,0.02759827820518987,False,True,True
1523,1773751438.9165883,1773751438916591474,-0.36915796947232926,-0.21839436028660086,0.3747661770743011,-0.286680414893395,0.2836813185013767,0.9072624652314084,0.7365017522999023,True,0.5481918585520987,0.3449003176444282,0.04094696920509625,0.008174359632159624,False,True,True
1524,1773751438.9665911,1773751438966594173,-0.36915796947232926,-0.21839436028660086,0.3747661770743011,-0.286680414893395,0.2836813185013767,0.9072624652314084,0.7365017522999023,True,0.5481918585520987,0.3449003176444282,0.0,0.0,False,True,False
1525,1773751439.0166795,1773751439016684093,-0.2962163167227199,-0.21265476666249572,0.4768365228300783,-0.286680414893395,0.2836813185013767,0.9072624652314084,0.6570440888947792,True,0.4680578478207299,0.3449003176444282,0.12558576003480001,0.0,False,True,True
1526,1773751439.0667057,1773751439066710193,-0.3343638731512567,-0.21265476666249575,0.4921826362758999,-0.286680414893395,0.2836813185013767,0.9072624652314084,0.6487792274980467,True,0.4462110396011409,0.3449003176444282,0.04111859991974951,0.0,False,True,True
1527,1773751439.116689,1773751439116691873,-0.3593136352636416,-0.21265476666249575,0.4986229244475758,-0.286680414893395,0.2836813185013767,0.9072624652314084,0.6470018303136191,True,0.4365365470478561,0.3449003176444282,0.02576757538455691,0.0,False,True,True
1528,1773751439.1666074,1773751439166610493,-0.4048102602921081,-0.21265476666249575,0.5030683393488677,-0.2860281404585756,0.2982390669866137,0.898360487091506,0.6567934099241703,True,0.4287021256266244,0.3608902135714506,0.045713286937448666,0.01707626181870729,False,True,True
1529,1773751439.2209525,1773751439220958117,-0.4459039861242714,-0.21265476666249575,0.4989804928080992,-0.2860281404585756,0.2982390669866137,0.898360487091506,0.6678900920973595,True,0.43276241257454284,0.3608902135714506,0.04129654697562351,0.0,False,True,True
1530,1773751439.2666414,1773751439266644633,-0.4547097845168778,-0.21265476666249575,0.4971039056922202,-0.2854574890796584,0.30544434873227183,0.8938908136470337,0.674175706480106,True,0.4350078672139232,0.3689576048198618,0.009003536223879649,0.008498217973833991,False,True,False
1531,1773751439.3166168,1773751439316619544,-0.4547097845168778,-0.21265476666249575,0.4971039056922202,-0.2854574890796584,0.30544434873227183,0.8938908136470337,0.674175706480106,True,0.4350078672139232,0.3689576048198618,0.0,0.0,False,True,False
1532,1773751439.3667424,1773751439366745653,-0.2971346990370404,-0.21265476666249575,0.4931551898049007,-0.2854574890796584,0.30544434873227183,0.8938908136470337,0.6550970087104452,True,0.4540076585678814,0.3689576048198618,0.15762455367466344,0.0,False,True,True
1533,1773751439.4166644,1773751439416667673,-0.30112956345789466,-0.21265476666249575,0.5183966339841422,-0.2854574890796584,0.30544434873227183,0.8938908136470337,0.640053268290121,True,0.43187704617125416,0.3689576048198618,0.02555561476456338,0.0,False,True,True
1534,1773751439.4666862,1773751439466690443,-0.3063228872050052,-0.21265476666249575,0.5453441314171554,-0.2808517856539674,0.33483372869411526,0.8758435947421969,0.6400174410281407,True,0.40843255278744867,0.40274833496798634,0.02744336403294173,0.03479439996301311,False,True,False
1535,1773751439.516683,1773751439516687183,-0.3101180084048168,-0.21265476666249575,0.5608427583874336,-0.2808517856539674,0.33483372869411526,0.8758435947421969,0.6323177138481482,True,0.39495634541529523,0.40274833496798634,0.01595651537413769,0.0,False,True,True
1536,1773751439.5667765,1773751439566781613,-0.3143126160467138,-0.21265476666249575,0.5738526197756362,-0.2805065513279734,0.33987264615120744,0.8730730895378103,0.6292553388308026,True,0.3835117636803455,0.40826620699506855,0.013669353554931022,0.0057606922298249885,False,True,True
1537,1773751439.6169128,1773751439616916092,-0.3143126160467138,-0.21265476666249575,0.5738526197756362,-0.2805065513279734,0.33987264615120744,0.8730730895378103,0.6292553388308026,True,0.3835117636803455,0.40826620699506855,0.0,0.0,False,True,False
1538,1773751439.666774,1773751439666780183,-0.3143126160467138,-0.21265476666249575,0.5738526197756362,-0.2805065513279734,0.33987264615120744,0.8730730895378103,0.6292553388308026,True,0.3835117636803455,0.40826620699506855,0.0,0.0,False,True,False
1539,1773751439.7166412,1773751439716644454,-0.26199534505307226,-0.19823024280743523,0.4653308642077429,-0.2805065513279734,0.33987264615120744,0.8730730895378103,0.6753895958485774,True,0.48175619573197664,0.40826620699506855,0.121334806070661,0.0,False,True,True
1540,1773751439.7683048,1773751439768310504,-0.24865597859292515,-0.19823024280743523,0.46063802750026456,-0.2805065513279734,0.33987264615120744,0.8730730895378103,0.6787281182381515,True,0.4902543960798366,0.40826620699506855,0.014140771334023954,0.0,False,True,True
1541,1773751439.8166788,1773751439816682224,-0.24109700426550887,-0.19823024280743523,0.45405965836602635,-0.2782689191289417,0.3854071332438372,0.8521165503925237,0.7074345392108186,True,0.49848951896595883,0.45633964482233863,0.010020630386798846,0.05017542272462624,False,True,False
1542,1773751439.8695939,1773751439869598166,-0.22998086554872021,-0.19823024280743523,0.43923533610979415,-0.2782689191289417,0.3854071332438372,0.8521165503925237,0.716543941395196,True,0.515065863951945,0.45633964482233863,0.018529141111436036,0.0,False,True,True
1543,1773751439.9166179,1773751439916621654,-0.2268683467080194,-0.19823024280743523,0.43398580587804925,-0.2782689191289417,0.3854071332438372,0.8521165503925237,0.7197971416152203,True,0.5206611944135461,0.45633964482233863,0.006102896131159476,0.0,False,True,True
1544,1773751439.9665968,1773751439966599504,-0.2268683467080194,-0.19823024280743523,0.43398580587804925,-0.2782689191289417,0.3854071332438372,0.8521165503925237,0.7197971416152203,True,0.5206611944135461,0.45633964482233863,0.0,0.0,False,True,False
1545,1773751440.0167897,1773751440016795283,-0.22342599637807317,-0.16810376922449852,0.45961005770244534,-0.2782689191289419,0.3854071332438371,0.8521165503925237,0.6807667824821034,True,0.48933479837350596,0.45633964482233846,0.039699577679082824,2.482534153247273e-16,False,True,True
1546,1773751440.0669088,1773751440066913233,-0.24453860740996247,-0.16810376922449852,0.44211693539039687,-0.2782689191289419,0.3854071332438371,0.8521165503925237,0.6896460957490175,True,0.496420013429012,0.45633964482233846,0.027418090247282756,0.0,False,True,True
1547,1773751440.1165984,1773751440116601545,-0.2679885485580462,-0.16810376922449852,0.41429041059280325,-0.2836597419042238,0.41714888566309494,0.8414016228319617,0.7247001062331048,True,0.5134385621598399,0.4864297692043522,0.0363897680970858,0.033932425340197095,False,True,False
1548,1773751440.1666803,1773751440166683624,-0.2828401779518326,-0.16810376922449852,0.3921003898876609,-0.2946405191107161,0.44741533920722215,0.8324146149436937,0.7568881275873873,True,0.529398880625211,0.513588573683824,0.026701459034012096,0.03342756331205166,False,True,False
1549,1773751440.2166529,1773751440216655665,-0.29456514852587445,-0.16810376922449852,0.3720804024888643,-0.2946405191107161,0.44741533920722215,0.8324146149436937,0.7686165270677657,True,0.544903959601725,0.513588573683824,0.023200750643246892,0.0,False,True,True
1550,1773751440.2666137,1773751440266616605,-0.29456514852587445,-0.16810376922449852,0.3720804024888643,-0.2946405191107161,0.44741533920722215,0.8324146149436937,0.7686165270677657,True,0.544903959601725,0.513588573683824,0.0,0.0,False,True,False
1551,1773751440.318236,1773751440318240935,-0.18434749099781378,-0.1387871317814917,0.4747961483604027,-0.2946405191107161,0.44741533920722215,0.8324146149436937,0.6954774307516901,True,0.484723258987841,0.513588573683824,0.15348590069411597,0.0,False,True,True
1552,1773751440.3666937,1773751440366697815,-0.2207153771356296,-0.1387871317814917,0.48753094484990983,-0.2946405191107161,0.44741533920722215,0.8324146149436937,0.6841366891979034,True,0.4572833411802332,0.513588573683824,0.03853307908488887,0.0,False,True,True
1553,1773751440.4166386,1773751440416643775,-0.26618754310670956,-0.1387871317814917,0.4954868522431665,-0.32046631047864105,0.49367197493115184,0.819292772223944,0.7126015577205602,True,0.4323770748233535,0.5544678533191241,0.04616291087606497,0.05457866437205809,False,True,False
1554,1773751440.4667592,1773751440466764135,-0.2949865815550602,-0.1387871317814917,0.4959590385922294,-0.34061416818322277,0.5184978917839931,0.8119700566398951,0.7307314434130452,True,0.4225657811200013,0.5765598394228256,0.0288029091499074,0.03280067805995988,False,True,False
1555,1773751440.5166428,1773751440516645836,-0.3162069256748975,-0.1387871317814917,0.494040855375749,-0.34061416818322277,0.5184978917839931,0.8119700566398951,0.7305465712100756,True,0.4185263481703205,0.5765598394228256,0.02130686348143013,0.0,False,True,True
1556,1773751440.56661,1773751440566613416,-0.34349022525754547,-0.1387871317814917,0.48874933981170304,-0.34061416818322277,0.5184978917839931,0.8119700566398951,0.7324639961764025,True,0.4174981964431472,0.5765598394228256,0.027791699715581614,0.0,False,True,True
1557,1773751440.6166072,1773751440616609976,-0.34349022525754547,-0.1387871317814917,0.48874933981170304,-0.34061416818322277,0.5184978917839931,0.8119700566398951,0.7324639961764025,True,0.4174981964431472,0.5765598394228256,0.0,0.0,False,True,False
1558,1773751440.6668055,1773751440666809975,-0.34500596412324813,-0.1387871317814917,0.4883621717248116,-0.34061416818322277,0.5184978917839931,0.8119700566398951,0.7326424457088687,True,0.41758153830550243,0.5765598394228256,0.0015644051382262755,0.0,False,True,False
1559,1773751440.716675,1773751440716678626,-0.15282901583477682,-0.10544588696256674,0.5477931963943447,-0.34061416818322277,0.5184978917839931,0.8119700566398951,0.703106333329648,True,0.43538843314155645,0.5765598394228256,0.20390111513382148,0.0,False,True,True
1560,1773751440.7667139,1773751440766717946,-0.1574940120471996,-0.10544588696256652,0.5661856710793235,-0.40603984801613546,0.5790899921035237,0.792189629646741,0.7625235678944128,True,0.41880086570442393,0.6345918791700416,0.018974860070617293,0.09134105043605731,False,True,False
1561,1773751440.8166294,1773751440816633587,-0.16682400447204515,-0.10544588696256607,0.5954365404492812,-0.40603984801613546,0.5790899921035237,0.792189629646741,0.7513490318354304,True,0.39162779237496415,0.6345918791700416,0.030702803089392414,0.0,False,True,True
1562,1773751440.866738,1773751440866742976,-0.1711974384211915,-0.10544588696256586,0.6056898604664479,-0.42847667593579064,0.5938868393450163,0.7864329436224781,0.7667639338477239,True,0.3815090991982476,0.6503558836751154,0.011147084635992394,0.027486312400288038,False,True,False
1563,1773751440.9168856,1773751440916888576,-0.18052743084603706,-0.10544588696256542,0.6201864898364043,-0.42847667593579064,0.5938868393450163,0.7864329436224781,0.7603834385504584,True,0.3652335962051846,0.6503558836751154,0.017239519185219727,0.0,False,True,True
1564,1773751440.9666092,1773751440966612467,-0.18635867611156554,-0.10544588696256514,0.6241456831926276,-0.5479479152616552,0.6492405905903487,0.758793420410748,0.8476015988707934,True,0.3586568059833633,0.7235305251446806,0.0070483071285742755,0.13454128751561695,False,True,False
1565,1773751441.0166347,1773751441016638027,-0.18635867611156554,-0.10544588696256514,0.6241456831926276,-0.5479479152616552,0.6492405905903487,0.758793420410748,0.8476015988707934,True,0.3586568059833633,0.7235305251446806,0.0,0.0,False,True,False
1566,1773751441.0667279,1773751441066732657,-0.18635867611156554,-0.10544588696256514,0.6241456831926276,-0.5479479152616552,0.6492405905903487,0.758793420410748,0.8476015988707934,True,0.3586568059833633,0.7235305251446806,0.0,0.0,False,True,False
1567,1773751441.1166575,1773751441116662558,-0.3376150660471972,0.5193433738122778,0.7596286038535595,-0.5479479152616552,0.6492405905903487,0.758793420410748,0.2472122406288657,True,0.5383449120017217,0.7235305251446806,0.656959464249318,0.0,False,True,True
1568,1773751441.1666393,1773751441166642748,-0.3345010416820019,0.5193433738122778,0.7588716189881568,-0.5606644388759787,0.6527632550928015,0.7561595092320804,0.2625987480750024,True,0.5389928383295299,0.7301005841901461,0.003204711193458583,0.013455728375959415,False,True,False
1569,1773751441.2173202,1773751441217327674,-0.3299338059463821,0.5193433738122778,0.7537687045189,-0.5606644388759787,0.6527632550928015,0.7561595092320804,0.2665393134983616,True,0.5408570490397241,0.7301005841901461,0.0068483120800145346,0.0,False,True,True
1570,1773751441.266626,1773751441266628658,-0.3249513669620696,0.5193433738122778,0.7427867687342568,-0.5606644388759787,0.6527632550928015,0.7561595092320804,0.2711832354339458,True,0.5442719630630696,0.7301005841901461,0.012059337121518108,0.0,False,True,True
1571,1773751441.3166034,1773751441316606289,-0.3230829523429524,0.5193433738122778,0.7372117578150157,-0.6378809624994505,0.66822230504665,0.7407166290642169,0.34824561373612883,True,0.5459815894726838,0.7684433759320268,0.005879772099204859,0.0802487152161874,False,True,False
1572,1773751441.366591,1773751441366593759,-0.3230829523429524,0.5193433738122778,0.7372117578150157,-0.6378809624994505,0.66822230504665,0.7407166290642169,0.34824561373612883,True,0.5459815894726838,0.7684433759320268,0.0,0.0,False,True,False
1573,1773751441.4166958,1773751441416700319,-0.4342057229139136,0.594732321373301,0.7292195757907579,-0.7316316230157496,0.6712059609759055,0.723672526642628,0.30715005023556174,True,0.6125031443960246,0.8093251755475899,0.1345200302082707,0.095334096614507,False,True,True
1574,1773751441.4691346,1773751441469137704,-0.4530518133523582,0.594732321373301,0.712858532595876,-0.7316316230157496,0.6712059609759055,0.723672526642628,0.2890879976294477,True,0.6173237613622445,0.8093251755475899,0.024957140445949055,0.0,False,True,True
1575,1773751441.516737,1773751441516741459,-0.4634496563528794,0.594732321373301,0.7003001501435269,-0.7316316230157496,0.6712059609759055,0.723672526642628,0.279850054101209,True,0.6213809172554955,0.8093251755475899,0.01630423591840342,0.0,False,True,True
1576,1773751441.5666203,1773751441566622760,-0.48294561197885655,0.594732321373301,0.6699842830453712,-0.7316316230157496,0.6712059609759055,0.723672526642628,0.26566026639313056,True,0.6322182326722531,0.8093251755475899,0.03604364137657446,0.0,False,True,True
1577,1773751441.6166303,1773751441616633070,-0.4881445334791171,0.594732321373301,0.6604089318191965,-0.8212319965414708,0.6585693194146446,0.7089583460141953,0.3426068679797924,True,0.6359239675346623,0.8437472928165121,0.010895693455236203,0.09167561702799007,False,True,False
1578,1773751441.66662,1773751441666622061,-0.4881445334791171,0.594732321373301,0.6604089318191965,-0.8212319965414708,0.6585693194146446,0.7089583460141953,0.3426068679797924,True,0.6359239675346623,0.8437472928165121,0.0,0.0,False,True,False
1579,1773751441.7167456,1773751441716748640,-0.4881445334791171,0.594732321373301,0.6604089318191965,-0.8212319965414708,0.6585693194146446,0.7089583460141953,0.3426068679797924,True,0.6359239675346623,0.8437472928165121,0.0,0.0,False,True,False
1580,1773751441.7666173,1773751441766622181,-0.5848069757974853,0.6500860726186334,0.7161250312367905,-0.9077902369412347,0.6306861308751718,0.6963603675250929,0.3241684541258412,True,0.6892128226901902,0.8727326987352715,0.1245469761423103,0.09180691829183132,False,True,True
1581,1773751441.816802,1773751441816805700,-0.6292090075350013,0.6500860726186334,0.7204484803198437,-0.9077902369412347,0.6306861308751718,0.6963603675250929,0.2802928759265044,True,0.700190192738178,0.8727326987352715,0.04461202342859076,0.0,False,True,True
1582,1773751441.866863,1773751441866866910,-0.6345910719880336,0.6500860726186334,0.7202465947541532,-0.9077902369412347,0.6306861308751718,0.6963603675250929,0.27492670536347397,True,0.7018615741858311,0.8727326987352715,0.005385849566988239,0.0,False,True,True
1583,1773751441.9167612,1773751441916765431,-0.6736110392725173,0.6500860726186334,0.7140888394028947,-0.9077902369412347,0.6306861308751718,0.6963603675250929,0.23564921615727036,True,0.7161163861446281,0.8727326987352715,0.0395028580972078,0.0,False,True,True
1584,1773751441.9666362,1773751441966639372,-0.6776475876122915,0.6500860726186334,0.7129809502286266,-1.0095653880253,0.5741711724522085,0.6839119831058331,0.34172723501043056,True,0.7178051046646183,0.9011943937376224,0.004185826193452626,0.11707725730637542,False,True,False
1585,1773751442.0167532,1773751442016758621,-0.6776475876122915,0.6500860726186334,0.7129809502286266,-1.0095653880253,0.5741711724522085,0.6839119831058331,0.34172723501043056,True,0.7178051046646183,0.9011943937376224,0.0,0.0,False,True,False
1586,1773751442.0667367,1773751442066740772,-0.6427544872374978,0.6690677870749348,0.6994596006036576,-1.0600471019968254,0.5328159234030189,0.679243105398201,0.4394387367599028,True,0.72669491274551,0.9120628747304373,0.04196022918367623,0.0654252129417416,False,True,False
1587,1773751442.1166384,1773751442116641113,-0.6544816652399971,0.6690677870749348,0.7293755415951215,-1.0600471019968254,0.5328159234030189,0.679243105398201,0.4307680988709187,True,0.7237676915019688,0.9120628747304373,0.032132385988392624,0.0,False,True,True
1588,1773751442.1681297,1773751442168134724,-0.6622997839083299,0.6690677870749348,0.7453464522560979,-1.0600471019968254,0.5328159234030189,0.679243105398201,0.42560210510108687,True,0.7233054562527979,0.9120628747304373,0.01778181562307465,0.0,False,True,True
1589,1773751442.2166655,1773751442216669023,-0.6696835626506442,0.6690677870749348,0.7575116151025758,-1.0600471019968254,0.5328159234030189,0.679243105398201,0.42080188071857727,True,0.7237381925023263,0.9120628747304373,0.014230649162873086,0.0,False,True,True
1590,1773751442.266682,1773751442266685674,-0.6831481003572174,0.6690677870749348,0.7723965073520344,-1.1437718454208419,0.43085920734844696,0.675320884881276,0.5275805516220576,True,0.726240996985786,0.922300566464639,0.0200712180230728,0.1319863190782794,False,True,False
1591,1773751442.316648,1773751442316650534,-0.6831481003572174,0.6690677870749348,0.7723965073520344,-1.1437718454208419,0.43085920734844696,0.675320884881276,0.5275805516220576,True,0.726240996985786,0.922300566464639,0.0,0.0,False,True,False
1592,1773751442.367344,1773751442367347810,-0.6831481003572174,0.6690677870749348,0.7723965073520344,-1.1437718454208419,0.43085920734844696,0.675320884881276,0.5275805516220576,True,0.726240996985786,0.922300566464639,0.0,0.0,False,True,False
1593,1773751442.4167151,1773751442416718784,-0.7268206387133653,0.6720514430041902,0.6749672043262944,-1.1628117558852473,0.3962769641688236,0.6759998376098353,0.5158884411975151,True,0.7653789498043062,0.9216401570645242,0.10681133786848122,0.039483043330457726,False,True,True
1594,1773751442.4667253,1773751442466729045,-0.7164722385141373,0.6720514430041902,0.6783732795116435,-1.1628117558852473,0.3962769641688236,0.6759998376098353,0.52466766735759,True,0.7604017178016358,0.9216401570645242,0.010894527747985817,0.0,False,True,True
1595,1773751442.5165975,1773751442516600146,-0.7111311287338906,0.6720514430041902,0.6764426938008558,-1.1628117558852473,0.3962769641688236,0.6759998376098353,0.5292137075344581,True,0.7588380939104017,0.9216401570645242,0.005679314648031477,0.0,False,True,True
1596,1773751442.5666847,1773751442566688525,-0.7047885608698476,0.6720514430041902,0.6708882982692942,-1.20369436619114,0.27002627697778486,0.6850226554817787,0.6408829977114824,True,0.7579043604807081,0.906048961433075,0.008430864536393742,0.13301140960076785,False,True,False
1597,1773751442.6169071,1773751442616910245,-0.6997812704508664,0.6720514430041902,0.6640016991654301,-1.20369436619114,0.27002627697778486,0.6850226554817787,0.6449763738165598,True,0.7579252884148923,0.906048961433075,0.008514587750288566,0.0,False,True,True
1598,1773751442.6666594,1773751442666662826,-0.6997812704508664,0.6720514430041902,0.6640016991654301,-1.20369436619114,0.27002627697778486,0.6850226554817787,0.6449763738165598,True,0.7579252884148923,0.906048961433075,0.0,0.0,False,True,False
1599,1773751442.7166636,1773751442716666247,-0.8266708680582804,0.6594148014429293,0.6527163314283125,-1.20369436619114,0.27002627697778486,0.6850226554817787,0.5429676230709602,True,0.8059893611035553,0.906048961433075,0.1280156795704386,0.0,False,True,True
1600,1773751442.7666295,1773751442766632497,-0.8442021039116628,0.6594148014429293,0.6413274814985375,-1.2058882930734147,0.25365547497979124,0.6870749374961165,0.5454817688726366,True,0.8181551709811238,0.9023776099004062,0.020905744025742305,0.016644168188547442,False,True,True
1601,1773751442.8166811,1773751442816686327,-0.8547208454236923,0.6594148014429293,0.6315511715406712,-1.2058882930734147,0.25365547497979124,0.6870749374961165,0.5394831747946501,True,0.8264848136977021,0.9023776099004062,0.01436036766204707,0.0,False,True,True
1602,1773751442.866608,1773751442866610888,-0.8792645756184277,0.6594148014429293,0.6001560316389841,-1.2010559930818794,0.13401757506808867,0.7088801633174953,0.6256300013944018,True,0.8492883627963148,0.8630506094504352,0.039850338785491796,0.12170474966743113,False,True,False
1603,1773751442.9165926,1773751442916595639,-0.8932895643011337,0.6594148014429293,0.5768204516951635,-1.2010559930818794,0.13401757506808867,0.7088801633174953,0.6230587352734915,True,0.8647205293134945,0.8630506094504352,0.027225899413324692,0.0,False,True,True
1604,1773751442.9665961,1773751442966599779,-0.8932895643011337,0.6594148014429293,0.5768204516951635,-1.2010559930818794,0.13401757506808867,0.7088801633174953,0.6230587352734915,True,0.8647205293134945,0.8630506094504352,0.0,0.0,False,True,False
1605,1773751443.0166702,1773751443016674549,-0.8960945620376749,0.6594148014429293,0.5716824557063994,-1.2010559930818794,0.13401757506808867,0.7088801633174953,0.6227896361377928,True,0.8680409540514632,0.8630506094504352,0.005853803471466817,0.0,False,True,True
1606,1773751443.066644,1773751443066648549,-0.9374046374574098,0.6315316129034565,0.65680728477593,-1.2010559930818796,0.13401757506808873,0.7088801633174953,0.5654589638917019,True,0.8450725106325078,0.8630506094504354,0.0986419335700024,2.2887833992611187e-16,False,True,True
1607,1773751443.1166368,1773751443116641170,-0.9753406483769479,0.6315316129034565,0.6680502137190387,-1.2010559930818796,0.13401757506808873,0.7088801633174953,0.5478455251827201,True,0.8660620018427146,0.8630506094504354,0.03956696065794173,0.0,False,True,True
1608,1773751443.1667128,1773751443166718170,-0.9854569179554914,0.6315316129034565,0.6695572081038679,-1.2010559930818796,0.13401757506808873,0.7088801633174953,0.543644620910884,True,0.8722271549228544,0.8630506094504354,0.010227900188292382,0.0,False,True,True
1609,1773751443.2166517,1773751443216654610,-1.0158057266911205,0.6315316129034565,0.6703111512583547,-1.1703288928783768,0.049090346712570426,0.7362753704105631,0.606190164600959,True,0.89202798868588,0.8149905885308968,0.030358172243269067,0.09437842006909486,False,True,False
1610,1773751443.266675,1773751443266677731,-1.027186529966981,0.6315316129034565,0.6691370949412868,-1.1703288928783768,0.049090346712570426,0.7362753704105631,0.603518941421799,True,0.8999371980037145,0.8149905885308968,0.011441201485835427,0.0,False,True,True
1611,1773751443.3170898,1773751443317093129,-1.027186529966981,0.6315316129034565,0.6691370949412868,-1.1703288928783768,0.049090346712570426,0.7362753704105631,0.603518941421799,True,0.8999371980037145,0.8149905885308968,0.0,0.0,False,True,False
1612,1773751443.3666782,1773751443366681512,-1.0646677961591227,0.5336614054313036,0.6414188811830135,-1.1703288928783768,0.049090346712570426,0.7362753704105631,0.5049466623875097,True,0.8688791255400303,0.8149905885308968,0.10840536056836755,0.0,False,True,True
1613,1773751443.4189322,1773751443418937998,-1.07460203439275,0.5336614054313036,0.6730667427024556,-1.1703288928783768,0.049090346712570426,0.7362753704105631,0.49796392740846535,True,0.8683749929494045,0.8149905885308968,0.033170411936487135,0.0,False,True,True
1614,1773751443.4666173,1773751443466621143,-1.0786926030771848,0.5336614054313036,0.6828020550928139,-1.1451150328400852,0.010410052954481393,0.7553398662419919,0.5324149238054329,True,0.8692584604492598,0.7829786365409137,0.010559785012013382,0.049953567085336215,False,True,False
1615,1773751443.5166743,1773751443516681183,-1.0842440891489178,0.5336614054313036,0.692938829765442,-1.1451150328400852,0.010410052954481393,0.7553398662419919,0.5304631363327943,True,0.8712983225996112,0.7829786365409137,0.011557387177397797,0.0,False,True,True
1616,1773751443.566624,1773751443566628434,-1.092717409995247,0.5336614054313036,0.7015829890026118,-1.1339537434633955,-0.0027812698416047124,0.7636868781887853,0.5415977031929695,True,0.8760230993502288,0.7694310236882465,0.01210448904672919,0.019190049142736962,False,True,False
1617,1773751443.6165867,1773751443616589984,-1.092717409995247,0.5336614054313036,0.7015829890026118,-1.1339537434633955,-0.0027812698416047124,0.7636868781887853,0.5415977031929695,True,0.8760230993502288,0.7694310236882465,0.0,0.0,False,True,False
1618,1773751443.6666658,1773751443666669534,-1.092717409995247,0.5336614054313036,0.7015829890026118,-1.1339537434633955,-0.0027812698416047124,0.7636868781887853,0.5415977031929695,True,0.8760230993502288,0.7694310236882465,0.0,0.0,False,True,False
1619,1773751443.7166214,1773751443716624825,-1.1387247875429314,0.4317046893767317,0.6243671127441097,-1.1339537434633955,-0.0027812698416047124,0.7636868781887853,0.4563012257961249,True,0.8750718921310191,0.7694310236882465,0.13591961699407515,0.0,False,True,True
1620,1773751443.7666302,1773751443766632875,-1.1358462412947905,0.4317046893767317,0.6223291769858543,-1.1082953013219017,-0.02700051551633697,0.7832654903831261,0.48689836337708786,True,0.8732966481334553,0.7388493201059791,0.0035269265171622042,0.040351574562064015,False,True,False
1621,1773751443.8165936,1773751443816596736,-1.1300891487985087,0.4317046893767317,0.6107192254693431,-1.1029946090798497,-0.03106875842525955,0.7874701127135095,0.496119193556053,True,0.8720318591677595,0.7325523680956791,0.012958977128866504,0.007894731632684419,False,True,True
1622,1773751443.867845,1773751443867850409,-1.1241521471617182,0.4317046893767317,0.5882252379679396,-1.1029946090798497,-0.03106875842525955,0.7874701127135095,0.5042870467507627,True,0.8743218063868479,0.7325523680956791,0.02326429586616693,0.0,False,True,True
1623,1773751443.9167275,1773751443916731566,-1.1241521471617182,0.4317046893767317,0.5882252379679396,-1.1029946090798497,-0.03106875842525955,0.7874701127135095,0.5042870467507627,True,0.8743218063868479,0.7325523680956791,0.0,0.0,False,True,False
1624,1773751443.9666674,1773751443966672557,-1.1241521471617182,0.4317046893767317,0.5882252379679396,-1.1029946090798497,-0.03106875842525955,0.7874701127135095,0.5042870467507627,True,0.8743218063868479,0.7325523680956791,0.0,0.0,False,True,False
1625,1773751444.0167358,1773751444016740137,-1.1643295396866038,0.3971224461971083,0.6220072670763929,-1.1029946090798497,-0.03106875842525955,0.7874701127135095,0.46312809752251277,True,0.8807597483423826,0.7325523680956791,0.06286000241900828,0.0,False,True,True
1626,1773751444.066739,1773751444066743497,-1.1800891972846674,0.3971224461971083,0.6233085477980198,-1.1029946090798497,-0.03106875842525955,0.7874701127135095,0.4650164541625677,True,0.8937505939396877,0.7325523680956791,0.015813289952589966,0.0,False,True,True
1627,1773751444.1169038,1773751444116908957,-1.204717603051664,0.3971224461971083,0.620306190141741,-1.082763046452018,-0.044177620817650955,0.8042180692771025,0.4933986646817633,True,0.9156181513657244,0.7084156495797456,0.024810734010102246,0.029353917091974782,False,True,False
1628,1773751444.166597,1773751444166599709,-1.2411676435868189,0.3971224461971083,0.6046106308104496,-1.0812767618803156,-0.044986354587771026,0.8055133861575723,0.511260406143868,True,0.951384589781171,0.7066258044213399,0.03968571578964556,0.002130947667082166,False,True,True
1629,1773751444.2166286,1773751444216631669,-1.2569298232776966,0.3971224461971083,0.5936639219104322,-1.0812767618803156,-0.044986354587771026,0.8055133861575723,0.520763271757443,True,0.9681463903909352,0.7066258044213399,0.019190537885875998,0.0,False,True,True
1630,1773751444.2666104,1773751444266613400,-1.2569298232776966,0.3971224461971083,0.5936639219104322,-1.0812767618803156,-0.044986354587771026,0.8055133861575723,0.520763271757443,True,0.9681463903909352,0.7066258044213399,0.0,0.0,False,True,False
1631,1773751444.316658,1773751444316661580,-1.1642130809346103,0.39712244619710835,0.6227498442396311,-1.0812767618803156,-0.044986354587771026,0.8055133861575723,0.4855318084370075,False,0.8804482946221561,0.7066258044213399,0.09717193621851143,0.0,True,False,True
1632,1773751444.3668716,1773751444366874840,-1.1779186960772587,0.39712244619710924,0.6359009721660779,-1.0812767618803156,-0.044986354587771026,0.8055133861575723,0.48328896755129147,False,0.8884340485444351,0.7066258044213399,0.018994632193758406,0.0,True,False,True
1633,1773751444.4168887,1773751444416892900,-1.206214865816489,0.39712244619711107,0.6550870579507244,-1.0691255040757937,-0.05088173920948015,0.8164879973336007,0.4955315393372752,False,0.9078554416356633,0.6918825733745123,0.03418741156693718,0.017402606601737793,True,False,True
1634,1773751444.466768,1773751444466773191,-1.214789462707165,0.3971224461971116,0.658791873340011,-1.0691255040757937,-0.05088173920948015,0.8164879973336007,0.4967834603814697,False,0.9144081331112476,0.6918825733745123,0.009340737064401434,0.0,True,False,True
1635,1773751444.5166926,1773751444516695662,-1.2345110355557194,0.3971224461971129,0.6635900537353705,-1.0687463169628788,-0.05104288388,0.8168450724018472,0.5018139154704194,False,0.9304989993271054,0.6914178887658455,0.02029687095902354,0.0005452092037016005,True,False,True
1636,1773751444.5668545,1773751444566860292,-1.2610922859168145,0.3971224461971146,0.6618461964421603,-1.0687463169628788,-0.05104288388,0.8168450724018472,0.5117360514999153,False,0.9542414635359762,0.6914178887658455,0.026638391637227348,0.0,True,False,True
1637,1773751444.616641,1773751444616644814,-1.2825287781435042,0.397122446197116,0.6535728599153785,-1.0627543739261882,-0.053426052284914614,0.822609484157139,0.529025631296385,False,0.9750342841945341,0.6840374419536559,0.022977625992915512,0.008649353495243086,True,False,True
1638,1773751444.666668,1773751444666673514,-1.2971055928576531,0.39712244619711695,0.6444448210771657,-1.0627543739261882,-0.053426052284914614,0.822609484157139,0.5381980030337133,False,0.9900383249989639,0.6840374419536559,0.017198971487927713,0.0,True,False,True
1639,1773751444.7166853,1773751444716688624,-1.3193995447734104,0.3971224461971184,0.6250005010893109,-1.0627543739261882,-0.053426052284914614,0.822609484157139,0.554896389781656,False,1.0144581025146973,0.6840374419536559,0.029582120813291674,0.0,True,False,True
1640,1773751444.7667477,1773751444766752165,-1.3356912788656945,0.39712244619711945,0.606597415328956,-1.0627543739261882,-0.053426052284914614,0.822609484157139,0.5693414770081345,False,1.0335552214327959,0.6840374419536559,0.02457832714479717,0.0,True,False,True
1641,1773751444.8166127,1773751444816617346,-1.361415069537722,0.3971224461971211,0.5703295614968172,-1.061055852108332,-0.054040497567057755,0.8242943956701569,0.5985497459004115,False,1.0662046228778603,0.6819290764313968,0.04446426237021897,0.002470110559708235,True,False,True
1642,1773751444.8694146,1773751444869418629,-1.3794217230081414,0.3971224461971223,0.5396888088143198,-1.060639317543146,-0.05418727956893865,0.8247110666689963,0.6217237152286081,False,1.0911597000638051,0.6814109476254961,0.03554005197173658,0.0006071743747429778,True,False,True
1643,1773751444.9166696,1773751444916673466,-1.394855997411358,0.3971224461971233,0.5099819965150354,-1.060639317543146,-0.05418727956893865,0.8247110666689963,0.6437667631006945,False,1.1141311314599938,0.6814109476254961,0.033477029786686575,0.0,True,False,True
1644,1773751444.966691,1773751444966694797,-1.406860433058304,0.39712244619712406,0.48467925806003664,-1.060639317543146,-0.05418727956893865,0.8247110666689963,0.6626999021166966,False,1.1331149926191542,0.6814109476254961,0.0280059823702677,0.0,True,False,True
1645,1773751445.0166821,1773751445016686287,-1.430011844663129,0.39712244619712556,0.43045128461111104,-1.060639317543146,-0.05418727956893865,0.8247110666689963,0.7039583141851324,False,1.17279717565595,0.6814109476254961,0.05896321703972229,0.0,True,False,True
1646,1773751445.0666735,1773751445066676578,-1.4488759578226158,0.3971224461971268,0.3809779384675423,-1.0600999730642575,-0.05437525737244124,0.8252524304349118,0.7432205371666535,False,1.2084490910913714,0.6807394997413291,0.05294777373917901,0.0007869579712814998,True,False,True
1647,1773751445.1184502,1773751445118453598,-1.4737422888055758,0.3971224461971284,0.3085085780964739,-1.0600356768438979,-0.05439750977543858,0.8253171075211583,0.8013204649254778,False,1.260551836008243,0.6806594129951331,0.07661685590746915,9.387384554296313e-05,True,False,True
1648,1773751445.1667452,1773751445166750159,-1.4874616438306572,0.3971224461971293,0.2649938827193331,-1.0600356768438979,-0.05439750977543858,0.8253171075211583,0.8369739208292888,False,1.2920090415030447,0.6806594129951331,0.045626192215322825,0.0,True,False,True
1649,1773751445.2167091,1773751445216715580,-1.5037533779229413,0.39712244619713033,0.21005835695897823,-1.0600356768438979,-0.05439750977543858,0.8253171075211583,0.8827791337790425,False,1.3320563986164342,0.6806594129951331,0.05730037164190392,0.0,True,False,True
1650,1773751445.2666795,1773751445266683800,-1.531192087973104,0.3971224461971321,0.10953040620469597,-1.0598822821377585,-0.054450463498098026,0.8254715323747561,0.9688254342185808,False,1.406554981732346,0.6804683094205403,0.10420533427839623,0.00022401131226748792,True,False,True
1651,1773751445.3167117,1773751445316715221,-1.545768902687253,0.39712244619713305,0.05203906736648348,-1.0598822821377585,-0.054450463498098026,0.8254715323747561,1.0189218216960507,False,1.4499398657668472,0.6804683094205403,0.0593105181955173,0.0,True,False,True
1652,1773751445.3667538,1773751445366760031,-1.556079580384275,0.3971224461971334,0.032330762335169703,-1.0598747750959654,-0.05445305010137784,0.8254790962955175,1.0388570244805257,False,1.4691744382335887,0.6804589549189599,0.022242467529012527,1.0966270573674022e-05,True,False,True
1653,1773751445.4166403,1773751445416645033,-1.5638551553710998,0.3971224461971334,0.03262404893281201,-1.0598747750959654,-0.05445305010137784,0.8254790962955175,1.0423702694762709,False,1.475027841305813,0.6804589549189599,0.007781104253516354,0.0,True,False,True
1654,1773751445.466739,1773751445466742253,-1.5655609404842228,0.3971224461971334,0.0324386189478744,-1.0598747750959654,-0.05445305010137784,0.8254790962955175,1.0433370143123,False,1.476456847392853,0.6804589549189599,0.001715834237759026,0.0,False,False,False
1655,1773751445.5208786,1773751445520882968,-1.572727302416898,0.3971224461971334,0.030622304896194635,-1.0598788788195426,-0.054451494832698885,0.8254828453988377,1.0482059953328167,False,1.4830573814445496,0.6804614521127094,0.007392952054790099,5.7719306619705514e-06,True,False,True
1656,1773751445.5666895,1773751445566695634,-1.5765032782425819,0.3971224461971334,0.028910548010431872,-1.0598788788195426,-0.054451494832698885,0.8254828453988377,1.0513549444707402,False,1.486967539096213,0.6804614521127094,0.004145853961743638,0.0,True,False,True
1657,1773751445.6168084,1773751445616811304,-1.582038162872966,0.3971224461971334,0.025177171538889785,-1.059919399765124,-0.05443734965484118,0.8254518577057502,1.0568603622705353,False,1.4933977355166241,0.6805086790946714,0.006676304947343804,5.29364733460247e-05,True,False,True
1658,1773751445.6667333,1773751445666736695,-1.5864368746933324,0.3971224461971334,0.028544129608145126,-1.059919399765124,-0.05443734965484118,0.8254518577057502,1.0564983803756351,False,1.4949139746881215,0.6805086790946714,0.005539410827764458,0.0,True,False,True
1659,1773751445.7187364,1773751445718740573,-1.5885491524113966,0.3971224461971334,0.029980654822841915,-1.059919399765124,-0.05443734965484118,0.8254518577057502,1.0564705860688774,False,1.4957506762564758,0.6805086790946714,0.002554470953189764,0.0,False,False,False
1660,1773751445.7666757,1773751445766678957,-1.5908719422311424,0.3971224461971334,0.031318994560456885,-1.0610321444097996,-0.05404379620988656,0.8245937847818438,1.0552564060188485,False,1.4968112826177986,0.6818078615098839,0.002680765898021284,0.0014592375067245017,False,False,False
1661,1773751445.8167424,1773751445816746937,-1.5922270269532326,0.3971224461971334,0.031995384573206366,-1.0610321444097996,-0.05404379620988656,0.8245937847818438,1.0554293939157147,False,1.4974906533440915,0.6818078615098839,0.0015145157818225571,0.0,False,False,False
1662,1773751445.866625,1773751445866628398,-1.594770512118922,0.3971224461971334,0.0330768028767263,-1.0610321444097996,-0.05404379620988656,0.8245937847818438,1.055900921534144,False,1.4988748112295687,0.6818078615098839,0.002763834715620631,0.0,False,False,False
1663,1773751445.9165885,1773751445916591659,-1.5960539807602976,0.3971224461971334,0.03353564392980857,-1.0610321444097996,-0.05404379620988656,0.8245937847818438,1.0562065734825774,False,1.499623453558902,0.6818078615098839,0.0013630212270497658,0.0,False,False,False
1664,1773751445.966587,1773751445966589939,-1.5967141611406088,0.3971224461971334,0.03375072581025717,-1.0631220907220893,-0.053277317405472355,0.8229821848427806,1.0537868572882332,False,1.5000206108133745,0.68424760056817,0.0006943330251725007,0.0027482029964064863,False,False,False
1665,1773751446.01669,1773751446016694029,-1.5967434848555937,0.3971224461971334,0.03376009020329051,-1.0656372910600695,-0.05230736858683001,0.8210575240159961,1.0506655970349406,False,1.5000383626783993,0.6871783108203889,3.078265936200158e-05,0.003312303239306547,False,False,False
1666,1773751446.0666187,1773751446066621161,-1.596444296055671,0.3971224461971334,0.03366748368340323,-1.0656372910600695,-0.05230736858683001,0.8210575240159961,1.0505837951273143,False,1.4998556127673048,0.6871783108203889,0.00031319308026324475,0.0,False,False,False
1667,1773751446.1166599,1773751446116663621,-1.5963110690991187,0.3971224461971334,0.03362480501750652,-1.0656372910600695,-0.05230736858683001,0.8210575240159961,1.050548477731675,False,1.499775057928403,0.6871783108203889,0.00013989599878099635,0.0,False,False,False
1668,1773751446.1667678,1773751446166771971,-1.5955855993473351,0.3971224461971334,0.033381793866671394,-1.0656372910600695,-0.05230736858683001,0.8210575240159961,1.0503644242545318,False,1.499342516030612,0.6871783108203889,0.0007650887400707901,0.0,False,False,False
1669,1773751446.2166255,1773751446216630203,-1.5938567991019092,0.3971224461971334,0.03273036330182843,-1.072092670417985,-0.049579868160085416,0.8161964052018486,1.0419212074067186,False,1.4983534960232234,0.6946724345124277,0.0018474609791268113,0.008528871986244795,False,False,False
1670,1773751446.266654,1773751446266658793,-1.5924019347308833,0.3971224461971334,0.03209125579016027,-1.072092670417985,-0.049579868160085416,0.8161964052018486,1.0416744085921719,False,1.4975736109581625,0.6946724345124277,0.0015890527837524302,0.0,False,False,False
1671,1773751446.316728,1773751446316732224,-1.5892987953862663,0.3971224461971334,0.030475869595012594,-1.0759483253855906,-0.0477869825764356,0.8133455280156044,1.036512424883133,False,1.4960568005565489,0.6991308927959209,0.003498420550989249,0.005119376395258368,True,False,False
1672,1773751446.3680038,1773751446368007406,-1.5863983378081452,0.3971224461971334,0.028575599401453513,-1.0759483253855906,-0.0477869825764356,0.8133455280156044,1.0365169829051857,False,1.4948660866308006,0.6991308927959209,0.003467517984237289,0.0,True,False,True
1673,1773751446.4167058,1773751446416709955,-1.5840555619984171,0.3971224461971334,0.02671735451267119,-1.0759483253855906,-0.0477869825764356,0.8133455280156044,1.0367744436754347,False,1.4940930575156441,0.6991308927959209,0.0029902629585594476,0.0,False,False,False
1674,1773751446.4669197,1773751446466925914,-1.5798249854641235,0.3971224461971334,0.026944462690819584,-1.0883732038866458,-0.04115660427304663,0.8043423491402556,1.0188036383684393,False,1.4906701372166626,0.7134461227622465,0.004236668022998438,0.016715165331924277,True,False,False
1675,1773751446.5166624,1773751446516665727,-1.5781323948656572,0.3971224461971334,0.02829076154335952,-1.093869294222296,-0.0377974351069939,0.8004345005650684,1.0098871261228866,False,1.488587399781342,0.7197632400506836,0.0021627259498991393,0.00753407638336513,False,False,False
1676,1773751446.5667233,1773751446566726307,-1.57694323541946,0.3971224461971334,0.029145808287775715,-1.093869294222296,-0.0377974351069939,0.8004345005650684,1.008663463525954,False,1.487175925323306,0.7197632400506836,0.001464651877961743,0.0,False,False,False
1677,1773751446.617039,1773751446617042796,-1.5758224976786257,0.3971224461971334,0.029903338344869936,-1.093869294222296,-0.0377974351069939,0.8004345005650684,1.0075477484605007,False,1.485873239475325,0.7197632400506836,0.001352739764748321,0.0,False,False,False
1678,1773751446.666613,1773751446666616909,-1.5761824443887282,0.3971224461971334,0.029707698261569986,-1.116479549149,-0.02099979288078955,0.7846314683813012,0.977784668214384,False,1.4862645087518045,0.7458034118011484,0.00040967874768804886,0.03229737200472026,False,False,False
1679,1773751446.7166793,1773751446716682549,-1.5768540686939336,0.3971224461971334,0.02928539843528077,-1.116479549149,-0.02099979288078955,0.7846314683813012,0.9784265891934165,False,1.4870271661790435,0.7458034118011484,0.0007933576435798267,0.0,False,False,False
1680,1773751446.766645,1773751446766648980,-1.5793354108112219,0.3971224461971334,0.027514361526336628,-1.1206064672486755,-0.017368916382592782,0.7817620587460825,0.9752563365989976,False,1.4899650229297603,0.7505905398824111,0.003048545626339037,0.006200663577494927,True,False,False
1681,1773751446.8167043,1773751446816709671,-1.5811988321448887,0.3971224461971334,0.025949973954255592,-1.1206064672486755,-0.017368916382592782,0.7817620587460825,0.9773435034680755,False,1.4923049085514404,0.7505905398824111,0.002433032581460044,0.0,False,False,False
1682,1773751446.8666868,1773751446866690282,-1.5837428755691132,0.3971224461971334,0.02624625781435105,-1.1543450231494927,0.020653704145686243,0.7578120789093713,0.9280623793683334,False,1.4941170172496134,0.7908242523854856,0.0025612381908157603,0.05619262727697421,False,False,False
1683,1773751446.9177098,1773751446917712376,-1.584407487124138,0.3971224461971334,0.02683922200579212,-1.1543450231494927,0.020653704145686243,0.7578120789093713,0.9279028797193823,False,1.494298085389918,0.7908242523854856,0.0008906823515731624,0.0,False,False,False
1684,1773751446.9666448,1773751446966647713,-1.5846137046585032,0.3971224461971334,0.027028992527725577,-1.1543450231494927,0.020653704145686243,0.7578120789093713,0.9278490024625694,False,1.4943510890719802,0.7908242523854856,0.0002802472523942467,0.0,False,False,False
1685,1773751447.0196307,1773751447019636135,-1.5844130336586313,0.3971224461971334,0.0268774431811727,-1.154345023149493,0.02065370414568638,0.7578120789093715,0.927875341364454,False,1.494280713582367,0.7908242523854857,0.0002514678003844201,3.433175098891678e-16,False,False,False
1686,1773751447.0666397,1773751447066642735,-1.5836194972607842,0.3971224461971334,0.02623757422469589,-1.154345023149493,0.02065370414568638,0.7578120789093715,0.9280121463482863,False,1.4940258551063805,0.7908242523854857,0.0010193783871413145,0.0,False,False,False
1687,1773751447.116603,1773751447116605716,-1.581777117111426,0.3971224461971334,0.02535074776578907,-1.1742452450956644,0.053086830645013114,0.742440721830226,0.8936782208271231,False,1.4930958397115368,0.8165048579882946,0.002044706771878558,0.041039068538196756,False,False,False
1688,1773751447.1666517,1773751447166656196,-1.5813138243432718,0.3971224461971334,0.02580161178447744,-1.1890640238829773,0.08629407138523343,0.7293612026352507,0.8634062093982503,False,1.4924787993712456,0.8379381836133903,0.0006464662035805652,0.0386444156987525,False,False,False
1689,1773751447.2167552,1773751447216759556,-1.5813929477580049,0.3971224461971334,0.025747132913958585,-1.1890640238829773,0.08629407138523343,0.7293612026352507,0.863486550101913,False,1.4925713640250302,0.8379381836133903,9.606488480202755e-05,0.0,False,False,False
1690,1773751447.2666278,1773751447266631898,-1.582559595551351,0.3971224461971334,0.025298619641052057,-1.1890640238829773,0.08629407138523343,0.7293612026352507,0.8643825335366802,False,1.4937344187742256,0.8379381836133903,0.0012498924872534416,0.0,False,False,False
1691,1773751447.3166566,1773751447316659848,-1.582605912092595,0.3971224461971334,0.025352433077338934,-1.2059082393239513,0.15014258223049645,0.7088995236385696,0.8186188459161039,False,1.49373985677232,0.8700827941765442,7.100075998056568e-05,0.06913060276276232,False,False,False
1692,1773751447.3665795,1773751447366582730,-1.58201350621312,0.3971224461971334,0.025160488916556478,-1.2098960034956936,0.18626769641510801,0.6992049273372736,0.7982900890654939,False,1.49338804330975,0.8844369496274186,0.0006227256915328838,0.03761530719515337,False,False,False
1693,1773751447.4166448,1773751447416647740,-1.5822016007367365,0.3971224461971334,0.025008724254877823,-1.2098960034956936,0.18626769641510801,0.6992049273372736,0.7985059195105377,False,1.4936207664947738,0.8844369496274186,0.0002416858753609315,0.0,False,False,False
1694,1773751447.467133,1773751447467138688,-1.5822543854705045,0.3971224461971334,0.02503181679885856,-1.2098960034956936,0.18626769641510801,0.6992049273372736,0.79851103505561,False,1.4936486981658972,0.8844369496274186,5.761504756963415e-05,0.0,False,False,False
1695,1773751447.5166047,1773751447516607852,-1.5822039533561603,0.3971224461971334,0.02500074062481297,-1.2098960034956936,0.18626769641510801,0.6992049273372736,0.7985137571861581,False,1.4936271404311385,0.8844369496274186,5.923788273172298e-05,0.0,False,False,False
1696,1773751447.5667446,1773751447566749442,-1.5822126286486535,0.3971224461971334,0.024999967301045135,-1.2026447175802604,0.2886754089366466,0.6767158496241301,0.7619489157913135,False,1.4936343308437974,0.9142510393774052,8.709691699113367e-06,0.10509842695164025,False,False,False
1697,1773751447.616642,1773751447616645753,-1.5822125577053558,0.3971224461971334,0.024999971987343255,-1.1957791098573227,0.3179115048985338,0.6713699929948366,0.757231395872065,False,1.4936342729751848,0.9202925859978017,7.109791048905535e-08,0.0305035089719019,False,False,False
1698,1773751447.6667764,1773751447666781053,-1.5822124858262316,0.3971224461971334,0.02499997668759518,-1.1957791098573227,0.3179115048985338,0.6713699929948366,0.7572313551782981,False,1.493634214370456,0.9202925859978017,7.203263749920803e-08,0.0,False,False,False
1699,1773751447.7166326,1773751447716636415,-1.5822124858262316,0.3971224461971334,0.02499997668759518,-1.1957791098573227,0.3179115048985338,0.6713699929948366,0.7572313551782981,False,1.493634214370456,0.9202925859978017,0.0,0.0,False,False,False
1700,1773751447.7676032,1773751447767605780,-1.5822124143166691,0.3971224461971334,0.02499998142111516,-1.1354887906947408,0.45174058361809977,0.6518330117109301,0.7716636473876127,False,1.4936341560343558,0.9355921935023935,7.166605709442115e-08,0.14807713710543394,False,False,False
1701,1773751447.817989,1773751447817992508,-1.5822124143166691,0.3971224461971334,0.02499998142111516,-1.1354887906947408,0.45174058361809977,0.6518330117109301,0.7716636473876127,False,1.4936341560343558,0.9355921935023935,0.0,0.0,False,False,False
1702,1773751447.8665483,1773751447866550768,-1.5822124143166691,0.3971224461971334,0.02499998142111516,-1.1354887906947408,0.45174058361809977,0.6518330117109301,0.7716636473876127,False,1.4936341560343558,0.9355921935023935,0.0,0.0,False,False,False
1703,1773751447.9166985,1773751447916701468,-1.5822123435966011,0.3971224461971334,0.024999986278368434,-1.127798526032628,0.46324370009239046,0.6505166187033284,0.7759735789638765,False,1.4936340982421568,0.935934070287858,7.088667667949644e-08,0.013899451418847526,False,False,False
1704,1773751447.9666421,1773751447966646879,-1.5822123435966011,0.3971224461971334,0.024999986278368434,-1.127798526032628,0.46324370009239046,0.6505166187033284,0.7759735789638765,False,1.4936340982421568,0.935934070287858,0.0,0.0,False,False,False
1705,1773751448.016651,1773751448016654260,-1.5822123435966011,0.3971224461971334,0.024999986278368434,-0.9962518372982697,0.5966965070348895,0.6402758973886354,0.8727794495135861,False,1.4936340982421568,0.9256918763119777,0.0,0.18766740625599126,False,False,False
1706,1773751448.066912,1773751448066917619,-1.5822123435966011,0.3971224461971334,0.024999986278368434,-0.9962518372982697,0.5966965070348895,0.6402758973886354,0.8727794495135861,False,1.4936340982421568,0.9256918763119777,0.0,0.0,False,False,False
1707,1773751448.1166527,1773751448116655971,-1.5822123435966011,0.3971224461971334,0.024999986278368434,-0.9962518372982697,0.5966965070348895,0.6402758973886354,0.8727794495135861,False,1.4936340982421568,0.9256918763119777,0.0,0.0,False,False,False
1708,1773751448.1666734,1773751448166678812,-1.5822123435966011,0.3971224461971334,0.024999986278368434,-0.9962518372982697,0.5966965070348895,0.6402758973886354,0.8727794495135861,False,1.4936340982421568,0.9256918763119777,0.0,0.0,False,False,False
1709,1773751448.2166283,1773751448216632673,-1.5822123435966011,0.3971224461971334,0.024999986278368434,-0.8944451679605097,0.6558146986309463,0.6402199399440927,0.9583532546718782,False,1.4936340982421568,0.9077810170116888,0.0,0.11772663942571238,False,False,False
1710,1773751448.268376,1773751448268380483,-1.5822123435966011,0.3971224461971334,0.024999986278368434,-0.8182371347891509,0.6851209150142539,0.6425959788662258,1.023731433420882,False,1.4936340982421568,0.8915881045563654,0.0,0.08168331653104963,False,False,False
1711,1773751448.3166296,1773751448316633045,-1.5822122728213137,0.3971224461971334,0.024999992556455145,-0.8182371347891509,0.6851209150142539,0.6425959788662258,1.0237313768163046,False,1.4936340395984218,0.8915881045563654,7.105318909449508e-08,0.0,False,False,False
1712,1773751448.3666584,1773751448366662285,-1.5822122728213137,0.3971224461971334,0.024999992556455145,-0.8182371347891509,0.6851209150142539,0.6425959788662258,1.0237313768163046,False,1.4936340395984218,0.8915881045563654,0.0,0.0,False,False,False
1713,1773751448.4165776,1773751448416581017,-1.5822122728213137,0.3971224461971334,0.024999992556455145,-0.6729483853146905,0.7128939418187461,0.6517652893846458,1.1486109837011387,False,1.4936340395984218,0.8554262096422023,0.0,0.14820336702355583,False,False,False
1714,1773751448.4669268,1773751448466930946,-1.5822122728213137,0.3971224461971334,0.024999992556455145,-0.6729483853146905,0.7128939418187461,0.6517652893846458,1.1486109837011387,False,1.4936340395984218,0.8554262096422023,0.0,0.0,False,False,False
1715,1773751448.518451,1773751448518454277,-1.5822122728213137,0.3971224461971334,0.024999992556455145,-0.6179618476208921,0.7149277560038559,0.6566487023875044,1.1957253823816612,False,1.4936340395984218,0.8402306594239421,0.0,0.05524041500792286,False,False,False
1716,1773751448.567211,1773751448567213506,-1.5822122728213137,0.3971224461971334,0.024999992556455145,-0.6179618476208921,0.7149277560038559,0.6566487023875044,1.1957253823816612,False,1.4936340395984218,0.8402306594239421,0.0,0.0,False,False,False
1717,1773751448.616641,1773751448616645470,-1.5822122728213137,0.3971224461971334,0.024999992556455145,-0.6179618476208921,0.7149277560038559,0.6566487023875044,1.1957253823816612,False,1.4936340395984218,0.8402306594239421,0.0,0.0,False,False,False
1718,1773751448.6686203,1773751448668623709,-1.5822122728213137,0.3971224461971334,0.024999992556455145,-0.4564879748379705,0.695667251317523,0.6753447133476872,1.3339162086111287,False,1.4936340395984218,0.7915460285078784,0.0,0.16368970480183134,False,False,False
1719,1773751448.7166839,1773751448716686702,-1.5822122728213137,0.3971224461971334,0.024999992556455145,-0.42538593942928826,0.6875636183799086,0.6797380637463275,1.360619411148311,False,1.4936340395984218,0.7815019205759205,0.0,0.032439281759554184,False,False,False
1720,1773751448.7665868,1773751448766589793,-1.5822122728213137,0.3971224461971334,0.024999992556455145,-0.42538593942928826,0.6875636183799086,0.6797380637463275,1.360619411148311,False,1.4936340395984218,0.7815019205759205,0.0,0.0,False,False,False
1721,1773751448.8168335,1773751448816839322,-1.5822122728213137,0.3971224461971334,0.024999992556455145,-0.42538593942928826,0.6875636183799086,0.6797380637463275,1.360619411148311,False,1.4936340395984218,0.7815019205759205,0.0,0.0,False,False,False
1722,1773751448.8666737,1773751448866677534,-1.5822122728213137,0.3971224461971334,0.024999992556455145,-0.42538593942928826,0.6875636183799086,0.6797380637463275,1.360619411148311,False,1.4936340395984218,0.7815019205759205,0.0,0.0,False,False,False
1723,1773751448.916748,1773751448916752305,-1.5822122728213137,0.3971224461971334,0.024999992556455145,-0.29075217900057493,0.6346118194932724,0.7021985123549025,1.4774532857512865,False,1.4936340395984218,0.7356598247673992,0.0,0.14640564949552112,False,False,False
1724,1773751448.9667134,1773751448966718556,-1.5822122728213137,0.3971224461971334,0.024999992556455145,-0.2709751255882412,0.6241527533425892,0.7060373749271842,1.4948904751963807,False,1.4936340395984218,0.7286029215587998,0.0,0.022699356208217267,False,False,False
1725,1773751449.016647,1773751449016649937,-1.5822122728213137,0.3971224461971334,0.024999992556455145,-0.2709751255882412,0.6241527533425892,0.7060373749271842,1.4948904751963807,False,1.4936340395984218,0.7286029215587998,0.0,0.0,False,False,False
1726,1773751449.0666897,1773751449066693288,-1.5822122728213137,0.3971224461971334,0.024999992556455145,-0.2709751255882412,0.6241527533425892,0.7060373749271842,1.4948904751963807,False,1.4936340395984218,0.7286029215587998,0.0,0.0,False,False,False
1727,1773751449.116637,1773751449116640249,-1.5822122728213137,0.3971224461971334,0.024999992556455145,-0.17115850156459678,0.5588664275076402,0.7280924013239743,1.5847942441006306,False,1.4936340395984218,0.6917830268596081,0.0,0.12129339207833147,False,False,False
1728,1773751449.1668854,1773751449166889038,-1.5822122728213137,0.3971224461971334,0.024999992556455145,-0.17115850156459678,0.5588664275076402,0.7280924013239743,1.5847942441006306,False,1.4936340395984218,0.6917830268596081,0.0,0.0,False,False,False
1729,1773751449.2166436,1773751449216648121,-1.5822122728213137,0.3971224461971334,0.024999992556455145,-0.16439923348951113,0.5535955414876127,0.7297741568173792,1.5910324530501414,False,1.4936340395984218,0.6892189448843923,0.0,0.008734886712865276,False,False,False
1730,1773751449.266741,1773751449266746761,-1.5822122728213137,0.3971224461971334,0.024999992556455145,-0.16439923348951113,0.5535955414876127,0.7297741568173792,1.5910324530501414,False,1.4936340395984218,0.6892189448843923,0.0,0.0,False,False,False
1731,1773751449.3167634,1773751449316767322,-1.5822122728213137,0.3971224461971334,0.024999992556455145,-0.09423411759874611,0.4910336754690976,0.7490521989041715,1.65745283701224,False,1.4936340395984218,0.6621204144279368,0.0,0.09596235446456727,False,False,False
1732,1773751449.3668625,1773751449366869353,-1.5822122728213137,0.3971224461971334,0.024999992556455145,-0.09423411759874611,0.4910336754690976,0.7490521989041715,1.65745283701224,False,1.4936340395984218,0.6621204144279368,0.0,0.0,False,False,False
1733,1773751449.4172792,1773751449417284791,-1.5822122728213137,0.3971224461971334,0.024999992556455145,-0.09423411759874611,0.4910336754690976,0.7490521989041715,1.65745283701224,False,1.4936340395984218,0.6621204144279368,0.0,0.0,False,False,False
1734,1773751449.4667368,1773751449466740885,-1.5822122728213137,0.3971224461971334,0.024999992556455145,-0.09423411759874611,0.4910336754690976,0.7490521989041715,1.65745283701224,False,1.4936340395984218,0.6621204144279368,0.0,0.0,False,False,False
1735,1773751449.5166047,1773751449516607057,-1.5822122728213137,0.3971224461971334,0.024999992556455145,-0.09423411759874611,0.4910336754690976,0.7490521989041715,1.65745283701224,False,1.4936340395984218,0.6621204144279368,0.0,0.0,False,False,False
1736,1773751449.5667036,1773751449566707327,-1.5822122728213137,0.3971224461971334,0.024999992556455145,-0.056550967640495275,0.45036812559879047,0.7610984597175289,1.6947915723940408,False,1.4936340395984218,0.6472522650644652,0.0,0.05673463789092062,False,False,False
1737,1773751449.6172345,1773751449617238655,-1.5822122728213137,0.3971224461971334,0.024999992556455145,-0.056550967640495275,0.45036812559879047,0.7610984597175289,1.6947915723940408,False,1.4936340395984218,0.6472522650644652,0.0,0.0,False,False,False
1738,1773751449.6665766,1773751449666579030,-1.5822122728213137,0.3971224461971334,0.024999992556455145,-0.056550967640495275,0.45036812559879047,0.7610984597175289,1.6947915723940408,False,1.4936340395984218,0.6472522650644652,0.0,0.0,False,False,False
1739,1773751449.7166448,1773751449716648631,-1.5822122728213137,0.3971224461971334,0.024999992556455145,-0.056550967640495275,0.45036812559879047,0.7610984597175289,1.6947915723940408,False,1.4936340395984218,0.6472522650644652,0.0,0.0,False,False,False
1740,1773751449.7667835,1773751449766788471,-1.5822122728213137,0.3971224461971334,0.024999992556455145,-0.0424880378602025,0.43361960138336675,0.7659829149242321,1.7091338313028497,False,1.4936340395984218,0.6416624681514576,0.0,0.02240841270742688,False,False,False
1741,1773751449.8167222,1773751449816725812,-1.5822122728213137,0.3971224461971334,0.024999992556455145,-0.039896367372774244,0.43042831008596716,0.7669093442708567,1.7118052222522904,False,1.4936340395984218,0.6406304874753437,0.0,0.004214186445157854,False,False,False
1742,1773751449.866701,1773751449866706613,-1.5822122728213137,0.3971224461971334,0.024999992556455145,-0.039896367372774244,0.43042831008596716,0.7669093442708567,1.7118052222522904,False,1.4936340395984218,0.6406304874753437,0.0,0.0,False,False,False
1743,1773751449.9166665,1773751449916671014,-1.5822122728213137,0.3971224461971334,0.024999992556455145,-0.039896367372774244,0.43042831008596716,0.7669093442708567,1.7118052222522904,False,1.4936340395984218,0.6406304874753437,0.0,0.0,False,False,False
1744,1773751449.966722,1773751449966725135,-1.5822122728213137,0.3971224461971334,0.024999992556455145,-0.034973261869335026,0.42427178677965255,0.7686929993840246,1.716905627024955,False,1.4936340395984218,0.6386688570300122,0.0,0.008082151482242741,False,False,False
1745,1773751450.01662,1773751450016623147,-1.5822122728213137,0.3971224461971334,0.024999992556455145,-0.034973261869335026,0.42427178677965255,0.7686929993840246,1.716905627024955,False,1.4936340395984218,0.6386688570300122,0.0,0.0,False,False,False
1746,1773751450.066691,1773751450066695777,-1.5822122728213137,0.3971224461971334,0.024999992556455145,-0.03464112931264918,0.42385190349810586,0.7688144801100442,1.7172509717577475,False,1.4936340395984218,0.6385364614078184,0.0,0.0005489731980045443,False,False,False
1747,1773751450.1167173,1773751450116722628,-1.5822122728213137,0.3971224461971334,0.024999992556455145,-0.03464112931264918,0.42385190349810586,0.7688144801100442,1.7172509717577475,False,1.4936340395984218,0.6385364614078184,0.0,0.0,False,False,False
1748,1773751450.1666794,1773751450166683269,-1.5822122728213137,0.3971224461971334,0.024999992556455145,-0.03464112931264918,0.42385190349810586,0.7688144801100442,1.7172509717577475,False,1.4936340395984218,0.6385364614078184,0.0,0.0,False,False,False
1749,1773751450.216744,1773751450216748280,-1.5822122728213137,0.3971224461971334,0.024999992556455145,-0.03325758392704037,0.4220965441353059,0.7693221156121429,1.7186912918513049,False,1.4936340395984218,0.6379848782488294,0.0,0.002291981267288194,False,False,False
1750,1773751450.2666614,1773751450266665622,-1.5822122728213137,0.3971224461971334,0.024999992556455145,-0.03325758392704037,0.4220965441353059,0.7693221156121429,1.7186912918513049,False,1.4936340395984218,0.6379848782488294,0.0,0.0,False,False,False
1751,1773751450.3167403,1773751450316743352,-1.5822122728213137,0.3971224461971334,0.024999992556455145,-0.03323865811649063,0.42207246171903595,0.7693290775344895,1.7187110138328978,False,1.4936340395984218,0.6379773322565623,0.0,3.141046706312819e-05,False,False,False
1752,1773751450.366699,1773751450366701754,-1.5822122728213137,0.3971224461971334,0.024999992556455145,-0.03323865811649063,0.42207246171903595,0.7693290775344895,1.7187110138328978,False,1.4936340395984218,0.6379773322565623,0.0,0.0,False,False,False
1753,1773751450.4167068,1773751450416711235,-1.5822122728213137,0.3971224461971334,0.024999992556455145,-0.03323865811649063,0.42207246171903595,0.7693290775344895,1.7187110138328978,False,1.4936340395984218,0.6379773322565623,0.0,0.0,False,False,False
1754,1773751450.4667645,1773751450466767815,-1.5822122728213137,0.3971224461971334,0.024999992556455145,-0.032884153404444394,0.42162101406713615,0.7694595728317545,1.7190805298493637,False,1.4936340395984218,0.6378359823928519,0.0,0.0005886489581041459,False,False,False
1755,1773751450.5166144,1773751450516617437,-1.5822122728213137,0.3971224461971334,0.024999992556455145,-0.032884153404444394,0.42162101406713615,0.7694595728317545,1.7190805298493637,False,1.4936340395984218,0.6378359823928519,0.0,0.0,False,False,False
1756,1773751450.5681477,1773751450568150499,-1.5822122728213137,0.3971224461971334,0.024999992556455145,-0.032884153404444394,0.42162101406713615,0.7694595728317545,1.7190805298493637,False,1.4936340395984218,0.6378359823928519,0.0,0.0,False,False,False
1757,1773751450.6167,1773751450616702889,-1.5822122728213137,0.3971224461971334,0.024999992556455145,-0.032884153404444394,0.42162101406713615,0.7694595728317545,1.7190805298493637,False,1.4936340395984218,0.6378359823928519,0.0,0.0,False,False,False
1758,1773751450.6668403,1773751450666844029,-1.5822122728213137,0.3971224461971334,0.024999992556455145,-0.03280550957800177,0.4215207733190935,0.7694885451676627,1.7191625290587267,False,1.4936340395984218,0.6378046241809222,0.0,0.00013066160588968154,False,False,False
1759,1773751450.717184,1773751450717187678,-1.5822122728213137,0.3971224461971334,0.024999992556455145,-0.03278585763958408,0.42149571946264813,0.7694957862395135,1.7191830208922925,False,1.4936340395984218,0.6377967881698214,0.0,3.265467084362382e-05,False,False,False
1760,1773751450.766761,1773751450766766212,-1.5822122728213137,0.3971224461971334,0.024999992556455145,-0.03278585763958408,0.42149571946264813,0.7694957862395135,1.7191830208922925,False,1.4936340395984218,0.6377967881698214,0.0,0.0,False,False,False
1761,1773751450.8166795,1773751450816683783,-1.5822122728213137,0.3971224461971334,0.024999992556455145,-0.03278585763958408,0.42149571946264813,0.7694957862395135,1.7191830208922925,False,1.4936340395984218,0.6377967881698214,0.0,0.0,False,False,False
1762,1773751450.8666117,1773751450866615125,-1.5822122728213137,0.3971224461971334,0.024999992556455145,-0.03276269816529598,0.42146619126863955,0.769504320391908,1.7192071709051064,False,1.4936340395984218,0.6377875535366977,0.0,3.8485156200820793e-05,False,False,False
1763,1773751450.9174862,1773751450917488940,-1.5822122728213137,0.3971224461971334,0.024999992556455145,-0.03276269816529598,0.42146619126863955,0.769504320391908,1.7192071709051064,False,1.4936340395984218,0.6377875535366977,0.0,0.0,False,False,False
1764,1773751450.969211,1773751450969214981,-1.5822122728213137,0.3971224461971334,0.024999992556455145,-0.03275985898665601,0.4214625711350913,0.769505366665364,1.7192101315712078,False,1.4936340395984218,0.637786421437563,0.0,4.718155402445784e-06,False,False,False
1765,1773751451.0166578,1773751451016660777,-1.5822122728213137,0.3971224461971334,0.024999992556455145,-0.03275985898665601,0.4214625711350913,0.769505366665364,1.7192101315712078,False,1.4936340395984218,0.637786421437563,0.0,0.0,False,False,False
1766,1773751451.0666654,1773751451066671109,-1.5822122728213137,0.3971224461971334,0.024999992556455145,-0.03275290489847804,0.4214537040477103,0.7695079293815622,1.719217383272983,False,1.4936340395984218,0.6377836485501901,0.0,1.155647417343656e-05,False,False,False
1767,1773751451.1165822,1773751451116586020,-1.5822122728213137,0.3971224461971334,0.024999992556455145,-0.03275290489847804,0.4214537040477103,0.7695079293815622,1.719217383272983,False,1.4936340395984218,0.6377836485501901,0.0,0.0,False,False,False
1768,1773751451.166764,1773751451166769180,-1.5822122728213137,0.3971224461971334,0.024999992556455145,-0.0327525801485542,0.42145328995604986,0.769508049059804,1.7192177219229612,False,1.4936340395984218,0.637783519058674,0.0,5.396825899076215e-07,False,False,False
1769,1773751451.2194169,1773751451219420465,-1.5822122728213137,0.3971224461971334,0.024999992556455145,-0.0327525801485542,0.42145328995604986,0.769508049059804,1.7192177219229612,False,1.4936340395984218,0.637783519058674,0.0,0.0,False,False,False
1770,1773751451.2667232,1773751451266727023,-1.5822122728213137,0.3971224461971334,0.024999992556455145,-0.0327525801485542,0.42145328995604986,0.769508049059804,1.7192177219229612,False,1.4936340395984218,0.637783519058674,0.0,0.0,False,False,False
1771,1773751451.3166234,1773751451316629205,-1.5822122728213137,0.3971224461971334,0.024999992556455145,-0.03275066454514275,0.4214508473407717,0.7695087550091424,1.7192197195218581,False,1.4936340395984218,0.6377827552265349,0.0,3.1834368684584665e-06,False,False,False
1772,1773751451.3667133,1773751451366718075,-1.5822122728213137,0.3971224461971334,0.024999992556455145,-0.03275066454514275,0.4214508473407717,0.7695087550091424,1.7192197195218581,False,1.4936340395984218,0.6377827552265349,0.0,0.0,False,False,False
1773,1773751451.4168143,1773751451416816966,-1.5822122728213137,0.3971224461971334,0.024999992556455145,-0.03275066454514275,0.4214508473407717,0.7695087550091424,1.7192197195218581,False,1.4936340395984218,0.6377827552265349,0.0,0.0,False,False,False
1774,1773751451.4669425,1773751451466946026,-1.5822122728213137,0.3971224461971334,0.024999992556455145,-0.032750658462757154,0.4214508395849968,0.7695087572506667,1.7192197258646027,False,1.4936340395984218,0.6377827528012298,0.0,1.0108011188499141e-08,False,False,False
1775,1773751451.5166512,1773751451516655359,-1.5822122728213137,0.3971224461971334,0.024999992556455145,-0.032750658462757154,0.4214508395849968,0.7695087572506667,1.7192197258646027,False,1.4936340395984218,0.6377827528012298,0.0,0.0,False,False,False
1776,1773751451.567488,1773751451567491165,-1.5822122728213137,0.3971224461971334,0.024999992556455145,-0.0327501840349359,0.4214502353501102,0.7695089367470012,1.7192202226274091,False,1.4936340395984218,0.6377825620515433,0.0,7.889236273622721e-07,False,False,False
1777,1773751451.6166253,1773751451616628921,-1.5822122728213137,0.3971224461971334,0.024999992556455145,-0.0327501840349359,0.4214502353501102,0.7695089367470012,1.7192202226274091,False,1.4936340395984218,0.6377825620515433,0.0,0.0,False,False,False
1778,1773751451.6666582,1773751451666661103,-1.5822122728213137,0.3971224461971334,0.024999992556455145,-0.0327501840349359,0.4214502353501102,0.7695089367470012,1.7192202226274091,False,1.4936340395984218,0.6377825620515433,0.0,0.0,False,False,False
1779,1773751451.71665,1773751451716653164,-1.5822122728213137,0.3971224461971334,0.024999992556455145,-0.0327501840349359,0.4214502353501102,0.7695089367470012,1.7192202226274091,False,1.4936340395984218,0.6377825620515433,0.0,0.0,False,False,False
1780,1773751451.766593,1773751451766595935,-1.5822122728213137,0.3971224461971334,0.024999992556455145,-0.03275007271301378,0.4214500926825814,0.7695089731155768,1.719220336687871,False,1.4936340395984218,0.6377825192379803,0.0,1.8457862125268436e-07,False,False,False
1781,1773751451.8166842,1773751451816688326,-1.5822122728213137,0.3971224461971334,0.024999992556455145,-0.03275005054115665,0.42145006504149124,0.7695089818955407,1.7192203600814835,False,1.4936340395984218,0.6377825105462281,0.0,3.650628548666587e-08,False,False,False
1782,1773751451.8665745,1773751451866577508,-1.5822122728213137,0.3971224461971334,0.024999992556455145,-0.03275005054115665,0.42145006504149124,0.7695089818955407,1.7192203600814835,False,1.4936340395984218,0.6377825105462281,0.0,0.0,False,False,False
1783,1773751451.916615,1773751451916618028,-1.5822122728213137,0.3971224461971334,0.024999992556455145,-0.03275005054115665,0.42145006504149124,0.7695089818955407,1.7192203600814835,False,1.4936340395984218,0.6377825105462281,0.0,0.0,False,False,False
1784,1773751451.9666572,1773751451966661789,-1.5822122728213137,0.3971224461971334,0.024999992556455145,-0.03275001663371768,0.4214500211745376,0.7695089937823659,1.7192203951677167,False,1.4936340395984218,0.637782496876787,0.0,5.67037974990577e-08,False,False,False
1785,1773751452.0166154,1773751452016618801,-1.5822122728213137,0.3971224461971334,0.024999992556455145,-0.03275001663371768,0.4214500211745376,0.7695089937823659,1.7192203951677167,False,1.4936340395984218,0.637782496876787,0.0,0.0,False,False,False
1786,1773751452.0666118,1773751452066614522,-1.5822122728213137,0.3971224461971334,0.024999992556455145,-0.03275001663371768,0.4214500211745376,0.7695089937823659,1.7192203951677167,False,1.4936340395984218,0.637782496876787,0.0,0.0,False,False,False
1787,1773751452.1166372,1773751452116642043,-1.5822122728213137,0.3971224461971334,0.024999992556455145,-0.03275001663371768,0.4214500211745376,0.7695089937823659,1.7192203951677167,False,1.4936340395984218,0.637782496876787,0.0,0.0,False,False,False
1788,1773751452.1666632,1773751452166665964,-1.5822122728213137,0.3971224461971334,0.024999992556455145,-0.03275000380457438,0.42145000481578987,0.7695089985102646,1.7192204085460292,False,1.4936340395984218,0.6377824917612637,0.0,2.1320144725773422e-08,False,False,False
1789,1773751452.216693,1773751452216696265,-1.5822122728213137,0.3971224461971334,0.024999992556455145,-0.03275000380457438,0.42145000481578987,0.7695089985102646,1.7192204085460292,False,1.4936340395984218,0.6377824917612637,0.0,0.0,False,False,False
1790,1773751452.2694387,1773751452269442379,-1.5822122728213137,0.3971224461971334,0.024999992556455145,-0.03275000380457438,0.42145000481578987,0.7695089985102646,1.7192204085460292,False,1.4936340395984218,0.6377824917612637,0.0,0.0,False,False,False
1791,1773751452.316679,1773751452316682678,-1.5822122728213137,0.3971224461971334,0.024999992556455145,-0.03275000380457438,0.42145000481578987,0.7695089985102646,1.7192204085460292,False,1.4936340395984218,0.6377824917612637,0.0,0.0,False,False,False
1792,1773751452.3666966,1773751452366702319,-1.5822122728213137,0.3971224461971334,0.024999992556455145,-0.03275000380457438,0.42145000481578987,0.7695089985102646,1.7192204085460292,False,1.4936340395984218,0.6377824917612637,0.0,0.0,False,False,False
1793,1773751452.4165995,1773751452416603471,-1.5822122728213137,0.3971224461971334,0.024999992556455145,-0.032750001819251695,0.42145000228425716,0.7695089992419117,1.7192204106163365,False,1.4936340395984218,0.6377824909696312,0.0,3.299313808404025e-09,False,False,False
1794,1773751452.4666605,1773751452466663622,-1.5822122728213137,0.3971224461971334,0.024999992556455145,-0.032750001819251695,0.42145000228425716,0.7695089992419117,1.7192204106163365,False,1.4936340395984218,0.6377824909696312,0.0,0.0,False,False,False
1795,1773751452.5169866,1773751452516992871,-1.5822122728213137,0.3971224461971334,0.024999992556455145,-0.032750001819251695,0.42145000228425716,0.7695089992419117,1.7192204106163365,False,1.4936340395984218,0.6377824909696312,0.0,0.0,False,False,False
1796,1773751452.5696194,1773751452569623286,-1.5822122728213137,0.3971224461971334,0.024999992556455145,-0.032750001819251695,0.42145000228425716,0.7695089992419117,1.7192204106163365,False,1.4936340395984218,0.6377824909696312,0.0,0.0,False,False,False
1797,1773751452.6166496,1773751452616652885,-1.5822122728213137,0.3971224461971334,0.024999992556455145,-0.032750000415499914,0.4214500004942996,0.7695089997592336,1.719220412080178,False,1.4936340395984218,0.6377824904098959,0.0,2.3328285553721134e-09,False,False,False
1798,1773751452.6666515,1773751452666654646,-1.5822122728213137,0.3971224461971334,0.024999992556455145,-0.0327500004154998,0.4214500004942996,0.7695089997592336,1.719220412080178,False,1.4936340395984218,0.637782490409896,0.0,1.1102230246251565e-16,False,False,False
1799,1773751452.7166204,1773751452716625218,-1.5822122728213137,0.3971224461971334,0.024999992556455145,-0.0327500004154998,0.4214500004942996,0.7695089997592336,1.719220412080178,False,1.4936340395984218,0.637782490409896,0.0,0.0,False,False,False
1800,1773751452.767003,1773751452767009137,-1.5822122728213137,0.3971224461971334,0.024999992556455145,-0.0327500004154998,0.4214500004942996,0.7695089997592336,1.719220412080178,False,1.4936340395984218,0.637782490409896,0.0,0.0,False,False,False
1801,1773751452.816643,1773751452816646190,-1.5822122728213137,0.3971224461971334,0.024999992556455145,-0.03275000009447482,0.42145000008481465,0.7695089998775803,1.7192204124149604,False,1.4936340395984218,0.6377824902817806,0.0,5.336111832211541e-10,False,False,False
1802,1773751452.8666248,1773751452866628762,-1.5822122728213137,0.3971224461971334,0.024999992556455145,-0.03275000009447482,0.42145000008481465,0.7695089998775803,1.7192204124149604,False,1.4936340395984218,0.6377824902817806,0.0,0.0,False,False,False
