index,wall_time,sim_time_ns,object_x,object_y,object_z,tcp_x,tcp_y,tcp_z,dist_tcp_object,attached_state,object_disp_from_start,tcp_disp_from_start,object_step,tcp_step,anomaly_detached_object_motion,anomaly_far_attached,anomaly_object_moves_more_than_tcp
0,1773733505.008233,1773733505008238132,-0.42,8.409937492055881e-20,0.8749994277780444,-0.032749999999999946,0.4214499999611738,0.7695089999135591,0.581988741590682,,0.0,0.0,0.0,0.0,False,False,False
1,1773733505.0580227,1773733505058025067,-0.42,8.409937492055881e-20,0.8749994277780444,-0.032749999999999946,0.4214499999611738,0.7695089999135591,0.581988741590682,,0.0,0.0,0.0,0.0,False,False,False
2,1773733505.1080043,1773733505108009271,-0.42,8.409937492055881e-20,0.8749994277780444,-0.032749999999999946,0.4214499999611738,0.7695089999135591,0.581988741590682,,0.0,0.0,0.0,0.0,False,False,False
3,1773733505.1579561,1773733505157958915,-0.42,8.409937492055881e-20,0.8749994277780444,-0.032749999999999946,0.4214499999611738,0.7695089999135591,0.581988741590682,,0.0,0.0,0.0,0.0,False,False,False
4,1773733505.2080536,1773733505208057258,-0.42,8.409937492055881e-20,0.8749994277780444,-0.032749999999999946,0.4214499999611738,0.7695089999135591,0.581988741590682,,0.0,0.0,0.0,0.0,False,False,False
5,1773733505.2579908,1773733505257994803,-0.42,8.409937492055881e-20,0.8749994277780444,-0.032749999999999946,0.4214499999611738,0.7695089999135591,0.581988741590682,,0.0,0.0,0.0,0.0,False,False,False
6,1773733505.308001,1773733505308003986,-0.42,8.409937492055881e-20,0.8749994277780444,-0.032749999999999946,0.4214499999611738,0.7695089999135591,0.581988741590682,,0.0,0.0,0.0,0.0,False,False,False
7,1773733505.357958,1773733505357960770,-0.42,8.409937492055881e-20,0.8749994277780444,-0.032749999999999946,0.4214499999611738,0.7695089999135591,0.581988741590682,,0.0,0.0,0.0,0.0,False,False,False
8,1773733505.4096603,1773733505409662451,-0.42,8.409937492055881e-20,0.8749994277780444,-0.032749999999999946,0.4214499999611738,0.7695089999135591,0.581988741590682,,0.0,0.0,0.0,0.0,False,False,False
9,1773733505.4579613,1773733505457964168,-0.42,8.409937492055881e-20,0.8749994277780444,-0.032749999999999946,0.4214499999611738,0.7695089999135591,0.581988741590682,,0.0,0.0,0.0,0.0,False,False,False
10,1773733505.507992,1773733505507994841,-0.42,8.409937492055881e-20,0.8749994277780444,-0.032749999999999946,0.4214499999611738,0.7695089999135591,0.581988741590682,,0.0,0.0,0.0,0.0,False,False,False
11,1773733505.5579882,1773733505557990555,-0.42,8.409937492055881e-20,0.8749994277780444,-0.032749999999999946,0.4214499999611738,0.7695089999135591,0.581988741590682,,0.0,0.0,0.0,0.0,False,False,False
12,1773733505.6079679,1773733505607971629,-0.42,8.409937492055881e-20,0.8749994277780444,-0.032749999999999946,0.4214499999611738,0.7695089999135591,0.581988741590682,,0.0,0.0,0.0,0.0,False,False,False
13,1773733505.6579258,1773733505657927723,-0.42,8.409937492055881e-20,0.8749994277780444,-0.032749999999999946,0.4214499999611738,0.7695089999135591,0.581988741590682,,0.0,0.0,0.0,0.0,False,False,False
14,1773733505.7080042,1773733505708006436,-0.42,8.409937492055881e-20,0.8749994277780444,-0.032749999999999946,0.4214499999611738,0.7695089999135591,0.581988741590682,,0.0,0.0,0.0,0.0,False,False,False
15,1773733505.7579608,1773733505757963050,-0.42,8.409937492055881e-20,0.8749994277780444,-0.032749999999999946,0.4214499999611738,0.7695089999135591,0.581988741590682,,0.0,0.0,0.0,0.0,False,False,False
16,1773733505.8079593,1773733505807962024,-0.42,8.409937492055881e-20,0.8749994277780444,-0.032749999999999946,0.4214499999611738,0.7695089999135591,0.581988741590682,,0.0,0.0,0.0,0.0,False,False,False
17,1773733505.8581212,1773733505858124637,-0.42,8.409937492055881e-20,0.8749994277780444,-0.032749999999999946,0.4214499999611738,0.7695089999135591,0.581988741590682,,0.0,0.0,0.0,0.0,False,False,False
18,1773733505.9082015,1773733505908206480,-0.42,8.409937492055881e-20,0.8749994277780444,-0.032749999999999946,0.4214499999611738,0.7695089999135591,0.581988741590682,,0.0,0.0,0.0,0.0,False,False,False
19,1773733505.9579475,1773733505957949466,-0.42,8.409937492055881e-20,0.8749994277780444,-0.032749999999999946,0.4214499999611738,0.7695089999135591,0.581988741590682,,0.0,0.0,0.0,0.0,False,False,False
20,1773733506.0086553,1773733506008658454,-0.42,8.409937492055881e-20,0.8749994277780444,-0.032749999999999946,0.4214499999611738,0.7695089999135591,0.581988741590682,,0.0,0.0,0.0,0.0,False,False,False
21,1773733506.058137,1773733506058139972,-0.42,8.409937492055881e-20,0.8749994277780444,-0.032749999999999946,0.4214499999611738,0.7695089999135591,0.581988741590682,,0.0,0.0,0.0,0.0,False,False,False
22,1773733506.1107366,1773733506110740446,-0.42,8.409937492055881e-20,0.8749994277780444,-0.032749999999999946,0.4214499999611738,0.7695089999135591,0.581988741590682,,0.0,0.0,0.0,0.0,False,False,False
23,1773733506.15808,1773733506158083230,-0.42,8.409937492055881e-20,0.8749994277780444,-0.032749999999999946,0.4214499999611738,0.7695089999135591,0.581988741590682,,0.0,0.0,0.0,0.0,False,False,False
24,1773733506.207982,1773733506207985065,-0.42,8.409937492055881e-20,0.8749994277780444,-0.032749999999999946,0.4214499999611738,0.7695089999135591,0.581988741590682,,0.0,0.0,0.0,0.0,False,False,False
25,1773733506.2579398,1773733506257943169,-0.42,8.409937492055881e-20,0.8749994277780444,-0.032749999999999946,0.4214499999611738,0.7695089999135591,0.581988741590682,,0.0,0.0,0.0,0.0,False,False,False
26,1773733506.3079653,1773733506307967503,-0.42,8.409937492055881e-20,0.8749994277780444,-0.032749999999999946,0.4214499999611738,0.7695089999135591,0.581988741590682,,0.0,0.0,0.0,0.0,False,False,False
27,1773733506.357922,1773733506357924507,-0.42,8.409937492055881e-20,0.8749994277780444,-0.032749999999999946,0.4214499999611738,0.7695089999135591,0.581988741590682,,0.0,0.0,0.0,0.0,False,False,False
28,1773733506.4080522,1773733506408055350,-0.42,8.409937492055881e-20,0.8749994277780444,-0.032749999999999946,0.4214499999611738,0.7695089999135591,0.581988741590682,,0.0,0.0,0.0,0.0,False,False,False
29,1773733506.458016,1773733506458019344,-0.42,8.409937492055881e-20,0.8749994277780444,-0.032749999999999946,0.4214499999611738,0.7695089999135591,0.581988741590682,,0.0,0.0,0.0,0.0,False,False,False
30,1773733506.5084622,1773733506508464265,-0.42,8.409937492055881e-20,0.8749994277780444,-0.032749999999999946,0.4214499999611738,0.7695089999135591,0.581988741590682,,0.0,0.0,0.0,0.0,False,False,False
31,1773733506.5579627,1773733506557966032,-0.42,8.409937492055881e-20,0.8749994277780444,-0.032749999999999946,0.4214499999611738,0.7695089999135591,0.581988741590682,,0.0,0.0,0.0,0.0,False,False,False
32,1773733506.608036,1773733506608039646,-0.42,8.409937492055881e-20,0.8749994277780444,-0.032749999999999946,0.4214499999611738,0.7695089999135591,0.581988741590682,,0.0,0.0,0.0,0.0,False,False,False
33,1773733506.6579773,1773733506657979430,-0.42,8.409937492055881e-20,0.8749994277780444,-0.032749999999999946,0.4214499999611738,0.7695089999135591,0.581988741590682,,0.0,0.0,0.0,0.0,False,False,False
34,1773733506.708064,1773733506708066674,-0.42,8.409937492055881e-20,0.8749994277780444,-0.032749999999999946,0.4214499999611738,0.7695089999135591,0.581988741590682,,0.0,0.0,0.0,0.0,False,False,False
35,1773733506.7579575,1773733506757959758,-0.42,8.409937492055881e-20,0.8749994277780444,-0.032749999999999946,0.4214499999611738,0.7695089999135591,0.581988741590682,,0.0,0.0,0.0,0.0,False,False,False
36,1773733506.8107097,1773733506810712871,-0.42,8.409937492055881e-20,0.8749994277780444,-0.032749999999999946,0.4214499999611738,0.7695089999135591,0.581988741590682,,0.0,0.0,0.0,0.0,False,False,False
37,1773733506.8580053,1773733506858007846,-0.42,8.409937492055881e-20,0.8749994277780444,-0.032749999999999946,0.4214499999611738,0.7695089999135591,0.581988741590682,,0.0,0.0,0.0,0.0,False,False,False
38,1773733506.9079885,1773733506907991490,-0.42,8.409937492055881e-20,0.8749994277780444,-0.032749999999999946,0.4214499999611738,0.7695089999135591,0.581988741590682,,0.0,0.0,0.0,0.0,False,False,False
39,1773733506.9579175,1773733506957919744,-0.42,8.409937492055881e-20,0.8749994277780444,-0.032749999999999946,0.4214499999611738,0.7695089999135591,0.581988741590682,,0.0,0.0,0.0,0.0,False,False,False
40,1773733507.0080936,1773733507008097027,-0.42,8.409937492055881e-20,0.8749994277780444,-0.032749999999999946,0.4214499999611738,0.7695089999135591,0.581988741590682,,0.0,0.0,0.0,0.0,False,False,False
41,1773733507.0579913,1773733507057993902,-0.42,8.409937492055881e-20,0.8749994277780444,-0.032749999999999946,0.4214499999611738,0.7695089999135591,0.581988741590682,,0.0,0.0,0.0,0.0,False,False,False
42,1773733507.1093292,1773733507109331896,-0.42,8.409937492055881e-20,0.8749994277780444,-0.032749999999999946,0.4214499999611738,0.7695089999135591,0.581988741590682,,0.0,0.0,0.0,0.0,False,False,False
43,1773733507.1581001,1773733507158105069,-0.42,8.409937492055881e-20,0.8749994277780444,-0.032749999999999946,0.4214499999611738,0.7695089999135591,0.581988741590682,,0.0,0.0,0.0,0.0,False,False,False
44,1773733507.2093122,1773733507209314634,-0.42,8.409937492055881e-20,0.8749994277780444,-0.032749999999999946,0.4214499999611738,0.7695089999135591,0.581988741590682,,0.0,0.0,0.0,0.0,False,False,False
45,1773733507.2580025,1773733507258005148,-0.42,8.409937492055881e-20,0.8749994277780444,-0.032749999999999946,0.4214499999611738,0.7695089999135591,0.581988741590682,,0.0,0.0,0.0,0.0,False,False,False
46,1773733507.3080244,1773733507308028092,-0.42,8.409937492055881e-20,0.8749994277780444,-0.032749999999999946,0.4214499999611738,0.7695089999135591,0.581988741590682,,0.0,0.0,0.0,0.0,False,False,False
47,1773733507.357958,1773733507357960977,-0.42,8.409937492055881e-20,0.8749994277780444,-0.032749999999999946,0.4214499999611738,0.7695089999135591,0.581988741590682,,0.0,0.0,0.0,0.0,False,False,False
48,1773733507.4079719,1773733507407975311,-0.42,8.409937492055881e-20,0.8749994277780444,-0.032749999999999946,0.4214499999611738,0.7695089999135591,0.581988741590682,,0.0,0.0,0.0,0.0,False,False,False
49,1773733507.4580076,1773733507458010035,-0.42,8.409937492055881e-20,0.8749994277780444,-0.032749999999999946,0.4214499999611738,0.7695089999135591,0.581988741590682,,0.0,0.0,0.0,0.0,False,False,False
50,1773733507.5080214,1773733507508024469,-0.42,8.409937492055881e-20,0.8749994277780444,-0.032749999999999946,0.4214499999611738,0.7695089999135591,0.581988741590682,,0.0,0.0,0.0,0.0,False,False,False
51,1773733507.5580096,1773733507558012593,-0.42,8.409937492055881e-20,0.8749994277780444,-0.032749999999999946,0.4214499999611738,0.7695089999135591,0.581988741590682,,0.0,0.0,0.0,0.0,False,False,False
52,1773733507.6079586,1773733507607962677,-0.42,8.409937492055881e-20,0.8749994277780444,-0.032749999999999946,0.4214499999611738,0.7695089999135591,0.581988741590682,,0.0,0.0,0.0,0.0,False,False,False
53,1773733507.6585972,1773733507658600237,-0.42,8.409937492055881e-20,0.8749994277780444,-0.032749999999999946,0.4214499999611738,0.7695089999135591,0.581988741590682,,0.0,0.0,0.0,0.0,False,False,False
54,1773733507.707999,1773733507708001585,-0.42,8.409937492055881e-20,0.8749994277780444,-0.032749999999999946,0.4214499999611738,0.7695089999135591,0.581988741590682,,0.0,0.0,0.0,0.0,False,False,False
55,1773733507.7579627,1773733507757965710,-0.42,8.409937492055881e-20,0.8749994277780444,-0.032749999999999946,0.4214499999611738,0.7695089999135591,0.581988741590682,,0.0,0.0,0.0,0.0,False,False,False
56,1773733507.8080122,1773733507808015413,-0.42,8.409937492055881e-20,0.8749994277780444,-0.032749999999999946,0.4214499999611738,0.7695089999135591,0.581988741590682,,0.0,0.0,0.0,0.0,False,False,False
57,1773733507.8580053,1773733507858007948,-0.42,8.409937492055881e-20,0.8749994277780444,-0.032749999999999946,0.4214499999611738,0.7695089999135591,0.581988741590682,,0.0,0.0,0.0,0.0,False,False,False
58,1773733507.9083354,1773733507908337959,-0.42,8.409937492055881e-20,0.8749994277780444,-0.032749999999999946,0.4214499999611738,0.7695089999135591,0.581988741590682,,0.0,0.0,0.0,0.0,False,False,False
59,1773733507.9580765,1773733507958080775,-0.42,8.409937492055881e-20,0.8749994277780444,-0.032749999999999946,0.4214499999611738,0.7695089999135591,0.581988741590682,,0.0,0.0,0.0,0.0,False,False,False
60,1773733508.0080693,1773733508008072609,-0.42,8.409937492055881e-20,0.8749994277780444,-0.032749999999999946,0.4214499999611738,0.7695089999135591,0.581988741590682,,0.0,0.0,0.0,0.0,False,False,False
61,1773733508.057934,1773733508057936435,-0.42,8.409937492055881e-20,0.8749994277780444,-0.032749999999999946,0.4214499999611738,0.7695089999135591,0.581988741590682,,0.0,0.0,0.0,0.0,False,False,False
62,1773733508.1080081,1773733508108011768,-0.42,8.409937492055881e-20,0.8749994277780444,-0.032749999999999946,0.4214499999611738,0.7695089999135591,0.581988741590682,,0.0,0.0,0.0,0.0,False,False,False
63,1773733508.1593761,1773733508159378763,-0.42,8.409937492055881e-20,0.8749994277780444,-0.032749999999999946,0.4214499999611738,0.7695089999135591,0.581988741590682,,0.0,0.0,0.0,0.0,False,False,False
64,1773733508.2080588,1773733508208062197,-0.42,8.409937492055881e-20,0.8749994277780444,-0.032749999999999946,0.4214499999611738,0.7695089999135591,0.581988741590682,,0.0,0.0,0.0,0.0,False,False,False
65,1773733508.257962,1773733508257965132,-0.42,8.409937492055881e-20,0.8749994277780444,-0.032749999999999946,0.4214499999611738,0.7695089999135591,0.581988741590682,,0.0,0.0,0.0,0.0,False,False,False
66,1773733508.3103576,1773733508310360688,-0.42,8.409937492055881e-20,0.8749994277780444,-0.032749999999999946,0.4214499999611738,0.7695089999135591,0.581988741590682,,0.0,0.0,0.0,0.0,False,False,False
67,1773733508.358037,1773733508358040300,-0.42,8.409937492055881e-20,0.8749994277780444,-0.032749999999999946,0.4214499999611738,0.7695089999135591,0.581988741590682,,0.0,0.0,0.0,0.0,False,False,False
68,1773733508.4080186,1773733508408021384,-0.42,8.409937492055881e-20,0.8749994277780444,-0.032749999999999946,0.4214499999611738,0.7695089999135591,0.581988741590682,,0.0,0.0,0.0,0.0,False,False,False
69,1773733508.4580836,1773733508458088128,-0.42,8.409937492055881e-20,0.8749994277780444,-0.032749999999999946,0.4214499999611738,0.7695089999135591,0.581988741590682,,0.0,0.0,0.0,0.0,False,False,False
70,1773733508.507938,1773733508507941003,-0.42,8.409937492055881e-20,0.8749994277780444,-0.0327536725426405,0.4214497696946069,0.7695053225892696,0.5819867977320706,,0.0,5.202240485484893e-06,0.0,5.202240485484893e-06,False,False,False
71,1773733508.5600035,1773733508560007392,-0.42,8.409937492055881e-20,0.8749994277780444,-0.0327536725426405,0.4214497696946069,0.7695053225892696,0.5819867977320706,,0.0,5.202240485484893e-06,0.0,0.0,False,False,False
72,1773733508.608035,1773733508608039571,-0.42,8.409937492055881e-20,0.8749994277780444,-0.0327536725426405,0.4214497696946069,0.7695053225892696,0.5819867977320706,,0.0,5.202240485484893e-06,0.0,0.0,False,False,False
73,1773733508.6579802,1773733508657982586,-0.42,8.409937492055881e-20,0.8749994277780444,-0.0328857424455804,0.42144147318557673,0.7693731432172701,0.581916897600381,,0.0,0.0001922388081548889,0.0,0.00018703656783320254,False,False,False
74,1773733508.7082047,1773733508708208239,-0.42,8.409937492055881e-20,0.8749994277780444,-0.0328857424455804,0.42144147318557673,0.7693731432172701,0.581916897600381,,0.0,0.0001922388081548889,0.0,0.0,False,False,False
75,1773733508.7580092,1773733508758012134,-0.42,8.409937492055881e-20,0.8749994277780444,-0.0328857424455804,0.42144147318557673,0.7693731432172701,0.581916897600381,,0.0,0.0001922388081548889,0.0,0.0,False,False,False
76,1773733508.8080773,1773733508808081128,-0.42,8.409937492055881e-20,0.8749994277780444,-0.0328857424455804,0.42144147318557673,0.7693731432172701,0.581916897600381,,0.0,0.0001922388081548889,0.0,0.0,False,False,False
77,1773733508.8584516,1773733508858454720,-0.42,8.409937492055881e-20,0.8749994277780444,-0.0328857424455804,0.42144147318557673,0.7693731432172701,0.581916897600381,,0.0,0.0001922388081548889,0.0,0.0,False,False,False
78,1773733508.9080522,1773733508908055147,-0.42,8.409937492055881e-20,0.8749994277780444,-0.03352921140730358,0.4214006130488605,0.7687308772355052,0.5815764368918571,,0.0,0.0011023086620733224,0.0,0.0009100700230235631,False,False,False
79,1773733508.958023,1773733508958025841,-0.42,8.409937492055881e-20,0.8749994277780444,-0.03352921140730358,0.4214006130488605,0.7687308772355052,0.5815764368918571,,0.0,0.0011023086620733224,0.0,0.0,False,False,False
80,1773733509.0079894,1773733509007991806,-0.42,8.409937492055881e-20,0.8749994277780444,-0.03352921140730358,0.4214006130488605,0.7687308772355052,0.5815764368918571,,0.0,0.0011023086620733224,0.0,0.0,False,False,False
81,1773733509.0580485,1773733509058051920,-0.42,8.409937492055881e-20,0.8749994277780444,-0.03352921140730358,0.4214006130488605,0.7687308772355052,0.5815764368918571,,0.0,0.0011023086620733224,0.0,0.0,False,False,False
82,1773733509.1080596,1773733509108063815,-0.42,8.409937492055881e-20,0.8749994277780444,-0.03517957608287192,0.42129251187433475,0.7670966683972998,0.5807040078276743,,0.0,0.0034273876034521793,0.0,0.0023250866549799775,False,False,False
83,1773733509.1579435,1773733509157946170,-0.42,8.409937492055881e-20,0.8749994277780444,-0.03517957608287192,0.42129251187433475,0.7670966683972998,0.5807040078276743,,0.0,0.0034273876034521793,0.0,0.0,False,False,False
84,1773733509.209168,1773733509209171455,-0.42,8.409937492055881e-20,0.8749994277780444,-0.03517957608287192,0.42129251187433475,0.7670966683972998,0.5807040078276743,,0.0,0.0034273876034521793,0.0,0.0,False,False,False
85,1773733509.2581851,1773733509258189727,-0.42,8.409937492055881e-20,0.8749994277780444,-0.03517957608287192,0.42129251187433475,0.7670966683972998,0.5807040078276743,,0.0,0.0034273876034521793,0.0,0.0,False,False,False
86,1773733509.3080397,1773733509308042323,-0.42,8.409937492055881e-20,0.8749994277780444,-0.03833558617634403,0.4210727209005077,0.7640230381381943,0.5790386171261875,,0.0,0.007838168728966458,0.0,0.004410885483886767,False,False,False
87,1773733509.3579898,1773733509357992818,-0.42,8.409937492055881e-20,0.8749994277780444,-0.03833558617634403,0.4210727209005077,0.7640230381381943,0.5790386171261875,,0.0,0.007838168728966458,0.0,0.0,False,False,False
88,1773733509.4079728,1773733509407976492,-0.42,8.409937492055881e-20,0.8749994277780444,-0.03833558617634403,0.4210727209005077,0.7640230381381943,0.5790386171261875,,0.0,0.007838168728966458,0.0,0.0,False,False,False
89,1773733509.460447,1773733509460449818,-0.42,8.409937492055881e-20,0.8749994277780444,-0.04345846170054557,0.420680224684874,0.759173533985908,0.576342796587745,,0.0,0.014902535418837026,0.0,0.0070650971287584945,False,False,False
90,1773733509.507974,1773733509507977371,-0.42,8.409937492055881e-20,0.8749994277780444,-0.04345846170054557,0.420680224684874,0.759173533985908,0.576342796587745,,0.0,0.014902535418837026,0.0,0.0,False,False,False
91,1773733509.557956,1773733509557959856,-0.42,8.409937492055881e-20,0.8749994277780444,-0.04345846170054557,0.420680224684874,0.759173533985908,0.576342796587745,,0.0,0.014902535418837026,0.0,0.0,False,False,False
92,1773733509.6092455,1773733509609248651,-0.42,8.409937492055881e-20,0.8749994277780444,-0.04345846170054557,0.420680224684874,0.759173533985908,0.576342796587745,,0.0,0.014902535418837026,0.0,0.0,False,False,False
93,1773733509.658011,1773733509658014134,-0.42,8.409937492055881e-20,0.8749994277780444,-0.0509583610017178,0.4200283606391551,0.752369653880807,0.5724103567388016,,0.0,0.02504640994556317,0.0,0.010147226258757327,False,False,False
94,1773733509.7108111,1773733509710815448,-0.42,8.409937492055881e-20,0.8749994277780444,-0.0509583610017178,0.4200283606391551,0.752369653880807,0.5724103567388016,,0.0,0.02504640994556317,0.0,0.0,False,False,False
95,1773733509.7579746,1773733509757976564,-0.42,8.409937492055881e-20,0.8749994277780444,-0.0509583610017178,0.4200283606391551,0.752369653880807,0.5724103567388016,,0.0,0.02504640994556317,0.0,0.0,False,False,False
96,1773733509.808007,1773733509808009588,-0.42,8.409937492055881e-20,0.8749994277780444,-0.061191709581647324,0.41899716698687267,0.7436187279392119,0.5670651668953998,,0.0,0.038538985669478394,0.0,0.013504202617782929,False,False,False
97,1773733509.8590243,1773733509859027675,-0.42,8.409937492055881e-20,0.8749994277780444,-0.061191709581647324,0.41899716698687267,0.7436187279392119,0.5670651668953998,,0.0,0.038538985669478394,0.0,0.0,False,False,False
98,1773733509.9079742,1773733509907976477,-0.42,8.409937492055881e-20,0.8749994277780444,-0.061191709581647324,0.41899716698687267,0.7436187279392119,0.5670651668953998,,0.0,0.038538985669478394,0.0,0.0,False,False,False
99,1773733509.9579897,1773733509957993171,-0.42,8.409937492055881e-20,0.8749994277780444,-0.061191709581647324,0.41899716698687267,0.7436187279392119,0.5670651668953998,,0.0,0.038538985669478394,0.0,0.0,False,False,False
100,1773733510.0083742,1773733510008376743,-0.42,8.409937492055881e-20,0.8749994277780444,-0.07445865784289363,0.4174290535535583,0.73312640489864,0.5601551468221049,,0.0,0.05549300288404036,0.0,0.016987046202740587,False,False,False
101,1773733510.0580194,1773733510058021811,-0.42,8.409937492055881e-20,0.8749994277780444,-0.07445865784289363,0.4174290535535583,0.73312640489864,0.5601551468221049,,0.0,0.05549300288404036,0.0,0.0,False,False,False
102,1773733510.1081665,1773733510108170934,-0.42,8.409937492055881e-20,0.8749994277780444,-0.07445865784289363,0.4174290535535583,0.73312640489864,0.5601551468221049,,0.0,0.05549300288404036,0.0,0.0,False,False,False
103,1773733510.1579733,1773733510157975650,-0.42,8.409937492055881e-20,0.8749994277780444,-0.09097759504007152,0.41513021039351083,0.7212926679279973,0.5515565270854618,,0.0,0.07586308215774011,0.0,0.02044987277929036,False,False,False
104,1773733510.2098403,1773733510209842411,-0.42,8.409937492055881e-20,0.8749994277780444,-0.09097759504007152,0.41513021039351083,0.7212926679279973,0.5515565270854618,,0.0,0.07586308215774011,0.0,0.0,False,False,False
105,1773733510.259903,1773733510259905565,-0.42,8.409937492055881e-20,0.8749994277780444,-0.09097759504007152,0.41513021039351083,0.7212926679279973,0.5515565270854618,,0.0,0.07586308215774011,0.0,0.0,False,False,False
106,1773733510.308042,1773733510308044923,-0.42,8.409937492055881e-20,0.8749994277780444,-0.11085433222965335,0.4118783138416994,0.7086900837559296,0.5411779626179554,,0.0,0.099452724702738,0.0,0.02375888550209038,False,False,False
107,1773733510.357963,1773733510357965129,-0.42,8.409937492055881e-20,0.8749994277780444,-0.11085433222965335,0.4118783138416994,0.7086900837559296,0.5411779626179554,,0.0,0.099452724702738,0.0,0.0,False,False,False
108,1773733510.4079945,1773733510407997063,-0.42,8.409937492055881e-20,0.8749994277780444,-0.11085433222965335,0.4118783138416994,0.7086900837559296,0.5411779626179554,,0.0,0.099452724702738,0.0,0.0,False,False,False
109,1773733510.4590456,1773733510459048630,-0.42,8.409937492055881e-20,0.8749994277780444,-0.13405869256193004,0.40743382270096584,0.6960256029409184,0.5289578254992974,,0.0,0.1259353566089998,0.0,0.026806434194871574,False,False,False
110,1773733510.5081923,1773733510508195911,-0.42,8.409937492055881e-20,0.8749994277780444,-0.13405869256193004,0.40743382270096584,0.6960256029409184,0.5289578254992974,,0.0,0.1259353566089998,0.0,0.0,False,False,False
111,1773733510.557995,1773733510557998957,-0.42,8.409937492055881e-20,0.8749994277780444,-0.13405869256193004,0.40743382270096584,0.6960256029409184,0.5289578254992974,,0.0,0.1259353566089998,0.0,0.0,False,False,False
112,1773733510.6079354,1773733510607938172,-0.42,8.409937492055881e-20,0.8749994277780444,-0.13405869256193004,0.40743382270096584,0.6960256029409184,0.5289578254992974,,0.0,0.1259353566089998,0.0,0.0,False,False,False
113,1773733510.66039,1773733510660393199,-0.42,8.409937492055881e-20,0.8749994277780444,-0.1603868746306406,0.4015578729963354,0.6840827203409761,0.5148756057612353,,0.0,0.15486935695054804,0.0,0.029501396590170533,False,False,False
114,1773733510.7080317,1773733510708034911,-0.42,8.409937492055881e-20,0.8749994277780444,-0.1603868746306406,0.4015578729963354,0.6840827203409761,0.5148756057612353,,0.0,0.15486935695054804,0.0,0.0,False,False,False
115,1773733510.7604654,1773733510760469238,-0.42,8.409937492055881e-20,0.8749994277780444,-0.1603868746306406,0.4015578729963354,0.6840827203409761,0.5148756057612353,,0.0,0.15486935695054804,0.0,0.0,False,False,False
116,1773733510.8080313,1773733510808034230,-0.42,8.409937492055881e-20,0.8749994277780444,-0.18934251725772477,0.3940672481480924,0.6736419533176873,0.49903577319573655,,0.0,0.18563814850666532,0.0,0.0316788307328273,False,False,False
117,1773733510.8580048,1773733510858007315,-0.42,8.409937492055881e-20,0.8749994277780444,-0.18934251725772477,0.3940672481480924,0.6736419533176873,0.49903577319573655,,0.0,0.18563814850666532,0.0,0.0,False,False,False
118,1773733510.9085512,1773733510908554456,-0.42,8.409937492055881e-20,0.8749994277780444,-0.18934251725772477,0.3940672481480924,0.6736419533176873,0.49903577319573655,,0.0,0.18563814850666532,0.0,0.0,False,False,False
119,1773733510.959312,1773733510959315575,-0.42,8.409937492055881e-20,0.8749994277780444,-0.22054688612015005,0.38472660453502894,0.6654125531922035,0.48137590599455843,,0.0,0.21783559954254875,0.0,0.033595881974341324,False,False,False
120,1773733511.0080082,1773733511008010519,-0.42,8.409937492055881e-20,0.8749994277780444,-0.22054688612015005,0.38472660453502894,0.6654125531922035,0.48137590599455843,,0.0,0.21783559954254875,0.0,0.0,False,False,False
121,1773733511.0579813,1773733511057984204,-0.42,8.409937492055881e-20,0.8749994277780444,-0.22054688612015005,0.38472660453502894,0.6654125531922035,0.48137590599455843,,0.0,0.21783559954254875,0.0,0.0,False,False,False
122,1773733511.1080136,1773733511108016939,-0.42,8.409937492055881e-20,0.8749994277780444,-0.22054688612015005,0.38472660453502894,0.6654125531922035,0.48137590599455843,,0.0,0.21783559954254875,0.0,0.0,False,False,False
123,1773733511.1579945,1773733511157997474,-0.42,8.409937492055881e-20,0.8749994277780444,-0.2527295067637835,0.37369964201999667,0.659767744827123,0.462553259311019,,0.0,0.2504280797903747,0.0,0.03448447237929601,False,False,False
124,1773733511.2080371,1773733511208040608,-0.42,8.409937492055881e-20,0.8749994277780444,-0.2527295067637835,0.37369964201999667,0.659767744827123,0.462553259311019,,0.0,0.2504280797903747,0.0,0.0,False,False,False
125,1773733511.2593665,1773733511259369153,-0.42,8.409937492055881e-20,0.8749994277780444,-0.2527295067637835,0.37369964201999667,0.659767744827123,0.462553259311019,,0.0,0.2504280797903747,0.0,0.0,False,False,False
126,1773733511.307976,1773733511307980389,-0.42,8.409937492055881e-20,0.8749994277780444,-0.28495141606777685,0.36118572921790754,0.6568909695621098,0.44301755107230506,,0.0,0.2827015340514614,0.0,0.03468609647594346,False,False,False
127,1773733511.3579767,1773733511357979814,-0.42,8.409937492055881e-20,0.8749994277780444,-0.28495141606777685,0.36118572921790754,0.6568909695621098,0.44301755107230506,,0.0,0.2827015340514614,0.0,0.0,False,False,False
128,1773733511.4088073,1773733511408809672,-0.42,8.409937492055881e-20,0.8749994277780444,-0.28495141606777685,0.36118572921790754,0.6568909695621098,0.44301755107230506,,0.0,0.2827015340514614,0.0,0.0,False,False,False
129,1773733511.457954,1773733511457957613,-0.42,8.409937492055881e-20,0.8749994277780444,-0.31655238875681035,0.34731963124682824,0.6568808114367763,0.4229752537867719,,0.0,0.31420409970170393,0.0,0.034509277752861195,False,False,False
130,1773733511.508049,1773733511508053008,-0.42,8.409937492055881e-20,0.8749994277780444,-0.31655238875681035,0.34731963124682824,0.6568808114367763,0.4229752537867719,,0.0,0.31420409970170393,0.0,0.0,False,False,False
131,1773733511.5579646,1773733511557967443,-0.42,8.409937492055881e-20,0.8749994277780444,-0.31655238875681035,0.34731963124682824,0.6568808114367763,0.4229752537867719,,0.0,0.31420409970170393,0.0,0.0,False,False,False
132,1773733511.6094444,1773733511609448347,-0.42,8.409937492055881e-20,0.8749994277780444,-0.31655238875681035,0.34731963124682824,0.6568808114367763,0.4229752537867719,,0.0,0.31420409970170393,0.0,0.0,False,False,False
133,1773733511.6579933,1773733511657996062,-0.42,8.409937492055881e-20,0.8749994277780444,-0.3469782417205698,0.3322003893452303,0.6597048591724743,0.40254319909098035,,0.0,0.3446183834530398,0.0,0.0340925101725415,False,False,False
134,1773733511.7079651,1773733511707967577,-0.42,8.409937492055881e-20,0.8749994277780444,-0.3469782417205698,0.3322003893452303,0.6597048591724743,0.40254319909098035,,0.0,0.3446183834530398,0.0,0.0,False,False,False
135,1773733511.7580085,1773733511758011802,-0.42,8.409937492055881e-20,0.8749994277780444,-0.3469782417205698,0.3322003893452303,0.6597048591724743,0.40254319909098035,,0.0,0.3446183834530398,0.0,0.0,False,False,False
136,1773733511.808012,1773733511808016037,-0.42,8.409937492055881e-20,0.8749994277780444,-0.37573923307532087,0.31591012469131885,0.6651819366609149,0.38181356962519303,,0.0,0.3737170258424074,0.0,0.03350471196737742,False,False,False
137,1773733511.8580403,1773733511858043612,-0.42,8.409937492055881e-20,0.8749994277780444,-0.37573923307532087,0.31591012469131885,0.6651819366609149,0.38181356962519303,,0.0,0.3737170258424074,0.0,0.0,False,False,False
138,1773733511.9080777,1773733511908082646,-0.42,8.409937492055881e-20,0.8749994277780444,-0.37573923307532087,0.31591012469131885,0.6651819366609149,0.38181356962519303,,0.0,0.3737170258424074,0.0,0.0,False,False,False
139,1773733511.9579387,1773733511957941192,-0.42,8.409937492055881e-20,0.8749994277780444,-0.40241824715902047,0.2985252909448213,0.6729871091167349,0.36088148228687206,,0.0,0.40134968848545494,0.0,0.03278601765900662,False,False,False
140,1773733512.0080335,1773733512008036606,-0.42,8.409937492055881e-20,0.8749994277780444,-0.40241824715902047,0.2985252909448213,0.6729871091167349,0.36088148228687206,,0.0,0.40134968848545494,0.0,0.0,False,False,False
141,1773733512.0580132,1773733512058015701,-0.42,8.409937492055881e-20,0.8749994277780444,-0.40241824715902047,0.2985252909448213,0.6729871091167349,0.36088148228687206,,0.0,0.40134968848545494,0.0,0.0,False,False,False
142,1773733512.107956,1773733512107959847,-0.42,8.409937492055881e-20,0.8749994277780444,-0.42669233626027947,0.280123460094269,0.6826736663131533,0.33985752718287165,,0.0,0.4274390369753946,0.0,0.031963857255776953,False,False,False
143,1773733512.1580307,1773733512158033391,-0.42,8.409937492055881e-20,0.8749994277780444,-0.42669233626027947,0.280123460094269,0.6826736663131533,0.33985752718287165,,0.0,0.4274390369753946,0.0,0.0,False,False,False
144,1773733512.2079673,1773733512207970087,-0.42,8.409937492055881e-20,0.8749994277780444,-0.42669233626027947,0.280123460094269,0.6826736663131533,0.33985752718287165,,0.0,0.4274390369753946,0.0,0.0,False,False,False
145,1773733512.259581,1773733512259584350,-0.42,8.409937492055881e-20,0.8749994277780444,-0.42669233626027947,0.280123460094269,0.6826736663131533,0.33985752718287165,,0.0,0.4274390369753946,0.0,0.0,False,False,False
146,1773733512.307966,1773733512307970487,-0.42,8.409937492055881e-20,0.8749994277780444,-0.44835134855554826,0.2607874682090835,0.6937065261233879,0.318874612865601,,0.0,0.4519767085402647,0.0,0.031059900054295944,False,False,False
147,1773733512.3580928,1773733512358096631,-0.42,8.409937492055881e-20,0.8749994277780444,-0.44835134855554826,0.2607874682090835,0.6937065261233879,0.318874612865601,,0.0,0.4519767085402647,0.0,0.0,False,False,False
148,1773733512.4111986,1773733512411200933,-0.42,8.409937492055881e-20,0.8749994277780444,-0.44835134855554826,0.2607874682090835,0.6937065261233879,0.318874612865601,,0.0,0.4519767085402647,0.0,0.0,False,False,False
149,1773733512.457986,1773733512457988852,-0.42,8.409937492055881e-20,0.8749994277780444,-0.46730647517344703,0.24060794615571748,0.7055013908298938,0.2980933928752619,,0.0,0.4750159497957449,0.0,0.030093666590291702,False,False,False
150,1773733512.5079548,1773733512507957797,-0.42,8.409937492055881e-20,0.8749994277780444,-0.46730647517344703,0.24060794615571748,0.7055013908298938,0.2980933928752619,,0.0,0.4750159497957449,0.0,0.0,False,False,False
151,1773733512.558848,1773733512558850535,-0.42,8.409937492055881e-20,0.8749994277780444,-0.46730647517344703,0.24060794615571748,0.7055013908298938,0.2980933928752619,,0.0,0.4750159497957449,0.0,0.0,False,False,False
152,1773733512.6084752,1773733512608477923,-0.42,8.409937492055881e-20,0.8749994277780444,-0.4835865880333392,0.2196844784611393,0.7174644163652338,0.27770812749233453,,0.0,0.4966604407967705,0.0,0.029085177583368475,False,False,False
153,1773733512.6579792,1773733512657981502,-0.42,8.409937492055881e-20,0.8749994277780444,-0.4835865880333392,0.2196844784611393,0.7174644163652338,0.27770812749233453,,0.0,0.4966604407967705,0.0,0.0,False,False,False
154,1773733512.709738,1773733512709741114,-0.42,8.409937492055881e-20,0.8749994277780444,-0.4835865880333392,0.2196844784611393,0.7174644163652338,0.27770812749233453,,0.0,0.4966604407967705,0.0,0.0,False,False,False
155,1773733512.7580028,1773733512758005442,-0.42,8.409937492055881e-20,0.8749994277780444,-0.4835865880333392,0.2196844784611393,0.7174644163652338,0.27770812749233453,,0.0,0.4966604407967705,0.0,0.0,False,False,False
156,1773733512.8079877,1773733512807990637,-0.42,8.409937492055881e-20,0.8749994277780444,-0.4973231433728085,0.19812564408371128,0.7290278311230204,0.25795415556771784,,0.0,0.517049996129991,0.0,0.028056886020516786,False,False,False
157,1773733512.8601491,1773733512860152266,-0.42,8.409937492055881e-20,0.8749994277780444,-0.4973231433728085,0.19812564408371128,0.7290278311230204,0.25795415556771784,,0.0,0.517049996129991,0.0,0.0,False,False,False
158,1773733512.908054,1773733512908057457,-0.42,8.409937492055881e-20,0.8749994277780444,-0.4973231433728085,0.19812564408371128,0.7290278311230204,0.25795415556771784,,0.0,0.517049996129991,0.0,0.0,False,False,False
159,1773733512.9579675,1773733512957969912,-0.42,8.409937492055881e-20,0.8749994277780444,-0.4973231433728085,0.19812564408371128,0.7290278311230204,0.25795415556771784,,0.0,0.517049996129991,0.0,0.0,False,False,False
160,1773733513.00795,1773733513007953917,-0.42,8.409937492055881e-20,0.8749994277780444,-0.5087165437018073,0.17604739306175038,0.7396740449468497,0.23911559750179937,,0.0,0.536336382072243,0.0,0.027029624637205808,False,False,False
161,1773733513.0592835,1773733513059288013,-0.42,8.409937492055881e-20,0.8749994277780444,-0.5087165437018073,0.17604739306175038,0.7396740449468497,0.23911559750179937,,0.0,0.536336382072243,0.0,0.0,False,False,False
162,1773733513.1080785,1773733513108082227,-0.42,8.409937492055881e-20,0.8749994277780444,-0.5087165437018073,0.17604739306175038,0.7396740449468497,0.23911559750179937,,0.0,0.536336382072243,0.0,0.0,False,False,False
163,1773733513.1581836,1773733513158188571,-0.42,8.409937492055881e-20,0.8749994277780444,-0.517849458415605,0.15572086469363813,0.7485754546181408,0.22317375563156525,,0.0,0.5535085105070933,0.0,0.023996103450463137,False,False,False
164,1773733513.2080586,1773733513208061568,-0.42,8.409937492055881e-20,0.8749994277780444,-0.517849458415605,0.15572086469363813,0.7485754546181408,0.22317375563156525,,0.0,0.5535085105070933,0.0,0.0,False,False,False
165,1773733513.257941,1773733513257943274,-0.42,8.409937492055881e-20,0.8749994277780444,-0.517849458415605,0.15572086469363813,0.7485754546181408,0.22317375563156525,,0.0,0.5535085105070933,0.0,0.0,False,False,False
166,1773733513.3079436,1773733513307946989,-0.42,8.409937492055881e-20,0.8749994277780444,-0.5249754986951265,0.13933132456685288,0.7555065538534117,0.21145122428260466,,0.0,0.567514719692432,0.0,0.019168662244456167,False,False,False
167,1773733513.3581316,1773733513358135893,-0.42,8.409937492055881e-20,0.8749994277780444,-0.5249754986951265,0.13933132456685288,0.7555065538534117,0.21145122428260466,,0.0,0.567514719692432,0.0,0.0,False,False,False
168,1773733513.407959,1773733513407961509,-0.42,8.409937492055881e-20,0.8749994277780444,-0.5249754986951265,0.13933132456685288,0.7555065538534117,0.21145122428260466,,0.0,0.567514719692432,0.0,0.0,False,False,False
169,1773733513.457912,1773733513457914695,-0.42,8.409937492055881e-20,0.8749994277780444,-0.5305727714085569,0.12601723644781124,0.7609511283493305,0.20276512585130144,,0.0,0.5789484145031822,0.0,0.015434953699694979,False,False,False
170,1773733513.508041,1773733513508043579,-0.42,8.409937492055881e-20,0.8749994277780444,-0.5305727714085569,0.12601723644781124,0.7609511283493305,0.20276512585130144,,0.0,0.5789484145031822,0.0,0.0,False,False,False
171,1773733513.558001,1773733513558003135,-0.42,8.409937492055881e-20,0.8749994277780444,-0.5305727714085569,0.12601723644781124,0.7609511283493305,0.20276512585130144,,0.0,0.5789484145031822,0.0,0.0,False,False,False
172,1773733513.6080155,1773733513608018020,-0.42,8.409937492055881e-20,0.8749994277780444,-0.5305727714085569,0.12601723644781124,0.7609511283493305,0.20276512585130144,,0.0,0.5789484145031822,0.0,0.0,False,False,False
173,1773733513.6579344,1773733513657938395,-0.42,8.409937492055881e-20,0.8749994277780444,-0.5349247854487376,0.11533757985320374,0.7651733599627699,0.19639813850593846,,0.0,0.5881352962190136,0.0,0.012280974349871443,False,False,False
174,1773733513.7080688,1773733513708071750,-0.42,8.409937492055881e-20,0.8749994277780444,-0.5349247854487376,0.11533757985320374,0.7651733599627699,0.19639813850593846,,0.0,0.5881352962190136,0.0,0.0,False,False,False
175,1773733513.75793,1773733513757931956,-0.42,8.409937492055881e-20,0.8749994277780444,-0.5349247854487376,0.11533757985320374,0.7651733599627699,0.19639813850593846,,0.0,0.5881352962190136,0.0,0.0,False,False,False
176,1773733513.807973,1773733513807975431,-0.42,8.409937492055881e-20,0.8749994277780444,-0.5382256862424232,0.10702531119723961,0.7683567700873241,0.1918446938638075,,0.0,0.5952897461909772,0.0,0.009493358535302025,False,False,False
177,1773733513.8581772,1773733513858181754,-0.42,8.409937492055881e-20,0.8749994277780444,-0.5382256862424232,0.10702531119723961,0.7683567700873241,0.1918446938638075,,0.0,0.5952897461909772,0.0,0.0,False,False,False
178,1773733513.9080102,1773733513908012521,-0.42,8.409937492055881e-20,0.8749994277780444,-0.5382256862424232,0.10702531119723961,0.7683567700873241,0.1918446938638075,,0.0,0.5952897461909772,0.0,0.0,False,False,False
179,1773733513.9579868,1773733513957989197,-0.42,8.409937492055881e-20,0.8749994277780444,-0.5382256862424232,0.10702531119723961,0.7683567700873241,0.1918446938638075,,0.0,0.5952897461909772,0.0,0.0,False,False,False
180,1773733514.0080059,1773733514008009372,-0.42,8.409937492055881e-20,0.8749994277780444,-0.540628065157322,0.10085609778838656,0.7706554992185617,0.18870807611738863,,0.0,0.6006012767543673,0.0,0.007008193358742552,False,False,False
181,1773733514.058054,1773733514058055767,-0.42,8.409937492055881e-20,0.8749994277780444,-0.540628065157322,0.10085609778838656,0.7706554992185617,0.18870807611738863,,0.0,0.6006012767543673,0.0,0.0,False,False,False
182,1773733514.1080313,1773733514108034072,-0.42,8.409937492055881e-20,0.8749994277780444,-0.540628065157322,0.10085609778838656,0.7706554992185617,0.18870807611738863,,0.0,0.6006012767543673,0.0,0.0,False,False,False
183,1773733514.1580596,1773733514158063697,-0.42,8.409937492055881e-20,0.8749994277780444,-0.5422696062943617,0.09658249378303459,0.7722139673119642,0.18666249117579103,,0.0,0.6042817576407475,0.0,0.00483602846324418,False,False,False
184,1773733514.2103941,1773733514210395955,-0.42,8.409937492055881e-20,0.8749994277780444,-0.5422696062943617,0.09658249378303459,0.7722139673119642,0.18666249117579103,,0.0,0.6042817576407475,0.0,0.0,False,False,False
185,1773733514.2580764,1773733514258079488,-0.42,8.409937492055881e-20,0.8749994277780444,-0.5422696062943617,0.09658249378303459,0.7722139673119642,0.18666249117579103,,0.0,0.6042817576407475,0.0,0.0,False,False,False
186,1773733514.3079066,1773733514307908395,-0.42,8.409937492055881e-20,0.8749994277780444,-0.5432908696332361,0.09389993699421408,0.7731774053036832,0.18543344078996735,,0.0,0.6065925160382599,0.0,0.0030277553561117473,False,False,False
187,1773733514.3580675,1773733514358070809,-0.42,8.409937492055881e-20,0.8749994277780444,-0.5432908696332361,0.09389993699421408,0.7731774053036832,0.18543344078996735,,0.0,0.6065925160382599,0.0,0.0,False,False,False
188,1773733514.407984,1773733514407987675,-0.42,8.409937492055881e-20,0.8749994277780444,-0.5432908696332361,0.09389993699421408,0.7731774053036832,0.18543344078996735,,0.0,0.6065925160382599,0.0,0.0,False,False,False
189,1773733514.4580724,1773733514458075310,-0.42,8.409937492055881e-20,0.8749994277780444,-0.5432908696332361,0.09389993699421408,0.7731774053036832,0.18543344078996735,,0.0,0.6065925160382599,0.0,0.0,False,False,False
190,1773733514.508014,1773733514508016876,-0.42,8.409937492055881e-20,0.8749994277780444,-0.5438483889700709,0.09242751746330369,0.7737010978607699,0.18477722012991832,,0.0,0.6078609469953323,0.0,0.0016592471124878014,False,False,False
191,1773733514.5592473,1773733514559249882,-0.42,8.409937492055881e-20,0.8749994277780444,-0.5438483889700709,0.09242751746330369,0.7737010978607699,0.18477722012991832,,0.0,0.6078609469953323,0.0,0.0,False,False,False
192,1773733514.6080635,1773733514608066406,-0.42,8.409937492055881e-20,0.8749994277780444,-0.5438483889700709,0.09242751746330369,0.7737010978607699,0.18477722012991832,,0.0,0.6078609469953323,0.0,0.0,False,False,False
193,1773733514.6580234,1773733514658025832,-0.42,8.409937492055881e-20,0.8749994277780444,-0.5438483889700709,0.09242751746330369,0.7737010978607699,0.18477722012991832,,0.0,0.6078609469953323,0.0,0.0,False,False,False
194,1773733514.7079291,1773733514707931488,-0.42,8.409937492055881e-20,0.8749994277780444,-0.5441196669712015,0.09170880563344158,0.7739552849766265,0.18446169129179013,,0.0,0.6084800415673295,0.0,0.000809165952168416,False,False,False
195,1773733514.7580106,1773733514758014152,-0.42,8.409937492055881e-20,0.8749994277780444,-0.5441196669712015,0.09170880563344158,0.7739552849766265,0.18446169129179013,,0.0,0.6084800415673295,0.0,0.0,False,False,False
196,1773733514.8080125,1773733514808014388,-0.42,8.409937492055881e-20,0.8749994277780444,-0.5441196669712015,0.09170880563344158,0.7739552849766265,0.18446169129179013,,0.0,0.6084800415673295,0.0,0.0,False,False,False
197,1773733514.8596916,1773733514859694931,-0.42,8.409937492055881e-20,0.8749994277780444,-0.5442492125079639,0.09136505530329318,0.7740765166800198,0.18431189360408293,,0.0,0.6087761306880184,0.0,0.0003868377715267996,False,False,False
198,1773733514.908022,1773733514908025569,-0.42,8.409937492055881e-20,0.8749994277780444,-0.5442492125079639,0.09136505530329318,0.7740765166800198,0.18431189360408293,,0.0,0.6087761306880184,0.0,0.0,False,False,False
199,1773733514.958056,1773733514958060154,-0.42,8.409937492055881e-20,0.8749994277780444,-0.5442492125079639,0.09136505530329318,0.7740765166800198,0.18431189360408293,,0.0,0.6087761306880184,0.0,0.0,False,False,False
200,1773733515.00807,1773733515008073079,-0.42,8.409937492055881e-20,0.8749994277780444,-0.5442492125079639,0.09136505530329318,0.7740765166800198,0.18431189360408293,,0.0,0.6087761306880184,0.0,0.0,False,False,False
201,1773733515.0580492,1773733515058053915,-0.42,8.409937492055881e-20,0.8749994277780444,-0.5443111270204573,0.09120064243999633,0.774134422362699,0.18424050260461725,,0.0,0.6089177443254745,0.0,0.00018498125462142054,False,False,False
202,1773733515.110062,1773733515110063935,-0.42,8.409937492055881e-20,0.8749994277780444,-0.5443111270204573,0.09120064243999633,0.774134422362699,0.18424050260461725,,0.0,0.6089177443254745,0.0,0.0,False,False,False
203,1773733515.1580162,1773733515158019506,-0.42,8.409937492055881e-20,0.8749994277780444,-0.5443111270204573,0.09120064243999633,0.774134422362699,0.18424050260461725,,0.0,0.6089177443254745,0.0,0.0,False,False,False
204,1773733515.2080846,1773733515208087801,-0.42,8.409937492055881e-20,0.8749994277780444,-0.5443407298948237,0.09112200472117886,0.774162100373543,0.18420641534231827,,0.0,0.6089854765899458,0.0,8.846633979008808e-05,False,False,False
205,1773733515.2580028,1773733515258005668,-0.42,8.409937492055881e-20,0.8749994277780444,-0.5443407298948237,0.09112200472117886,0.774162100373543,0.18420641534231827,,0.0,0.6089854765899458,0.0,0.0,False,False,False
206,1773733515.3079653,1773733515307967613,-0.42,8.409937492055881e-20,0.8749994277780444,-0.5443407298948237,0.09112200472117886,0.774162100373543,0.18420641534231827,,0.0,0.6089854765899458,0.0,0.0,False,False,False
207,1773733515.3580184,1773733515358021249,-0.42,8.409937492055881e-20,0.8749994277780444,-0.5443407298948237,0.09112200472117886,0.774162100373543,0.18420641534231827,,0.0,0.6089854765899458,0.0,0.0,False,False,False
208,1773733515.4080744,1773733515408079214,-0.42,8.409937492055881e-20,0.8749994277780444,-0.5443548864272356,0.09108439264779802,0.7741753345390621,0.18419012497908763,,0.0,0.6090178724722268,0.0,4.231097506461732e-05,False,False,False
209,1773733515.4580567,1773733515458060960,-0.42,8.409937492055881e-20,0.8749994277780444,-0.5443548864272356,0.09108439264779802,0.7741753345390621,0.18419012497908763,,0.0,0.6090178724722268,0.0,0.0,False,False,False
210,1773733515.5080423,1773733515508045035,-0.42,8.409937492055881e-20,0.8749994277780444,-0.5443548864272356,0.09108439264779802,0.7741753345390621,0.18419012497908763,,0.0,0.6090178724722268,0.0,0.0,False,False,False
211,1773733515.558253,1773733515558256239,-0.42,8.409937492055881e-20,0.8749994277780444,-0.5443548864272356,0.09108439264779802,0.7741753345390621,0.18419012497908763,,0.0,0.6090178724722268,0.0,0.0,False,False,False
212,1773733515.6080604,1773733515608063796,-0.42,8.409937492055881e-20,0.8749994277780444,-0.5443616568972579,0.09106640293367146,0.7741816634518957,0.1841823364311355,,0.0,0.6090333672653175,0.0,2.0236704680682832e-05,False,False,False
213,1773733515.6580691,1773733515658074032,-0.42,8.409937492055881e-20,0.8749994277780444,-0.5443616568972579,0.09106640293367146,0.7741816634518957,0.1841823364311355,,0.0,0.6090333672653175,0.0,0.0,False,False,False
214,1773733515.7086112,1773733515708614753,-0.42,8.409937492055881e-20,0.8749994277780444,-0.5443616568972579,0.09106640293367146,0.7741816634518957,0.1841823364311355,,0.0,0.6090333672653175,0.0,0.0,False,False,False
215,1773733515.7579188,1773733515757922284,-0.42,8.409937492055881e-20,0.8749994277780444,-0.5443648950650458,0.09105779851468329,0.774184690334512,0.18417861189804016,,0.0,0.6090407783638045,0.0,9.679037923251416e-06,False,False,False
216,1773733515.8080084,1773733515808010929,-0.42,8.409937492055881e-20,0.8749994277780444,-0.5443648950650458,0.09105779851468329,0.774184690334512,0.18417861189804016,,0.0,0.6090407783638045,0.0,0.0,False,False,False
217,1773733515.8580923,1773733515858096424,-0.42,8.409937492055881e-20,0.8749994277780444,-0.5443648950650458,0.09105779851468329,0.774184690334512,0.18417861189804016,,0.0,0.6090407783638045,0.0,0.0,False,False,False
218,1773733515.907991,1773733515907994850,-0.42,8.409937492055881e-20,0.8749994277780444,-0.5443648950650458,0.09105779851468329,0.774184690334512,0.18417861189804016,,0.0,0.6090407783638045,0.0,0.0,False,False,False
219,1773733515.9580328,1773733515958035495,-0.42,8.409937492055881e-20,0.8749994277780444,-0.5443664438416062,0.0910536830490181,0.7741861380334917,0.18417683062675816,,0.0,0.6090443230662625,0.0,4.62942748198681e-06,False,False,False
220,1773733516.0079894,1773733516007992891,-0.42,8.409937492055881e-20,0.8749994277780444,-0.5443664438416062,0.0910536830490181,0.7741861380334917,0.18417683062675816,,0.0,0.6090443230662625,0.0,0.0,False,False,False
221,1773733516.0594008,1773733516059403976,-0.42,8.409937492055881e-20,0.8749994277780444,-0.5443664438416062,0.0910536830490181,0.7741861380334917,0.18417683062675816,,0.0,0.6090443230662625,0.0,0.0,False,False,False
222,1773733516.1084738,1773733516108477509,-0.42,8.409937492055881e-20,0.8749994277780444,-0.5443664438416062,0.0910536830490181,0.7741861380334917,0.18417683062675816,,0.0,0.6090443230662625,0.0,0.0,False,False,False
223,1773733516.158015,1773733516158017928,-0.42,8.409937492055881e-20,0.8749994277780444,-0.5419542625022328,0.09186015671390277,0.7741744024868371,0.18296670806170962,,0.0,0.6065807544782263,0.0,0.0025434536184544263,False,False,False
224,1773733516.2080693,1773733516208074834,-0.42,8.409937492055881e-20,0.8749994277780444,-0.5419542625022328,0.09186015671390277,0.7741744024868371,0.18296670806170962,,0.0,0.6065807544782263,0.0,0.0,False,False,False
225,1773733516.2579727,1773733516257974850,-0.42,8.409937492055881e-20,0.8749994277780444,-0.5419542625022328,0.09186015671390277,0.7741744024868371,0.18296670806170962,,0.0,0.6065807544782263,0.0,0.0,False,False,False
226,1773733516.3080506,1773733516308054495,-0.42,8.409937492055881e-20,0.8749994277780444,-0.5419542625022328,0.09186015671390277,0.7741744024868371,0.18296670806170962,,0.0,0.6065807544782263,0.0,0.0,False,False,False
227,1773733516.3579803,1773733516357983302,-0.42,8.409937492055881e-20,0.8749994277780444,-0.5181347073688045,0.10775333490293237,0.7676930217244312,0.18098581920473025,,0.0,0.5779335684946376,0.0,0.029359370161670027,False,False,False
228,1773733516.4079385,1773733516407941158,-0.42,8.409937492055881e-20,0.8749994277780444,-0.5181347073688045,0.10775333490293237,0.7676930217244312,0.18098581920473025,,0.0,0.5779335684946376,0.0,0.0,False,False,False
229,1773733516.4596262,1773733516459628271,-0.42,8.409937492055881e-20,0.8749994277780444,-0.5181347073688045,0.10775333490293237,0.7676930217244312,0.18098581920473025,,0.0,0.5779335684946376,0.0,0.0,False,False,False
230,1773733516.5080369,1773733516508039909,-0.42,8.409937492055881e-20,0.8749994277780444,-0.4954401394414731,0.12939730414901446,0.7554641022219895,0.1916339505822846,,0.0,0.5473337203376805,0.0,0.033660827237767164,False,False,False
231,1773733516.5579824,1773733516557985235,-0.42,8.409937492055881e-20,0.8749994277780444,-0.4954401394414731,0.12939730414901446,0.7554641022219895,0.1916339505822846,,0.0,0.5473337203376805,0.0,0.0,False,False,False
232,1773733516.6079297,1773733516607931971,-0.42,8.409937492055881e-20,0.8749994277780444,-0.4954401394414731,0.12939730414901446,0.7554641022219895,0.1916339505822846,,0.0,0.5473337203376805,0.0,0.0,False,False,False
233,1773733516.6580088,1773733516658012236,-0.42,8.409937492055881e-20,0.8749994277780444,-0.4954401394414731,0.12939730414901446,0.7554641022219895,0.1916339505822846,,0.0,0.5473337203376805,0.0,0.0,False,False,False
234,1773733516.708038,1773733516708041582,-0.42,8.409937492055881e-20,0.8749994277780444,-0.472653227076209,0.15220136205690019,0.7442518865139431,0.20744285111837987,,0.0,0.5163793179269001,0.0,0.03413183577383718,False,False,False
235,1773733516.757955,1773733516757957198,-0.42,8.409937492055881e-20,0.8749994277780444,-0.472653227076209,0.15220136205690019,0.7442518865139431,0.20744285111837987,,0.0,0.5163793179269001,0.0,0.0,False,False,False
236,1773733516.8082333,1773733516808235492,-0.42,8.409937492055881e-20,0.8749994277780444,-0.472653227076209,0.15220136205690019,0.7442518865139431,0.20744285111837987,,0.0,0.5163793179269001,0.0,0.0,False,False,False
237,1773733516.8595285,1773733516859532128,-0.42,8.409937492055881e-20,0.8749994277780444,-0.4482037131930735,0.1746866606602685,0.7349679708201358,0.22565391152884448,,0.0,0.48444505996003207,0.0,0.03448997641364799,False,False,False
238,1773733516.9098709,1773733516909873651,-0.42,8.409937492055881e-20,0.8749994277780444,-0.4482037131930735,0.1746866606602685,0.7349679708201358,0.22565391152884448,,0.0,0.48444505996003207,0.0,0.0,False,False,False
239,1773733516.9580796,1773733516958084300,-0.42,8.409937492055881e-20,0.8749994277780444,-0.4482037131930735,0.1746866606602685,0.7349679708201358,0.22565391152884448,,0.0,0.48444505996003207,0.0,0.0,False,False,False
240,1773733517.0096571,1773733517009661294,-0.42,8.409937492055881e-20,0.8749994277780444,-0.4214399352228543,0.1963744228629604,0.7286550992563803,0.24491151434480077,,0.0,0.4510076743787706,0.0,0.035021581745834605,False,False,False
241,1773733517.058098,1773733517058101472,-0.42,8.409937492055881e-20,0.8749994277780444,-0.4214399352228543,0.1963744228629604,0.7286550992563803,0.24491151434480077,,0.0,0.4510076743787706,0.0,0.0,False,False,False
242,1773733517.107959,1773733517107962119,-0.42,8.409937492055881e-20,0.8749994277780444,-0.4214399352228543,0.1963744228629604,0.7286550992563803,0.24491151434480077,,0.0,0.4510076743787706,0.0,0.0,False,False,False
243,1773733517.1579864,1773733517157988645,-0.42,8.409937492055881e-20,0.8749994277780444,-0.4214399352228543,0.1963744228629604,0.7286550992563803,0.24491151434480077,,0.0,0.4510076743787706,0.0,0.0,False,False,False
244,1773733517.2079718,1773733517207974130,-0.42,8.409937492055881e-20,0.8749994277780444,-0.3924885946308198,0.2171050101137018,0.726418964309346,0.2645139258459394,,0.0,0.41596331870862496,0.0,0.035678252049924385,False,False,False
245,1773733517.258087,1773733517258090285,-0.42,8.409937492055881e-20,0.8749994277780444,-0.3924885946308198,0.2171050101137018,0.726418964309346,0.2645139258459394,,0.0,0.41596331870862496,0.0,0.0,False,False,False
246,1773733517.3080804,1773733517308083922,-0.42,8.409937492055881e-20,0.8749994277780444,-0.3924885946308198,0.2171050101137018,0.726418964309346,0.2645139258459394,,0.0,0.41596331870862496,0.0,0.0,False,False,False
247,1773733517.358966,1773733517358970261,-0.42,8.409937492055881e-20,0.8749994277780444,-0.3924885946308198,0.2171050101137018,0.726418964309346,0.2645139258459394,,0.0,0.41596331870862496,0.0,0.0,False,False,False
248,1773733517.4088895,1773733517408895157,-0.42,8.409937492055881e-20,0.8749994277780444,-0.3620071770830922,0.23679724830347615,0.7292419238969787,0.28404463425949245,,0.0,0.37964241697472534,0.0,0.036398765933409474,False,False,False
249,1773733517.4580717,1773733517458075300,-0.42,8.409937492055881e-20,0.8749994277780444,-0.3620071770830922,0.23679724830347615,0.7292419238969787,0.28404463425949245,,0.0,0.37964241697472534,0.0,0.0,False,False,False
250,1773733517.5080929,1773733517508096645,-0.42,8.409937492055881e-20,0.8749994277780444,-0.3620071770830922,0.23679724830347615,0.7292419238969787,0.28404463425949245,,0.0,0.37964241697472534,0.0,0.0,False,False,False
251,1773733517.5580828,1773733517558085881,-0.42,8.409937492055881e-20,0.8749994277780444,-0.3620071770830922,0.23679724830347615,0.7292419238969787,0.28404463425949245,,0.0,0.37964241697472534,0.0,0.0,False,False,False
252,1773733517.607983,1773733517607985818,-0.42,8.409937492055881e-20,0.8749994277780444,-0.33104204587623165,0.25537096951110627,0.7378900802685477,0.30319436479824086,,0.0,0.34287044939419914,0.0,0.03712967921735884,False,False,False
253,1773733517.6581593,1773733517658162663,-0.42,8.409937492055881e-20,0.8749994277780444,-0.33104204587623165,0.25537096951110627,0.7378900802685477,0.30319436479824086,,0.0,0.34287044939419914,0.0,0.0,False,False,False
254,1773733517.7080169,1773733517708019649,-0.42,8.409937492055881e-20,0.8749994277780444,-0.33104204587623165,0.25537096951110627,0.7378900802685477,0.30319436479824086,,0.0,0.34287044939419914,0.0,0.0,False,False,False
255,1773733517.7591503,1773733517759152567,-0.42,8.409937492055881e-20,0.8749994277780444,-0.30397456287411384,0.2736255555305598,0.747704857712256,0.32332144108904115,,0.0,0.30966150954648614,0.0,0.03409117778958493,False,False,False
256,1773733517.8079915,1773733517807993552,-0.42,8.409937492055881e-20,0.8749994277780444,-0.30397456287411384,0.2736255555305598,0.747704857712256,0.32332144108904115,,0.0,0.30966150954648614,0.0,0.0,False,False,False
257,1773733517.858041,1773733517858044397,-0.42,8.409937492055881e-20,0.8749994277780444,-0.30397456287411384,0.2736255555305598,0.747704857712256,0.32332144108904115,,0.0,0.30966150954648614,0.0,0.0,False,False,False
258,1773733517.9080143,1773733517908017464,-0.42,8.409937492055881e-20,0.8749994277780444,-0.30397456287411384,0.2736255555305598,0.747704857712256,0.32332144108904115,,0.0,0.30966150954648614,0.0,0.0,False,False,False
259,1773733517.9622035,1773733517962205358,-0.42,8.409937492055881e-20,0.8749994277780444,-0.2828918093295608,0.29230823072054135,0.7536417278638841,0.3449209315543928,,0.0,0.2819579608018996,0.0,0.028788387875530782,False,False,False
260,1773733518.0083008,1773733518008304463,-0.42,8.409937492055881e-20,0.8749994277780444,-0.2828918093295608,0.29230823072054135,0.7536417278638841,0.3449209315543928,,0.0,0.2819579608018996,0.0,0.0,False,False,False
261,1773733518.0580904,1773733518058094611,-0.42,8.409937492055881e-20,0.8749994277780444,-0.2828918093295608,0.29230823072054135,0.7536417278638841,0.3449209315543928,,0.0,0.2819579608018996,0.0,0.0,False,False,False
262,1773733518.1080754,1773733518108078447,-0.42,8.409937492055881e-20,0.8749994277780444,-0.2828918093295608,0.29230823072054135,0.7536417278638841,0.3449209315543928,,0.0,0.2819579608018996,0.0,0.0,False,False,False
263,1773733518.1580925,1773733518158095603,-0.42,8.409937492055881e-20,0.8749994277780444,-0.26330463645892543,0.31041044456163913,0.7566931559525383,0.36729341812980326,,0.0,0.2562215235152326,0.0,0.026845087081125565,False,False,False
264,1773733518.2079897,1773733518207992520,-0.42,8.409937492055881e-20,0.8749994277780444,-0.26330463645892543,0.31041044456163913,0.7566931559525383,0.36729341812980326,,0.0,0.2562215235152326,0.0,0.0,False,False,False
265,1773733518.257956,1773733518257958216,-0.42,8.409937492055881e-20,0.8749994277780444,-0.26330463645892543,0.31041044456163913,0.7566931559525383,0.36729341812980326,,0.0,0.2562215235152326,0.0,0.0,False,False,False
266,1773733518.308058,1773733518308061562,-0.42,8.409937492055881e-20,0.8749994277780444,-0.26330463645892543,0.31041044456163913,0.7566931559525383,0.36729341812980326,,0.0,0.2562215235152326,0.0,0.0,False,False,False
267,1773733518.357987,1773733518357988978,-0.42,8.409937492055881e-20,0.8749994277780444,-0.24341100847622654,0.327343356896193,0.7581591485860353,0.38985766129847743,,0.0,0.23100419885001533,0.0,0.026165417803757193,False,False,False
268,1773733518.4079452,1773733518407950135,-0.42,8.409937492055881e-20,0.8749994277780444,-0.24341100847622654,0.327343356896193,0.7581591485860353,0.38985766129847743,,0.0,0.23100419885001533,0.0,0.0,False,False,False
269,1773733518.4580011,1773733518458003181,-0.42,8.409937492055881e-20,0.8749994277780444,-0.24341100847622654,0.327343356896193,0.7581591485860353,0.38985766129847743,,0.0,0.23100419885001533,0.0,0.0,False,False,False
270,1773733518.5080938,1773733518508096856,-0.42,8.409937492055881e-20,0.8749994277780444,-0.22258487332048082,0.3427691069855294,0.7589295876149642,0.4122324595917101,,0.0,0.205766581379561,0.0,0.025928271204254016,False,False,False
271,1773733518.558003,1773733518558007003,-0.42,8.409937492055881e-20,0.8749994277780444,-0.22258487332048082,0.3427691069855294,0.7589295876149642,0.4122324595917101,,0.0,0.205766581379561,0.0,0.0,False,False,False
272,1773733518.6094341,1773733518609436898,-0.42,8.409937492055881e-20,0.8749994277780444,-0.22258487332048082,0.3427691069855294,0.7589295876149642,0.4122324595917101,,0.0,0.205766581379561,0.0,0.0,False,False,False
273,1773733518.6580646,1773733518658067555,-0.42,8.409937492055881e-20,0.8749994277780444,-0.22258487332048082,0.3427691069855294,0.7589295876149642,0.4122324595917101,,0.0,0.205766581379561,0.0,0.0,False,False,False
274,1773733518.708092,1773733518708095040,-0.42,8.409937492055881e-20,0.8749994277780444,-0.20065834438864805,0.3564811885766559,0.7595701941446851,0.4341814225327229,,0.0,0.18031344494564272,0.0,0.025868981991685143,False,False,False
275,1773733518.7602165,1773733518760219021,-0.42,8.409937492055881e-20,0.8749994277780444,-0.20065834438864805,0.3564811885766559,0.7595701941446851,0.4341814225327229,,0.0,0.18031344494564272,0.0,0.0,False,False,False
276,1773733518.808587,1773733518808590529,-0.42,8.409937492055881e-20,0.8749994277780444,-0.20065834438864805,0.3564811885766559,0.7595701941446851,0.4341814225327229,,0.0,0.18031344494564272,0.0,0.0,False,False,False
277,1773733518.8580794,1773733518858082889,-0.42,8.409937492055881e-20,0.8749994277780444,-0.17764647286063528,0.36833844172142244,0.7604282540977251,0.455560087809657,,0.0,0.1545907028597746,0.0,0.025901292443502727,False,False,False
278,1773733518.9080179,1773733518908020225,-0.42,8.409937492055881e-20,0.8749994277780444,-0.17764647286063528,0.36833844172142244,0.7604282540977251,0.455560087809657,,0.0,0.1545907028597746,0.0,0.0,False,False,False
279,1773733518.9580052,1773733518958008642,-0.42,8.409937492055881e-20,0.8749994277780444,-0.17764647286063528,0.36833844172142244,0.7604282540977251,0.455560087809657,,0.0,0.1545907028597746,0.0,0.0,False,False,False
280,1773733519.0093212,1773733519009323378,-0.42,8.409937492055881e-20,0.8749994277780444,-0.17764647286063528,0.36833844172142244,0.7604282540977251,0.455560087809657,,0.0,0.1545907028597746,0.0,0.0,False,False,False
281,1773733519.0579941,1773733519057997424,-0.42,8.409937492055881e-20,0.8749994277780444,-0.1544557203037087,0.3778599041244801,0.7616480005592259,0.47554223542912216,,0.0,0.12951515015837164,0.0,0.025098944835984283,False,False,False
282,1773733519.1118543,1773733519111856782,-0.42,8.409937492055881e-20,0.8749994277780444,-0.1544557203037087,0.3778599041244801,0.7616480005592259,0.47554223542912216,,0.0,0.12951515015837164,0.0,0.0,False,False,False
283,1773733519.158075,1773733519158078236,-0.42,8.409937492055881e-20,0.8749994277780444,-0.1544557203037087,0.3778599041244801,0.7616480005592259,0.47554223542912216,,0.0,0.12951515015837164,0.0,0.0,False,False,False
284,1773733519.208226,1773733519208232661,-0.42,8.409937492055881e-20,0.8749994277780444,-0.1544557203037087,0.3778599041244801,0.7616480005592259,0.47554223542912216,,0.0,0.12951515015837164,0.0,0.0,False,False,False
285,1773733519.2580757,1773733519258078829,-0.42,8.409937492055881e-20,0.8749994277780444,-0.1448690223059751,0.3796633039456428,0.7617079896495715,0.4823652446051738,,0.0,0.11990687589909509,0.0,0.009755030912594763,False,False,False
286,1773733519.308526,1773733519308529042,-0.42,8.409937492055881e-20,0.8749994277780444,-0.1448690223059751,0.3796633039456428,0.7617079896495715,0.4823652446051738,,0.0,0.11990687589909509,0.0,0.0,False,False,False
287,1773733519.3580089,1773733519358011552,-0.42,8.409937492055881e-20,0.8749994277780444,-0.1448690223059751,0.3796633039456428,0.7617079896495715,0.4823652446051738,,0.0,0.11990687589909509,0.0,0.0,False,False,False
288,1773733519.408,1773733519408002669,-0.42,8.409937492055881e-20,0.8749994277780444,-0.1448690223059751,0.3796633039456428,0.7617079896495715,0.4823652446051738,,0.0,0.11990687589909509,0.0,0.0,False,False,False
289,1773733519.4579785,1773733519457981165,-0.42,8.409937492055881e-20,0.8749994277780444,-0.1468198006776894,0.37618215426986124,0.760346787914583,0.4788378246552287,,0.0,0.12306519982876749,0.0,0.004216255386486714,False,False,False
290,1773733519.5079281,1773733519507930152,-0.42,8.409937492055881e-20,0.8749994277780444,-0.1468198006776894,0.37618215426986124,0.760346787914583,0.4788378246552287,,0.0,0.12306519982876749,0.0,0.0,False,False,False
291,1773733519.5585654,1773733519558569173,-0.42,8.409937492055881e-20,0.8749994277780444,-0.1468198006776894,0.37618215426986124,0.760346787914583,0.4788378246552287,,0.0,0.12306519982876749,0.0,0.0,False,False,False
292,1773733519.611325,1773733519611329249,-0.42,8.409937492055881e-20,0.8749994277780444,-0.1468198006776894,0.37618215426986124,0.760346787914583,0.4788378246552287,,0.0,0.12306519982876749,0.0,0.0,False,False,False
293,1773733519.6580434,1773733519658045879,-0.42,8.409937492055881e-20,0.8749994277780444,-0.15450451691979383,0.36982059690175784,0.757926848289382,0.47006501071329876,,0.0,0.13275505220852968,0.0,0.010265494808286271,False,False,False
294,1773733519.7091649,1773733519709168437,-0.42,8.409937492055881e-20,0.8749994277780444,-0.15450451691979383,0.36982059690175784,0.757926848289382,0.47006501071329876,,0.0,0.13275505220852968,0.0,0.0,False,False,False
295,1773733519.7580185,1773733519758021252,-0.42,8.409937492055881e-20,0.8749994277780444,-0.15450451691979383,0.36982059690175784,0.757926848289382,0.47006501071329876,,0.0,0.13275505220852968,0.0,0.0,False,False,False
296,1773733519.8080435,1773733519808046959,-0.42,8.409937492055881e-20,0.8749994277780444,-0.15450451691979383,0.36982059690175784,0.757926848289382,0.47006501071329876,,0.0,0.13275505220852968,0.0,0.0,False,False,False
297,1773733519.8579285,1773733519857931256,-0.42,8.409937492055881e-20,0.8749994277780444,-0.16505364669952405,0.36144593736034514,0.7546450818772105,0.45839500136097383,,0.0,0.14603314184796531,0.0,0.013863226620387569,False,False,False
298,1773733519.9080853,1773733519908088941,-0.42,8.409937492055881e-20,0.8749994277780444,-0.16505364669952405,0.36144593736034514,0.7546450818772105,0.45839500136097383,,0.0,0.14603314184796531,0.0,0.0,False,False,False
299,1773733519.9580357,1773733519958039598,-0.42,8.409937492055881e-20,0.8749994277780444,-0.16505364669952405,0.36144593736034514,0.7546450818772105,0.45839500136097383,,0.0,0.14603314184796531,0.0,0.0,False,False,False
300,1773733520.0079887,1773733520007992934,-0.42,8.409937492055881e-20,0.8749994277780444,-0.16505364669952405,0.36144593736034514,0.7546450818772105,0.45839500136097383,,0.0,0.14603314184796531,0.0,0.0,False,False,False
301,1773733520.057948,1773733520057951511,-0.42,8.409937492055881e-20,0.8749994277780444,-0.1770638151669489,0.3513910335161437,0.7505963700392521,0.44493793849428404,,0.0,0.16153149413086199,0.0,0.016178297360318478,False,False,False
302,1773733520.1081243,1773733520108128146,-0.42,8.409937492055881e-20,0.8749994277780444,-0.1770638151669489,0.3513910335161437,0.7505963700392521,0.44493793849428404,,0.0,0.16153149413086199,0.0,0.0,False,False,False
303,1773733520.1582983,1773733520158302551,-0.42,8.409937492055881e-20,0.8749994277780444,-0.1770638151669489,0.3513910335161437,0.7505963700392521,0.44493793849428404,,0.0,0.16153149413086199,0.0,0.0,False,False,False
304,1773733520.2079988,1773733520208002830,-0.42,8.409937492055881e-20,0.8749994277780444,-0.18982105115143655,0.33976715713623395,0.7458227753905449,0.43024490361131384,,0.0,0.17861813780782648,0.0,0.017906668532407025,False,False,False
305,1773733520.2579482,1773733520257950187,-0.42,8.409937492055881e-20,0.8749994277780444,-0.18982105115143655,0.33976715713623395,0.7458227753905449,0.43024490361131384,,0.0,0.17861813780782648,0.0,0.0,False,False,False
306,1773733520.3080213,1773733520308025803,-0.42,8.409937492055881e-20,0.8749994277780444,-0.18982105115143655,0.33976715713623395,0.7458227753905449,0.43024490361131384,,0.0,0.17861813780782648,0.0,0.0,False,False,False
307,1773733520.3580205,1773733520358025099,-0.42,8.409937492055881e-20,0.8749994277780444,-0.20289276121538302,0.3266142551459711,0.7403570487028406,0.41465768416884435,,0.0,0.19695739119931813,0.0,0.0193324236190402,False,False,False
308,1773733520.4079926,1773733520407994916,-0.42,8.409937492055881e-20,0.8749994277780444,-0.20289276121538302,0.3266142551459711,0.7403570487028406,0.41465768416884435,,0.0,0.19695739119931813,0.0,0.0,False,False,False
309,1773733520.4592814,1773733520459285173,-0.42,8.409937492055881e-20,0.8749994277780444,-0.20289276121538302,0.3266142551459711,0.7403570487028406,0.41465768416884435,,0.0,0.19695739119931813,0.0,0.0,False,False,False
310,1773733520.50807,1773733520508074048,-0.42,8.409937492055881e-20,0.8749994277780444,-0.20289276121538302,0.3266142551459711,0.7403570487028406,0.41465768416884435,,0.0,0.19695739119931813,0.0,0.0,False,False,False
311,1773733520.557979,1773733520557981476,-0.42,8.409937492055881e-20,0.8749994277780444,-0.2160570556932574,0.3118573082443063,0.73420389735165,0.398335394643681,,0.0,0.21646820785414722,0.0,0.020710562583121827,False,False,False
312,1773733520.6081262,1773733520608130001,-0.42,8.409937492055881e-20,0.8749994277780444,-0.2160570556932574,0.3118573082443063,0.73420389735165,0.398335394643681,,0.0,0.21646820785414722,0.0,0.0,False,False,False
313,1773733520.658075,1773733520658078138,-0.42,8.409937492055881e-20,0.8749994277780444,-0.2160570556932574,0.3118573082443063,0.73420389735165,0.398335394643681,,0.0,0.21646820785414722,0.0,0.0,False,False,False
314,1773733520.707961,1773733520707964415,-0.42,8.409937492055881e-20,0.8749994277780444,-0.22891601547438112,0.2956777947999748,0.7274890205254008,0.38170376960124947,,0.0,0.2367814010558835,0.0,0.021730602217599967,False,False,False
315,1773733520.7579312,1773733520757934242,-0.42,8.409937492055881e-20,0.8749994277780444,-0.22891601547438112,0.2956777947999748,0.7274890205254008,0.38170376960124947,,0.0,0.2367814010558835,0.0,0.0,False,False,False
316,1773733520.8086143,1773733520808617213,-0.42,8.409937492055881e-20,0.8749994277780444,-0.22891601547438112,0.2956777947999748,0.7274890205254008,0.38170376960124947,,0.0,0.2367814010558835,0.0,0.0,False,False,False
317,1773733520.8579557,1773733520857958325,-0.42,8.409937492055881e-20,0.8749994277780444,-0.24116686106241625,0.278277364941033,0.720363617139546,0.365146295822126,,0.0,0.2575873833123922,0.0,0.022441692233630326,False,False,False
318,1773733520.90807,1773733520908073940,-0.42,8.409937492055881e-20,0.8749994277780444,-0.24116686106241625,0.278277364941033,0.720363617139546,0.365146295822126,,0.0,0.2575873833123922,0.0,0.0,False,False,False
319,1773733520.9595757,1773733520959580136,-0.42,8.409937492055881e-20,0.8749994277780444,-0.24116686106241625,0.278277364941033,0.720363617139546,0.365146295822126,,0.0,0.2575873833123922,0.0,0.0,False,False,False
320,1773733521.0079522,1773733521007955054,-0.42,8.409937492055881e-20,0.8749994277780444,-0.25257127469502627,0.2598823093178027,0.71299125836035,0.34902412482760387,,0.0,0.2786032422256669,0.0,0.022864610113767204,False,False,False
321,1773733521.0580153,1773733521058018500,-0.42,8.409937492055881e-20,0.8749994277780444,-0.25257127469502627,0.2598823093178027,0.71299125836035,0.34902412482760387,,0.0,0.2786032422256669,0.0,0.0,False,False,False
322,1773733521.108101,1773733521108105636,-0.42,8.409937492055881e-20,0.8749994277780444,-0.25257127469502627,0.2598823093178027,0.71299125836035,0.34902412482760387,,0.0,0.2786032422256669,0.0,0.0,False,False,False
323,1773733521.15795,1773733521157952164,-0.42,8.409937492055881e-20,0.8749994277780444,-0.25257127469502627,0.2598823093178027,0.71299125836035,0.34902412482760387,,0.0,0.2786032422256669,0.0,0.0,False,False,False
324,1773733521.209203,1773733521209205761,-0.42,8.409937492055881e-20,0.8749994277780444,-0.26302368869818693,0.24061245902955244,0.7054957200032523,0.33356772130944246,,0.0,0.29970967271968496,0.0,0.02316815020427334,False,False,False
325,1773733521.2580624,1773733521258066137,-0.42,8.409937492055881e-20,0.8749994277780444,-0.26302368869818693,0.24061245902955244,0.7054957200032523,0.33356772130944246,,0.0,0.29970967271968496,0.0,0.0,False,False,False
326,1773733521.3080246,1773733521308028354,-0.42,8.409937492055881e-20,0.8749994277780444,-0.26302368869818693,0.24061245902955244,0.7054957200032523,0.33356772130944246,,0.0,0.29970967271968496,0.0,0.0,False,False,False
327,1773733521.357955,1773733521357957721,-0.42,8.409937492055881e-20,0.8749994277780444,-0.26302368869818693,0.24061245902955244,0.7054957200032523,0.33356772130944246,,0.0,0.29970967271968496,0.0,0.0,False,False,False
328,1773733521.4080498,1773733521408052177,-0.42,8.409937492055881e-20,0.8749994277780444,-0.2724604643757129,0.22056411826761513,0.6979920495847114,0.31897971216721355,,0.0,0.32082848748101733,0.0,0.023394310681120523,False,False,False
329,1773733521.457938,1773733521457941644,-0.42,8.409937492055881e-20,0.8749994277780444,-0.2724604643757129,0.22056411826761513,0.6979920495847114,0.31897971216721355,,0.0,0.32082848748101733,0.0,0.0,False,False,False
330,1773733521.5080152,1773733521508017010,-0.42,8.409937492055881e-20,0.8749994277780444,-0.2724604643757129,0.22056411826761513,0.6979920495847114,0.31897971216721355,,0.0,0.32082848748101733,0.0,0.0,False,False,False
331,1773733521.5602403,1773733521560242350,-0.42,8.409937492055881e-20,0.8749994277780444,-0.2808423736164608,0.19982306607644224,0.6905910339010342,0.30545140112494074,,0.0,0.3419011100147978,0.0,0.023563163659982695,False,False,False
332,1773733521.6080217,1773733521608023443,-0.42,8.409937492055881e-20,0.8749994277780444,-0.2808423736164608,0.19982306607644224,0.6905910339010342,0.30545140112494074,,0.0,0.3419011100147978,0.0,0.0,False,False,False
333,1773733521.6579869,1773733521657989400,-0.42,8.409937492055881e-20,0.8749994277780444,-0.2808423736164608,0.19982306607644224,0.6905910339010342,0.30545140112494074,,0.0,0.3419011100147978,0.0,0.0,False,False,False
334,1773733521.7079475,1773733521707949227,-0.42,8.409937492055881e-20,0.8749994277780444,-0.2808423736164608,0.19982306607644224,0.6905910339010342,0.30545140112494074,,0.0,0.3419011100147978,0.0,0.0,False,False,False
335,1773733521.7582054,1773733521758207772,-0.42,8.409937492055881e-20,0.8749994277780444,-0.2881465542158158,0.17847122610715502,0.6834011534915467,0.2931675432630939,,0.0,0.36287827940557627,0.0,0.023684309249052973,False,False,False
336,1773733521.8081026,1773733521808105870,-0.42,8.409937492055881e-20,0.8749994277780444,-0.2881465542158158,0.17847122610715502,0.6834011534915467,0.2931675432630939,,0.0,0.36287827940557627,0.0,0.0,False,False,False
337,1773733521.8580484,1773733521858051547,-0.42,8.409937492055881e-20,0.8749994277780444,-0.2881465542158158,0.17847122610715502,0.6834011534915467,0.2931675432630939,,0.0,0.36287827940557627,0.0,0.0,False,False,False
338,1773733521.9079733,1773733521907975594,-0.42,8.409937492055881e-20,0.8749994277780444,-0.2943628223849065,0.15659000226662945,0.6765291550030262,0.28230405307813006,,0.0,0.38371517923394366,0.0,0.02376245589023708,False,False,False
339,1773733521.9579825,1773733521957985001,-0.42,8.409937492055881e-20,0.8749994277780444,-0.2943628223849065,0.15659000226662945,0.6765291550030262,0.28230405307813006,,0.0,0.38371517923394366,0.0,0.0,False,False,False
340,1773733522.0109496,1773733522010952775,-0.42,8.409937492055881e-20,0.8749994277780444,-0.2943628223849065,0.15659000226662945,0.6765291550030262,0.28230405307813006,,0.0,0.38371517923394366,0.0,0.0,False,False,False
341,1773733522.0580764,1773733522058079953,-0.42,8.409937492055881e-20,0.8749994277780444,-0.2994919487176705,0.13426186802783383,0.670079885868631,0.27302098506626166,,0.0,0.4043691865719014,0.0,0.023800138400668875,False,False,False
342,1773733522.1080346,1773733522108037950,-0.42,8.409937492055881e-20,0.8749994277780444,-0.2994919487176705,0.13426186802783383,0.670079885868631,0.27302098506626166,,0.0,0.4043691865719014,0.0,0.0,False,False,False
343,1773733522.158015,1773733522158018357,-0.42,8.409937492055881e-20,0.8749994277780444,-0.2994919487176705,0.13426186802783383,0.670079885868631,0.27302098506626166,,0.0,0.4043691865719014,0.0,0.0,False,False,False
344,1773733522.2079203,1773733522207922635,-0.42,8.409937492055881e-20,0.8749994277780444,-0.30354478787000183,0.1115710445040573,0.6641557493070379,0.2654523896203505,,0.0,0.4247988836921695,0.0,0.023799041396288287,False,False,False
345,1773733522.2590115,1773733522259013574,-0.42,8.409937492055881e-20,0.8749994277780444,-0.30354478787000183,0.1115710445040573,0.6641557493070379,0.2654523896203505,,0.0,0.4247988836921695,0.0,0.0,False,False,False
346,1773733522.3080902,1773733522308093677,-0.42,8.409937492055881e-20,0.8749994277780444,-0.30354478787000183,0.1115710445040573,0.6641557493070379,0.2654523896203505,,0.0,0.4247988836921695,0.0,0.0,False,False,False
347,1773733522.3579898,1773733522357992275,-0.42,8.409937492055881e-20,0.8749994277780444,-0.30354478787000183,0.1115710445040573,0.6641557493070379,0.2654523896203505,,0.0,0.4247988836921695,0.0,0.0,False,False,False
348,1773733522.408059,1773733522408061991,-0.42,8.409937492055881e-20,0.8749994277780444,-0.306541752261448,0.08860370266221423,0.6588559750296358,0.25969478676199925,,0.0,0.44496367621187205,0.0,0.02376064380935594,False,False,False
349,1773733522.4596741,1773733522459676356,-0.42,8.409937492055881e-20,0.8749994277780444,-0.306541752261448,0.08860370266221423,0.6588559750296358,0.25969478676199925,,0.0,0.44496367621187205,0.0,0.0,False,False,False
350,1773733522.5080738,1773733522508075995,-0.42,8.409937492055881e-20,0.8749994277780444,-0.306541752261448,0.08860370266221423,0.6588559750296358,0.25969478676199925,,0.0,0.44496367621187205,0.0,0.0,False,False,False
351,1773733522.558026,1773733522558028082,-0.42,8.409937492055881e-20,0.8749994277780444,-0.30851239842759826,0.0654479147255708,0.654275811624569,0.2557964612229006,,0.0,0.46482370073166973,0.0,0.023686533264622688,False,False,False
352,1773733522.6079803,1773733522607982829,-0.42,8.409937492055881e-20,0.8749994277780444,-0.30851239842759826,0.0654479147255708,0.654275811624569,0.2557964612229006,,0.0,0.46482370073166973,0.0,0.0,False,False,False
353,1773733522.657938,1773733522657940526,-0.42,8.409937492055881e-20,0.8749994277780444,-0.30851239842759826,0.0654479147255708,0.654275811624569,0.2557964612229006,,0.0,0.46482370073166973,0.0,0.0,False,False,False
354,1773733522.7079244,1773733522707926304,-0.42,8.409937492055881e-20,0.8749994277780444,-0.30851239842759826,0.0654479147255708,0.654275811624569,0.2557964612229006,,0.0,0.46482370073166973,0.0,0.0,False,False,False
355,1773733522.7589562,1773733522758959383,-0.42,8.409937492055881e-20,0.8749994277780444,-0.30949502292018094,0.04219347025748073,0.650505698664136,0.25375002128718954,,0.0,0.48433986904057436,0.0,0.023578559967634437,False,False,False
356,1773733522.808008,1773733522808012216,-0.42,8.409937492055881e-20,0.8749994277780444,-0.30949502292018094,0.04219347025748073,0.650505698664136,0.25375002128718954,,0.0,0.48433986904057436,0.0,0.0,False,False,False
357,1773733522.8603113,1773733522860315456,-0.42,8.409937492055881e-20,0.8749994277780444,-0.30949502292018094,0.04219347025748073,0.650505698664136,0.25375002128718954,,0.0,0.48433986904057436,0.0,0.0,False,False,False
358,1773733522.9082623,1773733522908266668,-0.42,8.409937492055881e-20,0.8749994277780444,-0.3095362234855784,0.018931615909372083,0.6476304513852789,0.2534902432612783,,0.0,0.5034739750994511,0.0,0.02343891234920651,False,False,False
359,1773733522.959552,1773733522959555955,-0.42,8.409937492055881e-20,0.8749994277780444,-0.3095362234855784,0.018931615909372083,0.6476304513852789,0.2534902432612783,,0.0,0.5034739750994511,0.0,0.0,False,False,False
360,1773733523.00806,1773733523008063514,-0.42,8.409937492055881e-20,0.8749994277780444,-0.3095362234855784,0.018931615909372083,0.6476304513852789,0.2534902432612783,,0.0,0.5034739750994511,0.0,0.0,False,False,False
361,1773733523.0579536,1773733523057956451,-0.42,8.409937492055881e-20,0.8749994277780444,-0.3086904081905629,-0.004245251047651711,0.6457284776931931,0.2548980500867974,,0.0,0.5221888291461126,0.0,0.02327015404723935,False,False,False
362,1773733523.1079288,1773733523107931238,-0.42,8.409937492055881e-20,0.8749994277780444,-0.3086904081905629,-0.004245251047651711,0.6457284776931931,0.2548980500867974,,0.0,0.5221888291461126,0.0,0.0,False,False,False
363,1773733523.1587474,1773733523158752700,-0.42,8.409937492055881e-20,0.8749994277780444,-0.3086904081905629,-0.004245251047651711,0.6457284776931931,0.2548980500867974,,0.0,0.5221888291461126,0.0,0.0,False,False,False
364,1773733523.2081034,1773733523208106691,-0.42,8.409937492055881e-20,0.8749994277780444,-0.3086904081905629,-0.004245251047651711,0.6457284776931931,0.2548980500867974,,0.0,0.5221888291461126,0.0,0.0,False,False,False
365,1773733523.2580862,1773733523258091198,-0.42,8.409937492055881e-20,0.8749994277780444,-0.30701924755195875,-0.027243919875927034,0.6448710404236021,0.25780992273434267,,0.0,0.5404484016049271,0.0,0.023075240939673555,False,False,False
366,1773733523.3079937,1773733523307995836,-0.42,8.409937492055881e-20,0.8749994277780444,-0.30701924755195875,-0.027243919875927034,0.6448710404236021,0.25780992273434267,,0.0,0.5404484016049271,0.0,0.0,False,False,False
367,1773733523.3579235,1773733523357925703,-0.42,8.409937492055881e-20,0.8749994277780444,-0.30701924755195875,-0.027243919875927034,0.6448710404236021,0.25780992273434267,,0.0,0.5404484016049271,0.0,0.0,False,False,False
368,1773733523.4080768,1773733523408080699,-0.42,8.409937492055881e-20,0.8749994277780444,-0.304591070517752,-0.04997072595490312,0.6451215741765144,0.262030765432506,,0.0,0.5582179682928231,0.0,0.022857526668959214,False,False,False
369,1773733523.4579961,1773733523457999797,-0.42,8.409937492055881e-20,0.8749994277780444,-0.304591070517752,-0.04997072595490312,0.6451215741765144,0.262030765432506,,0.0,0.5582179682928231,0.0,0.0,False,False,False
370,1773733523.5079918,1773733523507995104,-0.42,8.409937492055881e-20,0.8749994277780444,-0.304591070517752,-0.04997072595490312,0.6451215741765144,0.262030765432506,,0.0,0.5582179682928231,0.0,0.0,False,False,False
371,1773733523.558056,1773733523558058891,-0.42,8.409937492055881e-20,0.8749994277780444,-0.3014802079576344,-0.07233192810089634,0.6465350639948209,0.26734774068136785,,0.0,0.5754642526386803,0.0,0.022620759950725995,False,False,False
372,1773733523.6080747,1773733523608078198,-0.42,8.409937492055881e-20,0.8749994277780444,-0.3014802079576344,-0.07233192810089634,0.6465350639948209,0.26734774068136785,,0.0,0.5754642526386803,0.0,0.0,False,False,False
373,1773733523.6581051,1773733523658109365,-0.42,8.409937492055881e-20,0.8749994277780444,-0.3014802079576344,-0.07233192810089634,0.6465350639948209,0.26734774068136785,,0.0,0.5754642526386803,0.0,0.0,False,False,False
374,1773733523.7080076,1773733523708010682,-0.42,8.409937492055881e-20,0.8749994277780444,-0.29776628878132727,-0.09423410061107289,0.6491574918843459,0.27354291415513055,,0.0,0.5921555626584459,0.0,0.022369074284588404,False,False,False
375,1773733523.7579503,1773733523757952390,-0.42,8.409937492055881e-20,0.8749994277780444,-0.29776628878132727,-0.09423410061107289,0.6491574918843459,0.27354291415513055,,0.0,0.5921555626584459,0.0,0.0,False,False,False
376,1773733523.808997,1773733523809000589,-0.42,8.409937492055881e-20,0.8749994277780444,-0.29776628878132727,-0.09423410061107289,0.6491574918843459,0.27354291415513055,,0.0,0.5921555626584459,0.0,0.0,False,False,False
377,1773733523.858116,1773733523858121112,-0.42,8.409937492055881e-20,0.8749994277780444,-0.29776628878132727,-0.09423410061107289,0.6491574918843459,0.27354291415513055,,0.0,0.5921555626584459,0.0,0.0,False,False,False
378,1773733523.9079857,1773733523907989050,-0.42,8.409937492055881e-20,0.8749994277780444,-0.29353349464049694,-0.11558453776104827,0.6530253562479139,0.2804033715541664,,0.0,0.6082619213998652,0.0,0.02210696920585578,False,False,False
379,1773733523.9581144,1773733523958118017,-0.42,8.409937492055881e-20,0.8749994277780444,-0.29353349464049694,-0.11558453776104827,0.6530253562479139,0.2804033715541664,,0.0,0.6082619213998652,0.0,0.0,False,False,False
380,1773733524.0080295,1773733524008032424,-0.42,8.409937492055881e-20,0.8749994277780444,-0.29353349464049694,-0.11558453776104827,0.6530253562479139,0.2804033715541664,,0.0,0.6082619213998652,0.0,0.0,False,False,False
381,1773733524.058001,1773733524058003722,-0.42,8.409937492055881e-20,0.8749994277780444,-0.2888697797050799,-0.1362916687577397,0.6581652685337753,0.2877283549852756,,0.0,0.6237551900378148,0.0,0.02183928133935091,False,False,False
382,1773733524.1085308,1773733524108533085,-0.42,8.409937492055881e-20,0.8749994277780444,-0.2888697797050799,-0.1362916687577397,0.6581652685337753,0.2877283549852756,,0.0,0.6237551900378148,0.0,0.0,False,False,False
383,1773733524.1580255,1773733524158028086,-0.42,8.409937492055881e-20,0.8749994277780444,-0.2888697797050799,-0.1362916687577397,0.6581652685337753,0.2877283549852756,,0.0,0.6237551900378148,0.0,0.0,False,False,False
384,1773733524.208109,1773733524208113892,-0.42,8.409937492055881e-20,0.8749994277780444,-0.28386606237603973,-0.15626548119237949,0.6645936306831257,0.29533362327448986,,0.0,0.6386091830286242,0.0,0.021571142997215235,False,False,False
385,1773733524.2579663,1773733524257969911,-0.42,8.409937492055881e-20,0.8749994277780444,-0.28386606237603973,-0.15626548119237949,0.6645936306831257,0.29533362327448986,,0.0,0.6386091830286242,0.0,0.0,False,False,False
386,1773733524.3080869,1773733524308092467,-0.42,8.409937492055881e-20,0.8749994277780444,-0.28386606237603973,-0.15626548119237949,0.6645936306831257,0.29533362327448986,,0.0,0.6386091830286242,0.0,0.0,False,False,False
387,1773733524.3581197,1773733524358124644,-0.42,8.409937492055881e-20,0.8749994277780444,-0.2786153960630562,-0.17541795097098387,0.6723163962591033,0.30305358440212027,,0.0,0.6527997748439627,0.0,0.021307925837400488,False,False,False
388,1773733524.4079928,1773733524407996392,-0.42,8.409937492055881e-20,0.8749994277780444,-0.2786153960630562,-0.17541795097098387,0.6723163962591033,0.30305358440212027,,0.0,0.6527997748439627,0.0,0.0,False,False,False
389,1773733524.459259,1773733524459262680,-0.42,8.409937492055881e-20,0.8749994277780444,-0.2786153960630562,-0.17541795097098387,0.6723163962591033,0.30305358440212027,,0.0,0.6527997748439627,0.0,0.0,False,False,False
390,1773733524.5080714,1773733524508075366,-0.42,8.409937492055881e-20,0.8749994277780444,-0.2786153960630562,-0.17541795097098387,0.6723163962591033,0.30305358440212027,,0.0,0.6527997748439627,0.0,0.0,False,False,False
391,1773733524.558016,1773733524558018933,-0.42,8.409937492055881e-20,0.8749994277780444,-0.27321212634114667,-0.1936634765839439,0.6813289174333358,0.31074183592340304,,0.0,0.6663049978637003,0.0,0.021055167216074845,False,False,False
392,1773733524.6079612,1773733524607963591,-0.42,8.409937492055881e-20,0.8749994277780444,-0.27321212634114667,-0.1936634765839439,0.6813289174333358,0.31074183592340304,,0.0,0.6663049978637003,0.0,0.0,False,False,False
393,1773733524.6579168,1773733524657918749,-0.42,8.409937492055881e-20,0.8749994277780444,-0.27321212634114667,-0.1936634765839439,0.6813289174333358,0.31074183592340304,,0.0,0.6663049978637003,0.0,0.0,False,False,False
394,1773733524.7082071,1773733524708211924,-0.42,8.409937492055881e-20,0.8749994277780444,-0.2677510419145589,-0.21091931544185155,0.6916158792903939,0.31827068467027264,,0.0,0.679105131039837,0.0,0.02081847741918136,False,False,False
395,1773733524.7580676,1773733524758070812,-0.42,8.409937492055881e-20,0.8749994277780444,-0.2677510419145589,-0.21091931544185155,0.6916158792903939,0.31827068467027264,,0.0,0.679105131039837,0.0,0.0,False,False,False
396,1773733524.8079314,1773733524807933940,-0.42,8.409937492055881e-20,0.8749994277780444,-0.2677510419145589,-0.21091931544185155,0.6916158792903939,0.31827068467027264,,0.0,0.679105131039837,0.0,0.0,False,False,False
397,1773733524.8580391,1773733524858042096,-0.42,8.409937492055881e-20,0.8749994277780444,-0.2623265268626237,-0.2271060198691587,0.7031513221865862,0.32553009044846626,,0.0,0.6911827789650032,0.0,0.020603427059035315,False,False,False
398,1773733524.9080775,1773733524908080963,-0.42,8.409937492055881e-20,0.8749994277780444,-0.2623265268626237,-0.2271060198691587,0.7031513221865862,0.32553009044846626,,0.0,0.6911827789650032,0.0,0.0,False,False,False
399,1773733524.9580848,1773733524958088510,-0.42,8.409937492055881e-20,0.8749994277780444,-0.2623265268626237,-0.2271060198691587,0.7031513221865862,0.32553009044846626,,0.0,0.6911827789650032,0.0,0.0,False,False,False
400,1773733525.0079675,1773733525007970078,-0.42,8.409937492055881e-20,0.8749994277780444,-0.2570317216222602,-0.242147870218801,0.7158987521708333,0.33242634641011354,,0.0,0.7025229409950113,0.0,0.020415415638132334,False,False,False
401,1773733525.0587335,1773733525058740170,-0.42,8.409937492055881e-20,0.8749994277780444,-0.2570317216222602,-0.242147870218801,0.7158987521708333,0.33242634641011354,,0.0,0.7025229409950113,0.0,0.0,False,False,False
402,1773733525.1081138,1773733525108118442,-0.42,8.409937492055881e-20,0.8749994277780444,-0.2570317216222602,-0.242147870218801,0.7158987521708333,0.33242634641011354,,0.0,0.7025229409950113,0.0,0.0,False,False,False
403,1773733525.157996,1773733525157999321,-0.42,8.409937492055881e-20,0.8749994277780444,-0.2519577000762313,-0.2559733024552496,0.7298113387469357,0.33888069778318985,,0.0,0.7131130700888773,0.0,0.02025952458503756,False,False,False
404,1773733525.207972,1773733525207975458,-0.42,8.409937492055881e-20,0.8749994277780444,-0.2519577000762313,-0.2559733024552496,0.7298113387469357,0.33888069778318985,,0.0,0.7131130700888773,0.0,0.0,False,False,False
405,1773733525.2580066,1773733525258008825,-0.42,8.409937492055881e-20,0.8749994277780444,-0.2519577000762313,-0.2559733024552496,0.7298113387469357,0.33888069778318985,,0.0,0.7131130700888773,0.0,0.0,False,False,False
406,1773733525.3080013,1773733525308003482,-0.42,8.409937492055881e-20,0.8749994277780444,-0.24719266996597644,-0.2685153274544645,0.7448321985342546,0.34482801794586176,,0.0,0.722943121043571,0.0,0.020140360765956065,False,False,False
407,1773733525.358035,1773733525358037730,-0.42,8.409937492055881e-20,0.8749994277780444,-0.24719266996597644,-0.2685153274544645,0.7448321985342546,0.34482801794586176,,0.0,0.722943121043571,0.0,0.0,False,False,False
408,1773733525.4080656,1773733525408068777,-0.42,8.409937492055881e-20,0.8749994277780444,-0.24719266996597644,-0.2685153274544645,0.7448321985342546,0.34482801794586176,,0.0,0.722943121043571,0.0,0.0,False,False,False
409,1773733525.4579246,1773733525457926765,-0.42,8.409937492055881e-20,0.8749994277780444,-0.2428212036345303,-0.27971193918851256,0.7608947626727389,0.3502156041710715,,0.0,0.7320055878146354,0.0,0.0200618991850949,False,False,False
410,1773733525.508086,1773733525508089751,-0.42,8.409937492055881e-20,0.8749994277780444,-0.2428212036345303,-0.27971193918851256,0.7608947626727389,0.3502156041710715,,0.0,0.7320055878146354,0.0,0.0,False,False,False
411,1773733525.5580509,1773733525558053279,-0.42,8.409937492055881e-20,0.8749994277780444,-0.2428212036345303,-0.27971193918851256,0.7608947626727389,0.3502156041710715,,0.0,0.7320055878146354,0.0,0.0,False,False,False
412,1773733525.6080143,1773733525608017017,-0.42,8.409937492055881e-20,0.8749994277780444,-0.23892350583016086,-0.2895065089035136,0.7779232251252356,0.3550021190920262,,0.0,0.7402955296294018,0.0,0.02002733575821534,False,False,False
413,1773733525.6585176,1773733525658520201,-0.42,8.409937492055881e-20,0.8749994277780444,-0.23892350583016086,-0.2895065089035136,0.7779232251252356,0.3550021190920262,,0.0,0.7402955296294018,0.0,0.0,False,False,False
414,1773733525.7080963,1773733525708099301,-0.42,8.409937492055881e-20,0.8749994277780444,-0.23892350583016086,-0.2895065089035136,0.7779232251252356,0.3550021190920262,,0.0,0.7402955296294018,0.0,0.0,False,False,False
415,1773733525.7581291,1773733525758132938,-0.42,8.409937492055881e-20,0.8749994277780444,-0.23892350583016086,-0.2895065089035136,0.7779232251252356,0.3550021190920262,,0.0,0.7402955296294018,0.0,0.0,False,False,False
416,1773733525.8080456,1773733525808049056,-0.42,8.409937492055881e-20,0.8749994277780444,-0.23557472496781262,-0.2978481623622456,0.7958330683594879,0.35915668218321184,,0.0,0.7478105856162127,0.0,0.020038962058078185,False,False,False
417,1773733525.8579898,1773733525857992184,-0.42,8.409937492055881e-20,0.8749994277780444,-0.23557472496781262,-0.2978481623622456,0.7958330683594879,0.35915668218321184,,0.0,0.7478105856162127,0.0,0.0,False,False,False
418,1773733525.9080498,1773733525908052921,-0.42,8.409937492055881e-20,0.8749994277780444,-0.23557472496781262,-0.2978481623622456,0.7958330683594879,0.35915668218321184,,0.0,0.7478105856162127,0.0,0.0,False,False,False
419,1773733525.958001,1773733525958003178,-0.42,8.409937492055881e-20,0.8749994277780444,-0.23284431385559645,-0.30469213720985056,0.8145316622510802,0.3626581034549108,,0.0,0.7545509776924307,0.0,0.02009807329270787,False,False,False
420,1773733526.009304,1773733526009307816,-0.42,8.409937492055881e-20,0.8749994277780444,-0.23284431385559645,-0.30469213720985056,0.8145316622510802,0.3626581034549108,,0.0,0.7545509776924307,0.0,0.0,False,False,False
421,1773733526.058019,1773733526058020943,-0.42,8.409937492055881e-20,0.8749994277780444,-0.23284431385559645,-0.30469213720985056,0.8145316622510802,0.3626581034549108,,0.0,0.7545509776924307,0.0,0.0,False,False,False
422,1773733526.1081994,1773733526108202480,-0.42,8.409937492055881e-20,0.8749994277780444,-0.2307954454512685,-0.3100001175326481,0.8339189314409812,0.36549424552452126,,0.0,0.760519501475856,0.0,0.020204918299442407,False,False,False
423,1773733526.159979,1773733526159982194,-0.42,8.409937492055881e-20,0.8749994277780444,-0.2307954454512685,-0.3100001175326481,0.8339189314409812,0.36549424552452126,,0.0,0.760519501475856,0.0,0.0,False,False,False
424,1773733526.2080412,1773733526208043276,-0.42,8.409937492055881e-20,0.8749994277780444,-0.2307954454512685,-0.3100001175326481,0.8339189314409812,0.36549424552452126,,0.0,0.760519501475856,0.0,0.0,False,False,False
425,1773733526.2580001,1773733526258003113,-0.42,8.409937492055881e-20,0.8749994277780444,-0.2307954454512685,-0.3100001175326481,0.8339189314409812,0.36549424552452126,,0.0,0.760519501475856,0.0,0.0,False,False,False
426,1773733526.3095357,1773733526309539240,-0.42,8.409937492055881e-20,0.8749994277780444,-0.22948448872255067,-0.31374054271760665,0.8538880858132876,0.36766149776880247,,0.0,0.7657215050098286,0.0,0.02035869628571158,False,False,False
427,1773733526.358007,1773733526358009219,-0.42,8.409937492055881e-20,0.8749994277780444,-0.22948448872255067,-0.31374054271760665,0.8538880858132876,0.36766149776880247,,0.0,0.7657215050098286,0.0,0.0,False,False,False
428,1773733526.407972,1773733526407974956,-0.42,8.409937492055881e-20,0.8749994277780444,-0.2289605491502894,-0.3158888877837028,0.8743264082337817,0.36916434573437706,,0.0,0.770164855122381,0.0,0.020557600116805335,False,False,False
429,1773733526.4580688,1773733526458071353,-0.42,8.409937492055881e-20,0.8749994277780444,-0.2289605491502894,-0.3158888877837028,0.8743264082337817,0.36916434573437706,,0.0,0.770164855122381,0.0,0.0,False,False,False
430,1773733526.509115,1773733526509118323,-0.42,8.409937492055881e-20,0.8749994277780444,-0.2289605491502894,-0.3158888877837028,0.8743264082337817,0.36916434573437706,,0.0,0.770164855122381,0.0,0.0,False,False,False
431,1773733526.5590708,1773733526559072631,-0.42,8.409937492055881e-20,0.8749994277780444,-0.22926507783766403,-0.31642791244692864,0.89511609321055,0.37001501933829234,,0.0,0.7738598912747716,0.0,0.02079890109458342,False,False,False
432,1773733526.6080782,1773733526608081996,-0.42,8.409937492055881e-20,0.8749994277780444,-0.22926507783766403,-0.31642791244692864,0.89511609321055,0.37001501933829234,,0.0,0.7738598912747716,0.0,0.0,False,False,False
433,1773733526.6580749,1773733526658078703,-0.42,8.409937492055881e-20,0.8749994277780444,-0.22926507783766403,-0.31642791244692864,0.89511609321055,0.37001501933829234,,0.0,0.7738598912747716,0.0,0.0,False,False,False
434,1773733526.7080176,1773733526708021301,-0.42,8.409937492055881e-20,0.8749994277780444,-0.23043155257526116,-0.31534787629843586,0.9161351297169693,0.37023320396605114,,0.0,0.7768193667966597,0.0,0.02107906632310104,False,False,False
435,1773733526.7599595,1773733526759962935,-0.42,8.409937492055881e-20,0.8749994277780444,-0.23043155257526116,-0.31534787629843586,0.9161351297169693,0.37023320396605114,,0.0,0.7768193667966597,0.0,0.0,False,False,False
436,1773733526.8093235,1773733526809325577,-0.42,8.409937492055881e-20,0.8749994277780444,-0.23043155257526116,-0.31534787629843586,0.9161351297169693,0.37023320396605114,,0.0,0.7768193667966597,0.0,0.0,False,False,False
437,1773733526.8580194,1773733526858022824,-0.42,8.409937492055881e-20,0.8749994277780444,-0.23043155257526116,-0.31534787629843586,0.9161351297169693,0.37023320396605114,,0.0,0.7768193667966597,0.0,0.0,False,False,False
438,1773733526.9079142,1773733526907916513,-0.42,8.409937492055881e-20,0.8749994277780444,-0.23248523357600615,-0.3126467176184019,0.9372582210511113,0.3698457989546781,,0.0,0.7790583774564166,0.0,0.021393897526585704,False,False,False
439,1773733526.958243,1773733526958245958,-0.42,8.409937492055881e-20,0.8749994277780444,-0.23248523357600615,-0.3126467176184019,0.9372582210511113,0.3698457989546781,,0.0,0.7790583774564166,0.0,0.0,False,False,False
440,1773733527.0079873,1773733527007989917,-0.42,8.409937492055881e-20,0.8749994277780444,-0.23248523357600615,-0.3126467176184019,0.9372582210511113,0.3698457989546781,,0.0,0.7790583774564166,0.0,0.0,False,False,False
441,1773733527.0580046,1773733527058007035,-0.42,8.409937492055881e-20,0.8749994277780444,-0.23544299593178708,-0.3083301935180616,0.9583577342887113,0.36888670787905325,,0.0,0.7805942773742903,0.0,0.02173867975121187,False,False,False
442,1773733527.1081076,1773733527108111612,-0.42,8.409937492055881e-20,0.8749994277780444,-0.23544299593178708,-0.3083301935180616,0.9583577342887113,0.36888670787905325,,0.0,0.7805942773742903,0.0,0.0,False,False,False
443,1773733527.1580067,1773733527158009160,-0.42,8.409937492055881e-20,0.8749994277780444,-0.23544299593178708,-0.3083301935180616,0.9583577342887113,0.36888670787905325,,0.0,0.7805942773742903,0.0,0.0,False,False,False
444,1773733527.207992,1773733527207994598,-0.42,8.409937492055881e-20,0.8749994277780444,-0.2393132401582896,-0.30241197929830127,0.9793046716383914,0.36739664438040065,,0.0,0.7814465823564716,0.0,0.02210832952204154,False,False,False
445,1773733527.2600365,1773733527260038791,-0.42,8.409937492055881e-20,0.8749994277780444,-0.2393132401582896,-0.30241197929830127,0.9793046716383914,0.36739664438040065,,0.0,0.7814465823564716,0.0,0.0,False,False,False
446,1773733527.3079913,1773733527307993853,-0.42,8.409937492055881e-20,0.8749994277780444,-0.2393132401582896,-0.30241197929830127,0.9793046716383914,0.36739664438040065,,0.0,0.7814465823564716,0.0,0.0,False,False,False
447,1773733527.3579702,1773733527357973031,-0.42,8.409937492055881e-20,0.8749994277780444,-0.2393132401582896,-0.30241197929830127,0.9793046716383914,0.36739664438040065,,0.0,0.7814465823564716,0.0,0.0,False,False,False
448,1773733527.4081397,1773733527408144508,-0.42,8.409937492055881e-20,0.8749994277780444,-0.24409588150133066,-0.2949137251329643,0.9999696558243174,0.3654229358900903,,0.0,0.7816368608127059,0.0,0.02249753420152373,False,False,False
449,1773733527.457984,1773733527457986337,-0.42,8.409937492055881e-20,0.8749994277780444,-0.24409588150133066,-0.2949137251329643,0.9999696558243174,0.3654229358900903,,0.0,0.7816368608127059,0.0,0.0,False,False,False
450,1773733527.5080335,1773733527508036854,-0.42,8.409937492055881e-20,0.8749994277780444,-0.24409588150133066,-0.2949137251329643,0.9999696558243174,0.3654229358900903,,0.0,0.7816368608127059,0.0,0.0,False,False,False
451,1773733527.5592458,1773733527559248523,-0.42,8.409937492055881e-20,0.8749994277780444,-0.24978229241667116,-0.2858846972330398,1.0201854571727833,0.36301943641954,,0.0,0.7811940066529575,0.0,0.022859073429961137,False,False,False
452,1773733527.6081936,1773733527608198418,-0.42,8.409937492055881e-20,0.8749994277780444,-0.24978229241667116,-0.2858846972330398,1.0201854571727833,0.36301943641954,,0.0,0.7811940066529575,0.0,0.0,False,False,False
453,1773733527.6580148,1773733527658017437,-0.42,8.409937492055881e-20,0.8749994277780444,-0.24978229241667116,-0.2858846972330398,1.0201854571727833,0.36301943641954,,0.0,0.7811940066529575,0.0,0.0,False,False,False
454,1773733527.7081766,1773733527708182464,-0.42,8.409937492055881e-20,0.8749994277780444,-0.25635544841488056,-0.2753142598331739,1.039922674261554,0.36024596897348293,,0.0,0.7801303644660734,0.0,0.023334486602677555,False,False,False
455,1773733527.758181,1773733527758184391,-0.42,8.409937492055881e-20,0.8749994277780444,-0.25635544841488056,-0.2753142598331739,1.039922674261554,0.36024596897348293,,0.0,0.7801303644660734,0.0,0.0,False,False,False
456,1773733527.8080053,1773733527808008201,-0.42,8.409937492055881e-20,0.8749994277780444,-0.25635544841488056,-0.2753142598331739,1.039922674261554,0.36024596897348293,,0.0,0.7801303644660734,0.0,0.0,False,False,False
457,1773733527.8579776,1773733527857980679,-0.42,8.409937492055881e-20,0.8749994277780444,-0.26379532716223075,-0.26327421413680124,1.05899535123757,0.3571662239006208,,0.0,0.7784802760368952,0.0,0.023750400063524624,False,False,False
458,1773733527.9079735,1773733527907975976,-0.42,8.409937492055881e-20,0.8749994277780444,-0.26379532716223075,-0.26327421413680124,1.05899535123757,0.3571662239006208,,0.0,0.7784802760368952,0.0,0.0,False,False,False
459,1773733527.9579666,1773733527957969734,-0.42,8.409937492055881e-20,0.8749994277780444,-0.26379532716223075,-0.26327421413680124,1.05899535123757,0.3571662239006208,,0.0,0.7784802760368952,0.0,0.0,False,False,False
460,1773733528.009146,1773733528009148103,-0.42,8.409937492055881e-20,0.8749994277780444,-0.27202270525735717,-0.24989126767012715,1.0771897048751322,0.35386979748168856,,0.0,0.7762847037728019,0.0,0.024038042988951954,False,False,False
461,1773733528.0580783,1773733528058081199,-0.42,8.409937492055881e-20,0.8749994277780444,-0.27202270525735717,-0.24989126767012715,1.0771897048751322,0.35386979748168856,,0.0,0.7762847037728019,0.0,0.0,False,False,False
462,1773733528.1079829,1773733528107985987,-0.42,8.409937492055881e-20,0.8749994277780444,-0.27202270525735717,-0.24989126767012715,1.0771897048751322,0.35386979748168856,,0.0,0.7762847037728019,0.0,0.0,False,False,False
463,1773733528.158022,1773733528158024855,-0.42,8.409937492055881e-20,0.8749994277780444,-0.28082806873446386,-0.2355110122752433,1.0941146950530127,0.350493600095736,,0.0,0.7736338650179987,0.0,0.023891033123483858,False,False,False
464,1773733528.2086315,1773733528208634778,-0.42,8.409937492055881e-20,0.8749994277780444,-0.28082806873446386,-0.2355110122752433,1.0941146950530127,0.350493600095736,,0.0,0.7736338650179987,0.0,0.0,False,False,False
465,1773733528.2580192,1773733528258022741,-0.42,8.409937492055881e-20,0.8749994277780444,-0.28082806873446386,-0.2355110122752433,1.0941146950530127,0.350493600095736,,0.0,0.7736338650179987,0.0,0.0,False,False,False
466,1773733528.3091786,1773733528309181620,-0.42,8.409937492055881e-20,0.8749994277780444,-0.28082806873446386,-0.2355110122752433,1.0941146950530127,0.350493600095736,,0.0,0.7736338650179987,0.0,0.0,False,False,False
467,1773733528.3580554,1773733528358058196,-0.42,8.409937492055881e-20,0.8749994277780444,-0.2900321632957167,-0.22040435531475935,1.1096118731435136,0.3471494173114384,,0.0,0.770610854657575,0.0,0.02351784365078827,False,False,False
468,1773733528.408063,1773733528408067194,-0.42,8.409937492055881e-20,0.8749994277780444,-0.2900321632957167,-0.22040435531475935,1.1096118731435136,0.3471494173114384,,0.0,0.770610854657575,0.0,0.0,False,False,False
469,1773733528.4579785,1773733528457980863,-0.42,8.409937492055881e-20,0.8749994277780444,-0.2900321632957167,-0.22040435531475935,1.1096118731435136,0.3471494173114384,,0.0,0.770610854657575,0.0,0.0,False,False,False
470,1773733528.5079775,1773733528507980411,-0.42,8.409937492055881e-20,0.8749994277780444,-0.2994547375212102,-0.20487673936549444,1.12356660541279,0.3439349944923026,,0.0,0.7673157038818396,0.0,0.022904722543833262,False,False,False
471,1773733528.558148,1773733528558151497,-0.42,8.409937492055881e-20,0.8749994277780444,-0.2994547375212102,-0.20487673936549444,1.12356660541279,0.3439349944923026,,0.0,0.7673157038818396,0.0,0.0,False,False,False
472,1773733528.6080277,1773733528608030186,-0.42,8.409937492055881e-20,0.8749994277780444,-0.30895533436382705,-0.18915546395237975,1.1359877548877124,0.34091877947216775,,0.0,0.7638292329699912,0.0,0.022174417585571708,False,False,False
473,1773733528.6580691,1773733528658072324,-0.42,8.409937492055881e-20,0.8749994277780444,-0.30895533436382705,-0.18915546395237975,1.1359877548877124,0.34091877947216775,,0.0,0.7638292329699912,0.0,0.0,False,False,False
474,1773733528.7080846,1773733528708087642,-0.42,8.409937492055881e-20,0.8749994277780444,-0.30895533436382705,-0.18915546395237975,1.1359877548877124,0.34091877947216775,,0.0,0.7638292329699912,0.0,0.0,False,False,False
475,1773733528.757978,1773733528757980431,-0.42,8.409937492055881e-20,0.8749994277780444,-0.3184178095088426,-0.17342994568904418,1.1469318996263498,0.33814812838786495,,0.0,0.7602212127755961,0.0,0.021368309820404163,False,False,False
476,1773733528.8080537,1773733528808056678,-0.42,8.409937492055881e-20,0.8749994277780444,-0.3184178095088426,-0.17342994568904418,1.1469318996263498,0.33814812838786495,,0.0,0.7602212127755961,0.0,0.0,False,False,False
477,1773733528.8580105,1773733528858013016,-0.42,8.409937492055881e-20,0.8749994277780444,-0.3184178095088426,-0.17342994568904418,1.1469318996263498,0.33814812838786495,,0.0,0.7602212127755961,0.0,0.0,False,False,False
478,1773733528.9079497,1773733528907952154,-0.42,8.409937492055881e-20,0.8749994277780444,-0.32773934360439116,-0.15786990407710666,1.1564760102307516,0.335654587040188,,0.0,0.7565538521010241,0.0,0.02049624209675418,False,False,False
479,1773733528.9581614,1773733528958165730,-0.42,8.409937492055881e-20,0.8749994277780444,-0.32773934360439116,-0.15786990407710666,1.1564760102307516,0.335654587040188,,0.0,0.7565538521010241,0.0,0.0,False,False,False
480,1773733529.0080066,1773733529008009450,-0.42,8.409937492055881e-20,0.8749994277780444,-0.32773934360439116,-0.15786990407710666,1.1564760102307516,0.335654587040188,,0.0,0.7565538521010241,0.0,0.0,False,False,False
481,1773733529.058001,1773733529058004508,-0.42,8.409937492055881e-20,0.8749994277780444,-0.32773934360439116,-0.15786990407710666,1.1564760102307516,0.335654587040188,,0.0,0.7565538521010241,0.0,0.0,False,False,False
482,1773733529.1080003,1773733529108002856,-0.42,8.409937492055881e-20,0.8749994277780444,-0.3368343216950759,-0.14261890161654445,1.1647151408871412,0.3334544580126951,,0.0,0.7528803983974339,0.0,0.019575366573711166,False,False,False
483,1773733529.1580482,1773733529158052624,-0.42,8.409937492055881e-20,0.8749994277780444,-0.3368343216950759,-0.14261890161654445,1.1647151408871412,0.3334544580126951,,0.0,0.7528803983974339,0.0,0.0,False,False,False
484,1773733529.2082033,1773733529208205931,-0.42,8.409937492055881e-20,0.8749994277780444,-0.3368343216950759,-0.14261890161654445,1.1647151408871412,0.3334544580126951,,0.0,0.7528803983974339,0.0,0.0,False,False,False
485,1773733529.258031,1773733529258033640,-0.42,8.409937492055881e-20,0.8749994277780444,-0.3456174784284384,-0.12782254014720418,1.1717433929610421,0.3315544331743366,,0.0,0.7492522201005187,0.0,0.018586890061236188,False,False,False
486,1773733529.3083599,1773733529308368936,-0.42,8.409937492055881e-20,0.8749994277780444,-0.3456174784284384,-0.12782254014720418,1.1717433929610421,0.3315544331743366,,0.0,0.7492522201005187,0.0,0.0,False,False,False
487,1773733529.3579957,1773733529357998477,-0.42,8.409937492055881e-20,0.8749994277780444,-0.3456174784284384,-0.12782254014720418,1.1717433929610421,0.3315544331743366,,0.0,0.7492522201005187,0.0,0.0,False,False,False
488,1773733529.4080708,1773733529408074824,-0.42,8.409937492055881e-20,0.8749994277780444,-0.35405581592262836,-0.11354061470128832,1.1776907124405613,0.3299426016915996,,0.0,0.745697455784919,0.0,0.01762241592688188,False,False,False
489,1773733529.45808,1773733529458083972,-0.42,8.409937492055881e-20,0.8749994277780444,-0.35405581592262836,-0.11354061470128832,1.1776907124405613,0.3299426016915996,,0.0,0.745697455784919,0.0,0.0,False,False,False
490,1773733529.5080574,1773733529508060550,-0.42,8.409937492055881e-20,0.8749994277780444,-0.35405581592262836,-0.11354061470128832,1.1776907124405613,0.3299426016915996,,0.0,0.745697455784919,0.0,0.0,False,False,False
491,1773733529.5580769,1773733529558081038,-0.42,8.409937492055881e-20,0.8749994277780444,-0.3620791627126644,-0.09989760007211168,1.1826511475091182,0.3286090907837468,,0.0,0.7422583455868731,0.0,0.016586496253111364,False,False,False
492,1773733529.6079588,1773733529607960918,-0.42,8.409937492055881e-20,0.8749994277780444,-0.3620791627126644,-0.09989760007211168,1.1826511475091182,0.3286090907837468,,0.0,0.7422583455868731,0.0,0.0,False,False,False
493,1773733529.6605895,1773733529660592766,-0.42,8.409937492055881e-20,0.8749994277780444,-0.3620791627126644,-0.09989760007211168,1.1826511475091182,0.3286090907837468,,0.0,0.7422583455868731,0.0,0.0,False,False,False
494,1773733529.7079847,1773733529707988654,-0.42,8.409937492055881e-20,0.8749994277780444,-0.36964535744781574,-0.08697251212104952,1.1867338972053325,0.3275334903797124,,0.0,0.7389645103670547,0.0,0.015523338764417364,False,False,False
495,1773733529.758044,1773733529758047611,-0.42,8.409937492055881e-20,0.8749994277780444,-0.36964535744781574,-0.08697251212104952,1.1867338972053325,0.3275334903797124,,0.0,0.7389645103670547,0.0,0.0,False,False,False
496,1773733529.8080423,1773733529808045169,-0.42,8.409937492055881e-20,0.8749994277780444,-0.36964535744781574,-0.08697251212104952,1.1867338972053325,0.3275334903797124,,0.0,0.7389645103670547,0.0,0.0,False,False,False
497,1773733529.8581262,1773733529858130577,-0.42,8.409937492055881e-20,0.8749994277780444,-0.37672465258317245,-0.07482455951800232,1.1900473446957966,0.32669046566333265,,0.0,0.7358393163171894,0.0,0.014445348951528637,False,False,False
498,1773733529.9080281,1773733529908030386,-0.42,8.409937492055881e-20,0.8749994277780444,-0.37672465258317245,-0.07482455951800232,1.1900473446957966,0.32669046566333265,,0.0,0.7358393163171894,0.0,0.0,False,False,False
499,1773733529.9580588,1773733529958061683,-0.42,8.409937492055881e-20,0.8749994277780444,-0.37672465258317245,-0.07482455951800232,1.1900473446957966,0.32669046566333265,,0.0,0.7358393163171894,0.0,0.0,False,False,False
500,1773733530.0087185,1773733530008720707,-0.42,8.409937492055881e-20,0.8749994277780444,-0.3832891522484763,-0.06351078382917871,1.1926927046924551,0.32605264023137226,,0.0,0.7329045688655689,0.0,0.013345115424930266,False,False,False
501,1773733530.058066,1773733530058069050,-0.42,8.409937492055881e-20,0.8749994277780444,-0.3832891522484763,-0.06351078382917871,1.1926927046924551,0.32605264023137226,,0.0,0.7329045688655689,0.0,0.0,False,False,False
502,1773733530.1080775,1773733530108081608,-0.42,8.409937492055881e-20,0.8749994277780444,-0.3832891522484763,-0.06351078382917871,1.1926927046924551,0.32605264023137226,,0.0,0.7329045688655689,0.0,0.0,False,False,False
503,1773733530.1579921,1773733530157995547,-0.42,8.409937492055881e-20,0.8749994277780444,-0.3893216183695298,-0.05307055141033944,1.194767636643682,0.3255907767852158,,0.0,0.7301766778076064,0.0,0.012234968045044583,False,False,False
504,1773733530.208063,1773733530208065465,-0.42,8.409937492055881e-20,0.8749994277780444,-0.3893216183695298,-0.05307055141033944,1.194767636643682,0.3255907767852158,,0.0,0.7301766778076064,0.0,0.0,False,False,False
505,1773733530.2580106,1773733530258013713,-0.42,8.409937492055881e-20,0.8749994277780444,-0.3893216183695298,-0.05307055141033944,1.194767636643682,0.3255907767852158,,0.0,0.7301766778076064,0.0,0.0,False,False,False
506,1773733530.3100739,1773733530310075766,-0.42,8.409937492055881e-20,0.8749994277780444,-0.3948064936556219,-0.04354061856255195,1.1963619188314638,0.32527580433040654,,0.0,0.7276706633512278,0.0,0.011110590114012936,False,False,False
507,1773733530.3580694,1773733530358071789,-0.42,8.409937492055881e-20,0.8749994277780444,-0.3948064936556219,-0.04354061856255195,1.1963619188314638,0.32527580433040654,,0.0,0.7276706633512278,0.0,0.0,False,False,False
508,1773733530.4079852,1773733530407987088,-0.42,8.409937492055881e-20,0.8749994277780444,-0.3948064936556219,-0.04354061856255195,1.1963619188314638,0.32527580433040654,,0.0,0.7276706633512278,0.0,0.0,False,False,False
509,1773733530.4593296,1773733530459331996,-0.42,8.409937492055881e-20,0.8749994277780444,-0.39973429713488806,-0.03494720260174339,1.1975588023123487,0.3250793069118148,,0.0,0.7253981763035299,0.0,0.00997810478360304,False,False,False
510,1773733530.5080433,1773733530508045984,-0.42,8.409937492055881e-20,0.8749994277780444,-0.39973429713488806,-0.03494720260174339,1.1975588023123487,0.3250793069118148,,0.0,0.7253981763035299,0.0,0.0,False,False,False
511,1773733530.5579536,1773733530557957713,-0.42,8.409937492055881e-20,0.8749994277780444,-0.39973429713488806,-0.03494720260174339,1.1975588023123487,0.3250793069118148,,0.0,0.7253981763035299,0.0,0.0,False,False,False
512,1773733530.6080284,1773733530608031611,-0.42,8.409937492055881e-20,0.8749994277780444,-0.39973429713488806,-0.03494720260174339,1.1975588023123487,0.3250793069118148,,0.0,0.7253981763035299,0.0,0.0,False,False,False
513,1773733530.6579828,1773733530657984990,-0.42,8.409937492055881e-20,0.8749994277780444,-0.4040990275012682,-0.027310151794033066,1.198433711273708,0.3249744929340945,,0.0,0.7233686349606825,0.0,0.008839733135192294,False,False,False
514,1773733530.7080693,1773733530708072687,-0.42,8.409937492055881e-20,0.8749994277780444,-0.4040990275012682,-0.027310151794033066,1.198433711273708,0.3249744929340945,,0.0,0.7233686349606825,0.0,0.0,False,False,False
515,1773733530.760656,1773733530760658926,-0.42,8.409937492055881e-20,0.8749994277780444,-0.4040990275012682,-0.027310151794033066,1.198433711273708,0.3249744929340945,,0.0,0.7233686349606825,0.0,0.0,False,False,False
516,1773733530.8080788,1773733530808081444,-0.42,8.409937492055881e-20,0.8749994277780444,-0.40789533362649455,-0.020647641628275204,1.1990535515751441,0.32493679878205484,,0.0,0.7215905126197537,0.0,0.007693190749262782,False,False,False
517,1773733530.8579879,1773733530857990802,-0.42,8.409937492055881e-20,0.8749994277780444,-0.40789533362649455,-0.020647641628275204,1.1990535515751441,0.32493679878205484,,0.0,0.7215905126197537,0.0,0.0,False,False,False
518,1773733530.9080656,1773733530908068220,-0.42,8.409937492055881e-20,0.8749994277780444,-0.40789533362649455,-0.020647641628275204,1.1990535515751441,0.32493679878205484,,0.0,0.7215905126197537,0.0,0.0,False,False,False
519,1773733530.958002,1773733530958004639,-0.42,8.409937492055881e-20,0.8749994277780444,-0.4111234099644656,-0.014967364691915081,1.1994773970138541,0.32494425425890333,,0.0,0.7200690078345837,0.0,0.00654718778357767,False,False,False
520,1773733531.007998,1773733531008000377,-0.42,8.409937492055881e-20,0.8749994277780444,-0.4111234099644656,-0.014967364691915081,1.1994773970138541,0.32494425425890333,,0.0,0.7200690078345837,0.0,0.0,False,False,False
521,1773733531.0580912,1773733531058094675,-0.42,8.409937492055881e-20,0.8749994277780444,-0.4111234099644656,-0.014967364691915081,1.1994773970138541,0.32494425425890333,,0.0,0.7200690078345837,0.0,0.0,False,False,False
522,1773733531.108011,1773733531108014414,-0.42,8.409937492055881e-20,0.8749994277780444,-0.4111234099644656,-0.014967364691915081,1.1994773970138541,0.32494425425890333,,0.0,0.7200690078345837,0.0,0.0,False,False,False
523,1773733531.1580236,1773733531158026612,-0.42,8.409937492055881e-20,0.8749994277780444,-0.4137800543630453,-0.010282053941440491,1.1997550176411884,0.3249778477132556,,0.0,0.7188102005852162,0.0,0.005393233677650097,False,False,False
524,1773733531.2098136,1773733531209816647,-0.42,8.409937492055881e-20,0.8749994277780444,-0.4137800543630453,-0.010282053941440491,1.1997550176411884,0.3249778477132556,,0.0,0.7188102005852162,0.0,0.0,False,False,False
525,1773733531.25807,1773733531258074099,-0.42,8.409937492055881e-20,0.8749994277780444,-0.4137800543630453,-0.010282053941440491,1.1997550176411884,0.3249778477132556,,0.0,0.7188102005852162,0.0,0.0,False,False,False
526,1773733531.308028,1773733531308032218,-0.42,8.409937492055881e-20,0.8749994277780444,-0.4158680903685834,-0.006592755864294966,1.1999280520873399,0.32502176542905503,,0.0,0.7178165729881888,0.0,0.004242729732378443,False,False,False
527,1773733531.3601625,1773733531360165340,-0.42,8.409937492055881e-20,0.8749994277780444,-0.4158680903685834,-0.006592755864294966,1.1999280520873399,0.32502176542905503,,0.0,0.7178165729881888,0.0,0.0,False,False,False
528,1773733531.4098418,1773733531409844351,-0.42,8.409937492055881e-20,0.8749994277780444,-0.4158680903685834,-0.006592755864294966,1.1999280520873399,0.32502176542905503,,0.0,0.7178165729881888,0.0,0.0,False,False,False
529,1773733531.458071,1773733531458075393,-0.42,8.409937492055881e-20,0.8749994277780444,-0.41738582849244293,-0.003907300251452387,1.2000288438030913,0.32506341253593724,,0.0,0.7170919671749987,0.0,0.003086318167514239,False,False,False
530,1773733531.5080736,1773733531508077231,-0.42,8.409937492055881e-20,0.8749994277780444,-0.41738582849244293,-0.003907300251452387,1.2000288438030913,0.32506341253593724,,0.0,0.7170919671749987,0.0,0.0,False,False,False
531,1773733531.558019,1773733531558021970,-0.42,8.409937492055881e-20,0.8749994277780444,-0.41738582849244293,-0.003907300251452387,1.2000288438030913,0.32506341253593724,,0.0,0.7170919671749987,0.0,0.0,False,False,False
532,1773733531.6079836,1773733531607986009,-0.42,8.409937492055881e-20,0.8749994277780444,-0.4183362104264852,-0.002224068360418355,1.2000812370585965,0.32509367480917556,,0.0,0.716637211732205,0.0,0.0019337115795201724,False,False,False
533,1773733531.6582203,1773733531658225065,-0.42,8.409937492055881e-20,0.8749994277780444,-0.4183362104264852,-0.002224068360418355,1.2000812370585965,0.32509367480917556,,0.0,0.716637211732205,0.0,0.0,False,False,False
534,1773733531.7080517,1773733531708056435,-0.42,8.409937492055881e-20,0.8749994277780444,-0.4183362104264852,-0.002224068360418355,1.2000812370585965,0.32509367480917556,,0.0,0.716637211732205,0.0,0.0,False,False,False
535,1773733531.7581081,1773733531758111583,-0.42,8.409937492055881e-20,0.8749994277780444,-0.4183362104264852,-0.002224068360418355,1.2000812370585965,0.32509367480917556,,0.0,0.716637211732205,0.0,0.0,False,False,False
536,1773733531.8079486,1773733531807950953,-0.42,8.409937492055881e-20,0.8749994277780444,-0.41881135981753675,-0.0013820481607416018,1.2001043328510201,0.3251100155718223,,0.0,0.7164095582909698,0.0,0.0009671082545961429,False,False,False
537,1773733531.8580344,1773733531858037590,-0.42,8.409937492055881e-20,0.8749994277780444,-0.41881135981753675,-0.0013820481607416018,1.2001043328510201,0.3251100155718223,,0.0,0.7164095582909698,0.0,0.0,False,False,False
538,1773733531.9079952,1773733531907998749,-0.42,8.409937492055881e-20,0.8749994277780444,-0.41881135981753675,-0.0013820481607416018,1.2001043328510201,0.3251100155718223,,0.0,0.7164095582909698,0.0,0.0,False,False,False
539,1773733531.958803,1773733531958805151,-0.42,8.409937492055881e-20,0.8749994277780444,-0.41903859133678895,-0.0009792543891313623,1.2001146474808349,0.3251181159642908,,0.0,0.7163006173700736,0.0,0.0004625833734343197,False,False,False
540,1773733532.008048,1773733532008051425,-0.42,8.409937492055881e-20,0.8749994277780444,-0.41903859133678895,-0.0009792543891313623,1.2001146474808349,0.3251181159642908,,0.0,0.7163006173700736,0.0,0.0,False,False,False
541,1773733532.058174,1773733532058176453,-0.42,8.409937492055881e-20,0.8749994277780444,-0.41903859133678895,-0.0009792543891313623,1.2001146474808349,0.3251181159642908,,0.0,0.7163006173700736,0.0,0.0,False,False,False
542,1773733532.1079547,1773733532107958304,-0.42,8.409937492055881e-20,0.8749994277780444,-0.41903859133678895,-0.0009792543891313623,1.2001146474808349,0.3251181159642908,,0.0,0.7163006173700736,0.0,0.0,False,False,False
543,1773733532.158764,1773733532158767826,-0.42,8.409937492055881e-20,0.8749994277780444,-0.4191472682274225,-0.0007865863253198643,1.2001194134740567,0.32512205549377665,,0.0,0.7162484987483249,0.0,0.00022125633112305936,False,False,False
544,1773733532.2108812,1773733532210884679,-0.42,8.409937492055881e-20,0.8749994277780444,-0.4191472682274225,-0.0007865863253198643,1.2001194134740567,0.32512205549377665,,0.0,0.7162484987483249,0.0,0.0,False,False,False
545,1773733532.2580836,1773733532258087428,-0.42,8.409937492055881e-20,0.8749994277780444,-0.4191472682274225,-0.0007865863253198643,1.2001194134740567,0.32512205549377665,,0.0,0.7162484987483249,0.0,0.0,False,False,False
546,1773733532.30797,1773733532307973258,-0.42,8.409937492055881e-20,0.8749994277780444,-0.4191992463736605,-0.0006944308286639361,1.2001216547238427,0.3251239546615122,,0.0,0.7162235677163987,0.0,0.0001058271536556,False,False,False
547,1773733532.3580947,1773733532358097836,-0.42,8.409937492055881e-20,0.8749994277780444,-0.4191992463736605,-0.0006944308286639361,1.2001216547238427,0.3251239546615122,,0.0,0.7162235677163987,0.0,0.0,False,False,False
548,1773733532.4080555,1773733532408058354,-0.42,8.409937492055881e-20,0.8749994277780444,-0.4191992463736605,-0.0006944308286639361,1.2001216547238427,0.3251239546615122,,0.0,0.7162235677163987,0.0,0.0,False,False,False
549,1773733532.457963,1773733532457965324,-0.42,8.409937492055881e-20,0.8749994277780444,-0.4192241069751102,-0.0006503524662996557,1.2001227179425706,0.32512486643707095,,0.0,0.7162116426283331,0.0,5.06170126263914e-05,False,False,False
550,1773733532.5084486,1773733532508451659,-0.42,8.409937492055881e-20,0.8749994277780444,-0.4192241069751102,-0.0006503524662996557,1.2001227179425706,0.32512486643707095,,0.0,0.7162116426283331,0.0,0.0,False,False,False
551,1773733532.5590303,1773733532559033003,-0.42,8.409937492055881e-20,0.8749994277780444,-0.4192241069751102,-0.0006503524662996557,1.2001227179425706,0.32512486643707095,,0.0,0.7162116426283331,0.0,0.0,False,False,False
552,1773733532.6081574,1773733532608161768,-0.42,8.409937492055881e-20,0.8749994277780444,-0.4192359976354862,-0.0006292697683541154,1.2001232244718474,0.3251253033165024,,0.0,0.7162059387464227,0.0,2.4210008854774082e-05,False,False,False
553,1773733532.6579459,1773733532657948798,-0.42,8.409937492055881e-20,0.8749994277780444,-0.4192359976354862,-0.0006292697683541154,1.2001232244718474,0.3251253033165024,,0.0,0.7162059387464227,0.0,0.0,False,False,False
554,1773733532.708056,1773733532708058626,-0.42,8.409937492055881e-20,0.8749994277780444,-0.4192359976354862,-0.0006292697683541154,1.2001232244718474,0.3251253033165024,,0.0,0.7162059387464227,0.0,0.0,False,False,False
555,1773733532.7579522,1773733532757954665,-0.42,8.409937492055881e-20,0.8749994277780444,-0.41924168488127667,-0.0006191859441198363,1.200123466284563,0.3251255124530231,,0.0,0.716203210563252,0.0,1.1579583293821721e-05,False,False,False
556,1773733532.8079734,1773733532807976454,-0.42,8.409937492055881e-20,0.8749994277780444,-0.41924168488127667,-0.0006191859441198363,1.200123466284563,0.3251255124530231,,0.0,0.716203210563252,0.0,0.0,False,False,False
557,1773733532.8608406,1773733532860843541,-0.42,8.409937492055881e-20,0.8749994277780444,-0.41924168488127667,-0.0006191859441198363,1.200123466284563,0.3251255124530231,,0.0,0.716203210563252,0.0,0.0,False,False,False
558,1773733532.907973,1773733532907975661,-0.42,8.409937492055881e-20,0.8749994277780444,-0.41924462659876205,-0.0006161085109925412,1.2001236524784211,0.3251256859519002,,0.0,0.7162030964147753,0.0,4.26133366090696e-06,False,False,False
559,1773733532.9579513,1773733532957953980,-0.42,8.409937492055881e-20,0.8749994277780444,-0.41924462659876205,-0.0006161085109925412,1.2001236524784211,0.3251256859519002,,0.0,0.7162030964147753,0.0,0.0,False,False,False
560,1773733533.0107563,1773733533010761117,-0.42,8.409937492055881e-20,0.8749994277780444,-0.41924462659876205,-0.0006161085109925412,1.2001236524784211,0.3251256859519002,,0.0,0.7162030964147753,0.0,0.0,False,False,False
561,1773733533.0580468,1773733533058052037,-0.42,8.409937492055881e-20,0.8749994277780444,-0.41932906763406064,-0.0007682397729031939,1.2001358305587913,0.325138002632409,,0.0,0.7163456461573,0.0,0.0001744205117935569,False,False,False
562,1773733533.1080346,1773733533108039766,-0.42,8.409937492055881e-20,0.8749994277780444,-0.41932906763406064,-0.0007682397729031939,1.2001358305587913,0.325138002632409,,0.0,0.7163456461573,0.0,0.0,False,False,False
563,1773733533.15795,1773733533157953115,-0.42,8.409937492055881e-20,0.8749994277780444,-0.41932906763406064,-0.0007682397729031939,1.2001358305587913,0.325138002632409,,0.0,0.7163456461573,0.0,0.0,False,False,False
564,1773733533.2080593,1773733533208062703,-0.42,8.409937492055881e-20,0.8749994277780444,-0.4196831504051623,-0.001399736098434576,1.2001856203615853,0.3251893594535202,,0.0,0.7169389887352184,0.0,0.0007257005184047586,False,False,False
565,1773733533.2579474,1773733533257949832,-0.42,8.409937492055881e-20,0.8749994277780444,-0.4196831504051623,-0.001399736098434576,1.2001856203615853,0.3251893594535202,,0.0,0.7169389887352184,0.0,0.0,False,False,False
566,1773733533.3080807,1773733533308083380,-0.42,8.409937492055881e-20,0.8749994277780444,-0.4196831504051623,-0.001399736098434576,1.2001856203615853,0.3251893594535202,,0.0,0.7169389887352184,0.0,0.0,False,False,False
567,1773733533.358262,1773733533358265758,-0.42,8.409937492055881e-20,0.8749994277780444,-0.4204168882676391,-0.0027068259875129607,1.2002831527936353,0.32529525428873524,,0.0,0.7181650228516605,0.0,0.0015021211017306809,False,False,False
568,1773733533.4102564,1773733533410259382,-0.42,8.409937492055881e-20,0.8749994277780444,-0.4204168882676391,-0.0027068259875129607,1.2002831527936353,0.32529525428873524,,0.0,0.7181650228516605,0.0,0.0,False,False,False
569,1773733533.4579813,1773733533457983518,-0.42,8.409937492055881e-20,0.8749994277780444,-0.4215793955635438,-0.004776845670814479,1.2004222082121747,0.32546167020156014,,0.0,0.7200998652117022,0.0,0.0023781802101002516,False,False,False
570,1773733533.5079417,1773733533507944136,-0.42,8.409937492055881e-20,0.8749994277780444,-0.4215793955635438,-0.004776845670814479,1.2004222082121747,0.32546167020156014,,0.0,0.7200998652117022,0.0,0.0,False,False,False
571,1773733533.5579195,1773733533557921765,-0.42,8.409937492055881e-20,0.8749994277780444,-0.4215793955635438,-0.004776845670814479,1.2004222082121747,0.32546167020156014,,0.0,0.7200998652117022,0.0,0.0,False,False,False
572,1773733533.6080828,1773733533608085463,-0.42,8.409937492055881e-20,0.8749994277780444,-0.423194889513563,-0.007652708598397274,1.2005840178017644,0.3256901848825194,,0.0,0.722773835503012,0.0,0.0033025127742488587,False,False,False
573,1773733533.6582458,1773733533658248571,-0.42,8.409937492055881e-20,0.8749994277780444,-0.423194889513563,-0.007652708598397274,1.2005840178017644,0.3256901848825194,,0.0,0.722773835503012,0.0,0.0,False,False,False
574,1773733533.7080376,1773733533708040111,-0.42,8.409937492055881e-20,0.8749994277780444,-0.423194889513563,-0.007652708598397274,1.2005840178017644,0.3256901848825194,,0.0,0.722773835503012,0.0,0.0,False,False,False
575,1773733533.7579668,1773733533757969110,-0.42,8.409937492055881e-20,0.8749994277780444,-0.4252744314561127,-0.011354323015876255,1.2007385633053693,0.32597963846293077,,0.0,0.7261913987514989,0.0,0.004248567793880219,False,False,False
576,1773733533.8081775,1773733533808181627,-0.42,8.409937492055881e-20,0.8749994277780444,-0.4252744314561127,-0.011354323015876255,1.2007385633053693,0.32597963846293077,,0.0,0.7261913987514989,0.0,0.0,False,False,False
577,1773733533.8580694,1773733533858073077,-0.42,8.409937492055881e-20,0.8749994277780444,-0.4252744314561127,-0.011354323015876255,1.2007385633053693,0.32597963846293077,,0.0,0.7261913987514989,0.0,0.0,False,False,False
578,1773733533.9080145,1773733533908018416,-0.42,8.409937492055881e-20,0.8749994277780444,-0.42782198502688856,-0.015890066081209027,1.2008454649839868,0.3263270102407131,,0.0,0.730341942393078,0.0,0.005203308785722635,False,False,False
579,1773733533.9579513,1773733533957954026,-0.42,8.409937492055881e-20,0.8749994277780444,-0.42782198502688856,-0.015890066081209027,1.2008454649839868,0.3263270102407131,,0.0,0.730341942393078,0.0,0.0,False,False,False
580,1773733534.0079315,1773733534007933624,-0.42,8.409937492055881e-20,0.8749994277780444,-0.43083687264935033,-0.021262025274526045,1.200854512287004,0.326727788270196,,0.0,0.7352047650204294,0.0,0.006160160290481758,False,False,False
581,1773733534.0579872,1773733534057989403,-0.42,8.409937492055881e-20,0.8749994277780444,-0.43083687264935033,-0.021262025274526045,1.200854512287004,0.326727788270196,,0.0,0.7352047650204294,0.0,0.0,False,False,False
582,1773733534.1079748,1773733534107977232,-0.42,8.409937492055881e-20,0.8749994277780444,-0.43083687264935033,-0.021262025274526045,1.200854512287004,0.326727788270196,,0.0,0.7352047650204294,0.0,0.0,False,False,False
583,1773733534.159152,1773733534159154462,-0.42,8.409937492055881e-20,0.8749994277780444,-0.43431443044170975,-0.0274682125772783,1.2007060267266227,0.32717609053797186,,0.0,0.7407512600577332,0.0,0.007115631876206412,False,False,False
584,1773733534.2080884,1773733534208091099,-0.42,8.409937492055881e-20,0.8749994277780444,-0.43431443044170975,-0.0274682125772783,1.2007060267266227,0.32717609053797186,,0.0,0.7407512600577332,0.0,0.0,False,False,False
585,1773733534.2580085,1773733534258011779,-0.42,8.409937492055881e-20,0.8749994277780444,-0.43431443044170975,-0.0274682125772783,1.2007060267266227,0.32717609053797186,,0.0,0.7407512600577332,0.0,0.0,False,False,False
586,1773733534.308095,1773733534308098177,-0.42,8.409937492055881e-20,0.8749994277780444,-0.43824572537033135,-0.03450328519815335,1.2003311827680159,0.3276646669822816,,0.0,0.7469457375075333,0.0,0.0080677031793501,False,False,False
587,1773733534.358081,1773733534358084616,-0.42,8.409937492055881e-20,0.8749994277780444,-0.43824572537033135,-0.03450328519815335,1.2003311827680159,0.3276646669822816,,0.0,0.7469457375075333,0.0,0.0,False,False,False
588,1773733534.4079916,1773733534407994266,-0.42,8.409937492055881e-20,0.8749994277780444,-0.4426093468620312,-0.04234493372048291,1.1996538040950133,0.32818400332599973,,0.0,0.7537340229041308,0.0,0.008999526984081817,False,False,False
589,1773733534.4580822,1773733534458085614,-0.42,8.409937492055881e-20,0.8749994277780444,-0.4426093468620312,-0.04234493372048291,1.1996538040950133,0.32818400332599973,,0.0,0.7537340229041308,0.0,0.0,False,False,False
590,1773733534.507987,1773733534507989144,-0.42,8.409937492055881e-20,0.8749994277780444,-0.4426093468620312,-0.04234493372048291,1.1996538040950133,0.32818400332599973,,0.0,0.7537340229041308,0.0,0.0,False,False,False
591,1773733534.55794,1773733534557942063,-0.42,8.409937492055881e-20,0.8749994277780444,-0.4426093468620312,-0.04234493372048291,1.1996538040950133,0.32818400332599973,,0.0,0.7537340229041308,0.0,0.0,False,False,False
592,1773733534.6094162,1773733534609418341,-0.42,8.409937492055881e-20,0.8749994277780444,-0.4474038205468775,-0.05101484079242808,1.198584610424195,0.3287261075573173,,0.0,0.7610957207720481,0.0,0.009964810166609621,False,False,False
593,1773733534.6580968,1773733534658101310,-0.42,8.409937492055881e-20,0.8749994277780444,-0.4474038205468775,-0.05101484079242808,1.198584610424195,0.3287261075573173,,0.0,0.7610957207720481,0.0,0.0,False,False,False
594,1773733534.7079515,1773733534707955580,-0.42,8.409937492055881e-20,0.8749994277780444,-0.45258247238473504,-0.06046083042527077,1.19703408440772,0.32927716227064474,,0.0,0.7689441144739788,0.0,0.010883440904846345,False,False,False
595,1773733534.759011,1773733534759013931,-0.42,8.409937492055881e-20,0.8749994277780444,-0.45258247238473504,-0.06046083042527077,1.19703408440772,0.32927716227064474,,0.0,0.7689441144739788,0.0,0.0,False,False,False
596,1773733534.8080041,1773733534808006587,-0.42,8.409937492055881e-20,0.8749994277780444,-0.45258247238473504,-0.06046083042527077,1.19703408440772,0.32927716227064474,,0.0,0.7689441144739788,0.0,0.0,False,False,False
597,1773733534.857947,1773733534857949497,-0.42,8.409937492055881e-20,0.8749994277780444,-0.4581230898188783,-0.07068778315006201,1.1948973010954111,0.329825381098821,,0.0,0.777236817122094,0.0,0.011826024120997258,False,False,False
598,1773733534.9079375,1773733534907939926,-0.42,8.409937492055881e-20,0.8749994277780444,-0.4581230898188783,-0.07068778315006201,1.1948973010954111,0.329825381098821,,0.0,0.777236817122094,0.0,0.0,False,False,False
599,1773733534.9581058,1773733534958109293,-0.42,8.409937492055881e-20,0.8749994277780444,-0.4581230898188783,-0.07068778315006201,1.1948973010954111,0.329825381098821,,0.0,0.777236817122094,0.0,0.0,False,False,False
600,1773733535.0080051,1773733535008007713,-0.42,8.409937492055881e-20,0.8749994277780444,-0.46397151537056575,-0.08165359614102793,1.1920700082932107,0.33035519816550574,,0.0,0.785889960193081,0.0,0.012745458821707521,False,False,False
601,1773733535.0600822,1773733535060085617,-0.42,8.409937492055881e-20,0.8749994277780444,-0.46397151537056575,-0.08165359614102793,1.1920700082932107,0.33035519816550574,,0.0,0.785889960193081,0.0,0.0,False,False,False
602,1773733535.1083186,1773733535108323019,-0.42,8.409937492055881e-20,0.8749994277780444,-0.46397151537056575,-0.08165359614102793,1.1920700082932107,0.33035519816550574,,0.0,0.785889960193081,0.0,0.0,False,False,False
603,1773733535.1580908,1773733535158093790,-0.42,8.409937492055881e-20,0.8749994277780444,-0.4700665068503285,-0.09331837920246247,1.1884429113322308,0.330850105618469,,0.0,0.794819371610354,0.0,0.013651810040176394,False,False,False
604,1773733535.2079432,1773733535207946320,-0.42,8.409937492055881e-20,0.8749994277780444,-0.4700665068503285,-0.09331837920246247,1.1884429113322308,0.330850105618469,,0.0,0.794819371610354,0.0,0.0,False,False,False
605,1773733535.2579436,1773733535257945739,-0.42,8.409937492055881e-20,0.8749994277780444,-0.47633798351352064,-0.10564287127161806,1.1839013651843082,0.3312926071771369,,0.0,0.8039391932333602,0.0,0.01455507353857591,False,False,False
606,1773733535.308009,1773733535308011948,-0.42,8.409937492055881e-20,0.8749994277780444,-0.47633798351352064,-0.10564287127161806,1.1839013651843082,0.3312926071771369,,0.0,0.8039391932333602,0.0,0.0,False,False,False
607,1773733535.3580315,1773733535358035287,-0.42,8.409937492055881e-20,0.8749994277780444,-0.47633798351352064,-0.10564287127161806,1.1839013651843082,0.3312926071771369,,0.0,0.8039391932333602,0.0,0.0,False,False,False
608,1773733535.40873,1773733535408733921,-0.42,8.409937492055881e-20,0.8749994277780444,-0.48269675859957917,-0.11857019462391342,1.178332636649527,0.33166370045019566,,0.0,0.8131486100879753,0.0,0.015445402136039255,False,False,False
609,1773733535.4581447,1773733535458148784,-0.42,8.409937492055881e-20,0.8749994277780444,-0.48269675859957917,-0.11857019462391342,1.178332636649527,0.33166370045019566,,0.0,0.8131486100879753,0.0,0.0,False,False,False
610,1773733535.508097,1773733535508099984,-0.42,8.409937492055881e-20,0.8749994277780444,-0.48269675859957917,-0.11857019462391342,1.178332636649527,0.33166370045019566,,0.0,0.8131486100879753,0.0,0.0,False,False,False
611,1773733535.5580678,1773733535558072703,-0.42,8.409937492055881e-20,0.8749994277780444,-0.4890396043452961,-0.13203752929880708,1.1716240882406783,0.3319436176612848,,0.0,0.8223412870215334,0.0,0.016328056135174778,False,False,False
612,1773733535.6080387,1773733535608042062,-0.42,8.409937492055881e-20,0.8749994277780444,-0.4890396043452961,-0.13203752929880708,1.1716240882406783,0.3319436176612848,,0.0,0.8223412870215334,0.0,0.0,False,False,False
613,1773733535.6580431,1773733535658046612,-0.42,8.409937492055881e-20,0.8749994277780444,-0.4890396043452961,-0.13203752929880708,1.1716240882406783,0.3319436176612848,,0.0,0.8223412870215334,0.0,0.0,False,False,False
614,1773733535.7078989,1773733535707901212,-0.42,8.409937492055881e-20,0.8749994277780444,-0.4952444453370073,-0.14596784684570585,1.1636687844615776,0.33211193347263246,,0.0,0.8314000604988443,0.0,0.017200019096141415,False,False,False
615,1773733535.7580411,1773733535758044860,-0.42,8.409937492055881e-20,0.8749994277780444,-0.4952444453370073,-0.14596784684570585,1.1636687844615776,0.33211193347263246,,0.0,0.8314000604988443,0.0,0.0,False,False,False
616,1773733535.8081164,1773733535808119859,-0.42,8.409937492055881e-20,0.8749994277780444,-0.4952444453370073,-0.14596784684570585,1.1636687844615776,0.33211193347263246,,0.0,0.8314000604988443,0.0,0.0,False,False,False
617,1773733535.8579788,1773733535857981039,-0.42,8.409937492055881e-20,0.8749994277780444,-0.5011714522500834,-0.16027213071975244,1.1543673730950432,0.33214817388701484,,0.0,0.8401995368124957,0.0,0.01806261889944137,False,False,False
618,1773733535.9079542,1773733535907956628,-0.42,8.409937492055881e-20,0.8749994277780444,-0.5011714522500834,-0.16027213071975244,1.1543673730950432,0.33214817388701484,,0.0,0.8401995368124957,0.0,0.0,False,False,False
619,1773733535.9580243,1773733535958026947,-0.42,8.409937492055881e-20,0.8749994277780444,-0.5011714522500834,-0.16027213071975244,1.1543673730950432,0.33214817388701484,,0.0,0.8401995368124957,0.0,0.0,False,False,False
620,1773733536.008006,1773733536008008626,-0.42,8.409937492055881e-20,0.8749994277780444,-0.5066629361564312,-0.1748476238659775,1.143631867958232,0.3320324441857965,,0.0,0.8486060615104563,0.0,0.018916988832576663,False,False,False
621,1773733536.0579937,1773733536057997385,-0.42,8.409937492055881e-20,0.8749994277780444,-0.5066629361564312,-0.1748476238659775,1.143631867958232,0.3320324441857965,,0.0,0.8486060615104563,0.0,0.0,False,False,False
622,1773733536.109028,1773733536109032637,-0.42,8.409937492055881e-20,0.8749994277780444,-0.5066629361564312,-0.1748476238659775,1.143631867958232,0.3320324441857965,,0.0,0.8486060615104563,0.0,0.0,False,False,False
623,1773733536.1604886,1773733536160491356,-0.42,8.409937492055881e-20,0.8749994277780444,-0.5115415608038483,-0.18957233497794854,1.1313935741913592,0.33174611656869246,,0.0,0.8564753922861222,0.0,0.01975838885399481,False,False,False
624,1773733536.208,1773733536208002513,-0.42,8.409937492055881e-20,0.8749994277780444,-0.5115415608038483,-0.18957233497794854,1.1313935741913592,0.33174611656869246,,0.0,0.8564753922861222,0.0,0.0,False,False,False
625,1773733536.2580068,1773733536258010172,-0.42,8.409937492055881e-20,0.8749994277780444,-0.5115415608038483,-0.18957233497794854,1.1313935741913592,0.33174611656869246,,0.0,0.8564753922861222,0.0,0.0,False,False,False
626,1773733536.3103144,1773733536310317935,-0.42,8.409937492055881e-20,0.8749994277780444,-0.5156124956436343,-0.2043028122628567,1.1176110801329278,0.3312730026429604,,0.0,0.8636537674082905,0.0,0.02057951928451386,False,False,False
627,1773733536.3600547,1773733536360057436,-0.42,8.409937492055881e-20,0.8749994277780444,-0.5156124956436343,-0.2043028122628567,1.1176110801329278,0.3312730026429604,,0.0,0.8636537674082905,0.0,0.0,False,False,False
628,1773733536.408009,1773733536408011570,-0.42,8.409937492055881e-20,0.8749994277780444,-0.5156124956436343,-0.2043028122628567,1.1176110801329278,0.3312730026429604,,0.0,0.8636537674082905,0.0,0.0,False,False,False
629,1773733536.4579797,1773733536457982100,-0.42,8.409937492055881e-20,0.8749994277780444,-0.5186420783909835,-0.218715075373271,1.1024549677904265,0.33060938659867617,,0.0,0.8699169230716971,0.0,0.021132899491677983,False,False,False
630,1773733536.507935,1773733536507937380,-0.42,8.409937492055881e-20,0.8749994277780444,-0.5186420783909835,-0.218715075373271,1.1024549677904265,0.33060938659867617,,0.0,0.8699169230716971,0.0,0.0,False,False,False
631,1773733536.5580435,1773733536558045648,-0.42,8.409937492055881e-20,0.8749994277780444,-0.5204568107025966,-0.23244657868370702,1.0862456667677185,0.32976955020981036,,0.0,0.8750775879309571,0.0,0.021321089938652078,False,False,False
632,1773733536.6080854,1773733536608089887,-0.42,8.409937492055881e-20,0.8749994277780444,-0.5204568107025966,-0.23244657868370702,1.0862456667677185,0.32976955020981036,,0.0,0.8750775879309571,0.0,0.0,False,False,False
633,1773733536.657997,1773733536657999497,-0.42,8.409937492055881e-20,0.8749994277780444,-0.5204568107025966,-0.23244657868370702,1.0862456667677185,0.32976955020981036,,0.0,0.8750775879309571,0.0,0.0,False,False,False
634,1773733536.707943,1773733536707946477,-0.42,8.409937492055881e-20,0.8749994277780444,-0.5209264380523999,-0.2453907055333273,1.0691142153295135,0.3287602393937579,,0.0,0.8790654391331587,0.0,0.021476908486239867,False,False,False
635,1773733536.7598484,1773733536759851382,-0.42,8.409937492055881e-20,0.8749994277780444,-0.5209264380523999,-0.2453907055333273,1.0691142153295135,0.3287602393937579,,0.0,0.8790654391331587,0.0,0.0,False,False,False
636,1773733536.8080697,1773733536808073344,-0.42,8.409937492055881e-20,0.8749994277780444,-0.5209264380523999,-0.2453907055333273,1.0691142153295135,0.3287602393937579,,0.0,0.8790654391331587,0.0,0.0,False,False,False
637,1773733536.8579576,1773733536857960164,-0.42,8.409937492055881e-20,0.8749994277780444,-0.5199900534758659,-0.2573862745157542,1.0512891572217056,0.3276030735669691,,0.0,0.8818285628791368,0.0,0.02150588728311529,False,False,False
638,1773733536.9079733,1773733536907976344,-0.42,8.409937492055881e-20,0.8749994277780444,-0.5199900534758659,-0.2573862745157542,1.0512891572217056,0.3276030735669691,,0.0,0.8818285628791368,0.0,0.0,False,False,False
639,1773733536.9590988,1773733536959101105,-0.42,8.409937492055881e-20,0.8749994277780444,-0.5176129042945949,-0.2683448887322716,1.0329444645823427,0.3263186985826465,,0.0,0.8833500260224426,0.0,0.02150046073481146,False,False,False
640,1773733537.0080078,1773733537008010242,-0.42,8.409937492055881e-20,0.8749994277780444,-0.5176129042945949,-0.2683448887322716,1.0329444645823427,0.3263186985826465,,0.0,0.8833500260224426,0.0,0.0,False,False,False
641,1773733537.0580094,1773733537058012022,-0.42,8.409937492055881e-20,0.8749994277780444,-0.5176129042945949,-0.2683448887322716,1.0329444645823427,0.3263186985826465,,0.0,0.8833500260224426,0.0,0.0,False,False,False
642,1773733537.1080096,1773733537108011901,-0.42,8.409937492055881e-20,0.8749994277780444,-0.513777108712446,-0.2782052467701173,1.0142329091105042,0.3249280963118521,,0.0,0.883625676023232,0.0,0.02149563436045166,False,False,False
643,1773733537.1579797,1773733537157982461,-0.42,8.409937492055881e-20,0.8749994277780444,-0.513777108712446,-0.2782052467701173,1.0142329091105042,0.3249280963118521,,0.0,0.883625676023232,0.0,0.0,False,False,False
644,1773733537.2079263,1773733537207928461,-0.42,8.409937492055881e-20,0.8749994277780444,-0.513777108712446,-0.2782052467701173,1.0142329091105042,0.3249280963118521,,0.0,0.883625676023232,0.0,0.0,False,False,False
645,1773733537.2580936,1773733537258095659,-0.42,8.409937492055881e-20,0.8749994277780444,-0.5084779226759732,-0.286917890145252,0.9952970200959771,0.32345282376870654,,0.0,0.882656419115231,0.0,0.021507194610220905,False,False,False
646,1773733537.3080764,1773733537308079358,-0.42,8.409937492055881e-20,0.8749994277780444,-0.5084779226759732,-0.286917890145252,0.9952970200959771,0.32345282376870654,,0.0,0.882656419115231,0.0,0.0,False,False,False
647,1773733537.3580825,1773733537358084968,-0.42,8.409937492055881e-20,0.8749994277780444,-0.5084779226759732,-0.286917890145252,0.9952970200959771,0.32345282376870654,,0.0,0.882656419115231,0.0,0.0,False,False,False
648,1773733537.4080002,1773733537408002918,-0.42,8.409937492055881e-20,0.8749994277780444,-0.5017209832657821,-0.29444004603338375,0.9762705622908767,0.3219147441475515,,0.0,0.8804445949496615,0.0,0.021546349018049783,False,False,False
649,1773733537.457965,1773733537457967208,-0.42,8.409937492055881e-20,0.8749994277780444,-0.5017209832657821,-0.29444004603338375,0.9762705622908767,0.3219147441475515,,0.0,0.8804445949496615,0.0,0.0,False,False,False
650,1773733537.510364,1773733537510366900,-0.42,8.409937492055881e-20,0.8749994277780444,-0.5017209832657821,-0.29444004603338375,0.9762705622908767,0.3219147441475515,,0.0,0.8804445949496615,0.0,0.0,False,False,False
651,1773733537.558017,1773733537558019396,-0.42,8.409937492055881e-20,0.8749994277780444,-0.49351890519726277,-0.30073306412982315,0.9572759986587231,0.3203355106731063,,0.0,0.876990768408831,0.0,0.021625670139446086,False,False,False
652,1773733537.608104,1773733537608107145,-0.42,8.409937492055881e-20,0.8749994277780444,-0.49351890519726277,-0.30073306412982315,0.9572759986587231,0.3203355106731063,,0.0,0.876990768408831,0.0,0.0,False,False,False
653,1773733537.6580002,1773733537658002535,-0.42,8.409937492055881e-20,0.8749994277780444,-0.49351890519726277,-0.30073306412982315,0.9572759986587231,0.3203355106731063,,0.0,0.876990768408831,0.0,0.0,False,False,False
654,1773733537.7080975,1773733537708101784,-0.42,8.409937492055881e-20,0.8749994277780444,-0.4838875471430239,-0.30575913246587094,0.9384220823649073,0.31873609598079516,,0.0,0.8722899965898585,0.0,0.021759930618037097,False,False,False
655,1773733537.7580216,1773733537758024214,-0.42,8.409937492055881e-20,0.8749994277780444,-0.4838875471430239,-0.30575913246587094,0.9384220823649073,0.31873609598079516,,0.0,0.8722899965898585,0.0,0.0,False,False,False
656,1773733537.8079467,1773733537807949034,-0.42,8.409937492055881e-20,0.8749994277780444,-0.4838875471430239,-0.30575913246587094,0.9384220823649073,0.31873609598079516,,0.0,0.8722899965898585,0.0,0.0,False,False,False
657,1773733537.8580391,1773733537858041763,-0.42,8.409937492055881e-20,0.8749994277780444,-0.47296183955438775,-0.3094455347896057,0.9200089835256537,0.3171550970090295,,0.0,0.8663977097555873,0.0,0.021725626740532474,False,False,False
658,1773733537.9079337,1773733537907935473,-0.42,8.409937492055881e-20,0.8749994277780444,-0.47296183955438775,-0.3094455347896057,0.9200089835256537,0.3171550970090295,,0.0,0.8663977097555873,0.0,0.0,False,False,False
659,1773733537.9580173,1773733537958019782,-0.42,8.409937492055881e-20,0.8749994277780444,-0.46076081472881136,-0.31179147893419085,0.9020797022702693,0.31560847837138456,,0.0,0.8593086261762034,0.0,0.021813472604299465,False,False,False
660,1773733538.0080817,1773733538008085101,-0.42,8.409937492055881e-20,0.8749994277780444,-0.46076081472881136,-0.31179147893419085,0.9020797022702693,0.31560847837138456,,0.0,0.8593086261762034,0.0,0.0,False,False,False
661,1773733538.0580254,1773733538058027491,-0.42,8.409937492055881e-20,0.8749994277780444,-0.46076081472881136,-0.31179147893419085,0.9020797022702693,0.31560847837138456,,0.0,0.8593086261762034,0.0,0.0,False,False,False
662,1773733538.108073,1773733538108077021,-0.42,8.409937492055881e-20,0.8749994277780444,-0.44742183224466614,-0.31277288871442377,0.8848483518107351,0.3141271050116841,,0.0,0.8510811622920273,0.0,0.02181309371749826,False,False,False
663,1773733538.157982,1773733538157984771,-0.42,8.409937492055881e-20,0.8749994277780444,-0.44742183224466614,-0.31277288871442377,0.8848483518107351,0.3141271050116841,,0.0,0.8510811622920273,0.0,0.0,False,False,False
664,1773733538.2079675,1773733538207971151,-0.42,8.409937492055881e-20,0.8749994277780444,-0.44742183224466614,-0.31277288871442377,0.8848483518107351,0.3141271050116841,,0.0,0.8510811622920273,0.0,0.0,False,False,False
665,1773733538.2579834,1773733538257985760,-0.42,8.409937492055881e-20,0.8749994277780444,-0.4330238413188623,-0.3123891456937832,0.8684030095434999,0.31273009372862665,,0.0,0.8417357452790286,0.0,0.02186089393624907,False,False,False
666,1773733538.3079739,1773733538307978100,-0.42,8.409937492055881e-20,0.8749994277780444,-0.4330238413188623,-0.3123891456937832,0.8684030095434999,0.31273009372862665,,0.0,0.8417357452790286,0.0,0.0,False,False,False
667,1773733538.3580477,1773733538358050109,-0.42,8.409937492055881e-20,0.8749994277780444,-0.4330238413188623,-0.3123891456937832,0.8684030095434999,0.31273009372862665,,0.0,0.8417357452790286,0.0,0.0,False,False,False
668,1773733538.4080925,1773733538408096038,-0.42,8.409937492055881e-20,0.8749994277780444,-0.41766289354981423,-0.31063842622801785,0.8528402020818165,0.3114365508405132,,0.0,0.8312974730118365,0.0,0.021936834573398685,False,False,False
669,1773733538.4580462,1773733538458048549,-0.42,8.409937492055881e-20,0.8749994277780444,-0.41766289354981423,-0.31063842622801785,0.8528402020818165,0.3114365508405132,,0.0,0.8312974730118365,0.0,0.0,False,False,False
670,1773733538.5083034,1773733538508307356,-0.42,8.409937492055881e-20,0.8749994277780444,-0.4014483756757296,-0.3075219410689637,0.8382552851207092,0.31026446625985815,,0.0,0.8197954834987508,0.0,0.022030498687002305,False,False,False
671,1773733538.557986,1773733538557989718,-0.42,8.409937492055881e-20,0.8749994277780444,-0.4014483756757296,-0.3075219410689637,0.8382552851207092,0.31026446625985815,,0.0,0.8197954834987508,0.0,0.0,False,False,False
672,1773733538.6080472,1773733538608050677,-0.42,8.409937492055881e-20,0.8749994277780444,-0.4014483756757296,-0.3075219410689637,0.8382552851207092,0.31026446625985815,,0.0,0.8197954834987508,0.0,0.0,False,False,False
673,1773733538.6579428,1773733538657945888,-0.42,8.409937492055881e-20,0.8749994277780444,-0.3845322541779578,-0.3030565239672021,0.8247657338064109,0.3092323426209103,,0.0,0.80728790664162,0.0,0.022092150440397827,False,False,False
674,1773733538.7101693,1773733538710171761,-0.42,8.409937492055881e-20,0.8749994277780444,-0.3845322541779578,-0.3030565239672021,0.8247657338064109,0.3092323426209103,,0.0,0.80728790664162,0.0,0.0,False,False,False
675,1773733538.7585597,1773733538758564203,-0.42,8.409937492055881e-20,0.8749994277780444,-0.3845322541779578,-0.3030565239672021,0.8247657338064109,0.3092323426209103,,0.0,0.80728790664162,0.0,0.0,False,False,False
676,1773733538.807916,1773733538807918237,-0.42,8.409937492055881e-20,0.8749994277780444,-0.3669636047205558,-0.29722783929928137,0.8123793306332211,0.30834805698298795,,0.0,0.7937470853366314,0.0,0.022272269580892137,False,False,False
677,1773733538.8580813,1773733538858084275,-0.42,8.409937492055881e-20,0.8749994277780444,-0.3669636047205558,-0.29722783929928137,0.8123793306332211,0.30834805698298795,,0.0,0.7937470853366314,0.0,0.0,False,False,False
678,1773733538.908048,1773733538908050745,-0.42,8.409937492055881e-20,0.8749994277780444,-0.3669636047205558,-0.29722783929928137,0.8123793306332211,0.30834805698298795,,0.0,0.7937470853366314,0.0,0.0,False,False,False
679,1773733538.9580395,1773733538958044585,-0.42,8.409937492055881e-20,0.8749994277780444,-0.34893484565536625,-0.2900700782131272,0.8012184820205186,0.3076272653609743,,0.0,0.7792555226129378,0.0,0.022379326150551986,False,False,False
680,1773733539.007967,1773733539007969325,-0.42,8.409937492055881e-20,0.8749994277780444,-0.34893484565536625,-0.2900700782131272,0.8012184820205186,0.3076272653609743,,0.0,0.7792555226129378,0.0,0.0,False,False,False
681,1773733539.0596182,1773733539059620663,-0.42,8.409937492055881e-20,0.8749994277780444,-0.34893484565536625,-0.2900700782131272,0.8012184820205186,0.3076272653609743,,0.0,0.7792555226129378,0.0,0.0,False,False,False
682,1773733539.1080716,1773733539108074574,-0.42,8.409937492055881e-20,0.8749994277780444,-0.3305838471200804,-0.28160627207355493,0.7913364835142932,0.30707788769282907,,0.0,0.7638517926784346,0.0,0.022495534136520667,False,False,False
683,1773733539.1579907,1773733539157993094,-0.42,8.409937492055881e-20,0.8749994277780444,-0.3305838471200804,-0.28160627207355493,0.7913364835142932,0.30707788769282907,,0.0,0.7638517926784346,0.0,0.0,False,False,False
684,1773733539.2081375,1773733539208142203,-0.42,8.409937492055881e-20,0.8749994277780444,-0.3120549692270197,-0.27186553765210036,0.7827770378300447,0.3067050202379579,,0.0,0.7475785854082788,0.0,0.02261559933910359,False,False,False
685,1773733539.258212,1773733539258215763,-0.42,8.409937492055881e-20,0.8749994277780444,-0.3120549692270197,-0.27186553765210036,0.7827770378300447,0.3067050202379579,,0.0,0.7475785854082788,0.0,0.0,False,False,False
686,1773733539.3081186,1773733539308122223,-0.42,8.409937492055881e-20,0.8749994277780444,-0.3120549692270197,-0.27186553765210036,0.7827770378300447,0.3067050202379579,,0.0,0.7475785854082788,0.0,0.0,False,False,False
687,1773733539.3579974,1773733539358000304,-0.42,8.409937492055881e-20,0.8749994277780444,-0.2934967272635518,-0.26088314121295064,0.7755724320306443,0.30651071574338484,,0.0,0.7304821260867642,0.0,0.02273604453386787,False,False,False
688,1773733539.4104927,1773733539410496315,-0.42,8.409937492055881e-20,0.8749994277780444,-0.2934967272635518,-0.26088314121295064,0.7755724320306443,0.30651071574338484,,0.0,0.7304821260867642,0.0,0.0,False,False,False
689,1773733539.4580956,1773733539458100193,-0.42,8.409937492055881e-20,0.8749994277780444,-0.2934967272635518,-0.26088314121295064,0.7755724320306443,0.30651071574338484,,0.0,0.7304821260867642,0.0,0.0,False,False,False
690,1773733539.507981,1773733539507983644,-0.42,8.409937492055881e-20,0.8749994277780444,-0.2750599526886207,-0.24870043580630488,0.7697426447274331,0.3064939060781377,,0.0,0.7126119380989925,0.0,0.022854307859846105,False,False,False
691,1773733539.5579507,1773733539557954603,-0.42,8.409937492055881e-20,0.8749994277780444,-0.2750599526886207,-0.24870043580630488,0.7697426447274331,0.3064939060781377,,0.0,0.7126119380989925,0.0,0.0,False,False,False
692,1773733539.6079345,1773733539607937173,-0.42,8.409937492055881e-20,0.8749994277780444,-0.2568962097442776,-0.23536475153157144,0.7652949491756282,0.30665042847634993,,0.0,0.6940208205413035,0.0,0.02296832663789618,False,False,False
693,1773733539.6580584,1773733539658061732,-0.42,8.409937492055881e-20,0.8749994277780444,-0.2568962097442776,-0.23536475153157144,0.7652949491756282,0.30665042847634993,,0.0,0.6940208205413035,0.0,0.0,False,False,False
694,1773733539.7080433,1773733539708045882,-0.42,8.409937492055881e-20,0.8749994277780444,-0.2568962097442776,-0.23536475153157144,0.7652949491756282,0.30665042847634993,,0.0,0.6940208205413035,0.0,0.0,False,False,False
695,1773733539.757998,1773733539758002472,-0.42,8.409937492055881e-20,0.8749994277780444,-0.23915634697783794,-0.22092926127914086,0.7622238091055813,0.3069731348093898,,0.0,0.6747649734162976,0.0,0.02307635177253933,False,False,False
696,1773733539.8080523,1773733539808054832,-0.42,8.409937492055881e-20,0.8749994277780444,-0.23915634697783794,-0.22092926127914086,0.7622238091055813,0.3069731348093898,,0.0,0.6747649734162976,0.0,0.0,False,False,False
697,1773733539.8579366,1773733539857938943,-0.42,8.409937492055881e-20,0.8749994277780444,-0.23915634697783794,-0.22092926127914086,0.7622238091055813,0.3069731348093898,,0.0,0.6747649734162976,0.0,0.0,False,False,False
698,1773733539.908003,1773733539908005372,-0.42,8.409937492055881e-20,0.8749994277780444,-0.22198912669535198,-0.2054528250756798,0.7605109721645562,0.3074520706503843,,0.0,0.6549042400343573,0.0,0.023176870802024546,False,False,False
699,1773733539.9580047,1773733539958007692,-0.42,8.409937492055881e-20,0.8749994277780444,-0.22198912669535198,-0.2054528250756798,0.7605109721645562,0.3074520706503843,,0.0,0.6549042400343573,0.0,0.0,False,False,False
700,1773733540.0080569,1773733540008059241,-0.42,8.409937492055881e-20,0.8749994277780444,-0.22198912669535198,-0.2054528250756798,0.7605109721645562,0.3074520706503843,,0.0,0.6549042400343573,0.0,0.0,False,False,False
701,1773733540.0582044,1773733540058209630,-0.42,8.409937492055881e-20,0.8749994277780444,-0.20553990871945016,-0.1889998107972482,0.7601257157273535,0.30807471326573105,,0.0,0.6345024586496006,0.0,0.02326858124999055,False,False,False
702,1773733540.1079655,1773733540107967892,-0.42,8.409937492055881e-20,0.8749994277780444,-0.20553990871945016,-0.1889998107972482,0.7601257157273535,0.30807471326573105,,0.0,0.6345024586496006,0.0,0.0,False,False,False
703,1773733540.1586163,1773733540158619367,-0.42,8.409937492055881e-20,0.8749994277780444,-0.18994938194397692,-0.1716398883921293,0.7610252224063196,0.30882625802437347,,0.0,0.6136279294746079,0.0,0.023350386363270352,False,False,False
704,1773733540.2080708,1773733540208075441,-0.42,8.409937492055881e-20,0.8749994277780444,-0.18994938194397692,-0.1716398883921293,0.7610252224063196,0.30882625802437347,,0.0,0.6136279294746079,0.0,0.0,False,False,False
705,1773733540.257946,1773733540257948282,-0.42,8.409937492055881e-20,0.8749994277780444,-0.18994938194397692,-0.1716398883921293,0.7610252224063196,0.30882625802437347,,0.0,0.6136279294746079,0.0,0.0,False,False,False
706,1773733540.3079662,1773733540307969242,-0.42,8.409937492055881e-20,0.8749994277780444,-0.17537368792656716,-0.1534804834872523,0.763155202376628,0.30968923475925364,,0.0,0.5923908742537786,0.0,0.023382721339962564,False,False,False
707,1773733540.359116,1773733540359119224,-0.42,8.409937492055881e-20,0.8749994277780444,-0.17537368792656716,-0.1534804834872523,0.763155202376628,0.30968923475925364,,0.0,0.5923908742537786,0.0,0.0,False,False,False
708,1773733540.4080763,1773733540408079251,-0.42,8.409937492055881e-20,0.8749994277780444,-0.17537368792656716,-0.1534804834872523,0.763155202376628,0.30968923475925364,,0.0,0.5923908742537786,0.0,0.0,False,False,False
709,1773733540.457978,1773733540457981112,-0.42,8.409937492055881e-20,0.8749994277780444,-0.1618858198146409,-0.1345192828674605,0.7664490325710798,0.31064699543939595,,0.0,0.5707777735759535,0.0,0.023501043221495328,False,False,False
710,1773733540.5079541,1773733540507956892,-0.42,8.409937492055881e-20,0.8749994277780444,-0.1618858198146409,-0.1345192828674605,0.7664490325710798,0.31064699543939595,,0.0,0.5707777735759535,0.0,0.0,False,False,False
711,1773733540.5593424,1773733540559346142,-0.42,8.409937492055881e-20,0.8749994277780444,-0.1618858198146409,-0.1345192828674605,0.7664490325710798,0.31064699543939595,,0.0,0.5707777735759535,0.0,0.0,False,False,False
712,1773733540.6080709,1773733540608073831,-0.42,8.409937492055881e-20,0.8749994277780444,-0.14964553007339387,-0.11489776306707647,0.7708330345634599,0.3116787975503782,,0.0,0.5489401068644029,0.0,0.023538228601484284,False,False,False
713,1773733540.6580234,1773733540658026981,-0.42,8.409937492055881e-20,0.8749994277780444,-0.14964553007339387,-0.11489776306707647,0.7708330345634599,0.3116787975503782,,0.0,0.5489401068644029,0.0,0.0,False,False,False
714,1773733540.7080162,1773733540708018961,-0.42,8.409937492055881e-20,0.8749994277780444,-0.14964553007339387,-0.11489776306707647,0.7708330345634599,0.3116787975503782,,0.0,0.5489401068644029,0.0,0.0,False,False,False
715,1773733540.7580428,1773733540758045481,-0.42,8.409937492055881e-20,0.8749994277780444,-0.13875950918708446,-0.09470003911247661,0.7762212071633074,0.3127642050305755,,0.0,0.5269667281716949,0.0,0.02356874853803506,False,False,False
716,1773733540.808004,1773733540808005942,-0.42,8.409937492055881e-20,0.8749994277780444,-0.13875950918708446,-0.09470003911247661,0.7762212071633074,0.3127642050305755,,0.0,0.5269667281716949,0.0,0.0,False,False,False
717,1773733540.857922,1773733540857924002,-0.42,8.409937492055881e-20,0.8749994277780444,-0.13875950918708446,-0.09470003911247661,0.7762212071633074,0.3127642050305755,,0.0,0.5269667281716949,0.0,0.0,False,False,False
718,1773733540.9080117,1773733540908014152,-0.42,8.409937492055881e-20,0.8749994277780444,-0.12932636736061398,-0.07401609239916547,0.7825194662297187,0.31388228037561844,,0.0,0.5049583306027938,0.0,0.023589783458629564,False,False,False
719,1773733540.9580944,1773733540958097501,-0.42,8.409937492055881e-20,0.8749994277780444,-0.12932636736061398,-0.07401609239916547,0.7825194662297187,0.31388228037561844,,0.0,0.5049583306027938,0.0,0.0,False,False,False
720,1773733541.0080538,1773733541008057111,-0.42,8.409937492055881e-20,0.8749994277780444,-0.12932636736061398,-0.07401609239916547,0.7825194662297187,0.31388228037561844,,0.0,0.5049583306027938,0.0,0.0,False,False,False
721,1773733541.0579891,1773733541057991992,-0.42,8.409937492055881e-20,0.8749994277780444,-0.12143466836335237,-0.05294038399093907,0.7896262391231551,0.3150119408109997,,0.0,0.4830278564455336,0.0,0.02360022497627613,False,False,False
722,1773733541.1081302,1773733541108135131,-0.42,8.409937492055881e-20,0.8749994277780444,-0.12143466836335237,-0.05294038399093907,0.7896262391231551,0.3150119408109997,,0.0,0.4830278564455336,0.0,0.0,False,False,False
723,1773733541.158036,1773733541158039222,-0.42,8.409937492055881e-20,0.8749994277780444,-0.12143466836335237,-0.05294038399093907,0.7896262391231551,0.3150119408109997,,0.0,0.4830278564455336,0.0,0.0,False,False,False
724,1773733541.208077,1773733541208081062,-0.42,8.409937492055881e-20,0.8749994277780444,-0.11516165683293822,-0.03157092848784351,0.797433356540838,0.31613230521033314,,0.0,0.4613018669892927,0.0,0.023599902214479152,False,False,False
725,1773733541.257965,1773733541257967133,-0.42,8.409937492055881e-20,0.8749994277780444,-0.11516165683293822,-0.03157092848784351,0.797433356540838,0.31613230521033314,,0.0,0.4613018669892927,0.0,0.0,False,False,False
726,1773733541.3080513,1773733541308053652,-0.42,8.409937492055881e-20,0.8749994277780444,-0.11516165683293822,-0.03157092848784351,0.797433356540838,0.31613230521033314,,0.0,0.4613018669892927,0.0,0.0,False,False,False
727,1773733541.3579805,1773733541357983743,-0.42,8.409937492055881e-20,0.8749994277780444,-0.11057236584709884,-0.010008593895432204,0.8058270905216701,0.31722302087133414,,0.0,0.43992254152768573,0.0,0.0235892058994952,False,False,False
728,1773733541.408017,1773733541408019903,-0.42,8.409937492055881e-20,0.8749994277780444,-0.11057236584709884,-0.010008593895432204,0.8058270905216701,0.31722302087133414,,0.0,0.43992254152768573,0.0,0.0,False,False,False
729,1773733541.4588861,1773733541458888777,-0.42,8.409937492055881e-20,0.8749994277780444,-0.11057236584709884,-0.010008593895432204,0.8058270905216701,0.31722302087133414,,0.0,0.43992254152768573,0.0,0.0,False,False,False
730,1773733541.50941,1773733541509412993,-0.42,8.409937492055881e-20,0.8749994277780444,-0.10771896040514228,0.011643494093743094,0.8146892722791172,0.3182645652620802,,0.0,0.41905008565388263,0.0,0.02356890117101782,False,False,False
731,1773733541.5581007,1773733541558107693,-0.42,8.409937492055881e-20,0.8749994277780444,-0.10771896040514228,0.011643494093743094,0.8146892722791172,0.3182645652620802,,0.0,0.41905008565388263,0.0,0.0,False,False,False
732,1773733541.6080527,1773733541608055183,-0.42,8.409937492055881e-20,0.8749994277780444,-0.10771896040514228,0.011643494093743094,0.8146892722791172,0.3182645652620802,,0.0,0.41905008565388263,0.0,0.0,False,False,False
733,1773733541.6580594,1773733541658063104,-0.42,8.409937492055881e-20,0.8749994277780444,-0.1066402517139251,0.033280505150551434,0.8238984579115516,0.3192385205301583,,0.0,0.39886531453762236,0.0,0.0235400288854026,False,False,False
734,1773733541.7080588,1773733541708061604,-0.42,8.409937492055881e-20,0.8749994277780444,-0.1066402517139251,0.033280505150551434,0.8238984579115516,0.3192385205301583,,0.0,0.39886531453762236,0.0,0.0,False,False,False
735,1773733541.758066,1773733541758069304,-0.42,8.409937492055881e-20,0.8749994277780444,-0.1066402517139251,0.033280505150551434,0.8238984579115516,0.3192385205301583,,0.0,0.39886531453762236,0.0,0.0,False,False,False
736,1773733541.8079352,1773733541807937495,-0.42,8.409937492055881e-20,0.8749994277780444,-0.10736135376254652,0.05479644510247113,0.8333311234717585,0.320127819941999,,0.0,0.3795720575283192,0.0,0.023503847339315626,False,False,False
737,1773733541.8585584,1773733541858561461,-0.42,8.409937492055881e-20,0.8749994277780444,-0.10736135376254652,0.05479644510247113,0.8333311234717585,0.320127819941999,,0.0,0.3795720575283192,0.0,0.0,False,False,False
738,1773733541.9079757,1773733541907978835,-0.42,8.409937492055881e-20,0.8749994277780444,-0.1098637065689938,0.07594111836455772,0.8428238891771042,0.3209156263659399,,0.0,0.3615217614344664,0.0,0.023312476866796463,False,False,False
739,1773733541.957966,1773733541957968825,-0.42,8.409937492055881e-20,0.8749994277780444,-0.1098637065689938,0.07594111836455772,0.8428238891771042,0.3209156263659399,,0.0,0.3615217614344664,0.0,0.0,False,False,False
740,1773733542.0083396,1773733542008341693,-0.42,8.409937492055881e-20,0.8749994277780444,-0.1098637065689938,0.07594111836455772,0.8428238891771042,0.3209156263659399,,0.0,0.3615217614344664,0.0,0.0,False,False,False
741,1773733542.0587416,1773733542058745270,-0.42,8.409937492055881e-20,0.8749994277780444,-0.11421428366716313,0.0969712851013352,0.8523507390304318,0.3215918182251794,,0.0,0.34465289734804855,0.0,0.023493750279417417,False,False,False
742,1773733542.1080842,1773733542108087645,-0.42,8.409937492055881e-20,0.8749994277780444,-0.11421428366716313,0.0969712851013352,0.8523507390304318,0.3215918182251794,,0.0,0.34465289734804855,0.0,0.0,False,False,False
743,1773733542.1585202,1773733542158522503,-0.42,8.409937492055881e-20,0.8749994277780444,-0.11421428366716313,0.0969712851013352,0.8523507390304318,0.3215918182251794,,0.0,0.34465289734804855,0.0,0.0,False,False,False
744,1773733542.207919,1773733542207920967,-0.42,8.409937492055881e-20,0.8749994277780444,-0.11421428366716313,0.0969712851013352,0.8523507390304318,0.3215918182251794,,0.0,0.34465289734804855,0.0,0.0,False,False,False
745,1773733542.2579403,1773733542257942048,-0.42,8.409937492055881e-20,0.8749994277780444,-0.12035377116691326,0.11752052410081441,0.8617199657481391,0.32214170818232213,,0.0,0.32946989124890275,0.0,0.023403994092998464,False,False,False
746,1773733542.3082254,1773733542308230506,-0.42,8.409937492055881e-20,0.8749994277780444,-0.12035377116691326,0.11752052410081441,0.8617199657481391,0.32214170818232213,,0.0,0.32946989124890275,0.0,0.0,False,False,False
747,1773733542.3579543,1773733542357957118,-0.42,8.409937492055881e-20,0.8749994277780444,-0.12825146341241733,0.1375049533618154,0.870816888230356,0.3225559090097391,,0.0,0.31624137496133187,0.0,0.023334629937929365,False,False,False
748,1773733542.4079697,1773733542407972818,-0.42,8.409937492055881e-20,0.8749994277780444,-0.12825146341241733,0.1375049533618154,0.870816888230356,0.3225559090097391,,0.0,0.31624137496133187,0.0,0.0,False,False,False
749,1773733542.4579856,1773733542457988939,-0.42,8.409937492055881e-20,0.8749994277780444,-0.12825146341241733,0.1375049533618154,0.870816888230356,0.3225559090097391,,0.0,0.31624137496133187,0.0,0.0,False,False,False
750,1773733542.5089974,1773733542509000081,-0.42,8.409937492055881e-20,0.8749994277780444,-0.13786395758159775,0.1568311655641357,0.8795282468153774,0.3228269987556752,,0.0,0.3052479423107653,0.0,0.023276389123712236,False,False,False
751,1773733542.5580769,1773733542558080199,-0.42,8.409937492055881e-20,0.8749994277780444,-0.13786395758159775,0.1568311655641357,0.8795282468153774,0.3228269987556752,,0.0,0.3052479423107653,0.0,0.0,False,False,False
752,1773733542.607962,1773733542607964190,-0.42,8.409937492055881e-20,0.8749994277780444,-0.13786395758159775,0.1568311655641357,0.8795282468153774,0.3228269987556752,,0.0,0.3052479423107653,0.0,0.0,False,False,False
753,1773733542.6587422,1773733542658747014,-0.42,8.409937492055881e-20,0.8749994277780444,-0.14913470653151784,0.17540263224597438,0.8877445091472055,0.3229497293754711,,0.0,0.29675636929600313,0.0,0.023225764213738696,False,False,False
754,1773733542.7096057,1773733542709608748,-0.42,8.409937492055881e-20,0.8749994277780444,-0.14913470653151784,0.17540263224597438,0.8877445091472055,0.3229497293754711,,0.0,0.29675636929600313,0.0,0.0,False,False,False
755,1773733542.7591698,1773733542759173192,-0.42,8.409937492055881e-20,0.8749994277780444,-0.14913470653151784,0.17540263224597438,0.8877445091472055,0.3229497293754711,,0.0,0.29675636929600313,0.0,0.0,False,False,False
756,1773733542.8080242,1773733542808029121,-0.42,8.409937492055881e-20,0.8749994277780444,-0.16199432526522206,0.19312307509422905,0.8953615752120663,0.3229211473058463,,0.0,0.29099166816547234,0.0,0.023181966787806214,False,False,False
757,1773733542.8579628,1773733542857965051,-0.42,8.409937492055881e-20,0.8749994277780444,-0.16199432526522206,0.19312307509422905,0.8953615752120663,0.3229211473058463,,0.0,0.29099166816547234,0.0,0.0,False,False,False
758,1773733542.9080994,1773733542908102021,-0.42,8.409937492055881e-20,0.8749994277780444,-0.16199432526522206,0.19312307509422905,0.8953615752120663,0.3229211473058463,,0.0,0.29099166816547234,0.0,0.0,False,False,False
759,1773733542.9580424,1773733542958047241,-0.42,8.409937492055881e-20,0.8749994277780444,-0.1763612051640534,0.20989837264853645,0.9022821171731874,0.3227406611046216,,0.0,0.28810930206110297,0.0,0.023145447653882916,False,False,False
760,1773733543.0079849,1773733543007987182,-0.42,8.409937492055881e-20,0.8749994277780444,-0.1763612051640534,0.20989837264853645,0.9022821171731874,0.3227406611046216,,0.0,0.28810930206110297,0.0,0.0,False,False,False
761,1773733543.0579696,1773733543057973113,-0.42,8.409937492055881e-20,0.8749994277780444,-0.1763612051640534,0.20989837264853645,0.9022821171731874,0.3227406611046216,,0.0,0.28810930206110297,0.0,0.0,False,False,False
762,1773733543.1079261,1773733543107928234,-0.42,8.409937492055881e-20,0.8749994277780444,-0.19214227367830627,0.22563775940233727,0.9084166870670887,0.3224100729366099,,0.0,0.28817299667275315,0.0,0.023117166059455123,False,False,False
763,1773733543.1590626,1773733543159064816,-0.42,8.409937492055881e-20,0.8749994277780444,-0.19214227367830627,0.22563775940233727,0.9084166870670887,0.3224100729366099,,0.0,0.28817299667275315,0.0,0.0,False,False,False
764,1773733543.2080622,1773733543208065084,-0.42,8.409937492055881e-20,0.8749994277780444,-0.19214227367830627,0.22563775940233727,0.9084166870670887,0.3224100729366099,,0.0,0.28817299667275315,0.0,0.0,False,False,False
765,1773733543.2579496,1773733543257952035,-0.42,8.409937492055881e-20,0.8749994277780444,-0.2092338445580889,0.24025467988825672,0.9136846620499544,0.3219335814087202,,0.0,0.2911441446411014,0.0,0.023098218980051776,False,False,False
766,1773733543.307952,1773733543307954246,-0.42,8.409937492055881e-20,0.8749994277780444,-0.2092338445580889,0.24025467988825672,0.9136846620499544,0.3219335814087202,,0.0,0.2911441446411014,0.0,0.0,False,False,False
767,1773733543.3580453,1773733543358048915,-0.42,8.409937492055881e-20,0.8749994277780444,-0.2092338445580889,0.24025467988825672,0.9136846620499544,0.3219335814087202,,0.0,0.2911441446411014,0.0,0.0,False,False,False
768,1773733543.4109473,1773733543410951395,-0.42,8.409937492055881e-20,0.8749994277780444,-0.22752254107496128,0.2536674695645241,0.9180150608357964,0.3213177586079983,,0.0,0.2968861236126395,0.0,0.023089644883160638,False,False,False
769,1773733543.4580052,1773733543458008057,-0.42,8.409937492055881e-20,0.8749994277780444,-0.22752254107496128,0.2536674695645241,0.9180150608357964,0.3213177586079983,,0.0,0.2968861236126395,0.0,0.0,False,False,False
770,1773733543.5079925,1773733543507996878,-0.42,8.409937492055881e-20,0.8749994277780444,-0.22752254107496128,0.2536674695645241,0.9180150608357964,0.3213177586079983,,0.0,0.2968861236126395,0.0,0.0,False,False,False
771,1773733543.5591335,1773733543559136630,-0.42,8.409937492055881e-20,0.8749994277780444,-0.24682796452924938,0.26576602095999613,0.9213403257185734,0.32057387695806805,,0.0,0.3051550879640287,0.0,0.023024589185453134,False,False,False
772,1773733543.6079805,1773733543607983538,-0.42,8.409937492055881e-20,0.8749994277780444,-0.24682796452924938,0.26576602095999613,0.9213403257185734,0.32057387695806805,,0.0,0.3051550879640287,0.0,0.0,False,False,False
773,1773733543.6580691,1773733543658073299,-0.42,8.409937492055881e-20,0.8749994277780444,-0.26711367059795366,0.27654189079368613,0.9236255852429451,0.3197094779195314,,0.0,0.3157160307495212,0.0,0.02308357971529172,False,False,False
774,1773733543.708023,1773733543708025859,-0.42,8.409937492055881e-20,0.8749994277780444,-0.26711367059795366,0.27654189079368613,0.9236255852429451,0.3197094779195314,,0.0,0.3157160307495212,0.0,0.0,False,False,False
775,1773733543.757987,1773733543757989540,-0.42,8.409937492055881e-20,0.8749994277780444,-0.26711367059795366,0.27654189079368613,0.9236255852429451,0.3197094779195314,,0.0,0.3157160307495212,0.0,0.0,False,False,False
776,1773733543.8079512,1773733543807955321,-0.42,8.409937492055881e-20,0.8749994277780444,-0.2882730369134301,0.28593337024403387,0.9248282459554723,0.31873624855683025,,0.0,0.32829993529451534,0.0,0.02318113590677297,False,False,False
777,1773733543.8579392,1773733543857941481,-0.42,8.409937492055881e-20,0.8749994277780444,-0.2882730369134301,0.28593337024403387,0.9248282459554723,0.31873624855683025,,0.0,0.32829993529451534,0.0,0.0,False,False,False
778,1773733543.9079266,1773733543907928682,-0.42,8.409937492055881e-20,0.8749994277780444,-0.2882730369134301,0.28593337024403387,0.9248282459554723,0.31873624855683025,,0.0,0.32829993529451534,0.0,0.0,False,False,False
779,1773733543.9579883,1773733543957991262,-0.42,8.409937492055881e-20,0.8749994277780444,-0.3100790925146739,0.2938401867098869,0.9249150456407956,0.31767314984858097,,0.0,0.3425590883944212,0.0,0.023195459506002325,False,False,False
780,1773733544.008015,1773733544008016993,-0.42,8.409937492055881e-20,0.8749994277780444,-0.3100790925146739,0.2938401867098869,0.9249150456407956,0.31767314984858097,,0.0,0.3425590883944212,0.0,0.0,False,False,False
781,1773733544.0579934,1773733544057996033,-0.42,8.409937492055881e-20,0.8749994277780444,-0.3100790925146739,0.2938401867098869,0.9249150456407956,0.31767314984858097,,0.0,0.3425590883944212,0.0,0.0,False,False,False
782,1773733544.107975,1773733544107978334,-0.42,8.409937492055881e-20,0.8749994277780444,-0.33239627636941804,0.300220862806681,0.9238735698487468,0.31653698144368303,,0.0,0.35820778200446174,0.0,0.023234766934145806,False,False,False
783,1773733544.1579466,1773733544157949435,-0.42,8.409937492055881e-20,0.8749994277780444,-0.33239627636941804,0.300220862806681,0.9238735698487468,0.31653698144368303,,0.0,0.35820778200446174,0.0,0.0,False,False,False
784,1773733544.2086468,1773733544208649101,-0.42,8.409937492055881e-20,0.8749994277780444,-0.33239627636941804,0.300220862806681,0.9238735698487468,0.31653698144368303,,0.0,0.35820778200446174,0.0,0.0,False,False,False
785,1773733544.258261,1773733544258277014,-0.42,8.409937492055881e-20,0.8749994277780444,-0.3550809606401949,0.3050371941696689,0.921702332386575,0.31534636956397283,,0.0,0.3749826662510195,0.0,0.02329176292984433,False,False,False
786,1773733544.3080597,1773733544308063956,-0.42,8.409937492055881e-20,0.8749994277780444,-0.3550809606401949,0.3050371941696689,0.921702332386575,0.31534636956397283,,0.0,0.3749826662510195,0.0,0.0,False,False,False
787,1773733544.358005,1773733544358008427,-0.42,8.409937492055881e-20,0.8749994277780444,-0.3550809606401949,0.3050371941696689,0.921702332386575,0.31534636956397283,,0.0,0.3749826662510195,0.0,0.0,False,False,False
788,1773733544.408009,1773733544408014978,-0.42,8.409937492055881e-20,0.8749994277780444,-0.377985176454818,0.3082570956226145,0.918411550276579,0.3141214650084426,,0.0,0.39264733560664744,0.0,0.023362365341398583,False,False,False
789,1773733544.4585915,1773733544458619354,-0.42,8.409937492055881e-20,0.8749994277780444,-0.377985176454818,0.3082570956226145,0.918411550276579,0.3141214650084426,,0.0,0.39264733560664744,0.0,0.0,False,False,False
790,1773733544.5080805,1773733544508083719,-0.42,8.409937492055881e-20,0.8749994277780444,-0.377985176454818,0.3082570956226145,0.918411550276579,0.3141214650084426,,0.0,0.39264733560664744,0.0,0.0,False,False,False
791,1773733544.5581288,1773733544558133779,-0.42,8.409937492055881e-20,0.8749994277780444,-0.40095914358078455,0.3098560095114746,0.9140233640593418,0.31288363403418684,,0.0,0.4109934227763777,0.0,0.023443887676879268,False,False,False
792,1773733544.608021,1773733544608024841,-0.42,8.409937492055881e-20,0.8749994277780444,-0.40095914358078455,0.3098560095114746,0.9140233640593418,0.31288363403418684,,0.0,0.4109934227763777,0.0,0.0,False,False,False
793,1773733544.6579711,1773733544657973352,-0.42,8.409937492055881e-20,0.8749994277780444,-0.40095914358078455,0.3098560095114746,0.9140233640593418,0.31288363403418684,,0.0,0.4109934227763777,0.0,0.0,False,False,False
794,1773733544.7080762,1773733544708078732,-0.42,8.409937492055881e-20,0.8749994277780444,-0.4238531677304605,0.30981764433867975,0.9085717546867432,0.31165513116134036,,0.0,0.42983941233411166,0.0,0.023534184889301646,False,False,False
795,1773733544.7580557,1773733544758058703,-0.42,8.409937492055881e-20,0.8749994277780444,-0.4238531677304605,0.30981764433867975,0.9085717546867432,0.31165513116134036,,0.0,0.42983941233411166,0.0,0.0,False,False,False
796,1773733544.8080173,1773733544808020024,-0.42,8.409937492055881e-20,0.8749994277780444,-0.4238531677304605,0.30981764433867975,0.9085717546867432,0.31165513116134036,,0.0,0.42983941233411166,0.0,0.0,False,False,False
797,1773733544.8580863,1773733544858091184,-0.42,8.409937492055881e-20,0.8749994277780444,-0.44651919910309,0.30813438912174995,0.9021022685263407,0.3104587471100321,,0.0,0.44902823148188087,0.0,0.023631262714674958,False,False,False
798,1773733544.909482,1773733544909484994,-0.42,8.409937492055881e-20,0.8749994277780444,-0.44651919910309,0.30813438912174995,0.9021022685263407,0.3104587471100321,,0.0,0.44902823148188087,0.0,0.0,False,False,False
799,1773733544.958107,1773733544958111045,-0.42,8.409937492055881e-20,0.8749994277780444,-0.44651919910309,0.30813438912174995,0.9021022685263407,0.3104587471100321,,0.0,0.44902823148188087,0.0,0.0,False,False,False
800,1773733545.008067,1773733545008070506,-0.42,8.409937492055881e-20,0.8749994277780444,-0.4688122002702874,0.3048075569312695,0.8946716002833135,0.3093174292352644,,0.0,0.4684243573426425,0.0,0.023733110710613018,False,False,False
801,1773733545.0582273,1773733545058231086,-0.42,8.409937492055881e-20,0.8749994277780444,-0.4688122002702874,0.3048075569312695,0.8946716002833135,0.3093174292352644,,0.0,0.4684243573426425,0.0,0.0,False,False,False
802,1773733545.1079876,1773733545107990758,-0.42,8.409937492055881e-20,0.8749994277780444,-0.4688122002702874,0.3048075569312695,0.8946716002833135,0.3093174292352644,,0.0,0.4684243573426425,0.0,0.0,False,False,False
803,1773733545.1580963,1773733545158099928,-0.42,8.409937492055881e-20,0.8749994277780444,-0.49059139472054103,0.2998475246296802,0.886347057247108,0.30825387544961225,,0.0,0.4879108897820118,0.0,0.023837643509718065,False,False,False
804,1773733545.2097976,1773733545209801217,-0.42,8.409937492055881e-20,0.8749994277780444,-0.49059139472054103,0.2998475246296802,0.886347057247108,0.30825387544961225,,0.0,0.4879108897820118,0.0,0.0,False,False,False
805,1773733545.258065,1773733545258068090,-0.42,8.409937492055881e-20,0.8749994277780444,-0.49059139472054103,0.2998475246296802,0.886347057247108,0.30825387544961225,,0.0,0.4879108897820118,0.0,0.0,False,False,False
806,1773733545.3079789,1773733545307981272,-0.42,8.409937492055881e-20,0.8749994277780444,-0.511721427586904,0.2932737973658924,0.8772059175686745,0.3072901057586891,,0.0,0.5073868281979699,0.0,0.02394269436995088,False,False,False
807,1773733545.3578823,1773733545357884423,-0.42,8.409937492055881e-20,0.8749994277780444,-0.511721427586904,0.2932737973658924,0.8772059175686745,0.3072901057586891,,0.0,0.5073868281979699,0.0,0.0,False,False,False
808,1773733545.4080706,1773733545408073213,-0.42,8.409937492055881e-20,0.8749994277780444,-0.511721427586904,0.2932737973658924,0.8772059175686745,0.3072901057586891,,0.0,0.5073868281979699,0.0,0.0,False,False,False
809,1773733545.4579864,1773733545457988544,-0.42,8.409937492055881e-20,0.8749994277780444,-0.5320734498788455,0.2851150095513248,0.867334691385847,0.3064470182970622,,0.0,0.5267646562944375,0.0,0.024046033692219644,False,False,False
810,1773733545.5099714,1773733545509974031,-0.42,8.409937492055881e-20,0.8749994277780444,-0.5320734498788455,0.2851150095513248,0.867334691385847,0.3064470182970622,,0.0,0.5267646562944375,0.0,0.0,False,False,False
811,1773733545.558194,1773733545558198535,-0.42,8.409937492055881e-20,0.8749994277780444,-0.5320734498788455,0.2851150095513248,0.867334691385847,0.3064470182970622,,0.0,0.5267646562944375,0.0,0.0,False,False,False
812,1773733545.6080441,1773733545608047027,-0.42,8.409937492055881e-20,0.8749994277780444,-0.5514648853985753,0.2754421124231088,0.856852263755548,0.3057461249975614,,0.0,0.5459050112390952,0.0,0.024072266187323152,False,False,False
813,1773733545.658002,1773733545658006008,-0.42,8.409937492055881e-20,0.8749994277780444,-0.5514648853985753,0.2754421124231088,0.856852263755548,0.3057461249975614,,0.0,0.5459050112390952,0.0,0.0,False,False,False
814,1773733545.710559,1773733545710562140,-0.42,8.409937492055881e-20,0.8749994277780444,-0.5514648853985753,0.2754421124231088,0.856852263755548,0.3057461249975614,,0.0,0.5459050112390952,0.0,0.0,False,False,False
815,1773733545.7580204,1773733545758022699,-0.42,8.409937492055881e-20,0.8749994277780444,-0.569920018755691,0.2642320247798513,0.8458053239177085,0.30519972254767,,0.0,0.5648807394721921,0.0,0.024254749884904704,False,False,False
816,1773733545.807994,1773733545807996650,-0.42,8.409937492055881e-20,0.8749994277780444,-0.569920018755691,0.2642320247798513,0.8458053239177085,0.30519972254767,,0.0,0.5648807394721921,0.0,0.0,False,False,False
817,1773733545.8579822,1773733545857984661,-0.42,8.409937492055881e-20,0.8749994277780444,-0.569920018755691,0.2642320247798513,0.8458053239177085,0.30519972254767,,0.0,0.5648807394721921,0.0,0.0,False,False,False
818,1773733545.9088082,1773733545908810096,-0.42,8.409937492055881e-20,0.8749994277780444,-0.5872701388047998,0.2515659602026268,0.8343340038813656,0.3048252095367822,,0.0,0.5835712916552734,0.0,0.02435255717515334,False,False,False
819,1773733545.957976,1773733545957978063,-0.42,8.409937492055881e-20,0.8749994277780444,-0.5872701388047998,0.2515659602026268,0.8343340038813656,0.3048252095367822,,0.0,0.5835712916552734,0.0,0.0,False,False,False
820,1773733546.008045,1773733546008047413,-0.42,8.409937492055881e-20,0.8749994277780444,-0.5872701388047998,0.2515659602026268,0.8343340038813656,0.3048252095367822,,0.0,0.5835712916552734,0.0,0.0,False,False,False
821,1773733546.0579636,1773733546057965315,-0.42,8.409937492055881e-20,0.8749994277780444,-0.6033969903671409,0.23752503623583265,0.8225574337462692,0.3046354569852097,,0.0,0.6018974299899837,0.0,0.024411277953067505,False,False,False
822,1773733546.1082754,1773733546108277654,-0.42,8.409937492055881e-20,0.8749994277780444,-0.6033969903671409,0.23752503623583265,0.8225574337462692,0.3046354569852097,,0.0,0.6018974299899837,0.0,0.0,False,False,False
823,1773733546.1590884,1773733546159090919,-0.42,8.409937492055881e-20,0.8749994277780444,-0.6033969903671409,0.23752503623583265,0.8225574337462692,0.3046354569852097,,0.0,0.6018974299899837,0.0,0.0,False,False,False
824,1773733546.2080226,1773733546208025938,-0.42,8.409937492055881e-20,0.8749994277780444,-0.6182252650432245,0.22217869193015993,0.8105922561850311,0.30463898404811124,,0.0,0.6198210823517483,0.0,0.024465352797161808,False,False,False
825,1773733546.257952,1773733546257954749,-0.42,8.409937492055881e-20,0.8749994277780444,-0.6182252650432245,0.22217869193015993,0.8105922561850311,0.30463898404811124,,0.0,0.6198210823517483,0.0,0.0,False,False,False
826,1773733546.308054,1773733546308056430,-0.42,8.409937492055881e-20,0.8749994277780444,-0.6182252650432245,0.22217869193015993,0.8105922561850311,0.30463898404811124,,0.0,0.6198210823517483,0.0,0.0,False,False,False
827,1773733546.358075,1773733546358078570,-0.42,8.409937492055881e-20,0.8749994277780444,-0.6316868715017919,0.20560551633247237,0.7985593689555948,0.3048410118493545,,0.0,0.6373053750744405,0.0,0.02450867954242867,False,False,False
828,1773733546.408073,1773733546408075682,-0.42,8.409937492055881e-20,0.8749994277780444,-0.6316868715017919,0.20560551633247237,0.7985593689555948,0.3048410118493545,,0.0,0.6373053750744405,0.0,0.0,False,False,False
829,1773733546.4580505,1773733546458054413,-0.42,8.409937492055881e-20,0.8749994277780444,-0.6316868715017919,0.20560551633247237,0.7985593689555948,0.3048410118493545,,0.0,0.6373053750744405,0.0,0.0,False,False,False
830,1773733546.5079193,1773733546507921755,-0.42,8.409937492055881e-20,0.8749994277780444,-0.6437235675750366,0.18789236802826692,0.7865822440335455,0.3052431408452615,,0.0,0.6543159507258368,0.0,0.024537505916551777,False,False,False
831,1773733546.5579357,1773733546557939375,-0.42,8.409937492055881e-20,0.8749994277780444,-0.6437235675750366,0.18789236802826692,0.7865822440335455,0.3052431408452615,,0.0,0.6543159507258368,0.0,0.0,False,False,False
832,1773733546.6080415,1773733546608045156,-0.42,8.409937492055881e-20,0.8749994277780444,-0.6437235675750366,0.18789236802826692,0.7865822440335455,0.3052431408452615,,0.0,0.6543159507258368,0.0,0.0,False,False,False
833,1773733546.658081,1773733546658084687,-0.42,8.409937492055881e-20,0.8749994277780444,-0.6542883238049391,0.16913362272648166,0.7747854623931585,0.30584316220258206,,0.0,0.6708213497164438,0.0,0.024549310714671518,False,False,False
834,1773733546.7080088,1773733546708012288,-0.42,8.409937492055881e-20,0.8749994277780444,-0.6542883238049391,0.16913362272648166,0.7747854623931585,0.30584316220258206,,0.0,0.6708213497164438,0.0,0.0,False,False,False
835,1773733546.7579665,1773733546757970390,-0.42,8.409937492055881e-20,0.8749994277780444,-0.6542883238049391,0.16913362272648166,0.7747854623931585,0.30584316220258206,,0.0,0.6708213497164438,0.0,0.0,False,False,False
836,1773733546.8080757,1773733546808079100,-0.42,8.409937492055881e-20,0.8749994277780444,-0.6633460322772408,0.1494304981578157,0.7632933650819554,0.3066349778610252,,0.0,0.6867929814736796,0.0,0.02454227986858056,False,False,False
837,1773733546.857986,1773733546857988362,-0.42,8.409937492055881e-20,0.8749994277780444,-0.6633460322772408,0.1494304981578157,0.7632933650819554,0.3066349778610252,,0.0,0.6867929814736796,0.0,0.0,False,False,False
838,1773733546.907931,1773733546907933643,-0.42,8.409937492055881e-20,0.8749994277780444,-0.6633460322772408,0.1494304981578157,0.7632933650819554,0.3066349778610252,,0.0,0.6867929814736796,0.0,0.0,False,False,False
839,1773733546.960546,1773733546960549415,-0.42,8.409937492055881e-20,0.8749994277780444,-0.6708738498894911,0.12889041192908052,0.7522287709874458,0.3076086166127632,,0.0,0.7022049320953484,0.0,0.024515065220460673,False,False,False
840,1773733547.008154,1773733547008158833,-0.42,8.409937492055881e-20,0.8749994277780444,-0.6708738498894911,0.12889041192908052,0.7522287709874458,0.3076086166127632,,0.0,0.7022049320953484,0.0,0.0,False,False,False
841,1773733547.0579534,1773733547057956216,-0.42,8.409937492055881e-20,0.8749994277780444,-0.6708738498894911,0.12889041192908052,0.7522287709874458,0.3076086166127632,,0.0,0.7022049320953484,0.0,0.0,False,False,False
842,1773733547.1079383,1773733547107940927,-0.42,8.409937492055881e-20,0.8749994277780444,-0.6768613118392309,0.10762634259844173,0.7417117399795459,0.3087503374242007,,0.0,0.7170337213964317,0.0,0.0244666770591947,False,False,False
843,1773733547.1607342,1773733547160736828,-0.42,8.409937492055881e-20,0.8749994277780444,-0.6768613118392309,0.10762634259844173,0.7417117399795459,0.3087503374242007,,0.0,0.7170337213964317,0.0,0.0,False,False,False
844,1773733547.2079687,1773733547207971279,-0.42,8.409937492055881e-20,0.8749994277780444,-0.6813102793908449,0.0857561767924587,0.7318583755487462,0.3100428112482073,,0.0,0.7312580587126679,0.0,0.02439643939722866,False,False,False
845,1773733547.2579515,1773733547257953631,-0.42,8.409937492055881e-20,0.8749994277780444,-0.6813102793908449,0.0857561767924587,0.7318583755487462,0.3100428112482073,,0.0,0.7312580587126679,0.0,0.0,False,False,False
846,1773733547.3081348,1773733547308138071,-0.42,8.409937492055881e-20,0.8749994277780444,-0.6813102793908449,0.0857561767924587,0.7318583755487462,0.3100428112482073,,0.0,0.7312580587126679,0.0,0.0,False,False,False
847,1773733547.3580253,1773733547358028593,-0.42,8.409937492055881e-20,0.8749994277780444,-0.6842347529192789,0.06340203389564644,0.7227796691611577,0.3114653712145226,,0.0,0.7448586172170678,0.0,0.024303974155303384,False,False,False
848,1773733547.4081373,1773733547408143273,-0.42,8.409937492055881e-20,0.8749994277780444,-0.6842347529192789,0.06340203389564644,0.7227796691611577,0.3114653712145226,,0.0,0.7448586172170678,0.0,0.0,False,False,False
849,1773733547.4579475,1773733547457951006,-0.42,8.409937492055881e-20,0.8749994277780444,-0.6842347529192789,0.06340203389564644,0.7227796691611577,0.3114653712145226,,0.0,0.7448586172170678,0.0,0.0,False,False,False
850,1773733547.5079699,1773733547507973947,-0.42,8.409937492055881e-20,0.8749994277780444,-0.6856605663653584,0.040689565353668675,0.714580392590839,0.31299431959801977,,0.0,0.7578178330815678,0.0,0.024189198158060685,False,False,False
851,1773733547.5580137,1773733547558017148,-0.42,8.409937492055881e-20,0.8749994277780444,-0.6856605663653584,0.040689565353668675,0.714580392590839,0.31299431959801977,,0.0,0.7578178330815678,0.0,0.0,False,False,False
852,1773733547.6080527,1773733547608055939,-0.42,8.409937492055881e-20,0.8749994277780444,-0.6856605663653584,0.040689565353668675,0.714580392590839,0.31299431959801977,,0.0,0.7578178330815678,0.0,0.0,False,False,False
853,1773733547.6579432,1773733547657946651,-0.42,8.409937492055881e-20,0.8749994277780444,-0.6856249728736248,0.017747228963588862,0.70735804632039,0.3146032789514927,,0.0,0.7701197300085261,0.0,0.0240523252843151,False,False,False
854,1773733547.7080312,1773733547708034991,-0.42,8.409937492055881e-20,0.8749994277780444,-0.6856249728736248,0.017747228963588862,0.70735804632039,0.3146032789514927,,0.0,0.7701197300085261,0.0,0.0,False,False,False
855,1773733547.7581117,1773733547758119131,-0.42,8.409937492055881e-20,0.8749994277780444,-0.6856249728736248,0.017747228963588862,0.70735804632039,0.3146032789514927,,0.0,0.7701197300085261,0.0,0.0,False,False,False
856,1773733547.808043,1773733547808045473,-0.42,8.409937492055881e-20,0.8749994277780444,-0.6841799425223611,-0.00525330320837775,0.7012118666873971,0.3162605818238382,,0.0,0.7817296062945327,0.0,0.023851375578585843,False,False,False
857,1773733547.8580158,1773733547858018795,-0.42,8.409937492055881e-20,0.8749994277780444,-0.6841799425223611,-0.00525330320837775,0.7012118666873971,0.3162605818238382,,0.0,0.7817296062945327,0.0,0.0,False,False,False
858,1773733547.9080243,1773733547908027876,-0.42,8.409937492055881e-20,0.8749994277780444,-0.6841799425223611,-0.00525330320837775,0.7012118666873971,0.3162605818238382,,0.0,0.7817296062945327,0.0,0.0,False,False,False
859,1773733547.9580567,1773733547958060667,-0.42,8.409937492055881e-20,0.8749994277780444,-0.6813750949547244,-0.02822640618103941,0.6961852376835563,0.31794368188035427,,0.0,0.7926536180158166,0.0,0.023683277417039374,False,False,False
860,1773733548.008091,1773733548008094508,-0.42,8.409937492055881e-20,0.8749994277780444,-0.6813750949547244,-0.02822640618103941,0.6961852376835563,0.31794368188035427,,0.0,0.7926536180158166,0.0,0.0,False,False,False
861,1773733548.057937,1773733548057940330,-0.42,8.409937492055881e-20,0.8749994277780444,-0.6813750949547244,-0.02822640618103941,0.6961852376835563,0.31794368188035427,,0.0,0.7926536180158166,0.0,0.0,False,False,False
862,1773733548.1080706,1773733548108073271,-0.42,8.409937492055881e-20,0.8749994277780444,-0.6773040884705652,-0.05096429633727036,0.6923862560930745,0.31960964302984646,,0.0,0.8028531359630325,0.0,0.023409762999135855,False,False,False
863,1773733548.1580327,1773733548158036232,-0.42,8.409937492055881e-20,0.8749994277780444,-0.6773040884705652,-0.05096429633727036,0.6923862560930745,0.31960964302984646,,0.0,0.8028531359630325,0.0,0.0,False,False,False
864,1773733548.2079718,1773733548207974974,-0.42,8.409937492055881e-20,0.8749994277780444,-0.6773040884705652,-0.05096429633727036,0.6923862560930745,0.31960964302984646,,0.0,0.8028531359630325,0.0,0.0,False,False,False
865,1773733548.2579665,1773733548257969126,-0.42,8.409937492055881e-20,0.8749994277780444,-0.6720148176010097,-0.07343549784177288,0.6898201404339676,0.32124073386636287,,0.0,0.8123555116347034,0.0,0.023227488735620968,False,False,False
866,1773733548.3080885,1773733548308091886,-0.42,8.409937492055881e-20,0.8749994277780444,-0.6720148176010097,-0.07343549784177288,0.6898201404339676,0.32124073386636287,,0.0,0.8123555116347034,0.0,0.0,False,False,False
867,1773733548.3580885,1773733548358091737,-0.42,8.409937492055881e-20,0.8749994277780444,-0.6720148176010097,-0.07343549784177288,0.6898201404339676,0.32124073386636287,,0.0,0.8123555116347034,0.0,0.0,False,False,False
868,1773733548.4079754,1773733548407978870,-0.42,8.409937492055881e-20,0.8749994277780444,-0.6655788667914313,-0.09569181415887754,0.6886497757162671,0.32278800463326734,,0.0,0.8212467623642073,0.0,0.023197733346229536,False,False,False
869,1773733548.4579384,1773733548457942001,-0.42,8.409937492055881e-20,0.8749994277780444,-0.6655788667914313,-0.09569181415887754,0.6886497757162671,0.32278800463326734,,0.0,0.8212467623642073,0.0,0.0,False,False,False
870,1773733548.5080886,1773733548508092342,-0.42,8.409937492055881e-20,0.8749994277780444,-0.6655788667914313,-0.09569181415887754,0.6886497757162671,0.32278800463326734,,0.0,0.8212467623642073,0.0,0.0,False,False,False
871,1773733548.5580494,1773733548558052743,-0.42,8.409937492055881e-20,0.8749994277780444,-0.6581114319369792,-0.11732130836577256,0.6888305557032758,0.3242224426922463,,0.0,0.8293735314023414,0.0,0.02288296930809668,False,False,False
872,1773733548.6080868,1773733548608091734,-0.42,8.409937492055881e-20,0.8749994277780444,-0.6581114319369792,-0.11732130836577256,0.6888305557032758,0.3242224426922463,,0.0,0.8293735314023414,0.0,0.0,False,False,False
873,1773733548.6579256,1773733548657927887,-0.42,8.409937492055881e-20,0.8749994277780444,-0.6497117437106591,-0.1382322314938506,0.690388065419287,0.3255103533442792,,0.0,0.836747342800812,0.0,0.022588654339806058,False,False,False
874,1773733548.708079,1773733548708083117,-0.42,8.409937492055881e-20,0.8749994277780444,-0.6497117437106591,-0.1382322314938506,0.690388065419287,0.3255103533442792,,0.0,0.836747342800812,0.0,0.0,False,False,False
875,1773733548.758004,1773733548758006429,-0.42,8.409937492055881e-20,0.8749994277780444,-0.6497117437106591,-0.1382322314938506,0.690388065419287,0.3255103533442792,,0.0,0.836747342800812,0.0,0.0,False,False,False
876,1773733548.807943,1773733548807946801,-0.42,8.409937492055881e-20,0.8749994277780444,-0.6404821156159766,-0.15832040528350091,0.6933357482980478,0.32661813556175934,,0.0,0.8433708623199673,0.0,0.0223026813482838,False,False,False
877,1773733548.8582282,1773733548858230280,-0.42,8.409937492055881e-20,0.8749994277780444,-0.6404821156159766,-0.15832040528350091,0.6933357482980478,0.32661813556175934,,0.0,0.8433708623199673,0.0,0.0,False,False,False
878,1773733548.908025,1773733548908028033,-0.42,8.409937492055881e-20,0.8749994277780444,-0.6404821156159766,-0.15832040528350091,0.6933357482980478,0.32661813556175934,,0.0,0.8433708623199673,0.0,0.0,False,False,False
879,1773733548.9579613,1773733548957963605,-0.42,8.409937492055881e-20,0.8749994277780444,-0.6305287380630957,-0.17747598158661582,0.6976732900793212,0.3275127977678413,,0.0,0.8492420857804207,0.0,0.022018630677654367,False,False,False
880,1773733549.0079887,1773733549007991806,-0.42,8.409937492055881e-20,0.8749994277780444,-0.6305287380630957,-0.17747598158661582,0.6976732900793212,0.3275127977678413,,0.0,0.8492420857804207,0.0,0.0,False,False,False
881,1773733549.0580044,1773733549058008988,-0.42,8.409937492055881e-20,0.8749994277780444,-0.6305287380630957,-0.17747598158661582,0.6976732900793212,0.3275127977678413,,0.0,0.8492420857804207,0.0,0.0,False,False,False
882,1773733549.1091483,1773733549109150401,-0.42,8.409937492055881e-20,0.8749994277780444,-0.6199609309169056,-0.19558938684734123,0.7033867478553925,0.32816229833835114,,0.0,0.8543573224819759,0.0,0.0217351696054411,False,False,False
883,1773733549.1580257,1773733549158029410,-0.42,8.409937492055881e-20,0.8749994277780444,-0.6199609309169056,-0.19558938684734123,0.7033867478553925,0.32816229833835114,,0.0,0.8543573224819759,0.0,0.0,False,False,False
884,1773733549.207999,1773733549208001252,-0.42,8.409937492055881e-20,0.8749994277780444,-0.6199609309169056,-0.19558938684734123,0.7033867478553925,0.32816229833835114,,0.0,0.8543573224819759,0.0,0.0,False,False,False
885,1773733549.2579522,1773733549257954424,-0.42,8.409937492055881e-20,0.8749994277780444,-0.6088900630126046,-0.21255452457135965,0.7104487986927472,0.32853582963358735,,0.0,0.8587125343816373,0.0,0.021453497994005043,False,False,False
886,1773733549.3083441,1773733549308346233,-0.42,8.409937492055881e-20,0.8749994277780444,-0.6088900630126046,-0.21255452457135965,0.7104487986927472,0.32853582963358735,,0.0,0.8587125343816373,0.0,0.0,False,False,False
887,1773733549.3580258,1773733549358027927,-0.42,8.409937492055881e-20,0.8749994277780444,-0.6088900630126046,-0.21255452457135965,0.7104487986927472,0.32853582963358735,,0.0,0.8587125343816373,0.0,0.0,False,False,False
888,1773733549.4080255,1773733549408028658,-0.42,8.409937492055881e-20,0.8749994277780444,-0.5974639103976719,-0.22821872523244185,0.7187753092064189,0.32860797504600375,,0.0,0.8622906473249582,0.0,0.021101064505485653,False,False,False
889,1773733549.4580467,1773733549458049149,-0.42,8.409937492055881e-20,0.8749994277780444,-0.5974639103976719,-0.22821872523244185,0.7187753092064189,0.32860797504600375,,0.0,0.8622906473249582,0.0,0.0,False,False,False
890,1773733549.5080206,1773733549508023631,-0.42,8.409937492055881e-20,0.8749994277780444,-0.5974639103976719,-0.22821872523244185,0.7187753092064189,0.32860797504600375,,0.0,0.8622906473249582,0.0,0.0,False,False,False
891,1773733549.5579474,1773733549557950664,-0.42,8.409937492055881e-20,0.8749994277780444,-0.5857064528737614,-0.24261974230711325,0.7284202275390809,0.3283419403973064,,0.0,0.8651229673209718,0.0,0.020944009880041,False,False,False
892,1773733549.6093433,1773733549609346605,-0.42,8.409937492055881e-20,0.8749994277780444,-0.5857064528737614,-0.24261974230711325,0.7284202275390809,0.3283419403973064,,0.0,0.8651229673209718,0.0,0.0,False,False,False
893,1773733549.658049,1773733549658051046,-0.42,8.409937492055881e-20,0.8749994277780444,-0.5857064528737614,-0.24261974230711325,0.7284202275390809,0.3283419403973064,,0.0,0.8651229673209718,0.0,0.0,False,False,False
894,1773733549.7079604,1773733549707962188,-0.42,8.409937492055881e-20,0.8749994277780444,-0.5737883549778688,-0.2555763200432285,0.7392471307315462,0.3277175607852567,,0.0,0.8671810193161813,0.0,0.020667263893101424,False,False,False
895,1773733549.7601898,1773733549760192253,-0.42,8.409937492055881e-20,0.8749994277780444,-0.5737883549778688,-0.2555763200432285,0.7392471307315462,0.3277175607852567,,0.0,0.8671810193161813,0.0,0.0,False,False,False
896,1773733549.8080418,1773733549808045360,-0.42,8.409937492055881e-20,0.8749994277780444,-0.5737883549778688,-0.2555763200432285,0.7392471307315462,0.3277175607852567,,0.0,0.8671810193161813,0.0,0.0,False,False,False
897,1773733549.857981,1773733549857983152,-0.42,8.409937492055881e-20,0.8749994277780444,-0.563611033904668,-0.26539187227690575,0.7492829141178851,0.3268969512501978,,0.0,0.8683169290785812,0.0,0.017338969924899736,False,False,False
898,1773733549.9080281,1773733549908031073,-0.42,8.409937492055881e-20,0.8749994277780444,-0.563611033904668,-0.26539187227690575,0.7492829141178851,0.3268969512501978,,0.0,0.8683169290785812,0.0,0.0,False,False,False
899,1773733549.9579237,1773733549957925546,-0.42,8.409937492055881e-20,0.8749994277780444,-0.5516274643491883,-0.275530705230523,0.7621621653672159,0.32553833366317453,,0.0,0.8689475832274404,0.0,0.020304605036684815,False,False,False
900,1773733550.0080938,1773733550008097236,-0.42,8.409937492055881e-20,0.8749994277780444,-0.5516274643491883,-0.275530705230523,0.7621621653672159,0.32553833366317453,,0.0,0.8689475832274404,0.0,0.0,False,False,False
901,1773733550.0581083,1773733550058112218,-0.42,8.409937492055881e-20,0.8749994277780444,-0.5516274643491883,-0.275530705230523,0.7621621653672159,0.32553833366317453,,0.0,0.8689475832274404,0.0,0.0,False,False,False
902,1773733550.107969,1773733550107971161,-0.42,8.409937492055881e-20,0.8749994277780444,-0.5398243860207372,-0.2839897931801606,0.7759101998168009,0.3237696113190865,,0.0,0.8687984289038497,0.0,0.01999693171949712,False,False,False
903,1773733550.1580267,1773733550158029322,-0.42,8.409937492055881e-20,0.8749994277780444,-0.5398243860207372,-0.2839897931801606,0.7759101998168009,0.3237696113190865,,0.0,0.8687984289038497,0.0,0.0,False,False,False
904,1773733550.2080202,1773733550208024174,-0.42,8.409937492055881e-20,0.8749994277780444,-0.5398243860207372,-0.2839897931801606,0.7759101998168009,0.3237696113190865,,0.0,0.8687984289038497,0.0,0.0,False,False,False
905,1773733550.2580078,1773733550258011625,-0.42,8.409937492055881e-20,0.8749994277780444,-0.5282200983047163,-0.29078030776964997,0.790532747435837,0.32155776643043077,,0.0,0.8678736241667389,0.0,0.019864276494683676,False,False,False
906,1773733550.3080075,1773733550308009687,-0.42,8.409937492055881e-20,0.8749994277780444,-0.5282200983047163,-0.29078030776964997,0.790532747435837,0.32155776643043077,,0.0,0.8678736241667389,0.0,0.0,False,False,False
907,1773733550.358435,1773733550358436916,-0.42,8.409937492055881e-20,0.8749994277780444,-0.5282200983047163,-0.29078030776964997,0.790532747435837,0.32155776643043077,,0.0,0.8678736241667389,0.0,0.0,False,False,False
908,1773733550.408041,1773733550408043460,-0.42,8.409937492055881e-20,0.8749994277780444,-0.5169444440402904,-0.2958324245263849,0.8058550938994128,0.3188980833102637,,0.0,0.8661751408729443,0.0,0.019683459146308632,False,False,False
909,1773733550.4580019,1773733550458004382,-0.42,8.409937492055881e-20,0.8749994277780444,-0.5169444440402904,-0.2958324245263849,0.8058550938994128,0.3188980833102637,,0.0,0.8661751408729443,0.0,0.0,False,False,False
910,1773733550.5079975,1773733550508001364,-0.42,8.409937492055881e-20,0.8749994277780444,-0.5169444440402904,-0.2958324245263849,0.8058550938994128,0.3188980833102637,,0.0,0.8661751408729443,0.0,0.0,False,False,False
911,1773733550.558112,1773733550558116415,-0.42,8.409937492055881e-20,0.8749994277780444,-0.5060733041329429,-0.2991211030080098,0.8217627673131942,0.3157787041054863,,0.0,0.8637060384627443,0.0,0.019546129091975034,False,False,False
912,1773733550.6081326,1773733550608137206,-0.42,8.409937492055881e-20,0.8749994277780444,-0.5060733041329429,-0.2991211030080098,0.8217627673131942,0.3157787041054863,,0.0,0.8637060384627443,0.0,0.0,False,False,False
913,1773733550.6580017,1773733550658005919,-0.42,8.409937492055881e-20,0.8749994277780444,-0.5060733041329429,-0.2991211030080098,0.8217627673131942,0.3157787041054863,,0.0,0.8637060384627443,0.0,0.0,False,False,False
914,1773733550.7079868,1773733550707991001,-0.42,8.409937492055881e-20,0.8749994277780444,-0.4957194417883297,-0.3006248206281421,0.838056523296197,0.3122074548020815,,0.0,0.8604833022905115,0.0,0.019363628693143595,False,False,False
915,1773733550.7581177,1773733550758121282,-0.42,8.409937492055881e-20,0.8749994277780444,-0.4957194417883297,-0.3006248206281421,0.838056523296197,0.3122074548020815,,0.0,0.8604833022905115,0.0,0.0,False,False,False
916,1773733550.8081174,1773733550808122043,-0.42,8.409937492055881e-20,0.8749994277780444,-0.4957194417883297,-0.3006248206281421,0.838056523296197,0.3122074548020815,,0.0,0.8604833022905115,0.0,0.0,False,False,False
917,1773733550.85811,1773733550858113295,-0.42,8.409937492055881e-20,0.8749994277780444,-0.48584965678343517,-0.3003444234574319,0.8547758996253202,0.30814272844157364,,0.0,0.8564793826134519,0.0,0.019417230066387688,False,False,False
918,1773733550.9080174,1773733550908020628,-0.42,8.409937492055881e-20,0.8749994277780444,-0.48584965678343517,-0.3003444234574319,0.8547758996253202,0.30814272844157364,,0.0,0.8564793826134519,0.0,0.0,False,False,False
919,1773733550.9579723,1773733550957974630,-0.42,8.409937492055881e-20,0.8749994277780444,-0.48584965678343517,-0.3003444234574319,0.8547758996253202,0.30814272844157364,,0.0,0.8564793826134519,0.0,0.0,False,False,False
920,1773733551.0079799,1773733551007982791,-0.42,8.409937492055881e-20,0.8749994277780444,-0.4765803657604772,-0.2982675154306801,0.8716795171628421,0.3036047930406786,,0.0,0.85171445339849,0.0,0.019389832100219263,False,False,False
921,1773733551.0579615,1773733551057964333,-0.42,8.409937492055881e-20,0.8749994277780444,-0.4765803657604772,-0.2982675154306801,0.8716795171628421,0.3036047930406786,,0.0,0.85171445339849,0.0,0.0,False,False,False
922,1773733551.1081173,1773733551108121684,-0.42,8.409937492055881e-20,0.8749994277780444,-0.4765803657604772,-0.2982675154306801,0.8716795171628421,0.3036047930406786,,0.0,0.85171445339849,0.0,0.0,False,False,False
923,1773733551.1580098,1773733551158012367,-0.42,8.409937492055881e-20,0.8749994277780444,-0.46796445687502924,-0.29440783537608406,0.8886130194989932,0.2985998870289348,,0.0,0.8461972768617131,0.0,0.01938748352454804,False,False,False
924,1773733551.2080069,1773733551208009129,-0.42,8.409937492055881e-20,0.8749994277780444,-0.46796445687502924,-0.29440783537608406,0.8886130194989932,0.2985998870289348,,0.0,0.8461972768617131,0.0,0.0,False,False,False
925,1773733551.2579057,1773733551257907821,-0.42,8.409937492055881e-20,0.8749994277780444,-0.46003667527516073,-0.288788023326899,0.9054369859202065,0.2931346153728756,,0.0,0.8399335509263057,0.0,0.019428789326808093,False,False,False
926,1773733551.3080895,1773733551308093102,-0.42,8.409937492055881e-20,0.8749994277780444,-0.46003667527516073,-0.288788023326899,0.9054369859202065,0.2931346153728756,,0.0,0.8399335509263057,0.0,0.0,False,False,False
927,1773733551.358096,1773733551358099434,-0.42,8.409937492055881e-20,0.8749994277780444,-0.46003667527516073,-0.288788023326899,0.9054369859202065,0.2931346153728756,,0.0,0.8399335509263057,0.0,0.0,False,False,False
928,1773733551.4079728,1773733551407975446,-0.42,8.409937492055881e-20,0.8749994277780444,-0.46003667527516073,-0.288788023326899,0.9054369859202065,0.2931346153728756,,0.0,0.8399335509263057,0.0,0.0,False,False,False
929,1773733551.4580839,1773733551458086478,-0.42,8.409937492055881e-20,0.8749994277780444,-0.4528239787156902,-0.2814403990362463,0.9220075804491887,0.28722095711483736,,0.0,0.8329302958004137,0.0,0.019508848695387545,False,False,False
930,1773733551.5100844,1773733551510088405,-0.42,8.409937492055881e-20,0.8749994277780444,-0.4528239787156902,-0.2814403990362463,0.9220075804491887,0.28722095711483736,,0.0,0.8329302958004137,0.0,0.0,False,False,False
931,1773733551.5581696,1773733551558173681,-0.42,8.409937492055881e-20,0.8749994277780444,-0.4528239787156902,-0.2814403990362463,0.9220075804491887,0.28722095711483736,,0.0,0.8329302958004137,0.0,0.0,False,False,False
932,1773733551.609649,1773733551609652711,-0.42,8.409937492055881e-20,0.8749994277780444,-0.44636826563181975,-0.27243746713187417,0.9381254064012264,0.2808956178134427,,0.0,0.8252220181199085,0.0,0.01955794794236342,False,False,False
933,1773733551.658064,1773733551658066955,-0.42,8.409937492055881e-20,0.8749994277780444,-0.44636826563181975,-0.27243746713187417,0.9381254064012264,0.2808956178134427,,0.0,0.8252220181199085,0.0,0.0,False,False,False
934,1773733551.7080996,1773733551708103127,-0.42,8.409937492055881e-20,0.8749994277780444,-0.44636826563181975,-0.27243746713187417,0.9381254064012264,0.2808956178134427,,0.0,0.8252220181199085,0.0,0.0,False,False,False
935,1773733551.7580988,1773733551758103388,-0.42,8.409937492055881e-20,0.8749994277780444,-0.44062551966378605,-0.26176897199512533,0.9537659910656318,0.2741397057212316,,0.0,0.8167626595103628,0.0,0.01978443348647193,False,False,False
936,1773733551.808083,1773733551808085371,-0.42,8.409937492055881e-20,0.8749994277780444,-0.44062551966378605,-0.26176897199512533,0.9537659910656318,0.2741397057212316,,0.0,0.8167626595103628,0.0,0.0,False,False,False
937,1773733551.8579907,1773733551858000313,-0.42,8.409937492055881e-20,0.8749994277780444,-0.44062551966378605,-0.26176897199512533,0.9537659910656318,0.2741397057212316,,0.0,0.8167626595103628,0.0,0.0,False,False,False
938,1773733551.911673,1773733551911676058,-0.42,8.409937492055881e-20,0.8749994277780444,-0.44062551966378605,-0.26176897199512533,0.9537659910656318,0.2741397057212316,,0.0,0.8167626595103628,0.0,0.0,False,False,False
939,1773733551.9579866,1773733551957988877,-0.42,8.409937492055881e-20,0.8749994277780444,-0.4356204944092258,-0.24953433445468198,0.9687188553117754,0.26701070206001104,,0.0,0.8075946871945118,0.0,0.019958075626382712,False,False,False
940,1773733552.0079548,1773733552007957339,-0.42,8.409937492055881e-20,0.8749994277780444,-0.4356204944092258,-0.24953433445468198,0.9687188553117754,0.26701070206001104,,0.0,0.8075946871945118,0.0,0.0,False,False,False
941,1773733552.058065,1773733552058071670,-0.42,8.409937492055881e-20,0.8749994277780444,-0.4314175284251949,-0.2360558478927835,0.9826038032249474,0.25967561474855344,,0.0,0.7979092262789822,0.0,0.019802179213755756,False,False,False
942,1773733552.1084454,1773733552108450339,-0.42,8.409937492055881e-20,0.8749994277780444,-0.4314175284251949,-0.2360558478927835,0.9826038032249474,0.25967561474855344,,0.0,0.7979092262789822,0.0,0.0,False,False,False
943,1773733552.1580296,1773733552158033645,-0.42,8.409937492055881e-20,0.8749994277780444,-0.4314175284251949,-0.2360558478927835,0.9826038032249474,0.25967561474855344,,0.0,0.7979092262789822,0.0,0.0,False,False,False
944,1773733552.2090259,1773733552209028119,-0.42,8.409937492055881e-20,0.8749994277780444,-0.4314175284251949,-0.2360558478927835,0.9826038032249474,0.25967561474855344,,0.0,0.7979092262789822,0.0,0.0,False,False,False
945,1773733552.2602334,1773733552260236843,-0.42,8.409937492055881e-20,0.8749994277780444,-0.4279804483855926,-0.2216237993544997,0.9952363922995753,0.25226518514077706,,0.0,0.787847621289017,0.0,0.019485375309149643,False,False,False
946,1773733552.308138,1773733552308141400,-0.42,8.409937492055881e-20,0.8749994277780444,-0.4279804483855926,-0.2216237993544997,0.9952363922995753,0.25226518514077706,,0.0,0.787847621289017,0.0,0.0,False,False,False
947,1773733552.357953,1773733552357955233,-0.42,8.409937492055881e-20,0.8749994277780444,-0.4279804483855926,-0.2216237993544997,0.9952363922995753,0.25226518514077706,,0.0,0.787847621289017,0.0,0.0,False,False,False
948,1773733552.4080846,1773733552408088185,-0.42,8.409937492055881e-20,0.8749994277780444,-0.4252617634485389,-0.20659117628551002,1.0064615165835757,0.2449283182213369,,0.0,0.7775909584499131,0.0,0.018957173294363805,False,False,False
949,1773733552.4579356,1773733552457938438,-0.42,8.409937492055881e-20,0.8749994277780444,-0.4252617634485389,-0.20659117628551002,1.0064615165835757,0.2449283182213369,,0.0,0.7775909584499131,0.0,0.0,False,False,False
950,1773733552.508987,1773733552508990992,-0.42,8.409937492055881e-20,0.8749994277780444,-0.4252617634485389,-0.20659117628551002,1.0064615165835757,0.2449283182213369,,0.0,0.7775909584499131,0.0,0.0,False,False,False
951,1773733552.5585573,1773733552558560437,-0.42,8.409937492055881e-20,0.8749994277780444,-0.4231749957305534,-0.19124895657404725,1.0162491937125147,0.2377766606820221,,0.0,0.7672759685188227,0.0,0.01831766712122417,False,False,False
952,1773733552.6080003,1773733552608004243,-0.42,8.409937492055881e-20,0.8749994277780444,-0.4231749957305534,-0.19124895657404725,1.0162491937125147,0.2377766606820221,,0.0,0.7672759685188227,0.0,0.0,False,False,False
953,1773733552.6580858,1773733552658088765,-0.42,8.409937492055881e-20,0.8749994277780444,-0.4231749957305534,-0.19124895657404725,1.0162491937125147,0.2377766606820221,,0.0,0.7672759685188227,0.0,0.0,False,False,False
954,1773733552.709494,1773733552709501636,-0.42,8.409937492055881e-20,0.8749994277780444,-0.4231749957305534,-0.19124895657404725,1.0162491937125147,0.2377766606820221,,0.0,0.7672759685188227,0.0,0.0,False,False,False
955,1773733552.758021,1773733552758024999,-0.42,8.409937492055881e-20,0.8749994277780444,-0.4216152222031471,-0.17573504556013678,1.0246890428054853,0.23085145879515764,,0.0,0.7569431906845574,0.0,0.017729787960278832,False,False,False
956,1773733552.8087935,1773733552808796816,-0.42,8.409937492055881e-20,0.8749994277780444,-0.4216152222031471,-0.17573504556013678,1.0246890428054853,0.23085145879515764,,0.0,0.7569431906845574,0.0,0.0,False,False,False
957,1773733552.858061,1773733552858064823,-0.42,8.409937492055881e-20,0.8749994277780444,-0.4216152222031471,-0.17573504556013678,1.0246890428054853,0.23085145879515764,,0.0,0.7569431906845574,0.0,0.0,False,False,False
958,1773733552.9080298,1773733552908034115,-0.42,8.409937492055881e-20,0.8749994277780444,-0.4205007199112707,-0.16030129627525652,1.0318113082160032,0.22424701147271905,,0.0,0.7467179470223454,0.0,0.01703435930479919,False,False,False
959,1773733552.957996,1773733552957998908,-0.42,8.409937492055881e-20,0.8749994277780444,-0.4205007199112707,-0.16030129627525652,1.0318113082160032,0.22424701147271905,,0.0,0.7467179470223454,0.0,0.0,False,False,False
960,1773733553.0079193,1773733553007921760,-0.42,8.409937492055881e-20,0.8749994277780444,-0.4205007199112707,-0.16030129627525652,1.0318113082160032,0.22424701147271905,,0.0,0.7467179470223454,0.0,0.0,False,False,False
961,1773733553.0585992,1773733553058602248,-0.42,8.409937492055881e-20,0.8749994277780444,-0.41974758766078085,-0.14510850743127934,1.0377084935148564,0.21801555612815532,,0.0,0.7366726841155579,0.0,0.01631455900395152,False,False,False
962,1773733553.110212,1773733553110215008,-0.42,8.409937492055881e-20,0.8749994277780444,-0.41974758766078085,-0.14510850743127934,1.0377084935148564,0.21801555612815532,,0.0,0.7366726841155579,0.0,0.0,False,False,False
963,1773733553.158084,1773733553158087346,-0.42,8.409937492055881e-20,0.8749994277780444,-0.41974758766078085,-0.14510850743127934,1.0377084935148564,0.21801555612815532,,0.0,0.7366726841155579,0.0,0.0,False,False,False
964,1773733553.2080145,1773733553208016718,-0.42,8.409937492055881e-20,0.8749994277780444,-0.4192818774479168,-0.13031282008017528,1.0424786248260487,0.21220562721354067,,0.0,0.7268848037951123,0.0,0.015552601162506672,False,False,False
965,1773733553.2579935,1773733553257995751,-0.42,8.409937492055881e-20,0.8749994277780444,-0.4192818774479168,-0.13031282008017528,1.0424786248260487,0.21220562721354067,,0.0,0.7268848037951123,0.0,0.0,False,False,False
966,1773733553.307987,1773733553307989993,-0.42,8.409937492055881e-20,0.8749994277780444,-0.4192818774479168,-0.13031282008017528,1.0424786248260487,0.21220562721354067,,0.0,0.7268848037951123,0.0,0.0,False,False,False
967,1773733553.3580966,1773733553358099575,-0.42,8.409937492055881e-20,0.8749994277780444,-0.41903788835901945,-0.11599839671371842,1.0462424019088,0.2068349822639041,,0.0,0.717391446534695,0.0,0.014802981622575578,False,False,False
968,1773733553.408085,1773733553408088527,-0.42,8.409937492055881e-20,0.8749994277780444,-0.41903788835901945,-0.11599839671371842,1.0462424019088,0.2068349822639041,,0.0,0.717391446534695,0.0,0.0,False,False,False
969,1773733553.4579568,1773733553457958750,-0.42,8.409937492055881e-20,0.8749994277780444,-0.41903788835901945,-0.11599839671371842,1.0462424019088,0.2068349822639041,,0.0,0.717391446534695,0.0,0.0,False,False,False
970,1773733553.5080156,1773733553508017292,-0.42,8.409937492055881e-20,0.8749994277780444,-0.4189611027408222,-0.1023064678127038,1.0491023771346382,0.20193942071445975,,0.0,0.7082741771384437,0.0,0.01398764709856557,False,False,False
971,1773733553.5579674,1773733553557969844,-0.42,8.409937492055881e-20,0.8749994277780444,-0.4189611027408222,-0.1023064678127038,1.0491023771346382,0.20193942071445975,,0.0,0.7082741771384437,0.0,0.0,False,False,False
972,1773733553.6080165,1773733553608018896,-0.42,8.409937492055881e-20,0.8749994277780444,-0.4189611027408222,-0.1023064678127038,1.0491023771346382,0.20193942071445975,,0.0,0.7082741771384437,0.0,0.0,False,False,False
973,1773733553.658073,1773733553658075898,-0.42,8.409937492055881e-20,0.8749994277780444,-0.41900492221528307,-0.08928688055003353,1.0511801395908387,0.19751653204989314,,0.0,0.6995596164566329,0.0,0.013184410091506728,False,False,False
974,1773733553.708048,1773733553708050941,-0.42,8.409937492055881e-20,0.8749994277780444,-0.41900492221528307,-0.08928688055003353,1.0511801395908387,0.19751653204989314,,0.0,0.6995596164566329,0.0,0.0,False,False,False
975,1773733553.758003,1773733553758005313,-0.42,8.409937492055881e-20,0.8749994277780444,-0.41900492221528307,-0.08928688055003353,1.0511801395908387,0.19751653204989314,,0.0,0.6995596164566329,0.0,0.0,False,False,False
976,1773733553.8096476,1773733553809649573,-0.42,8.409937492055881e-20,0.8749994277780444,-0.41913130683373356,-0.07703296085724302,1.0525838507190401,0.19357442743693473,,0.0,0.6913082869859036,0.0,0.012334704124565637,False,False,False
977,1773733553.8580418,1773733553858045657,-0.42,8.409937492055881e-20,0.8749994277780444,-0.41913130683373356,-0.07703296085724302,1.0525838507190401,0.19357442743693473,,0.0,0.6913082869859036,0.0,0.0,False,False,False
978,1773733553.9086795,1773733553908682735,-0.42,8.409937492055881e-20,0.8749994277780444,-0.41913130683373356,-0.07703296085724302,1.0525838507190401,0.19357442743693473,,0.0,0.6913082869859036,0.0,0.0,False,False,False
979,1773733553.9579813,1773733553957984162,-0.42,8.409937492055881e-20,0.8749994277780444,-0.4193095728958892,-0.06559807646434647,1.0534238014175146,0.1901021868207875,,0.0,0.6835581516303366,0.0,0.011467077964490055,False,False,False
980,1773733554.0080605,1773733554008065084,-0.42,8.409937492055881e-20,0.8749994277780444,-0.4193095728958892,-0.06559807646434647,1.0534238014175146,0.1901021868207875,,0.0,0.6835581516303366,0.0,0.0,False,False,False
981,1773733554.057937,1773733554057940277,-0.42,8.409937492055881e-20,0.8749994277780444,-0.4193095728958892,-0.06559807646434647,1.0534238014175146,0.1901021868207875,,0.0,0.6835581516303366,0.0,0.0,False,False,False
982,1773733554.1094332,1773733554109435348,-0.42,8.409937492055881e-20,0.8749994277780444,-0.4195156976543612,-0.05502631784857409,1.0538047058787063,0.18708141992562852,,0.0,0.6763441688562282,0.0,0.010580626439619179,False,False,False
983,1773733554.158085,1773733554158088691,-0.42,8.409937492055881e-20,0.8749994277780444,-0.4195156976543612,-0.05502631784857409,1.0538047058787063,0.18708141992562852,,0.0,0.6763441688562282,0.0,0.0,False,False,False
984,1773733554.2079763,1773733554207979434,-0.42,8.409937492055881e-20,0.8749994277780444,-0.4195156976543612,-0.05502631784857409,1.0538047058787063,0.18708141992562852,,0.0,0.6763441688562282,0.0,0.0,False,False,False
985,1773733554.2591112,1773733554259114048,-0.42,8.409937492055881e-20,0.8749994277780444,-0.419731377203893,-0.045353087982677065,1.053824948411395,0.18448723960632063,,0.0,0.6696978929239366,0.0,0.009675655195732127,False,False,False
986,1773733554.3081062,1773733554308111148,-0.42,8.409937492055881e-20,0.8749994277780444,-0.419731377203893,-0.045353087982677065,1.053824948411395,0.18448723960632063,,0.0,0.6696978929239366,0.0,0.0,False,False,False
987,1773733554.3580315,1773733554358034851,-0.42,8.409937492055881e-20,0.8749994277780444,-0.419731377203893,-0.045353087982677065,1.053824948411395,0.18448723960632063,,0.0,0.6696978929239366,0.0,0.0,False,False,False
988,1773733554.4079723,1773733554407977493,-0.42,8.409937492055881e-20,0.8749994277780444,-0.41994301839820775,-0.03661066743456266,1.0535760061286428,0.18229080764622907,,0.0,0.6636505650802558,0.0,0.008748524521047296,False,False,False
989,1773733554.459148,1773733554459150997,-0.42,8.409937492055881e-20,0.8749994277780444,-0.41994301839820775,-0.03661066743456266,1.0535760061286428,0.18229080764622907,,0.0,0.6636505650802558,0.0,0.0,False,False,False
990,1773733554.5079505,1773733554507954308,-0.42,8.409937492055881e-20,0.8749994277780444,-0.41994301839820775,-0.03661066743456266,1.0535760061286428,0.18229080764622907,,0.0,0.6636505650802558,0.0,0.0,False,False,False
991,1773733554.5591705,1773733554559173402,-0.42,8.409937492055881e-20,0.8749994277780444,-0.42014161445439757,-0.02880051217382608,1.0531403774247317,0.18045411465841382,,0.0,0.6582131455207345,0.0,0.007824815522299345,False,False,False
992,1773733554.6080596,1773733554608062632,-0.42,8.409937492055881e-20,0.8749994277780444,-0.42014161445439757,-0.02880051217382608,1.0531403774247317,0.18045411465841382,,0.0,0.6582131455207345,0.0,0.0,False,False,False
993,1773733554.6580951,1773733554658099994,-0.42,8.409937492055881e-20,0.8749994277780444,-0.42014161445439757,-0.02880051217382608,1.0531403774247317,0.18045411465841382,,0.0,0.6582131455207345,0.0,0.0,False,False,False
994,1773733554.7080064,1773733554708009128,-0.42,8.409937492055881e-20,0.8749994277780444,-0.42032062413392063,-0.021947734493425512,1.0525930106261128,0.17894492593544772,,0.0,0.6534134194613188,0.0,0.006876933678216579,False,False,False
995,1773733554.758033,1773733554758035450,-0.42,8.409937492055881e-20,0.8749994277780444,-0.42032062413392063,-0.021947734493425512,1.0525930106261128,0.17894492593544772,,0.0,0.6534134194613188,0.0,0.0,False,False,False
996,1773733554.8079805,1773733554807983383,-0.42,8.409937492055881e-20,0.8749994277780444,-0.42032062413392063,-0.021947734493425512,1.0525930106261128,0.17894492593544772,,0.0,0.6534134194613188,0.0,0.0,False,False,False
997,1773733554.858152,1773733554858156524,-0.42,8.409937492055881e-20,0.8749994277780444,-0.42047617639473595,-0.016063466054704052,1.0520000285138025,0.17772865370127794,,0.0,0.6492694371726827,0.0,0.005916116914860475,False,False,False
998,1773733554.908002,1773733554908004597,-0.42,8.409937492055881e-20,0.8749994277780444,-0.42047617639473595,-0.016063466054704052,1.0520000285138025,0.17772865370127794,,0.0,0.6492694371726827,0.0,0.0,False,False,False
999,1773733554.958123,1773733554958127828,-0.42,8.409937492055881e-20,0.8749994277780444,-0.42047617639473595,-0.016063466054704052,1.0520000285138025,0.17772865370127794,,0.0,0.6492694371726827,0.0,0.0,False,False,False
1000,1773733555.0079777,1773733555007980942,-0.42,8.409937492055881e-20,0.8749994277780444,-0.4206063277484435,-0.011150483624093554,1.0514179090950122,0.17677155163819497,,0.0,0.6457928014840302,0.0,0.004949060391235095,False,False,False
1001,1773733555.0579133,1773733555057915655,-0.42,8.409937492055881e-20,0.8749994277780444,-0.4206063277484435,-0.011150483624093554,1.0514179090950122,0.17677155163819497,,0.0,0.6457928014840302,0.0,0.0,False,False,False
1002,1773733555.1099658,1773733555109968833,-0.42,8.409937492055881e-20,0.8749994277780444,-0.4206063277484435,-0.011150483624093554,1.0514179090950122,0.17677155163819497,,0.0,0.6457928014840302,0.0,0.0,False,False,False
1003,1773733555.1579971,1773733555158000730,-0.42,8.409937492055881e-20,0.8749994277780444,-0.4207102394251568,-0.007213636649648889,1.0508942614529246,0.17604412375103007,,0.0,0.6429955879621707,0.0,0.003972879131035243,False,False,False
1004,1773733555.208052,1773733555208055892,-0.42,8.409937492055881e-20,0.8749994277780444,-0.4207102394251568,-0.007213636649648889,1.0508942614529246,0.17604412375103007,,0.0,0.6429955879621707,0.0,0.0,False,False,False
1005,1773733555.2580237,1773733555258026764,-0.42,8.409937492055881e-20,0.8749994277780444,-0.4207102394251568,-0.007213636649648889,1.0508942614529246,0.17604412375103007,,0.0,0.6429955879621707,0.0,0.0,False,False,False
1006,1773733555.3079593,1773733555307963137,-0.42,8.409937492055881e-20,0.8749994277780444,-0.42078786883516195,-0.004254116824213384,1.0504670756411532,0.17552097793103652,,0.0,0.6408859672474608,0.0,0.0029911990305264563,False,False,False
1007,1773733555.3579917,1773733555357995230,-0.42,8.409937492055881e-20,0.8749994277780444,-0.42078786883516195,-0.004254116824213384,1.0504670756411532,0.17552097793103652,,0.0,0.6408859672474608,0.0,0.0,False,False,False
1008,1773733555.4080176,1773733555408021222,-0.42,8.409937492055881e-20,0.8749994277780444,-0.42078786883516195,-0.004254116824213384,1.0504670756411532,0.17552097793103652,,0.0,0.6408859672474608,0.0,0.0,False,False,False
1009,1773733555.4580832,1773733555458086044,-0.42,8.409937492055881e-20,0.8749994277780444,-0.4208394847197284,-0.002273833901050443,1.0501651460774581,0.17518248748820126,,0.0,0.6394710375869247,0.0,0.002003832856488634,False,False,False
1010,1773733555.507994,1773733555507996458,-0.42,8.409937492055881e-20,0.8749994277780444,-0.4208394847197284,-0.002273833901050443,1.0501651460774581,0.17518248748820126,,0.0,0.6394710375869247,0.0,0.0,False,False,False
1011,1773733555.5580971,1773733555558099639,-0.42,8.409937492055881e-20,0.8749994277780444,-0.4208670723439329,-0.0012104390820527442,1.0499976842918664,0.1750045906829258,,0.0,0.6387101147166157,0.0,0.0010768533176407963,False,False,False
1012,1773733555.6081958,1773733555608200501,-0.42,8.409937492055881e-20,0.8749994277780444,-0.4208670723439329,-0.0012104390820527442,1.0499976842918664,0.1750045906829258,,0.0,0.6387101147166157,0.0,0.0,False,False,False
1013,1773733555.6580305,1773733555658034195,-0.42,8.409937492055881e-20,0.8749994277780444,-0.4208670723439329,-0.0012104390820527442,1.0499976842918664,0.1750045906829258,,0.0,0.6387101147166157,0.0,0.0,False,False,False
1014,1773733555.7080312,1773733555708035098,-0.42,8.409937492055881e-20,0.8749994277780444,-0.4208802387050312,-0.0007015722806496092,1.0499162308761274,0.1749204248505484,,0.0,0.6383457114444829,0.0,0.0005155127870095675,False,False,False
1015,1773733555.7579746,1773733555757976971,-0.42,8.409937492055881e-20,0.8749994277780444,-0.4208802387050312,-0.0007015722806496092,1.0499162308761274,0.1749204248505484,,0.0,0.6383457114444829,0.0,0.0,False,False,False
1016,1773733555.8102205,1773733555810224607,-0.42,8.409937492055881e-20,0.8749994277780444,-0.4208802387050312,-0.0007015722806496092,1.0499162308761274,0.1749204248505484,,0.0,0.6383457114444829,0.0,0.0,False,False,False
1017,1773733555.858046,1773733555858049225,-0.42,8.409937492055881e-20,0.8749994277780444,-0.42088652772443635,-0.0004581829188076951,1.0498769702928248,0.17488038980686801,,0.0,0.6381713545354875,0.0,0.0002466157469103582,False,False,False
1018,1773733555.9080312,1773733555908033488,-0.42,8.409937492055881e-20,0.8749994277780444,-0.42088652772443635,-0.0004581829188076951,1.0498769702928248,0.17488038980686801,,0.0,0.6381713545354875,0.0,0.0,False,False,False
1019,1773733555.9580877,1773733555958091310,-0.42,8.409937492055881e-20,0.8749994277780444,-0.42088652772443635,-0.0004581829188076951,1.0498769702928248,0.17488038980686801,,0.0,0.6381713545354875,0.0,0.0,False,False,False
1020,1773733556.0079746,1773733556007977873,-0.42,8.409937492055881e-20,0.8749994277780444,-0.42088953377737637,-0.000341770621119873,1.049858123066268,0.1748612918727252,,0.0,0.6380879455563772,0.0,0.00011796642469837838,False,False,False
1021,1773733556.0579243,1773733556057927146,-0.42,8.409937492055881e-20,0.8749994277780444,-0.42088953377737637,-0.000341770621119873,1.049858123066268,0.1748612918727252,,0.0,0.6380879455563772,0.0,0.0,False,False,False
1022,1773733556.1080568,1773733556108060168,-0.42,8.409937492055881e-20,0.8749994277780444,-0.42088953377737637,-0.000341770621119873,1.049858123066268,0.1748612918727252,,0.0,0.6380879455563772,0.0,0.0,False,False,False
1023,1773733556.1579382,1773733556157942192,-0.42,8.409937492055881e-20,0.8749994277780444,-0.4208909711089756,-0.0002860910056270814,1.0498490927087274,0.17485216899985154,,0.0,0.6380480479601673,0.0,5.642546287681559e-05,False,False,False
1024,1773733556.207931,1773733556207933984,-0.42,8.409937492055881e-20,0.8749994277780444,-0.4208909711089756,-0.0002860910056270814,1.0498490927087274,0.17485216899985154,,0.0,0.6380480479601673,0.0,0.0,False,False,False
1025,1773733556.2580788,1773733556258081776,-0.42,8.409937492055881e-20,0.8749994277780444,-0.4208909711089756,-0.0002860910056270814,1.0498490927087274,0.17485216899985154,,0.0,0.6380480479601673,0.0,0.0,False,False,False
1026,1773733556.3080232,1773733556308026309,-0.42,8.409937492055881e-20,0.8749994277780444,-0.4208916584758231,-0.00025945962481724023,1.0498447699050408,0.17484780821514706,,0.0,0.6380289642997315,0.0,2.698869297936405e-05,False,False,False
1027,1773733556.3580842,1773733556358088821,-0.42,8.409937492055881e-20,0.8749994277780444,-0.4208916584758231,-0.00025945962481724023,1.0498447699050408,0.17484780821514706,,0.0,0.6380289642997315,0.0,0.0,False,False,False
1028,1773733556.408034,1773733556408037894,-0.42,8.409937492055881e-20,0.8749994277780444,-0.4208919872173153,-0.0002467219195460042,1.0498427014952056,0.17484572307333002,,0.0,0.6380198364693839,0.0,1.2908738350120236e-05,False,False,False
1029,1773733556.4580882,1773733556458091237,-0.42,8.409937492055881e-20,0.8749994277780444,-0.4208919872173153,-0.0002467219195460042,1.0498427014952056,0.17484572307333002,,0.0,0.6380198364693839,0.0,0.0,False,False,False
1030,1773733556.5079741,1773733556507976330,-0.42,8.409937492055881e-20,0.8749994277780444,-0.4208919872173153,-0.0002467219195460042,1.0498427014952056,0.17484572307333002,,0.0,0.6380198364693839,0.0,0.0,False,False,False
1031,1773733556.5579383,1773733556557941053,-0.42,8.409937492055881e-20,0.8749994277780444,-0.4208919872173153,-0.0002467219195460042,1.0498427014952056,0.17484572307333002,,0.0,0.6380198364693839,0.0,0.0,False,False,False
1032,1773733556.608555,1773733556608559692,-0.42,8.409937492055881e-20,0.8749994277780444,-0.42089214444787254,-0.00024062951498142867,1.049841711992176,0.1748447258955628,,0.0,0.6380154706164591,0.0,6.174239311238869e-06,False,False,False
1033,1773733556.6580005,1773733556658004548,-0.42,8.409937492055881e-20,0.8749994277780444,-0.42089214444787254,-0.00024062951498142867,1.049841711992176,0.1748447258955628,,0.0,0.6380154706164591,0.0,0.0,False,False,False
1034,1773733556.7079206,1773733556707925462,-0.42,8.409937492055881e-20,0.8749994277780444,-0.42089214444787254,-0.00024062951498142867,1.049841711992176,0.1748447258955628,,0.0,0.6380154706164591,0.0,0.0,False,False,False
1035,1773733556.7580552,1773733556758058073,-0.42,8.409937492055881e-20,0.8749994277780444,-0.4208660897870503,-0.0002964864425305079,1.0498543527643942,0.17485732128713355,,0.0,0.6380420948577914,0.0,6.291765116451267e-05,False,False,False
1036,1773733556.8080208,1773733556808023366,-0.42,8.409937492055881e-20,0.8749994277780444,-0.4208660897870503,-0.0002964864425305079,1.0498543527643942,0.17485732128713355,,0.0,0.6380420948577914,0.0,0.0,False,False,False
1037,1773733556.858041,1773733556858045489,-0.42,8.409937492055881e-20,0.8749994277780444,-0.4208660897870503,-0.0002964864425305079,1.0498543527643942,0.17485732128713355,,0.0,0.6380420948577914,0.0,0.0,False,False,False
1038,1773733556.9079273,1773733556907930432,-0.42,8.409937492055881e-20,0.8749994277780444,-0.42063865906287917,-0.0007874520064767476,1.049964595814587,0.17496810564247603,,0.0,0.6382769140004463,0.0,0.0005522005517869819,False,False,False
1039,1773733556.9585986,1773733556958603210,-0.42,8.409937492055881e-20,0.8749994277780444,-0.42063865906287917,-0.0007874520064767476,1.049964595814587,0.17496810564247603,,0.0,0.6382769140004463,0.0,0.0,False,False,False
1040,1773733557.0080266,1773733557008029797,-0.42,8.409937492055881e-20,0.8749994277780444,-0.42063865906287917,-0.0007874520064767476,1.049964595814587,0.17496810564247603,,0.0,0.6382769140004463,0.0,0.0,False,False,False
1041,1773733557.0579543,1773733557057956121,-0.42,8.409937492055881e-20,0.8749994277780444,-0.420059669432703,-0.002034996479138897,1.050239747209195,0.17525214499526973,,0.0,0.6388725027134033,0.0,0.0014026063214873418,False,False,False
1042,1773733557.1079984,1773733557108000373,-0.42,8.409937492055881e-20,0.8749994277780444,-0.420059669432703,-0.002034996479138897,1.050239747209195,0.17525214499526973,,0.0,0.6388725027134033,0.0,0.0,False,False,False
1043,1773733557.1580467,1773733557158049256,-0.42,8.409937492055881e-20,0.8749994277780444,-0.420059669432703,-0.002034996479138897,1.050239747209195,0.17525214499526973,,0.0,0.6388725027134033,0.0,0.0,False,False,False
1044,1773733557.207963,1773733557207965639,-0.42,8.409937492055881e-20,0.8749994277780444,-0.41905500187232775,-0.004195099331160159,1.0506990801439429,0.17575226804043576,,0.0,0.6399009034554722,0.0,0.0024261879529675267,False,False,False
1045,1773733557.2580101,1773733557258013082,-0.42,8.409937492055881e-20,0.8749994277780444,-0.41905500187232775,-0.004195099331160159,1.0506990801439429,0.17575226804043576,,0.0,0.6399009034554722,0.0,0.0,False,False,False
1046,1773733557.3079853,1773733557307989065,-0.42,8.409937492055881e-20,0.8749994277780444,-0.41905500187232775,-0.004195099331160159,1.0506990801439429,0.17575226804043576,,0.0,0.6399009034554722,0.0,0.0,False,False,False
1047,1773733557.3580034,1773733557358005548,-0.42,8.409937492055881e-20,0.8749994277780444,-0.4175871229171555,-0.007341856699570796,1.0513294671184723,0.1764993133397714,,0.0,0.6413928930455326,0.0,0.003529042122211154,False,False,False
1048,1773733557.407958,1773733557407960061,-0.42,8.409937492055881e-20,0.8749994277780444,-0.4175871229171555,-0.007341856699570796,1.0513294671184723,0.1764993133397714,,0.0,0.6413928930455326,0.0,0.0,False,False,False
1049,1773733557.4583876,1773733557458390021,-0.42,8.409937492055881e-20,0.8749994277780444,-0.4175871229171555,-0.007341856699570796,1.0513294671184723,0.1764993133397714,,0.0,0.6413928930455326,0.0,0.0,False,False,False
1050,1773733557.5119586,1773733557511963187,-0.42,8.409937492055881e-20,0.8749994277780444,-0.41563541644239993,-0.01151086095413786,1.0520939759304746,0.1775219099008632,,0.0,0.6433588562219988,0.0,0.004666286356604172,False,False,False
1051,1773733557.5580406,1773733557558043899,-0.42,8.409937492055881e-20,0.8749994277780444,-0.41563541644239993,-0.01151086095413786,1.0520939759304746,0.1775219099008632,,0.0,0.6433588562219988,0.0,0.0,False,False,False
1052,1773733557.60812,1773733557608123121,-0.42,8.409937492055881e-20,0.8749994277780444,-0.41563541644239993,-0.01151086095413786,1.0520939759304746,0.1775219099008632,,0.0,0.6433588562219988,0.0,0.0,False,False,False
1053,1773733557.657984,1773733557657986795,-0.42,8.409937492055881e-20,0.8749994277780444,-0.4131880587043652,-0.016718564342546212,1.0529360456685568,0.17885008505506853,,0.0,0.645798496065247,0.0,0.005815394734955842,False,False,False
1054,1773733557.7081227,1773733557708127587,-0.42,8.409937492055881e-20,0.8749994277780444,-0.4131880587043652,-0.016718564342546212,1.0529360456685568,0.17885008505506853,,0.0,0.645798496065247,0.0,0.0,False,False,False
1055,1773733557.757967,1773733557757969311,-0.42,8.409937492055881e-20,0.8749994277780444,-0.4102391700511597,-0.02297098455692173,1.0537816850705752,0.18051602548088969,,0.0,0.6487056686297159,0.0,0.006964467590877425,False,False,False
1056,1773733557.8080304,1773733557808033113,-0.42,8.409937492055881e-20,0.8749994277780444,-0.4102391700511597,-0.02297098455692173,1.0537816850705752,0.18051602548088969,,0.0,0.6487056686297159,0.0,0.0,False,False,False
1057,1773733557.858059,1773733557858062096,-0.42,8.409937492055881e-20,0.8749994277780444,-0.4102391700511597,-0.02297098455692173,1.0537816850705752,0.18051602548088969,,0.0,0.6487056686297159,0.0,0.0,False,False,False
1058,1773733557.9079301,1773733557907932340,-0.42,8.409937492055881e-20,0.8749994277780444,-0.4067886798254661,-0.030267204938446347,1.054540757233197,0.18255336660292962,,0.0,0.6520709086354214,0.0,0.008106596400552411,False,False,False
1059,1773733557.9579806,1773733557957983462,-0.42,8.409937492055881e-20,0.8749994277780444,-0.4067886798254661,-0.030267204938446347,1.054540757233197,0.18255336660292962,,0.0,0.6520709086354214,0.0,0.0,False,False,False
1060,1773733558.0078428,1773733558007845037,-0.42,8.409937492055881e-20,0.8749994277780444,-0.4067886798254661,-0.030267204938446347,1.054540757233197,0.18255336660292962,,0.0,0.6520709086354214,0.0,0.0,False,False,False
1061,1773733558.0579832,1773733558057986079,-0.42,8.409937492055881e-20,0.8749994277780444,-0.4028436722256579,-0.03860027985633794,1.0551079574784334,0.18499568551326862,,0.0,0.6558828788311115,0.0,0.009237149921265468,False,False,False
1062,1773733558.1079457,1773733558107948092,-0.42,8.409937492055881e-20,0.8749994277780444,-0.4028436722256579,-0.03860027985633794,1.0551079574784334,0.18499568551326862,,0.0,0.6558828788311115,0.0,0.0,False,False,False
1063,1773733558.158664,1773733558158666560,-0.42,8.409937492055881e-20,0.8749994277780444,-0.4028436722256579,-0.03860027985633794,1.0551079574784334,0.18499568551326862,,0.0,0.6558828788311115,0.0,0.0,False,False,False
1064,1773733558.2093465,1773733558209349918,-0.42,8.409937492055881e-20,0.8749994277780444,-0.39842060635537496,-0.04795679967679196,1.0553638571098216,0.18787456515847825,,0.0,0.6601293322382824,0.0,0.010352461517183024,False,False,False
1065,1773733558.2580705,1773733558258074580,-0.42,8.409937492055881e-20,0.8749994277780444,-0.39842060635537496,-0.04795679967679196,1.0553638571098216,0.18787456515847825,,0.0,0.6601293322382824,0.0,0.0,False,False,False
1066,1773733558.3079975,1773733558308000684,-0.42,8.409937492055881e-20,0.8749994277780444,-0.39842060635537496,-0.04795679967679196,1.0553638571098216,0.18787456515847825,,0.0,0.6601293322382824,0.0,0.0,False,False,False
1067,1773733558.3580134,1773733558358017197,-0.42,8.409937492055881e-20,0.8749994277780444,-0.3935487883110941,-0.058314233684494295,1.055176330083874,0.19121697773614546,,0.0,0.6647971939313557,0.0,0.011447541948643407,False,False,False
1068,1773733558.4079874,1773733558407990510,-0.42,8.409937492055881e-20,0.8749994277780444,-0.3935487883110941,-0.058314233684494295,1.055176330083874,0.19121697773614546,,0.0,0.6647971939313557,0.0,0.0,False,False,False
1069,1773733558.457854,1773733558457856434,-0.42,8.409937492055881e-20,0.8749994277780444,-0.3935487883110941,-0.058314233684494295,1.055176330083874,0.19121697773614546,,0.0,0.6647971939313557,0.0,0.0,False,False,False
1070,1773733558.508038,1773733558508041346,-0.42,8.409937492055881e-20,0.8749994277780444,-0.388270756017339,-0.06964517199525025,1.054402273652822,0.19504506149587184,,0.0,0.6698758491690266,0.0,0.012523855287192163,False,False,False
1071,1773733558.5579479,1773733558557953699,-0.42,8.409937492055881e-20,0.8749994277780444,-0.388270756017339,-0.06964517199525025,1.054402273652822,0.19504506149587184,,0.0,0.6698758491690266,0.0,0.0,False,False,False
1072,1773733558.6079926,1773733558607994912,-0.42,8.409937492055881e-20,0.8749994277780444,-0.3826491004656877,-0.08190808852926111,1.0528901215735007,0.19937182248644958,,0.0,0.6753544298134785,0.0,0.013574562128206017,False,False,False
1073,1773733558.6580732,1773733558658076214,-0.42,8.409937492055881e-20,0.8749994277780444,-0.3826491004656877,-0.08190808852926111,1.0528901215735007,0.19937182248644958,,0.0,0.6753544298134785,0.0,0.0,False,False,False
1074,1773733558.7116427,1773733558711646981,-0.42,8.409937492055881e-20,0.8749994277780444,-0.3826491004656877,-0.08190808852926111,1.0528901215735007,0.19937182248644958,,0.0,0.6753544298134785,0.0,0.0,False,False,False
1075,1773733558.758052,1773733558758055431,-0.42,8.409937492055881e-20,0.8749994277780444,-0.3767689286970029,-0.09504714024078521,1.0504836675944311,0.20419990895661888,,0.0,0.6812232255413876,0.0,0.014594592171784783,False,False,False
1076,1773733558.8080113,1773733558808013754,-0.42,8.409937492055881e-20,0.8749994277780444,-0.3767689286970029,-0.09504714024078521,1.0504836675944311,0.20419990895661888,,0.0,0.6812232255413876,0.0,0.0,False,False,False
1077,1773733558.8595612,1773733558859563326,-0.42,8.409937492055881e-20,0.8749994277780444,-0.3767689286970029,-0.09504714024078521,1.0504836675944311,0.20419990895661888,,0.0,0.6812232255413876,0.0,0.0,False,False,False
1078,1773733558.9080684,1773733558908072250,-0.42,8.409937492055881e-20,0.8749994277780444,-0.3707402924154976,-0.10899166167120039,1.0470264196278922,0.2095208510627706,,0.0,0.6874748812919124,0.0,0.015580330447077415,False,False,False
1079,1773733558.9590633,1773733558959068535,-0.42,8.409937492055881e-20,0.8749994277780444,-0.3707402924154976,-0.10899166167120039,1.0470264196278922,0.2095208510627706,,0.0,0.6874748812919124,0.0,0.0,False,False,False
1080,1773733559.0079682,1773733559007971097,-0.42,8.409937492055881e-20,0.8749994277780444,-0.36469891752205275,-0.12365925294516461,1.0423651830268081,0.21531631752419048,,0.0,0.6941071085295841,0.0,0.016533710141238812,False,False,False
1081,1773733559.058003,1773733559058006350,-0.42,8.409937492055881e-20,0.8749994277780444,-0.36469891752205275,-0.12365925294516461,1.0423651830268081,0.21531631752419048,,0.0,0.6941071085295841,0.0,0.0,False,False,False
1082,1773733559.1083732,1773733559108376490,-0.42,8.409937492055881e-20,0.8749994277780444,-0.36469891752205275,-0.12365925294516461,1.0423651830268081,0.21531631752419048,,0.0,0.6941071085295841,0.0,0.0,False,False,False
1083,1773733559.158225,1773733559158272004,-0.42,8.409937492055881e-20,0.8749994277780444,-0.35881485284085507,-0.13893954040843579,1.0363607562590986,0.22155201748339884,,0.0,0.7011166700902853,0.0,0.01744025638978701,False,False,False
1084,1773733559.208099,1773733559208102669,-0.42,8.409937492055881e-20,0.8749994277780444,-0.35881485284085507,-0.13893954040843579,1.0363607562590986,0.22155201748339884,,0.0,0.7011166700902853,0.0,0.0,False,False,False
1085,1773733559.258146,1773733559258150201,-0.42,8.409937492055881e-20,0.8749994277780444,-0.35881485284085507,-0.13893954040843579,1.0363607562590986,0.22155201748339884,,0.0,0.7011166700902853,0.0,0.0,False,False,False
1086,1773733559.3080266,1773733559308029016,-0.42,8.409937492055881e-20,0.8749994277780444,-0.35329623730738746,-0.15467747630523357,1.0289069723623272,0.22817108912715356,,0.0,0.7084914023977678,0.0,0.018267365384141063,False,False,False
1087,1773733559.3579707,1773733559357973609,-0.42,8.409937492055881e-20,0.8749994277780444,-0.35329623730738746,-0.15467747630523357,1.0289069723623272,0.22817108912715356,,0.0,0.7084914023977678,0.0,0.0,False,False,False
1088,1773733559.4080055,1773733559408008362,-0.42,8.409937492055881e-20,0.8749994277780444,-0.35329623730738746,-0.15467747630523357,1.0289069723623272,0.22817108912715356,,0.0,0.7084914023977678,0.0,0.0,False,False,False
1089,1773733559.4579737,1773733559457976486,-0.42,8.409937492055881e-20,0.8749994277780444,-0.34835921139518344,-0.17076249561802576,1.019895001070827,0.2351317921112762,,0.0,0.7162527234246028,0.0,0.019087108154707346,False,False,False
1090,1773733559.5080233,1773733559508026088,-0.42,8.409937492055881e-20,0.8749994277780444,-0.34835921139518344,-0.17076249561802576,1.019895001070827,0.2351317921112762,,0.0,0.7162527234246028,0.0,0.0,False,False,False
1091,1773733559.5579362,1773733559557938882,-0.42,8.409937492055881e-20,0.8749994277780444,-0.34425099490379996,-0.1870671115175645,1.0092384891450585,0.2423884105754358,,0.0,0.724428169521092,0.0,0.01990676238858574,False,False,False
1092,1773733559.6085157,1773733559608518911,-0.42,8.409937492055881e-20,0.8749994277780444,-0.34425099490379996,-0.1870671115175645,1.0092384891450585,0.2423884105754358,,0.0,0.724428169521092,0.0,0.0,False,False,False
1093,1773733559.6580267,1773733559658029518,-0.42,8.409937492055881e-20,0.8749994277780444,-0.34425099490379996,-0.1870671115175645,1.0092384891450585,0.2423884105754358,,0.0,0.724428169521092,0.0,0.0,False,False,False
1094,1773733559.7081149,1773733559708117961,-0.42,8.409937492055881e-20,0.8749994277780444,-0.34130123937352397,-0.20332543704747927,0.9969722633660266,0.24982413993860716,,0.0,0.7329991474952327,0.0,0.02057898203476691,False,False,False
1095,1773733559.7580237,1773733559758027015,-0.42,8.409937492055881e-20,0.8749994277780444,-0.34130123937352397,-0.20332543704747927,0.9969722633660266,0.24982413993860716,,0.0,0.7329991474952327,0.0,0.0,False,False,False
1096,1773733559.8080215,1773733559808023948,-0.42,8.409937492055881e-20,0.8749994277780444,-0.34003664972458125,-0.21927033651311853,0.9832174026704188,0.25726396551334607,,0.0,0.742037004521726,0.0,0.021095857382555785,False,False,False
1097,1773733559.8579524,1773733559857954722,-0.42,8.409937492055881e-20,0.8749994277780444,-0.34003664972458125,-0.21927033651311853,0.9832174026704188,0.25726396551334607,,0.0,0.742037004521726,0.0,0.0,False,False,False
1098,1773733559.9079986,1773733559908001934,-0.42,8.409937492055881e-20,0.8749994277780444,-0.34003664972458125,-0.21927033651311853,0.9832174026704188,0.25726396551334607,,0.0,0.742037004521726,0.0,0.0,False,False,False
1099,1773733559.9579241,1773733559957926168,-0.42,8.409937492055881e-20,0.8749994277780444,-0.3409422644018465,-0.23462182104419826,0.9681930065774477,0.264542184910921,,0.0,0.7515903409826784,0.0,0.021499318435944537,False,False,False
1100,1773733560.0080442,1773733560008047931,-0.42,8.409937492055881e-20,0.8749994277780444,-0.3409422644018465,-0.23462182104419826,0.9681930065774477,0.264542184910921,,0.0,0.7515903409826784,0.0,0.0,False,False,False
1101,1773733560.0602567,1773733560060259478,-0.42,8.409937492055881e-20,0.8749994277780444,-0.3409422644018465,-0.23462182104419826,0.9681930065774477,0.264542184910921,,0.0,0.7515903409826784,0.0,0.0,False,False,False
1102,1773733560.1080554,1773733560108058777,-0.42,8.409937492055881e-20,0.8749994277780444,-0.34425217543796605,-0.2490874296749766,0.9521984888498933,0.27155473772030225,,0.0,0.7615966775225977,0.0,0.021818202067606866,False,False,False
1103,1773733560.157977,1773733560157981671,-0.42,8.409937492055881e-20,0.8749994277780444,-0.34425217543796605,-0.2490874296749766,0.9521984888498933,0.27155473772030225,,0.0,0.7615966775225977,0.0,0.0,False,False,False
1104,1773733560.2079084,1773733560207910665,-0.42,8.409937492055881e-20,0.8749994277780444,-0.34425217543796605,-0.2490874296749766,0.9521984888498933,0.27155473772030225,,0.0,0.7615966775225977,0.0,0.0,False,False,False
1105,1773733560.2580404,1773733560258043058,-0.42,8.409937492055881e-20,0.8749994277780444,-0.34990955628881926,-0.26227845306766495,0.9357262498216206,0.2781913085606912,,0.0,0.7718179550862553,0.0,0.021848197061602237,False,False,False
1106,1773733560.3079894,1773733560307992041,-0.42,8.409937492055881e-20,0.8749994277780444,-0.34990955628881926,-0.26227845306766495,0.9357262498216206,0.2781913085606912,,0.0,0.7718179550862553,0.0,0.0,False,False,False
1107,1773733560.3579638,1773733560357966985,-0.42,8.409937492055881e-20,0.8749994277780444,-0.3577174320892355,-0.2739454752807245,0.919222735501824,0.2843957500357084,,0.0,0.7820440534454376,0.0,0.021666756027114008,False,False,False
1108,1773733560.4080024,1773733560408006048,-0.42,8.409937492055881e-20,0.8749994277780444,-0.3577174320892355,-0.2739454752807245,0.919222735501824,0.2843957500357084,,0.0,0.7820440534454376,0.0,0.0,False,False,False
1109,1773733560.458061,1773733560458063671,-0.42,8.409937492055881e-20,0.8749994277780444,-0.3577174320892355,-0.2739454752807245,0.919222735501824,0.2843957500357084,,0.0,0.7820440534454376,0.0,0.0,False,False,False
1110,1773733560.5080714,1773733560508075034,-0.42,8.409937492055881e-20,0.8749994277780444,-0.36743941018997245,-0.2839465259712827,0.9030824456023339,0.29013255781186925,,0.0,0.7921130761981289,0.0,0.021331826718448348,False,False,False
1111,1773733560.5582006,1773733560558204016,-0.42,8.409937492055881e-20,0.8749994277780444,-0.36743941018997245,-0.2839465259712827,0.9030824456023339,0.29013255781186925,,0.0,0.7921130761981289,0.0,0.0,False,False,False
1112,1773733560.6079535,1773733560607957862,-0.42,8.409937492055881e-20,0.8749994277780444,-0.36743941018997245,-0.2839465259712827,0.9030824456023339,0.29013255781186925,,0.0,0.7921130761981289,0.0,0.0,False,False,False
1113,1773733560.657933,1773733560657935285,-0.42,8.409937492055881e-20,0.8749994277780444,-0.37903421852092184,-0.2922950195006269,0.8875152203029945,0.29541702513496243,,0.0,0.8020412588226192,0.0,0.02112996516706424,False,False,False
1114,1773733560.7113013,1773733560711304424,-0.42,8.409937492055881e-20,0.8749994277780444,-0.37903421852092184,-0.2922950195006269,0.8875152203029945,0.29541702513496243,,0.0,0.8020412588226192,0.0,0.0,False,False,False
1115,1773733560.7580597,1773733560758063111,-0.42,8.409937492055881e-20,0.8749994277780444,-0.37903421852092184,-0.2922950195006269,0.8875152203029945,0.29541702513496243,,0.0,0.8020412588226192,0.0,0.0,False,False,False
1116,1773733560.8080745,1773733560808076934,-0.42,8.409937492055881e-20,0.8749994277780444,-0.3922338547293496,-0.29891174271995313,0.8728916527876021,0.3002059817433368,,0.0,0.8116881513518214,0.0,0.020781245128077552,False,False,False
1117,1773733560.8579736,1773733560857976199,-0.42,8.409937492055881e-20,0.8749994277780444,-0.3922338547293496,-0.29891174271995313,0.8728916527876021,0.3002059817433368,,0.0,0.8116881513518214,0.0,0.0,False,False,False
1118,1773733560.9079676,1773733560907970372,-0.42,8.409937492055881e-20,0.8749994277780444,-0.40682098974310626,-0.30380385689592465,0.8594781457846595,0.30448543474345197,,0.0,0.8209852066037848,0.0,0.02041174806669669,False,False,False
1119,1773733560.9579568,1773733560957959365,-0.42,8.409937492055881e-20,0.8749994277780444,-0.40682098974310626,-0.30380385689592465,0.8594781457846595,0.30448543474345197,,0.0,0.8209852066037848,0.0,0.0,False,False,False
1120,1773733561.008057,1773733561008061318,-0.42,8.409937492055881e-20,0.8749994277780444,-0.40682098974310626,-0.30380385689592465,0.8594781457846595,0.30448543474345197,,0.0,0.8209852066037848,0.0,0.0,False,False,False
1121,1773733561.057969,1773733561057971092,-0.42,8.409937492055881e-20,0.8749994277780444,-0.4225383473110055,-0.30699729336206305,0.8475339544450927,0.30823389424932973,,0.0,0.829854389865501,0.0,0.019997426637861283,False,False,False
1122,1773733561.1080542,1773733561108057225,-0.42,8.409937492055881e-20,0.8749994277780444,-0.4225383473110055,-0.30699729336206305,0.8475339544450927,0.30823389424932973,,0.0,0.829854389865501,0.0,0.0,False,False,False
1123,1773733561.158006,1773733561158008979,-0.42,8.409937492055881e-20,0.8749994277780444,-0.4225383473110055,-0.30699729336206305,0.8475339544450927,0.30823389424932973,,0.0,0.829854389865501,0.0,0.0,False,False,False
1124,1773733561.207932,1773733561207935413,-0.42,8.409937492055881e-20,0.8749994277780444,-0.439064891553512,-0.3085414750915959,0.837317932528948,0.31141805828476415,,0.0,0.8381989000770039,0.0,0.01949046601814584,False,False,False
1125,1773733561.259017,1773733561259019789,-0.42,8.409937492055881e-20,0.8749994277780444,-0.439064891553512,-0.3085414750915959,0.837317932528948,0.31141805828476415,,0.0,0.8381989000770039,0.0,0.0,False,False,False
1126,1773733561.3080523,1773733561308055970,-0.42,8.409937492055881e-20,0.8749994277780444,-0.45598774803221326,-0.3085167316194993,0.8291083371706389,0.3139803877549445,,0.0,0.8458922517528061,0.0,0.018809070673090213,False,False,False
1127,1773733561.358705,1773733561358707308,-0.42,8.409937492055881e-20,0.8749994277780444,-0.45598774803221326,-0.3085167316194993,0.8291083371706389,0.3139803877549445,,0.0,0.8458922517528061,0.0,0.0,False,False,False
1128,1773733561.4080238,1773733561408026567,-0.42,8.409937492055881e-20,0.8749994277780444,-0.45598774803221326,-0.3085167316194993,0.8291083371706389,0.3139803877549445,,0.0,0.8458922517528061,0.0,0.0,False,False,False
1129,1773733561.4581513,1773733561458154669,-0.42,8.409937492055881e-20,0.8749994277780444,-0.4727776174059555,-0.3070408547804569,0.8232456098768381,0.315813269307536,,0.0,0.8527665875094422,0.0,0.017845153329484876,False,False,False
1130,1773733561.5080118,1773733561508013564,-0.42,8.409937492055881e-20,0.8749994277780444,-0.4727776174059555,-0.3070408547804569,0.8232456098768381,0.315813269307536,,0.0,0.8527665875094422,0.0,0.0,False,False,False
1131,1773733561.5579367,1773733561557939908,-0.42,8.409937492055881e-20,0.8749994277780444,-0.49010341786726863,-0.30392560640682403,0.8202541882751535,0.3166738143179153,,0.0,0.859020950437454,0.0,0.017856000035105478,False,False,False
1132,1773733561.6080391,1773733561608042361,-0.42,8.409937492055881e-20,0.8749994277780444,-0.49010341786726863,-0.30392560640682403,0.8202541882751535,0.3166738143179153,,0.0,0.859020950437454,0.0,0.0,False,False,False
1133,1773733561.6584163,1773733561658419002,-0.42,8.409937492055881e-20,0.8749994277780444,-0.49010341786726863,-0.30392560640682403,0.8202541882751535,0.3166738143179153,,0.0,0.859020950437454,0.0,0.0,False,False,False
1134,1773733561.708021,1773733561708023508,-0.42,8.409937492055881e-20,0.8749994277780444,-0.49010341786726863,-0.30392560640682403,0.8202541882751535,0.3166738143179153,,0.0,0.859020950437454,0.0,0.0,False,False,False
1135,1773733561.7579646,1773733561757967512,-0.42,8.409937492055881e-20,0.8749994277780444,-0.5079315278654408,-0.2991731066909875,0.8200744750490213,0.31662793905808945,,0.0,0.8646687305212454,0.0,0.018451559730808677,False,False,False
1136,1773733561.8080118,1773733561808015825,-0.42,8.409937492055881e-20,0.8749994277780444,-0.5079315278654408,-0.2991731066909875,0.8200744750490213,0.31662793905808945,,0.0,0.8646687305212454,0.0,0.0,False,False,False
1137,1773733561.8580577,1773733561858062399,-0.42,8.409937492055881e-20,0.8749994277780444,-0.5255102500909263,-0.29298036045037684,0.8224978315800218,0.3157947467695161,,0.0,0.869500557923241,0.0,0.01879452680856101,False,False,False
1138,1773733561.9080725,1773733561908075442,-0.42,8.409937492055881e-20,0.8749994277780444,-0.5255102500909263,-0.29298036045037684,0.8224978315800218,0.3157947467695161,,0.0,0.869500557923241,0.0,0.0,False,False,False
1139,1773733561.9580386,1773733561958041846,-0.42,8.409937492055881e-20,0.8749994277780444,-0.5255102500909263,-0.29298036045037684,0.8224978315800218,0.3157947467695161,,0.0,0.869500557923241,0.0,0.0,False,False,False
1140,1773733562.007972,1773733562007974900,-0.42,8.409937492055881e-20,0.8749994277780444,-0.5423161049238111,-0.2854919931725923,0.8273891397197551,0.3142191070230859,,0.0,0.8733697427362315,0.0,0.019037786018043512,False,False,False
1141,1773733562.058,1773733562058002643,-0.42,8.409937492055881e-20,0.8749994277780444,-0.5423161049238111,-0.2854919931725923,0.8273891397197551,0.3142191070230859,,0.0,0.8733697427362315,0.0,0.0,False,False,False
1142,1773733562.1080172,1773733562108020117,-0.42,8.409937492055881e-20,0.8749994277780444,-0.557933558505086,-0.2768315720895148,0.834614137201954,0.31191722870393596,,0.0,0.8761584348113,0.0,0.019264172401566266,False,False,False
1143,1773733562.1581733,1773733562158176500,-0.42,8.409937492055881e-20,0.8749994277780444,-0.557933558505086,-0.2768315720895148,0.834614137201954,0.31191722870393596,,0.0,0.8761584348113,0.0,0.0,False,False,False
1144,1773733562.208,1773733562208002434,-0.42,8.409937492055881e-20,0.8749994277780444,-0.5720100034400729,-0.26711326772073485,0.8440079355661401,0.30889644142951933,,0.0,0.8777646702415988,0.0,0.01951499909092881,False,False,False
1145,1773733562.2580562,1773733562258058408,-0.42,8.409937492055881e-20,0.8749994277780444,-0.5720100034400729,-0.26711326772073485,0.8440079355661401,0.30889644142951933,,0.0,0.8777646702415988,0.0,0.0,False,False,False
1146,1773733562.3080034,1773733562308005452,-0.42,8.409937492055881e-20,0.8749994277780444,-0.5720100034400729,-0.26711326772073485,0.8440079355661401,0.30889644142951933,,0.0,0.8777646702415988,0.0,0.0,False,False,False
1147,1773733562.3580017,1773733562358004266,-0.42,8.409937492055881e-20,0.8749994277780444,-0.5843993557626213,-0.25640407405312393,0.855272716761875,0.3052201508644543,,0.0,0.8781563485500371,0.0,0.0198765735319349,False,False,False
1148,1773733562.4079723,1773733562407975330,-0.42,8.409937492055881e-20,0.8749994277780444,-0.5843993557626213,-0.25640407405312393,0.855272716761875,0.3052201508644543,,0.0,0.8781563485500371,0.0,0.0,False,False,False
1149,1773733562.4580798,1773733562458083063,-0.42,8.409937492055881e-20,0.8749994277780444,-0.5843993557626213,-0.25640407405312393,0.855272716761875,0.3052201508644543,,0.0,0.8781563485500371,0.0,0.0,False,False,False
1150,1773733562.50806,1773733562508063026,-0.42,8.409937492055881e-20,0.8749994277780444,-0.5951247886290905,-0.24473332347156335,0.8679880676576096,0.30101868775967866,,0.0,0.8773618125318873,0.0,0.02032046942646241,False,False,False
1151,1773733562.5584798,1773733562558482537,-0.42,8.409937492055881e-20,0.8749994277780444,-0.5951247886290905,-0.24473332347156335,0.8679880676576096,0.30101868775967866,,0.0,0.8773618125318873,0.0,0.0,False,False,False
1152,1773733562.6080117,1773733562608014764,-0.42,8.409937492055881e-20,0.8749994277780444,-0.6040635144304809,-0.2321751282561324,0.881830980548887,0.29636352278664824,,0.0,0.8753520248116413,0.0,0.02071799515727352,False,False,False
1153,1773733562.6579978,1773733562658000608,-0.42,8.409937492055881e-20,0.8749994277780444,-0.6040635144304809,-0.2321751282561324,0.881830980548887,0.29636352278664824,,0.0,0.8753520248116413,0.0,0.0,False,False,False
1154,1773733562.7089326,1773733562708934645,-0.42,8.409937492055881e-20,0.8749994277780444,-0.6040635144304809,-0.2321751282561324,0.881830980548887,0.29636352278664824,,0.0,0.8753520248116413,0.0,0.0,False,False,False
1155,1773733562.7580419,1773733562758044645,-0.42,8.409937492055881e-20,0.8749994277780444,-0.6110646629454405,-0.2188173334699806,0.8965297323758395,0.2912907222508834,,0.0,0.8720804860286656,0.0,0.021059441287645937,False,False,False
1156,1773733562.807992,1773733562807994869,-0.42,8.409937492055881e-20,0.8749994277780444,-0.6110646629454405,-0.2188173334699806,0.8965297323758395,0.2912907222508834,,0.0,0.8720804860286656,0.0,0.0,False,False,False
1157,1773733562.8579211,1773733562857923194,-0.42,8.409937492055881e-20,0.8749994277780444,-0.6156201163312552,-0.2048194400114287,0.9138565998078909,0.2858812913399654,,0.0,0.8676331099899671,0.0,0.022735732049687412,False,False,False
1158,1773733562.9079988,1773733562908001307,-0.42,8.409937492055881e-20,0.8749994277780444,-0.6156201163312552,-0.2048194400114287,0.9138565998078909,0.2858812913399654,,0.0,0.8676331099899671,0.0,0.0,False,False,False
1159,1773733562.9579785,1773733562957980651,-0.42,8.409937492055881e-20,0.8749994277780444,-0.6156201163312552,-0.2048194400114287,0.9138565998078909,0.2858812913399654,,0.0,0.8676331099899671,0.0,0.0,False,False,False
1160,1773733563.0080817,1773733563008085093,-0.42,8.409937492055881e-20,0.8749994277780444,-0.6185935072442466,-0.19007699648292772,0.9319500580614899,0.2807347858766762,,0.0,0.8623021394687614,0.0,0.023527726755622376,False,False,False
1161,1773733563.058343,1773733563058347715,-0.42,8.409937492055881e-20,0.8749994277780444,-0.6185935072442466,-0.19007699648292772,0.9319500580614899,0.2807347858766762,,0.0,0.8623021394687614,0.0,0.0,False,False,False
1162,1773733563.1079855,1773733563107987802,-0.42,8.409937492055881e-20,0.8749994277780444,-0.6185935072442466,-0.19007699648292772,0.9319500580614899,0.2807347858766762,,0.0,0.8623021394687614,0.0,0.0,False,False,False
1163,1773733563.157991,1773733563157993936,-0.42,8.409937492055881e-20,0.8749994277780444,-0.6197772578243943,-0.17496790672182053,0.9496374775310273,0.2758542361418055,,0.0,0.8560149468845387,0.0,0.023292287700794157,False,False,False
1164,1773733563.2097023,1773733563209704127,-0.42,8.409937492055881e-20,0.8749994277780444,-0.6197772578243943,-0.17496790672182053,0.9496374775310273,0.2758542361418055,,0.0,0.8560149468845387,0.0,0.0,False,False,False
1165,1773733563.258095,1773733563258099923,-0.42,8.409937492055881e-20,0.8749994277780444,-0.618928989799591,-0.1598848614597948,0.9666799871198283,0.27118487580970646,,0.0,0.8487829094542966,0.0,0.022774216695697617,False,False,False
1166,1773733563.3080149,1773733563308017097,-0.42,8.409937492055881e-20,0.8749994277780444,-0.618928989799591,-0.1598848614597948,0.9666799871198283,0.27118487580970646,,0.0,0.8487829094542966,0.0,0.0,False,False,False
1167,1773733563.3579562,1773733563357960052,-0.42,8.409937492055881e-20,0.8749994277780444,-0.618928989799591,-0.1598848614597948,0.9666799871198283,0.27118487580970646,,0.0,0.8487829094542966,0.0,0.0,False,False,False
1168,1773733563.408097,1773733563408099634,-0.42,8.409937492055881e-20,0.8749994277780444,-0.6160061687121611,-0.14509682755351433,0.9829027125808439,0.2666732577716568,,0.0,0.840654472844625,0.0,0.02214510445461732,False,False,False
1169,1773733563.4581425,1773733563458146398,-0.42,8.409937492055881e-20,0.8749994277780444,-0.6160061687121611,-0.14509682755351433,0.9829027125808439,0.2666732577716568,,0.0,0.840654472844625,0.0,0.0,False,False,False
1170,1773733563.5084574,1773733563508461260,-0.42,8.409937492055881e-20,0.8749994277780444,-0.6160061687121611,-0.14509682755351433,0.9829027125808439,0.2666732577716568,,0.0,0.840654472844625,0.0,0.0,False,False,False
1171,1773733563.5579836,1773733563557986797,-0.42,8.409937492055881e-20,0.8749994277780444,-0.6110750700980342,-0.1307940723957659,0.9981675381521359,0.26227305465861706,,0.0,0.8316959355838381,0.0,0.021491845857597055,False,False,False
1172,1773733563.6079578,1773733563607959881,-0.42,8.409937492055881e-20,0.8749994277780444,-0.6110750700980342,-0.1307940723957659,0.9981675381521359,0.26227305465861706,,0.0,0.8316959355838381,0.0,0.0,False,False,False
1173,1773733563.658017,1773733563658019444,-0.42,8.409937492055881e-20,0.8749994277780444,-0.6110750700980342,-0.1307940723957659,0.9981675381521359,0.26227305465861706,,0.0,0.8316959355838381,0.0,0.0,False,False,False
1174,1773733563.7080543,1773733563708056498,-0.42,8.409937492055881e-20,0.8749994277780444,-0.6042598202247593,-0.11711592906265197,1.0123611332027502,0.25794584762436557,,0.0,0.821981686634042,0.0,0.020856590717018116,False,False,False
1175,1773733563.7581317,1773733563758136121,-0.42,8.409937492055881e-20,0.8749994277780444,-0.6042598202247593,-0.11711592906265197,1.0123611332027502,0.25794584762436557,,0.0,0.821981686634042,0.0,0.0,False,False,False
1176,1773733563.809948,1773733563809949792,-0.42,8.409937492055881e-20,0.8749994277780444,-0.5957144589467469,-0.10416672427067541,1.0253902545041442,0.25366055722478953,,0.0,0.8115892675980106,0.0,0.020259889091570605,False,False,False
1177,1773733563.8580139,1773733563858017440,-0.42,8.409937492055881e-20,0.8749994277780444,-0.5957144589467469,-0.10416672427067541,1.0253902545041442,0.25366055722478953,,0.0,0.8115892675980106,0.0,0.0,False,False,False
1178,1773733563.908369,1773733563908372592,-0.42,8.409937492055881e-20,0.8749994277780444,-0.5957144589467469,-0.10416672427067541,1.0253902545041442,0.25366055722478953,,0.0,0.8115892675980106,0.0,0.0,False,False,False
1179,1773733563.9579716,1773733563957975118,-0.42,8.409937492055881e-20,0.8749994277780444,-0.5856074176645814,-0.09202501427007789,1.0371796372457667,0.24939294372522533,,0.0,0.8005969551505699,0.0,0.01971200016858953,False,False,False
1180,1773733564.011,1773733564011003050,-0.42,8.409937492055881e-20,0.8749994277780444,-0.5856074176645814,-0.09202501427007789,1.0371796372457667,0.24939294372522533,,0.0,0.8005969551505699,0.0,0.0,False,False,False
1181,1773733564.058212,1773733564058217305,-0.42,8.409937492055881e-20,0.8749994277780444,-0.5856074176645814,-0.09202501427007789,1.0371796372457667,0.24939294372522533,,0.0,0.8005969551505699,0.0,0.0,False,False,False
1182,1773733564.108122,1773733564108126729,-0.42,8.409937492055881e-20,0.8749994277780444,-0.5856074176645814,-0.09202501427007789,1.0371796372457667,0.24939294372522533,,0.0,0.8005969551505699,0.0,0.0,False,False,False
1183,1773733564.1580086,1773733564158012094,-0.42,8.409937492055881e-20,0.8749994277780444,-0.574112547909851,-0.0807493369898937,1.0476706072772477,0.24512541499652707,,0.0,0.7890826712865316,0.0,0.019218048314189183,False,False,False
1184,1773733564.2079542,1773733564207956748,-0.42,8.409937492055881e-20,0.8749994277780444,-0.574112547909851,-0.0807493369898937,1.0476706072772477,0.24512541499652707,,0.0,0.7890826712865316,0.0,0.0,False,False,False
1185,1773733564.259603,1773733564259605050,-0.42,8.409937492055881e-20,0.8749994277780444,-0.5614036224010632,-0.07038201870281148,1.0568198816269279,0.24084702701640173,,0.0,0.7771234971430024,0.0,0.018780503113050545,False,False,False
1186,1773733564.3079846,1773733564307987836,-0.42,8.409937492055881e-20,0.8749994277780444,-0.5614036224010632,-0.07038201870281148,1.0568198816269279,0.24084702701640173,,0.0,0.7771234971430024,0.0,0.0,False,False,False
1187,1773733564.3597217,1773733564359724768,-0.42,8.409937492055881e-20,0.8749994277780444,-0.5614036224010632,-0.07038201870281148,1.0568198816269279,0.24084702701640173,,0.0,0.7771234971430024,0.0,0.0,False,False,False
1188,1773733564.4081213,1773733564408125873,-0.42,8.409937492055881e-20,0.8749994277780444,-0.5614036224010632,-0.07038201870281148,1.0568198816269279,0.24084702701640173,,0.0,0.7771234971430024,0.0,0.0,False,False,False
1189,1773733564.4580574,1773733564458062108,-0.42,8.409937492055881e-20,0.8749994277780444,-0.5476507296523906,-0.060952034408898514,1.0645982957502036,0.2365535669054591,,0.0,0.7647955129825981,0.0,0.01840028230797324,False,False,False
1190,1773733564.5080092,1773733564508012072,-0.42,8.409937492055881e-20,0.8749994277780444,-0.5476507296523906,-0.060952034408898514,1.0645982957502036,0.2365535669054591,,0.0,0.7647955129825981,0.0,0.0,False,False,False
1191,1773733564.5579576,1773733564557961557,-0.42,8.409937492055881e-20,0.8749994277780444,-0.5330178015275242,-0.05247729600793622,1.070989433610624,0.2322476532597779,,0.0,0.7521737877724437,0.0,0.01807734548054969,False,False,False
1192,1773733564.608042,1773733564608045920,-0.42,8.409937492055881e-20,0.8749994277780444,-0.5330178015275242,-0.05247729600793622,1.070989433610624,0.2322476532597779,,0.0,0.7521737877724437,0.0,0.0,False,False,False
1193,1773733564.6579945,1773733564657998375,-0.42,8.409937492055881e-20,0.8749994277780444,-0.5330178015275242,-0.05247729600793622,1.070989433610624,0.2322476532597779,,0.0,0.7521737877724437,0.0,0.0,False,False,False
1194,1773733564.7079487,1773733564707951289,-0.42,8.409937492055881e-20,0.8749994277780444,-0.5176608635286448,-0.04496659226331644,1.0759881596118321,0.22793882733990314,,0.0,0.7393324410573109,0.0,0.01781104929744525,False,False,False
1195,1773733564.7580168,1773733564758020422,-0.42,8.409937492055881e-20,0.8749994277780444,-0.5176608635286448,-0.04496659226331644,1.0759881596118321,0.22793882733990314,,0.0,0.7393324410573109,0.0,0.0,False,False,False
1196,1773733564.8079658,1773733564807968707,-0.42,8.409937492055881e-20,0.8749994277780444,-0.5176608635286448,-0.04496659226331644,1.0759881596118321,0.22793882733990314,,0.0,0.7393324410573109,0.0,0.0,False,False,False
1197,1773733564.858922,1773733564858928284,-0.42,8.409937492055881e-20,0.8749994277780444,-0.5032772066519242,-0.03801429944212123,1.0796164829829686,0.22416136908610626,,0.0,0.7270969300454152,0.0,0.01638257278648289,False,False,False
1198,1773733564.9080725,1773733564908075184,-0.42,8.409937492055881e-20,0.8749994277780444,-0.5032772066519242,-0.03801429944212123,1.0796164829829686,0.22416136908610626,,0.0,0.7270969300454152,0.0,0.0,False,False,False
1199,1773733564.9580066,1773733564958009449,-0.42,8.409937492055881e-20,0.8749994277780444,-0.5032772066519242,-0.03801429944212123,1.0796164829829686,0.22416136908610626,,0.0,0.7270969300454152,0.0,0.0,False,False,False
1200,1773733565.0079963,1773733565008000053,-0.42,8.409937492055881e-20,0.8749994277780444,-0.4919523081211587,-0.03110440238933445,1.082192959018396,0.22152602077364722,,0.0,0.7165497227353457,0.0,0.013514371342144562,False,False,False
1201,1773733565.0579946,1773733565057998347,-0.42,8.409937492055881e-20,0.8749994277780444,-0.4919523081211587,-0.03110440238933445,1.082192959018396,0.22152602077364722,,0.0,0.7165497227353457,0.0,0.0,False,False,False
1202,1773733565.1089072,1773733565108909375,-0.42,8.409937492055881e-20,0.8749994277780444,-0.4919523081211587,-0.03110440238933445,1.082192959018396,0.22152602077364722,,0.0,0.7165497227353457,0.0,0.0,False,False,False
1203,1773733565.1580029,1773733565158004785,-0.42,8.409937492055881e-20,0.8749994277780444,-0.4825621319024454,-0.02456743694776494,1.0840295693467619,0.21957044288929112,,0.0,0.7072380763434816,0.0,0.011587944774679533,False,False,False
1204,1773733565.2080135,1773733565208015490,-0.42,8.409937492055881e-20,0.8749994277780444,-0.4825621319024454,-0.02456743694776494,1.0840295693467619,0.21957044288929112,,0.0,0.7072380763434816,0.0,0.0,False,False,False
1205,1773733565.2579918,1773733565257994704,-0.42,8.409937492055881e-20,0.8749994277780444,-0.4825621319024454,-0.02456743694776494,1.0840295693467619,0.21957044288929112,,0.0,0.7072380763434816,0.0,0.0,False,False,False
1206,1773733565.307929,1773733565307931189,-0.42,8.409937492055881e-20,0.8749994277780444,-0.47450436000674134,-0.01855189552276101,1.0853070305648294,0.21804629296815853,,0.0,0.6989112810490626,0.0,0.01013638662062586,False,False,False
1207,1773733565.357911,1773733565357913103,-0.42,8.409937492055881e-20,0.8749994277780444,-0.47450436000674134,-0.01855189552276101,1.0853070305648294,0.21804629296815853,,0.0,0.6989112810490626,0.0,0.0,False,False,False
1208,1773733565.4112315,1773733565411234443,-0.42,8.409937492055881e-20,0.8749994277780444,-0.4675318610103845,-0.013155863217329485,1.0861471220408094,0.2168310479165419,,0.0,0.6915035960550435,0.0,0.008856560313319837,False,False,False
1209,1773733565.4580655,1773733565458068190,-0.42,8.409937492055881e-20,0.8749994277780444,-0.4675318610103845,-0.013155863217329485,1.0861471220408094,0.2168310479165419,,0.0,0.6915035960550435,0.0,0.0,False,False,False
1210,1773733565.5081866,1773733565508191473,-0.42,8.409937492055881e-20,0.8749994277780444,-0.4675318610103845,-0.013155863217329485,1.0861471220408094,0.2168310479165419,,0.0,0.6915035960550435,0.0,0.0,False,False,False
1211,1773733565.557969,1773733565557972129,-0.42,8.409937492055881e-20,0.8749994277780444,-0.46152378949929584,-0.008418883886452205,1.0866547843924073,0.2158543320941892,,0.0,0.6849931886337953,0.0,0.0076676996241861065,False,False,False
1212,1773733565.6080568,1773733565608060073,-0.42,8.409937492055881e-20,0.8749994277780444,-0.46152378949929584,-0.008418883886452205,1.0866547843924073,0.2158543320941892,,0.0,0.6849931886337953,0.0,0.0,False,False,False
1213,1773733565.657924,1773733565657925708,-0.42,8.409937492055881e-20,0.8749994277780444,-0.46152378949929584,-0.008418883886452205,1.0866547843924073,0.2158543320941892,,0.0,0.6849931886337953,0.0,0.0,False,False,False
1214,1773733565.7079687,1773733565707971042,-0.42,8.409937492055881e-20,0.8749994277780444,-0.45642675578748443,-0.004360504453996057,1.0869207877645732,0.21507344177009463,,0.0,0.6793870929975682,0.0,0.006520809311054022,False,False,False
1215,1773733565.757962,1773733565757964586,-0.42,8.409937492055881e-20,0.8749994277780444,-0.45642675578748443,-0.004360504453996057,1.0869207877645732,0.21507344177009463,,0.0,0.6793870929975682,0.0,0.0,False,False,False
1216,1773733565.8079443,1773733565807946841,-0.42,8.409937492055881e-20,0.8749994277780444,-0.45642675578748443,-0.004360504453996057,1.0869207877645732,0.21507344177009463,,0.0,0.6793870929975682,0.0,0.0,False,False,False
1217,1773733565.857993,1773733565857996114,-0.42,8.409937492055881e-20,0.8749994277780444,-0.4522172808288019,-0.0009905004986956595,1.0870234231383797,0.2144600402960871,,0.0,0.6747030347274899,0.0,0.0053932494941799115,False,False,False
1218,1773733565.9080322,1773733565908035838,-0.42,8.409937492055881e-20,0.8749994277780444,-0.4522172808288019,-0.0009905004986956595,1.0870234231383797,0.2144600402960871,,0.0,0.6747030347274899,0.0,0.0,False,False,False
1219,1773733565.9579954,1773733565957998583,-0.42,8.409937492055881e-20,0.8749994277780444,-0.4522172808288019,-0.0009905004986956595,1.0870234231383797,0.2144600402960871,,0.0,0.6747030347274899,0.0,0.0,False,False,False
1220,1773733566.0079577,1773733566007959917,-0.42,8.409937492055881e-20,0.8749994277780444,-0.44888715095388343,0.0016841426731188445,1.0870284137091004,0.2139943800704304,,0.0,0.6709635470618767,0.0,0.004271241738201512,False,False,False
1221,1773733566.0580935,1773733566058098251,-0.42,8.409937492055881e-20,0.8749994277780444,-0.44888715095388343,0.0016841426731188445,1.0870284137091004,0.2139943800704304,,0.0,0.6709635470618767,0.0,0.0,False,False,False
1222,1773733566.1087046,1773733566108707301,-0.42,8.409937492055881e-20,0.8749994277780444,-0.4464261539338321,0.0036647168685271366,1.0869884135065788,0.21366118466318076,,0.0,0.668180874582368,0.0,0.0031592373276505235,False,False,False
1223,1773733566.158017,1773733566158019270,-0.42,8.409937492055881e-20,0.8749994277780444,-0.4464261539338321,0.0036647168685271366,1.0869884135065788,0.21366118466318076,,0.0,0.668180874582368,0.0,0.0,False,False,False
1224,1773733566.2080312,1773733566208033924,-0.42,8.409937492055881e-20,0.8749994277780444,-0.4464261539338321,0.0036647168685271366,1.0869884135065788,0.21366118466318076,,0.0,0.668180874582368,0.0,0.0,False,False,False
1225,1773733566.258049,1773733566258053599,-0.42,8.409937492055881e-20,0.8749994277780444,-0.44483154110794376,0.004949541106315151,1.0869425264875145,0.21345018266923738,,0.0,0.666369171361779,0.0,0.002048333226067916,False,False,False
1226,1773733566.3080628,1773733566308066593,-0.42,8.409937492055881e-20,0.8749994277780444,-0.44483154110794376,0.004949541106315151,1.0869425264875145,0.21345018266923738,,0.0,0.666369171361779,0.0,0.0,False,False,False
1227,1773733566.3580792,1773733566358083427,-0.42,8.409937492055881e-20,0.8749994277780444,-0.44483154110794376,0.004949541106315151,1.0869425264875145,0.21345018266923738,,0.0,0.666369171361779,0.0,0.0,False,False,False
1228,1773733566.4080548,1773733566408058772,-0.42,8.409937492055881e-20,0.8749994277780444,-0.4440108042800713,0.0056110951049850085,1.0869127409704107,0.21334304633294005,,0.0,0.6654341280442193,0.0,0.0010545851368246213,False,False,False
1229,1773733566.4579823,1773733566457985177,-0.42,8.409937492055881e-20,0.8749994277780444,-0.4440108042800713,0.0056110951049850085,1.0869127409704107,0.21334304633294005,,0.0,0.6654341280442193,0.0,0.0,False,False,False
1230,1773733566.508017,1773733566508019561,-0.42,8.409937492055881e-20,0.8749994277780444,-0.4440108042800713,0.0056110951049850085,1.0869127409704107,0.21334304633294005,,0.0,0.6654341280442193,0.0,0.0,False,False,False
1231,1773733566.558009,1773733566558012085,-0.42,8.409937492055881e-20,0.8749994277780444,-0.44361828683247234,0.0059275170240972504,1.0868970089798151,0.21329215609143462,,0.0,0.6649863391453132,0.0,0.0005044207302365349,False,False,False
1232,1773733566.6080415,1773733566608043929,-0.42,8.409937492055881e-20,0.8749994277780444,-0.44361828683247234,0.0059275170240972504,1.0868970089798151,0.21329215609143462,,0.0,0.6649863391453132,0.0,0.0,False,False,False
1233,1773733566.6587899,1773733566658794118,-0.42,8.409937492055881e-20,0.8749994277780444,-0.44361828683247234,0.0059275170240972504,1.0868970089798151,0.21329215609143462,,0.0,0.6649863391453132,0.0,0.0,False,False,False
1234,1773733566.7079232,1773733566707925939,-0.42,8.409937492055881e-20,0.8749994277780444,-0.44361828683247234,0.0059275170240972504,1.0868970089798151,0.21329215609143462,,0.0,0.6649863391453132,0.0,0.0,False,False,False
1235,1773733566.7580278,1773733566758030543,-0.42,8.409937492055881e-20,0.8749994277780444,-0.44343055747675053,0.006078855225962977,1.0868891459949377,0.21326789770278123,,0.0,0.6647720400969729,0.0,0.00024126207508611903,False,False,False
1236,1773733566.8080034,1773733566808007807,-0.42,8.409937492055881e-20,0.8749994277780444,-0.44343055747675053,0.006078855225962977,1.0868891459949377,0.21326789770278123,,0.0,0.6647720400969729,0.0,0.0,False,False,False
1237,1773733566.8580468,1773733566858050081,-0.42,8.409937492055881e-20,0.8749994277780444,-0.4433407676290525,0.00615123037709219,1.0868853063873305,0.2132563120348249,,0.0,0.6646695166706533,0.0,0.00011539116880068843,False,False,False
1238,1773733566.9084952,1773733566908497692,-0.42,8.409937492055881e-20,0.8749994277780444,-0.4433407676290525,0.00615123037709219,1.0868853063873305,0.2132563120348249,,0.0,0.6646695166706533,0.0,0.0,False,False,False
1239,1773733566.9581354,1773733566958141529,-0.42,8.409937492055881e-20,0.8749994277780444,-0.4433407676290525,0.00615123037709219,1.0868853063873305,0.2132563120348249,,0.0,0.6646695166706533,0.0,0.0,False,False,False
1240,1773733567.007981,1773733567007983765,-0.42,8.409937492055881e-20,0.8749994277780444,-0.44329782359103115,0.006185838564153575,1.0868834532496814,0.21325077592563615,,0.0,0.6646204802942093,0.0,5.5184700165914015e-05,False,False,False
1241,1773733567.0580764,1773733567058080149,-0.42,8.409937492055881e-20,0.8749994277780444,-0.44329782359103115,0.006185838564153575,1.0868834532496814,0.21325077592563615,,0.0,0.6646204802942093,0.0,0.0,False,False,False
1242,1773733567.1079438,1773733567107946124,-0.42,8.409937492055881e-20,0.8749994277780444,-0.44329782359103115,0.006185838564153575,1.0868834532496814,0.21325077592563615,,0.0,0.6646204802942093,0.0,0.0,False,False,False
1243,1773733567.158046,1773733567158048718,-0.42,8.409937492055881e-20,0.8749994277780444,-0.44329782359103115,0.006185838564153575,1.0868834532496814,0.21325077592563615,,0.0,0.6646204802942093,0.0,0.0,False,False,False
1244,1773733567.2080457,1773733567208049032,-0.42,8.409937492055881e-20,0.8749994277780444,-0.4432772334754057,0.006202368627440924,1.086882533895464,0.21324809408954842,,0.0,0.6645969942945945,0.0,2.6420466799998935e-05,False,False,False
1245,1773733567.258022,1773733567258025467,-0.42,8.409937492055881e-20,0.8749994277780444,-0.4432772334754057,0.006202368627440924,1.086882533895464,0.21324809408954842,,0.0,0.6645969942945945,0.0,0.0,False,False,False
1246,1773733567.3080835,1773733567308088561,-0.42,8.409937492055881e-20,0.8749994277780444,-0.4432772334754057,0.006202368627440924,1.086882533895464,0.21324809408954842,,0.0,0.6645969942945945,0.0,0.0,False,False,False
1247,1773733567.3580565,1773733567358059786,-0.42,8.409937492055881e-20,0.8749994277780444,-0.4432674360048865,0.006210278886391396,1.086882123520207,0.2132468473320394,,0.0,0.6645858039486924,0.0,1.2598850467000213e-05,False,False,False
1248,1773733567.408065,1773733567408068200,-0.42,8.409937492055881e-20,0.8749994277780444,-0.4432674360048865,0.006210278886391396,1.086882123520207,0.2132468473320394,,0.0,0.6645858039486924,0.0,0.0,False,False,False
1249,1773733567.4580286,1773733567458031805,-0.42,8.409937492055881e-20,0.8749994277780444,-0.44326275011215877,0.006214053432011186,1.0868819276407042,0.2132462514345485,,0.0,0.6645804575434918,0.0,6.020228739117724e-06,False,False,False
1250,1773733567.5079825,1773733567507986030,-0.42,8.409937492055881e-20,0.8749994277780444,-0.44326275011215877,0.006214053432011186,1.0868819276407042,0.2132462514345485,,0.0,0.6645804575434918,0.0,0.0,False,False,False
1251,1773733567.5589008,1773733567558904418,-0.42,8.409937492055881e-20,0.8749994277780444,-0.44326275011215877,0.006214053432011186,1.0868819276407042,0.2132462514345485,,0.0,0.6645804575434918,0.0,0.0,False,False,False
1252,1773733567.608029,1773733567608032349,-0.42,8.409937492055881e-20,0.8749994277780444,-0.44326051214735435,0.006215850740535765,1.0868818254986514,0.21324595820230527,,0.0,0.6645779033960847,0.0,2.872148568109805e-06,False,False,False
1253,1773733567.6580634,1773733567658066873,-0.42,8.409937492055881e-20,0.8749994277780444,-0.44326051214735435,0.006215850740535765,1.0868818254986514,0.21324595820230527,,0.0,0.6645779033960847,0.0,0.0,False,False,False
1254,1773733567.7079701,1773733567707972178,-0.42,8.409937492055881e-20,0.8749994277780444,-0.44326051214735435,0.006215850740535765,1.0868818254986514,0.21324595820230527,,0.0,0.6645779033960847,0.0,0.0,False,False,False
1255,1773733567.7580183,1773733567758021333,-0.42,8.409937492055881e-20,0.8749994277780444,-0.4432594433045688,0.006216687590812618,1.086881780812494,0.2132458216117149,,0.0,0.6645766989594296,0.0,1.3582121111122477e-06,False,False,False
1256,1773733567.8079283,1773733567807930778,-0.42,8.409937492055881e-20,0.8749994277780444,-0.4432594433045688,0.006216687590812618,1.086881780812494,0.2132458216117149,,0.0,0.6645766989594296,0.0,0.0,False,False,False
1257,1773733567.8581195,1773733567858124021,-0.42,8.409937492055881e-20,0.8749994277780444,-0.4432594433045688,0.006216687590812618,1.086881780812494,0.2132458216117149,,0.0,0.6645766989594296,0.0,0.0,False,False,False
1258,1773733567.9080205,1773733567908022816,-0.42,8.409937492055881e-20,0.8749994277780444,-0.44325892742664336,0.006217091935070257,1.086881764768017,0.21324576118999236,,0.0,0.6645761200014267,0.0,6.556536722077859e-07,False,False,False
1259,1773733567.9579914,1773733567957993981,-0.42,8.409937492055881e-20,0.8749994277780444,-0.44325892742664336,0.006217091935070257,1.086881764768017,0.21324576118999236,,0.0,0.6645761200014267,0.0,0.0,False,False,False
1260,1773733568.0080686,1773733568008071705,-0.42,8.409937492055881e-20,0.8749994277780444,-0.44325892742664336,0.006217091935070257,1.086881764768017,0.21324576118999236,,0.0,0.6645761200014267,0.0,0.0,False,False,False
1261,1773733568.057961,1773733568057963541,-0.42,8.409937492055881e-20,0.8749994277780444,-0.4432586810957568,0.006217276833035126,1.0868817580828802,0.21324573307088765,,0.0,0.6645758491243792,0.0,3.080760525375695e-07,False,False,False
1262,1773733568.1079555,1773733568107959705,-0.42,8.409937492055881e-20,0.8749994277780444,-0.4432586810957568,0.006217276833035126,1.0868817580828802,0.21324573307088765,,0.0,0.6645758491243792,0.0,0.0,False,False,False
1263,1773733568.1580336,1773733568158037479,-0.42,8.409937492055881e-20,0.8749994277780444,-0.4432586810957568,0.006217276833035126,1.0868817580828802,0.21324573307088765,,0.0,0.6645758491243792,0.0,0.0,False,False,False
1264,1773733568.20804,1773733568208042614,-0.42,8.409937492055881e-20,0.8749994277780444,-0.44325856321385476,0.006217355888999179,1.086881755032791,0.213245719487897,,0.0,0.6645757254572608,0.0,1.419693323232144e-07,False,False,False
1265,1773733568.2586262,1773733568258630794,-0.42,8.409937492055881e-20,0.8749994277780444,-0.44325856321385476,0.006217355888999179,1.086881755032791,0.213245719487897,,0.0,0.6645757254572608,0.0,0.0,False,False,False
1266,1773733568.3079145,1773733568307917504,-0.42,8.409937492055881e-20,0.8749994277780444,-0.44325850739686323,0.006217382911539745,1.086881753507943,0.21324571267275097,,0.0,0.6645756733669764,0.0,6.20328896915472e-08,False,False,False
1267,1773733568.358062,1773733568358065438,-0.42,8.409937492055881e-20,0.8749994277780444,-0.44325850739686323,0.006217382911539745,1.086881753507943,0.21324571267275097,,0.0,0.6645756733669764,0.0,0.0,False,False,False
1268,1773733568.4079442,1773733568407946184,-0.42,8.409937492055881e-20,0.8749994277780444,-0.44325850739686323,0.006217382911539745,1.086881753507943,0.21324571267275097,,0.0,0.6645756733669764,0.0,0.0,False,False,False
1269,1773733568.4579833,1773733568457985978,-0.42,8.409937492055881e-20,0.8749994277780444,-0.44325850739686323,0.006217382911539745,1.086881753507943,0.21324571267275097,,0.0,0.6645756733669764,0.0,0.0,False,False,False
1270,1773733568.5080614,1773733568508065672,-0.42,8.409937492055881e-20,0.8749994277780444,-0.4432584801251004,0.0062173875262793565,1.0868817533611113,0.21324570968690174,,0.0,0.6645756535677545,0.0,2.7659834237632864e-08,False,False,False
1271,1773733568.5579915,1773733568557994247,-0.42,8.409937492055881e-20,0.8749994277780444,-0.4432584801251004,0.0062173875262793565,1.0868817533611113,0.21324570968690174,,0.0,0.6645756535677545,0.0,0.0,False,False,False
1272,1773733568.607933,1773733568607936473,-0.42,8.409937492055881e-20,0.8749994277780444,-0.4432584801251004,0.0062173875262793565,1.0868817533611113,0.21324570968690174,,0.0,0.6645756535677545,0.0,0.0,False,False,False
1273,1773733568.6599088,1773733568659912153,-0.42,8.409937492055881e-20,0.8749994277780444,-0.44325846748048786,0.006217380875588213,1.0868817542675262,0.21324570901448028,,0.0,0.6645756503454496,0.0,1.4315708386656477e-08,False,False,False
1274,1773733568.7080352,1773733568708038011,-0.42,8.409937492055881e-20,0.8749994277780444,-0.44325846748048786,0.006217380875588213,1.0868817542675262,0.21324570901448028,,0.0,0.6645756503454496,0.0,0.0,False,False,False
1275,1773733568.757994,1773733568757996746,-0.42,8.409937492055881e-20,0.8749994277780444,-0.44325846178342615,0.006217368993437699,1.086881755483416,0.21324570925478936,,0.0,0.6645756548311011,0.0,1.32333065049661e-08,False,False,False
1276,1773733568.8079488,1773733568807951581,-0.42,8.409937492055881e-20,0.8749994277780444,-0.44325846178342615,0.006217368993437699,1.086881755483416,0.21324570925478936,,0.0,0.6645756548311011,0.0,0.0,False,False,False
1277,1773733568.8580015,1773733568858003435,-0.42,8.409937492055881e-20,0.8749994277780444,-0.44325846178342615,0.006217368993437699,1.086881755483416,0.21324570925478936,,0.0,0.6645756548311011,0.0,0.0,False,False,False
1278,1773733568.908048,1773733568908051960,-0.42,8.409937492055881e-20,0.8749994277780444,-0.4432584588323334,0.006217353259503155,1.0868817559623016,0.21324570895000464,,0.0,0.6645756630676048,0.0,1.601546053434636e-08,False,False,False
1279,1773733568.957936,1773733568957938126,-0.42,8.409937492055881e-20,0.8749994277780444,-0.4432584588323334,0.006217353259503155,1.0868817559623016,0.21324570895000464,,0.0,0.6645756630676048,0.0,0.0,False,False,False
1280,1773733569.0080256,1773733569008028269,-0.42,8.409937492055881e-20,0.8749994277780444,-0.4432584588323334,0.006217353259503155,1.0868817559623016,0.21324570895000464,,0.0,0.6645756630676048,0.0,0.0,False,False,False
1281,1773733569.0579245,1773733569057927295,-0.42,8.409937492055881e-20,0.8749994277780444,-0.44325845732664126,0.006217336134481407,1.0868817563586497,0.21324570868030124,,0.0,0.66457567302668,0.0,1.719565556861839e-08,False,False,False
1282,1773733569.1079698,1773733569107972710,-0.42,8.409937492055881e-20,0.8749994277780444,-0.44325845732664126,0.006217336134481407,1.0868817563586497,0.21324570868030124,,0.0,0.66457567302668,0.0,0.0,False,False,False
1283,1773733569.1580882,1773733569158091894,-0.42,8.409937492055881e-20,0.8749994277780444,-0.44325845732664126,0.006217336134481407,1.0868817563586497,0.21324570868030124,,0.0,0.66457567302668,0.0,0.0,False,False,False
1284,1773733569.2079918,1773733569207994329,-0.42,8.409937492055881e-20,0.8749994277780444,-0.4432584574375766,0.006217319886263192,1.0868817582441475,0.21324571009211554,,0.0,0.6645756841476655,0.0,1.6357628300355935e-08,False,False,False
1285,1773733569.2580688,1773733569258072973,-0.42,8.409937492055881e-20,0.8749994277780444,-0.4432584574375766,0.006217319886263192,1.0868817582441475,0.21324571009211554,,0.0,0.6645756841476655,0.0,0.0,False,False,False
1286,1773733569.3079293,1773733569307931319,-0.42,8.409937492055881e-20,0.8749994277780444,-0.4432584574375766,0.006217319886263192,1.0868817582441475,0.21324571009211554,,0.0,0.6645756841476655,0.0,0.0,False,False,False
1287,1773733569.3579829,1773733569357985284,-0.42,8.409937492055881e-20,0.8749994277780444,-0.4432584574173912,0.006217302525536933,1.0868817592879196,0.21324571062085004,,0.0,0.664575695480791,0.0,1.7392086823149648e-08,False,False,False
1288,1773733569.4080157,1773733569408020278,-0.42,8.409937492055881e-20,0.8749994277780444,-0.4432584574173912,0.006217302525536933,1.0868817592879196,0.21324571062085004,,0.0,0.664575695480791,0.0,0.0,False,False,False
1289,1773733569.4579954,1773733569457998293,-0.42,8.409937492055881e-20,0.8749994277780444,-0.4432584574173912,0.006217302525536933,1.0868817592879196,0.21324571062085004,,0.0,0.664575695480791,0.0,0.0,False,False,False
1290,1773733569.507942,1773733569507943959,-0.42,8.409937492055881e-20,0.8749994277780444,-0.44325845761180127,0.00621728545092756,1.0868817604434153,0.2132457112923427,,0.0,0.6645757068210583,0.0,1.7114767038725115e-08,False,False,False
1291,1773733569.5579157,1773733569557917394,-0.42,8.409937492055881e-20,0.8749994277780444,-0.44325845761180127,0.00621728545092756,1.0868817604434153,0.2132457112923427,,0.0,0.6645757068210583,0.0,0.0,False,False,False
1292,1773733569.6080678,1773733569608070927,-0.42,8.409937492055881e-20,0.8749994277780444,-0.4432584574536644,0.006217267011639651,1.0868817607345291,0.2132457110267416,,0.0,0.6645757183834291,0.0,1.8442263774130544e-08,False,False,False
1293,1773733569.657976,1773733569657977913,-0.42,8.409937492055881e-20,0.8749994277780444,-0.4432584574536644,0.006217267011639651,1.0868817607345291,0.2132457110267416,,0.0,0.6645757183834291,0.0,0.0,False,False,False
1294,1773733569.7081616,1773733569708165197,-0.42,8.409937492055881e-20,0.8749994277780444,-0.4432584574536644,0.006217267011639651,1.0868817607345291,0.2132457110267416,,0.0,0.6645757183834291,0.0,0.0,False,False,False
1295,1773733569.7579722,1773733569757975293,-0.42,8.409937492055881e-20,0.8749994277780444,-0.4432584577255365,0.006217249473806424,1.0868817618410307,0.2132457116444995,,0.0,0.6645757300375741,0.0,1.7574807380559176e-08,False,False,False
1296,1773733569.8080132,1773733569808015778,-0.42,8.409937492055881e-20,0.8749994277780444,-0.4432584577255365,0.006217249473806424,1.0868817618410307,0.2132457116444995,,0.0,0.6645757300375741,0.0,0.0,False,False,False
1297,1773733569.8580208,1773733569858023052,-0.42,8.409937492055881e-20,0.8749994277780444,-0.4432584577255365,0.006217249473806424,1.0868817618410307,0.2132457116444995,,0.0,0.6645757300375741,0.0,0.0,False,False,False
1298,1773733569.9079924,1773733569907995227,-0.42,8.409937492055881e-20,0.8749994277780444,-0.4432584579120808,0.006217231475177177,1.0868817627053535,0.21324571199888726,,0.0,0.6645757418112676,0.0,1.8020335942863025e-08,False,False,False
1299,1773733569.9579008,1773733569957902783,-0.42,8.409937492055881e-20,0.8749994277780444,-0.4432584579120808,0.006217231475177177,1.0868817627053535,0.21324571199888726,,0.0,0.6645757418112676,0.0,0.0,False,False,False
1300,1773733570.0080447,1773733570008047677,-0.42,8.409937492055881e-20,0.8749994277780444,-0.4432584579120808,0.006217231475177177,1.0868817627053535,0.21324571199888726,,0.0,0.6645757418112676,0.0,0.0,False,False,False
1301,1773733570.058001,1773733570058003452,-0.42,8.409937492055881e-20,0.8749994277780444,-0.4432584582803671,0.0062172138570082535,1.0868817638924222,0.21324571270487366,,0.0,0.664575753613638,0.0,1.766195467762994e-08,False,False,False
1302,1773733570.1080418,1773733570108045417,-0.42,8.409937492055881e-20,0.8749994277780444,-0.4432584582803671,0.0062172138570082535,1.0868817638924222,0.21324571270487366,,0.0,0.664575753613638,0.0,0.0,False,False,False
1303,1773733570.1579792,1773733570157982422,-0.42,8.409937492055881e-20,0.8749994277780444,-0.4432584582803671,0.0062172138570082535,1.0868817638924222,0.21324571270487366,,0.0,0.664575753613638,0.0,0.0,False,False,False
1304,1773733570.2094414,1773733570209443917,-0.42,8.409937492055881e-20,0.8749994277780444,-0.4432584586953724,0.0062171966639555706,1.0868817651649438,0.21324571351325805,,0.0,0.6645757652200591,0.0,1.7245074696776443e-08,False,False,False
1305,1773733570.2580361,1773733570258040162,-0.42,8.409937492055881e-20,0.8749994277780444,-0.4432584586953724,0.0062171966639555706,1.0868817651649438,0.21324571351325805,,0.0,0.6645757652200591,0.0,0.0,False,False,False
1306,1773733570.3080006,1773733570308002967,-0.42,8.409937492055881e-20,0.8749994277780444,-0.4432584586953724,0.0062171966639555706,1.0868817651649438,0.21324571351325805,,0.0,0.6645757652200591,0.0,0.0,False,False,False
1307,1773733570.3580544,1773733570358057932,-0.42,8.409937492055881e-20,0.8749994277780444,-0.44325845878351094,0.006217178868214246,1.0868817658392564,0.21324571367403705,,0.0,0.6645757767154614,0.0,1.780873030849005e-08,False,False,False
1308,1773733570.4091914,1773733570409194449,-0.42,8.409937492055881e-20,0.8749994277780444,-0.44325845878351094,0.006217178868214246,1.0868817658392564,0.21324571367403705,,0.0,0.6645757767154614,0.0,0.0,False,False,False
1309,1773733570.4580693,1773733570458072542,-0.42,8.409937492055881e-20,0.8749994277780444,-0.44325845878351094,0.006217178868214246,1.0868817658392564,0.21324571367403705,,0.0,0.6645757767154614,0.0,0.0,False,False,False
1310,1773733570.5086787,1773733570508682632,-0.42,8.409937492055881e-20,0.8749994277780444,-0.44325845910139783,0.006217161228913233,1.0868817668920383,0.21324571424048647,,0.0,0.6645757884357747,0.0,1.7673549217474927e-08,False,False,False
1311,1773733570.5579395,1773733570557941783,-0.42,8.409937492055881e-20,0.8749994277780444,-0.44325845910139783,0.006217161228913233,1.0868817668920383,0.21324571424048647,,0.0,0.6645757884357747,0.0,0.0,False,False,False
1312,1773733570.6086009,1773733570608605863,-0.42,8.409937492055881e-20,0.8749994277780444,-0.443258459281035,0.0062171431355631575,1.0868817676860347,0.21324571452148997,,0.0,0.6645758002308007,0.0,1.811165417029458e-08,False,False,False
1313,1773733570.658002,1773733570658005313,-0.42,8.409937492055881e-20,0.8749994277780444,-0.443258459281035,0.0062171431355631575,1.0868817676860347,0.21324571452148997,,0.0,0.6645758002308007,0.0,0.0,False,False,False
1314,1773733570.7079287,1773733570707930958,-0.42,8.409937492055881e-20,0.8749994277780444,-0.443258459281035,0.0062171431355631575,1.0868817676860347,0.21324571452148997,,0.0,0.6645758002308007,0.0,0.0,False,False,False
1315,1773733570.7579217,1773733570757924383,-0.42,8.409937492055881e-20,0.8749994277780444,-0.4432584597890308,0.00621712596132575,1.0868817691323838,0.21324571551328703,,0.0,0.6645758119659196,0.0,1.7242517674489655e-08,False,False,False
1316,1773733570.808089,1773733570808092517,-0.42,8.409937492055881e-20,0.8749994277780444,-0.4432584597890308,0.00621712596132575,1.0868817691323838,0.21324571551328703,,0.0,0.6645758119659196,0.0,0.0,False,False,False
1317,1773733570.8580148,1773733570858018342,-0.42,8.409937492055881e-20,0.8749994277780444,-0.4432584597890308,0.00621712596132575,1.0868817691323838,0.21324571551328703,,0.0,0.6645758119659196,0.0,0.0,False,False,False
1318,1773733570.9079163,1773733570907918538,-0.42,8.409937492055881e-20,0.8749994277780444,-0.4432584598769486,0.006217107990648776,1.086881769813341,0.21324571567554987,,0.0,0.6645758235736612,0.0,1.7983788902572966e-08,False,False,False
1319,1773733570.959935,1773733570959937269,-0.42,8.409937492055881e-20,0.8749994277780444,-0.4432584598769486,0.006217107990648776,1.086881769813341,0.21324571567554987,,0.0,0.6645758235736612,0.0,0.0,False,False,False
1320,1773733571.0080101,1773733571008013278,-0.42,8.409937492055881e-20,0.8749994277780444,-0.4432584598769486,0.006217107990648776,1.086881769813341,0.21324571567554987,,0.0,0.6645758235736612,0.0,0.0,False,False,False
1321,1773733571.057998,1773733571058000413,-0.42,8.409937492055881e-20,0.8749994277780444,-0.4432584603021456,0.006217090549825581,1.0868817710575727,0.2132457164497216,,0.0,0.6645758353276785,0.0,1.7490317850247654e-08,False,False,False
1322,1773733571.1079648,1773733571107967818,-0.42,8.409937492055881e-20,0.8749994277780444,-0.4432584603021456,0.006217090549825581,1.0868817710575727,0.2132457164497216,,0.0,0.6645758353276785,0.0,0.0,False,False,False
1323,1773733571.157937,1773733571157940844,-0.42,8.409937492055881e-20,0.8749994277780444,-0.4432584603021456,0.006217090549825581,1.0868817710575727,0.2132457164497216,,0.0,0.6645758353276785,0.0,0.0,False,False,False
1324,1773733571.208009,1773733571208011278,-0.42,8.409937492055881e-20,0.8749994277780444,-0.44325846075178915,0.006217073533659715,1.0868817723726583,0.2132457173093428,,0.0,0.6645758468653038,0.0,1.7072830175326915e-08,False,False,False
1325,1773733571.2580245,1773733571258027654,-0.42,8.409937492055881e-20,0.8749994277780444,-0.44325846075178915,0.006217073533659715,1.0868817723726583,0.2132457173093428,,0.0,0.6645758468653038,0.0,0.0,False,False,False
1326,1773733571.3080435,1773733571308046179,-0.42,8.409937492055881e-20,0.8749994277780444,-0.44325846075178915,0.006217073533659715,1.0868817723726583,0.2132457173093428,,0.0,0.6645758468653038,0.0,0.0,False,False,False
1327,1773733571.3581483,1773733571358152133,-0.42,8.409937492055881e-20,0.8749994277780444,-0.4432584610306649,0.006217056301890648,1.086881773372019,0.2132457178303479,,0.0,0.6645758582813803,0.0,1.7262976536909214e-08,False,False,False
1328,1773733571.4079983,1773733571408001339,-0.42,8.409937492055881e-20,0.8749994277780444,-0.4432584610306649,0.006217056301890648,1.086881773372019,0.2132457178303479,,0.0,0.6645758582813803,0.0,0.0,False,False,False
1329,1773733571.4580317,1773733571458035164,-0.42,8.409937492055881e-20,0.8749994277780444,-0.4432584610306649,0.006217056301890648,1.086881773372019,0.2132457178303479,,0.0,0.6645758582813803,0.0,0.0,False,False,False
1330,1773733571.5079942,1773733571507997470,-0.42,8.409937492055881e-20,0.8749994277780444,-0.44325846133884034,0.006217038831182601,1.0868817743896588,0.21324571836574605,,0.0,0.6645758698735761,0.0,1.7503034091761222e-08,False,False,False
1331,1773733571.558019,1773733571558022755,-0.42,8.409937492055881e-20,0.8749994277780444,-0.44325846133884034,0.006217038831182601,1.0868817743896588,0.21324571836574605,,0.0,0.6645758698735761,0.0,0.0,False,False,False
1332,1773733571.6079276,1773733571607930081,-0.42,8.409937492055881e-20,0.8749994277780444,-0.44325846133884034,0.006217038831182601,1.0868817743896588,0.21324571836574605,,0.0,0.6645758698735761,0.0,0.0,False,False,False
1333,1773733571.6595192,1773733571659521924,-0.42,8.409937492055881e-20,0.8749994277780444,-0.443258461784072,0.006217021986413411,1.0868817756944136,0.21324571921962232,,0.0,0.6645758812964532,0.0,1.6901090653935474e-08,False,False,False
1334,1773733571.7080941,1773733571708097750,-0.42,8.409937492055881e-20,0.8749994277780444,-0.443258461784072,0.006217021986413411,1.0868817756944136,0.21324571921962232,,0.0,0.6645758812964532,0.0,0.0,False,False,False
1335,1773733571.7579238,1773733571757926106,-0.42,8.409937492055881e-20,0.8749994277780444,-0.443258461784072,0.006217021986413411,1.0868817756944136,0.21324571921962232,,0.0,0.6645758812964532,0.0,0.0,False,False,False
1336,1773733571.8080618,1773733571808065830,-0.42,8.409937492055881e-20,0.8749994277780444,-0.44325846143619585,0.006217003313807671,1.0868817755564688,0.21324571850023177,,0.0,0.6645758926825055,0.0,1.8676355417720527e-08,False,False,False
1337,1773733571.8584266,1773733571858430563,-0.42,8.409937492055881e-20,0.8749994277780444,-0.44325846143619585,0.006217003313807671,1.0868817755564688,0.21324571850023177,,0.0,0.6645758926825055,0.0,0.0,False,False,False
1338,1773733571.9080048,1773733571908009341,-0.42,8.409937492055881e-20,0.8749994277780444,-0.44325846143619585,0.006217003313807671,1.0868817755564688,0.21324571850023177,,0.0,0.6645758926825055,0.0,0.0,False,False,False
1339,1773733571.9579387,1773733571957940777,-0.42,8.409937492055881e-20,0.8749994277780444,-0.4432584619012524,0.006216986128790144,1.0868817769081773,0.2132457193930071,,0.0,0.6645759043526422,0.0,1.724436780314157e-08,False,False,False
1340,1773733572.0080194,1773733572008022321,-0.42,8.409937492055881e-20,0.8749994277780444,-0.4432584619012524,0.006216986128790144,1.0868817769081773,0.2132457193930071,,0.0,0.6645759043526422,0.0,0.0,False,False,False
1341,1773733572.058065,1773733572058067506,-0.42,8.409937492055881e-20,0.8749994277780444,-0.44325846179065187,0.006216967688991789,1.0868817771932688,0.21324571912661797,,0.0,0.664575915941824,0.0,1.8442333719293693e-08,False,False,False
1342,1773733572.1080053,1773733572108007702,-0.42,8.409937492055881e-20,0.8749994277780444,-0.44325846179065187,0.006216967688991789,1.0868817771932688,0.21324571912661797,,0.0,0.664575915941824,0.0,0.0,False,False,False
1343,1773733572.157932,1773733572157934148,-0.42,8.409937492055881e-20,0.8749994277780444,-0.44325846179065187,0.006216967688991789,1.0868817771932688,0.21324571912661797,,0.0,0.664575915941824,0.0,0.0,False,False,False
1344,1773733572.2099097,1773733572209912539,-0.42,8.409937492055881e-20,0.8749994277780444,-0.44325846240426064,0.006216950541511437,1.0868817788177925,0.21324572030776381,,0.0,0.6645759278105531,0.0,1.7235187123302548e-08,False,False,False
1345,1773733572.2580328,1773733572258036328,-0.42,8.409937492055881e-20,0.8749994277780444,-0.44325846240426064,0.006216950541511437,1.0868817788177925,0.21324572030776381,,0.0,0.6645759278105531,0.0,0.0,False,False,False
1346,1773733572.3079839,1773733572307986454,-0.42,8.409937492055881e-20,0.8749994277780444,-0.44325846240426064,0.006216950541511437,1.0868817788177925,0.21324572030776381,,0.0,0.6645759278105531,0.0,0.0,False,False,False
1347,1773733572.3579645,1773733572357967419,-0.42,8.409937492055881e-20,0.8749994277780444,-0.4432584622303444,0.006216931837997422,1.0868817789844551,0.213245719909112,,0.0,0.6645759394688407,0.0,1.8705065085189487e-08,False,False,False
1348,1773733572.4080129,1773733572408015944,-0.42,8.409937492055881e-20,0.8749994277780444,-0.4432584622303444,0.006216931837997422,1.0868817789844551,0.213245719909112,,0.0,0.6645759394688407,0.0,0.0,False,False,False
1349,1773733572.4579945,1773733572457996990,-0.42,8.409937492055881e-20,0.8749994277780444,-0.4432584622303444,0.006216931837997422,1.0868817789844551,0.213245719909112,,0.0,0.6645759394688407,0.0,0.0,False,False,False
1350,1773733572.5079281,1773733572507931186,-0.42,8.409937492055881e-20,0.8749994277780444,-0.44325846264412994,0.006216914294534198,1.0868817802616344,0.21324572071179823,,0.0,0.6645759512956766,0.0,1.7594757947055883e-08,False,False,False
1351,1773733572.5579376,1773733572557940481,-0.42,8.409937492055881e-20,0.8749994277780444,-0.44325846264412994,0.006216914294534198,1.0868817802616344,0.21324572071179823,,0.0,0.6645759512956766,0.0,0.0,False,False,False
1352,1773733572.6085062,1773733572608509002,-0.42,8.409937492055881e-20,0.8749994277780444,-0.44325846264412994,0.006216914294534198,1.0868817802616344,0.21324572071179823,,0.0,0.6645759512956766,0.0,0.0,False,False,False
1353,1773733572.6580098,1773733572658012591,-0.42,8.409937492055881e-20,0.8749994277780444,-0.4432584627905004,0.006216896338577018,1.086881781045368,0.2132457209830026,,0.0,0.6645759629794121,0.0,1.7973649066893044e-08,False,False,False
1354,1773733572.7084677,1773733572708471893,-0.42,8.409937492055881e-20,0.8749994277780444,-0.4432584627905004,0.006216896338577018,1.086881781045368,0.2132457209830026,,0.0,0.6645759629794121,0.0,0.0,False,False,False
1355,1773733572.7579443,1773733572757946472,-0.42,8.409937492055881e-20,0.8749994277780444,-0.4432584627905004,0.006216896338577018,1.086881781045368,0.2132457209830026,,0.0,0.6645759629794121,0.0,0.0,False,False,False
1356,1773733572.8079953,1773733572807998317,-0.42,8.409937492055881e-20,0.8749994277780444,-0.44325846323283047,0.006216878802966534,1.0868817823499073,0.21324572181621917,,0.0,0.66457597483204,0.0,1.7589630863200095e-08,False,False,False
1357,1773733572.8581111,1773733572858114642,-0.42,8.409937492055881e-20,0.8749994277780444,-0.44325846323283047,0.006216878802966534,1.0868817823499073,0.21324572181621917,,0.0,0.66457597483204,0.0,0.0,False,False,False
1358,1773733572.9079611,1773733572907964598,-0.42,8.409937492055881e-20,0.8749994277780444,-0.44325846323283047,0.006216878802966534,1.0868817823499073,0.21324572181621917,,0.0,0.66457597483204,0.0,0.0,False,False,False
1359,1773733572.9579916,1773733572957994533,-0.42,8.409937492055881e-20,0.8749994277780444,-0.4432584638256643,0.006216861823394404,1.0868817839099432,0.21324572293592595,,0.0,0.6645759865522305,0.0,1.7061390143453402e-08,False,False,False
1360,1773733573.0079622,1773733573007964309,-0.42,8.409937492055881e-20,0.8749994277780444,-0.4432584638256643,0.006216861823394404,1.0868817839099432,0.21324572293592595,,0.0,0.6645759865522305,0.0,0.0,False,False,False
1361,1773733573.0580957,1773733573058099964,-0.42,8.409937492055881e-20,0.8749994277780444,-0.4432584638256643,0.006216861823394404,1.0868817839099432,0.21324572293592595,,0.0,0.6645759865522305,0.0,0.0,False,False,False
1362,1773733573.107936,1773733573107938040,-0.42,8.409937492055881e-20,0.8749994277780444,-0.44325846427062054,0.006216844731678042,1.086881785176913,0.21324572374504353,,0.0,0.6645759981111903,0.0,1.714438587041833e-08,False,False,False
1363,1773733573.1580126,1773733573158015595,-0.42,8.409937492055881e-20,0.8749994277780444,-0.44325846427062054,0.006216844731678042,1.086881785176913,0.21324572374504353,,0.0,0.6645759981111903,0.0,0.0,False,False,False
1364,1773733573.208055,1773733573208057060,-0.42,8.409937492055881e-20,0.8749994277780444,-0.44325846427062054,0.006216844731678042,1.086881785176913,0.21324572374504353,,0.0,0.6645759981111903,0.0,0.0,False,False,False
1365,1773733573.2580113,1773733573258013526,-0.42,8.409937492055881e-20,0.8749994277780444,-0.4432584645082003,0.006216827316691971,1.0868817861104212,0.21324572419079005,,0.0,0.664576009584789,0.0,1.744160604636669e-08,False,False,False
1366,1773733573.3079987,1773733573308002032,-0.42,8.409937492055881e-20,0.8749994277780444,-0.4432584645082003,0.006216827316691971,1.0868817861104212,0.21324572419079005,,0.0,0.664576009584789,0.0,0.0,False,False,False
1367,1773733573.3580897,1773733573358093657,-0.42,8.409937492055881e-20,0.8749994277780444,-0.4432584645082003,0.006216827316691971,1.0868817861104212,0.21324572419079005,,0.0,0.664576009584789,0.0,0.0,False,False,False
1368,1773733573.4086733,1773733573408675158,-0.42,8.409937492055881e-20,0.8749994277780444,-0.4432584646577015,0.006216809706974335,1.086881786881447,0.21324572445981088,,0.0,0.6645760210480574,0.0,1.762722288896034e-08,False,False,False
1369,1773733573.4580133,1773733573458015438,-0.42,8.409937492055881e-20,0.8749994277780444,-0.4432584646577015,0.006216809706974335,1.086881786881447,0.21324572445981088,,0.0,0.6645760210480574,0.0,0.0,False,False,False
1370,1773733573.5099602,1773733573509962640,-0.42,8.409937492055881e-20,0.8749994277780444,-0.4432584650136873,0.006216792667455761,1.0868817880102202,0.21324572512343723,,0.0,0.6645760324534505,0.0,1.7080575159299282e-08,False,False,False
1371,1773733573.5579877,1773733573557990540,-0.42,8.409937492055881e-20,0.8749994277780444,-0.4432584650136873,0.006216792667455761,1.0868817880102202,0.21324572512343723,,0.0,0.6645760324534505,0.0,0.0,False,False,False
1372,1773733573.6080725,1773733573608075765,-0.42,8.409937492055881e-20,0.8749994277780444,-0.4432584650136873,0.006216792667455761,1.0868817880102202,0.21324572512343723,,0.0,0.6645760324534505,0.0,0.0,False,False,False
1373,1773733573.6579845,1773733573657986801,-0.42,8.409937492055881e-20,0.8749994277780444,-0.4432584654617443,0.006216775576044093,1.0868817892807454,0.21324572593644012,,0.0,0.6645760440158343,0.0,1.714442598181526e-08,False,False,False
1374,1773733573.707969,1773733573707971586,-0.42,8.409937492055881e-20,0.8749994277780444,-0.4432584654617443,0.006216775576044093,1.0868817892807454,0.21324572593644012,,0.0,0.6645760440158343,0.0,0.0,False,False,False
1375,1773733573.758448,1773733573758450668,-0.42,8.409937492055881e-20,0.8749994277780444,-0.4432584654617443,0.006216775576044093,1.0868817892807454,0.21324572593644012,,0.0,0.6645760440158343,0.0,0.0,False,False,False
1376,1773733573.8079977,1773733573807999347,-0.42,8.409937492055881e-20,0.8749994277780444,-0.44325846543957564,0.00621675767486164,1.0868817897277303,0.213245725856275,,0.0,0.6645760554004249,0.0,1.7906775817029853e-08,False,False,False
1377,1773733573.8579755,1773733573857978253,-0.42,8.409937492055881e-20,0.8749994277780444,-0.44325846543957564,0.00621675767486164,1.0868817897277303,0.213245725856275,,0.0,0.6645760554004249,0.0,0.0,False,False,False
1378,1773733573.908066,1773733573908068967,-0.42,8.409937492055881e-20,0.8749994277780444,-0.44325846564671834,0.006216740079353874,1.0868817906179602,0.21324572625044458,,0.0,0.6645760669473477,0.0,1.7619231279995705e-08,False,False,False
1379,1773733573.9580243,1773733573958026673,-0.42,8.409937492055881e-20,0.8749994277780444,-0.44325846564671834,0.006216740079353874,1.0868817906179602,0.21324572625044458,,0.0,0.6645760669473477,0.0,0.0,False,False,False
1380,1773733574.0094762,1773733574009479089,-0.42,8.409937492055881e-20,0.8749994277780444,-0.44325846564671834,0.006216740079353874,1.0868817906179602,0.21324572625044458,,0.0,0.6645760669473477,0.0,0.0,False,False,False
1381,1773733574.0580115,1773733574058013715,-0.42,8.409937492055881e-20,0.8749994277780444,-0.4432584656924342,0.006216722023439888,1.086881791180877,0.2132457262883664,,0.0,0.6645760785259129,0.0,1.806474453649137e-08,False,False,False
1382,1773733574.1079907,1773733574107995531,-0.42,8.409937492055881e-20,0.8749994277780444,-0.4432584656924342,0.006216722023439888,1.086881791180877,0.2132457262883664,,0.0,0.6645760785259129,0.0,0.0,False,False,False
1383,1773733574.1591408,1773733574159144188,-0.42,8.409937492055881e-20,0.8749994277780444,-0.4432584656924342,0.006216722023439888,1.086881791180877,0.2132457262883664,,0.0,0.6645760785259129,0.0,0.0,False,False,False
1384,1773733574.2089455,1773733574208948025,-0.42,8.409937492055881e-20,0.8749994277780444,-0.4432584659400829,0.00621670426552688,1.0868817921515719,0.21324572676217285,,0.0,0.6645760902377558,0.0,1.778614777795836e-08,False,False,False
1385,1773733574.258086,1773733574258089037,-0.42,8.409937492055881e-20,0.8749994277780444,-0.4432584659400829,0.00621670426552688,1.0868817921515719,0.21324572676217285,,0.0,0.6645760902377558,0.0,0.0,False,False,False
1386,1773733574.3080387,1773733574308041823,-0.42,8.409937492055881e-20,0.8749994277780444,-0.4432584665850964,0.0062166874715717715,1.0868817938091588,0.2132457279899234,,0.0,0.664576101920791,0.0,1.688788219711656e-08,False,False,False
1387,1773733574.3580656,1773733574358069688,-0.42,8.409937492055881e-20,0.8749994277780444,-0.4432584665850964,0.0062166874715717715,1.0868817938091588,0.2132457279899234,,0.0,0.664576101920791,0.0,0.0,False,False,False
1388,1773733574.4079905,1773733574407993825,-0.42,8.409937492055881e-20,0.8749994277780444,-0.4432584665850964,0.0062166874715717715,1.0868817938091588,0.2132457279899234,,0.0,0.664576101920791,0.0,0.0,False,False,False
1389,1773733574.4580333,1773733574458036860,-0.42,8.409937492055881e-20,0.8749994277780444,-0.44325846664168966,0.006216669665746874,1.0868817944146958,0.21324572807867448,,0.0,0.6645761133701715,0.0,1.781620829737829e-08,False,False,False
1390,1773733574.5079668,1773733574507969316,-0.42,8.409937492055881e-20,0.8749994277780444,-0.44325846664168966,0.006216669665746874,1.0868817944146958,0.21324572807867448,,0.0,0.6645761133701715,0.0,0.0,False,False,False
1391,1773733574.5580084,1773733574558011331,-0.42,8.409937492055881e-20,0.8749994277780444,-0.44325846664168966,0.006216669665746874,1.0868817944146958,0.21324572807867448,,0.0,0.6645761133701715,0.0,0.0,False,False,False
1392,1773733574.608026,1773733574608029537,-0.42,8.409937492055881e-20,0.8749994277780444,-0.4432584667786271,0.006216651880323823,1.086881795163635,0.2132457283192702,,0.0,0.6645761249249165,0.0,1.7801711569265926e-08,False,False,False
1393,1773733574.6579628,1773733574657965233,-0.42,8.409937492055881e-20,0.8749994277780444,-0.4432584667786271,0.006216651880323823,1.086881795163635,0.2132457283192702,,0.0,0.6645761249249165,0.0,0.0,False,False,False
1394,1773733574.7079327,1773733574707934799,-0.42,8.409937492055881e-20,0.8749994277780444,-0.4432584667786271,0.006216651880323823,1.086881795163635,0.2132457283192702,,0.0,0.6645761249249165,0.0,0.0,False,False,False
1395,1773733574.758682,1773733574758685539,-0.42,8.409937492055881e-20,0.8749994277780444,-0.44325846719069617,0.006216634435162736,1.0868817963654733,0.21324572904979885,,0.0,0.6645761366532965,0.0,1.7491365349482262e-08,False,False,False
1396,1773733574.807926,1773733574807928310,-0.42,8.409937492055881e-20,0.8749994277780444,-0.44325846719069617,0.006216634435162736,1.0868817963654733,0.21324572904979885,,0.0,0.6645761366532965,0.0,0.0,False,False,False
1397,1773733574.85797,1773733574857972316,-0.42,8.409937492055881e-20,0.8749994277780444,-0.4432584672161645,0.00621661644844875,1.086881796934889,0.2132457290939959,,0.0,0.6645761481792233,0.0,1.7995742908146184e-08,False,False,False
1398,1773733574.9081101,1773733574908113321,-0.42,8.409937492055881e-20,0.8749994277780444,-0.4432584672161645,0.00621661644844875,1.086881796934889,0.2132457290939959,,0.0,0.6645761481792233,0.0,0.0,False,False,False
1399,1773733574.958187,1773733574958191446,-0.42,8.409937492055881e-20,0.8749994277780444,-0.4432584672161645,0.00621661644844875,1.086881796934889,0.2132457290939959,,0.0,0.6645761481792233,0.0,0.0,False,False,False
1400,1773733575.008026,1773733575008030013,-0.42,8.409937492055881e-20,0.8749994277780444,-0.44325846737565183,0.006216598495933706,1.0868817977372156,0.2132457293852306,,0.0,0.6645761598777942,0.0,1.797114244171026e-08,False,False,False
1401,1773733575.059531,1773733575059534317,-0.42,8.409937492055881e-20,0.8749994277780444,-0.44325846737565183,0.006216598495933706,1.0868817977372156,0.2132457293852306,,0.0,0.6645761598777942,0.0,0.0,False,False,False
1402,1773733575.1086538,1773733575108656050,-0.42,8.409937492055881e-20,0.8749994277780444,-0.44325846737565183,0.006216598495933706,1.0868817977372156,0.2132457293852306,,0.0,0.6645761598777942,0.0,0.0,False,False,False
1403,1773733575.158056,1773733575158059060,-0.42,8.409937492055881e-20,0.8749994277780444,-0.44325813560120086,0.006216370628846423,1.0868787427634996,0.21324265111404136,,0.0,0.6645746383965521,0.0,3.081373411520693e-06,False,False,False
1404,1773733575.208026,1773733575208028576,-0.42,8.409937492055881e-20,0.8749994277780444,-0.44325813560120086,0.006216370628846423,1.0868787427634996,0.21324265111404136,,0.0,0.6645746383965521,0.0,0.0,False,False,False
1405,1773733575.2579906,1773733575257995192,-0.42,8.409937492055881e-20,0.8749994277780444,-0.44325813560120086,0.006216370628846423,1.0868787427634996,0.21324265111404136,,0.0,0.6645746383965521,0.0,0.0,False,False,False
1406,1773733575.3113205,1773733575311326504,-0.42,8.409937492055881e-20,0.8749994277780444,-0.44325629369053404,0.006215382278825473,1.0868629555064466,0.21322673508407844,,0.0,0.6645665790662343,0.0,1.5925041787239092e-05,False,False,False
1407,1773733575.3581572,1773733575358161203,-0.42,8.409937492055881e-20,0.8749994277780444,-0.44325629369053404,0.006215382278825473,1.0868629555064466,0.21322673508407844,,0.0,0.6645665790662343,0.0,0.0,False,False,False
1408,1773733575.4079561,1773733575407959170,-0.42,8.409937492055881e-20,0.8749994277780444,-0.44325276724626483,0.006212813576708108,1.0868292503915629,0.213192785960554,,0.0,0.6645499110200465,0.0,3.39863032570377e-05,False,False,False
1409,1773733575.4579961,1773733575458000195,-0.42,8.409937492055881e-20,0.8749994277780444,-0.44325276724626483,0.006212813576708108,1.0868292503915629,0.213192785960554,,0.0,0.6645499110200465,0.0,0.0,False,False,False
1410,1773733575.507937,1773733575507939532,-0.42,8.409937492055881e-20,0.8749994277780444,-0.44325276724626483,0.006212813576708108,1.0868292503915629,0.213192785960554,,0.0,0.6645499110200465,0.0,0.0,False,False,False
1411,1773733575.5588844,1773733575558888811,-0.42,8.409937492055881e-20,0.8749994277780444,-0.4432469634038297,0.006208461003560482,1.0867742046561546,0.21313733229377035,,0.0,0.6645227631767125,0.0,5.552172967995726e-05,False,False,False
1412,1773733575.6079853,1773733575607987583,-0.42,8.409937492055881e-20,0.8749994277780444,-0.4432469634038297,0.006208461003560482,1.0867742046561546,0.21313733229377035,,0.0,0.6645227631767125,0.0,0.0,False,False,False
1413,1773733575.6580212,1773733575658024649,-0.42,8.409937492055881e-20,0.8749994277780444,-0.4432387851314336,0.006202255539267806,1.0866964334660707,0.2130589855543191,,0.0,0.6644844617971062,0.0,7.844584076633876e-05,False,False,False
1414,1773733575.7079914,1773733575707994405,-0.42,8.409937492055881e-20,0.8749994277780444,-0.4432387851314336,0.006202255539267806,1.0866964334660707,0.2130589855543191,,0.0,0.6644844617971062,0.0,0.0,False,False,False
1415,1773733575.75806,1773733575758063640,-0.42,8.409937492055881e-20,0.8749994277780444,-0.4432387851314336,0.006202255539267806,1.0866964334660707,0.2130589855543191,,0.0,0.6644844617971062,0.0,0.0,False,False,False
1416,1773733575.808012,1773733575808014416,-0.42,8.409937492055881e-20,0.8749994277780444,-0.44322824053532583,0.006194280735357173,1.086595217309685,0.2129570342104568,,0.0,0.6644346224914158,0.0,0.0001020759340785357,False,False,False
1417,1773733575.857992,1773733575857995062,-0.42,8.409937492055881e-20,0.8749994277780444,-0.44322824053532583,0.006194280735357173,1.086595217309685,0.2129570342104568,,0.0,0.6644346224914158,0.0,0.0,False,False,False
1418,1773733575.9079552,1773733575907957448,-0.42,8.409937492055881e-20,0.8749994277780444,-0.4432153380345311,0.006184476725079565,1.0864701203901213,0.21283104450773174,,0.0,0.6643730882644983,0.0,0.00012614211203477082,False,False,False
1419,1773733575.9580917,1773733575958096223,-0.42,8.409937492055881e-20,0.8749994277780444,-0.4432153380345311,0.006184476725079565,1.0864701203901213,0.21283104450773174,,0.0,0.6643730882644983,0.0,0.0,False,False,False
1420,1773733576.0080442,1773733576008047479,-0.42,8.409937492055881e-20,0.8749994277780444,-0.4432153380345311,0.006184476725079565,1.0864701203901213,0.21283104450773174,,0.0,0.6643730882644983,0.0,0.0,False,False,False
1421,1773733576.057975,1773733576057977786,-0.42,8.409937492055881e-20,0.8749994277780444,-0.4432001018364467,0.006172669504127723,1.086320829865629,0.2126807032955536,,0.0,0.6642998441115724,0.0,0.00015052977413730498,False,False,False
1422,1773733576.107925,1773733576107927332,-0.42,8.409937492055881e-20,0.8749994277780444,-0.4432001018364467,0.006172669504127723,1.086320829865629,0.2126807032955536,,0.0,0.6642998441115724,0.0,0.0,False,False,False
1423,1773733576.157956,1773733576157959308,-0.42,8.409937492055881e-20,0.8749994277780444,-0.4432001018364467,0.006172669504127723,1.086320829865629,0.2126807032955536,,0.0,0.6642998441115724,0.0,0.0,False,False,False
1424,1773733576.2081645,1773733576208170742,-0.42,8.409937492055881e-20,0.8749994277780444,-0.44318274290441034,0.00615929451698898,1.0861474177631252,0.21250611791724672,,0.0,0.6642147951789713,0.0,0.0001747912471985369,False,False,False
1425,1773733576.2581644,1773733576258167919,-0.42,8.409937492055881e-20,0.8749994277780444,-0.44318274290441034,0.00615929451698898,1.0861474177631252,0.21250611791724672,,0.0,0.6642147951789713,0.0,0.0,False,False,False
1426,1773733576.3080394,1773733576308042505,-0.42,8.409937492055881e-20,0.8749994277780444,-0.44318274290441034,0.00615929451698898,1.0861474177631252,0.21250611791724672,,0.0,0.6642147951789713,0.0,0.0,False,False,False
1427,1773733576.357991,1773733576357994542,-0.42,8.409937492055881e-20,0.8749994277780444,-0.4431631664490674,0.0061438257620577055,1.0859488330012168,0.21230621855930626,,0.0,0.6641177256234027,0.0,0.00020014601581126452,False,False,False
1428,1773733576.4079692,1773733576407972378,-0.42,8.409937492055881e-20,0.8749994277780444,-0.4431631664490674,0.0061438257620577055,1.0859488330012168,0.21230621855930626,,0.0,0.6641177256234027,0.0,0.0,False,False,False
1429,1773733576.458035,1773733576458037983,-0.42,8.409937492055881e-20,0.8749994277780444,-0.4431416237372869,0.006126587010828443,1.0857253756164542,0.21208134031544507,,0.0,0.6640087487685117,0.0,0.00022515431548104968,False,False,False
1430,1773733576.5089483,1773733576508950643,-0.42,8.409937492055881e-20,0.8749994277780444,-0.4431416237372869,0.006126587010828443,1.0857253756164542,0.21208134031544507,,0.0,0.6640087487685117,0.0,0.0,False,False,False
1431,1773733576.5605948,1773733576560597597,-0.42,8.409937492055881e-20,0.8749994277780444,-0.4431416237372869,0.006126587010828443,1.0857253756164542,0.21208134031544507,,0.0,0.6640087487685117,0.0,0.0,False,False,False
1432,1773733576.6079412,1773733576607943682,-0.42,8.409937492055881e-20,0.8749994277780444,-0.4431183189750629,0.006108059870807666,1.0854767278713504,0.2118312038444424,,0.0,0.663887557894601,0.0,0.00025042377683613166,False,False,False
1433,1773733576.658047,1773733576658049187,-0.42,8.409937492055881e-20,0.8749994277780444,-0.4431183189750629,0.006108059870807666,1.0854767278713504,0.2118312038444424,,0.0,0.663887557894601,0.0,0.0,False,False,False
1434,1773733576.7080314,1773733576708034463,-0.42,8.409937492055881e-20,0.8749994277780444,-0.44308646591889017,0.006091678532918058,1.0851815325974241,0.21153394678461707,,0.0,0.6637376728298225,0.0,0.00029736041291169896,False,False,False
1435,1773733576.7580242,1773733576758026850,-0.42,8.409937492055881e-20,0.8749994277780444,-0.44308646591889017,0.006091678532918058,1.0851815325974241,0.21153394678461707,,0.0,0.6637376728298225,0.0,0.0,False,False,False
1436,1773733576.8079967,1773733576808000016,-0.42,8.409937492055881e-20,0.8749994277780444,-0.44308646591889017,0.006091678532918058,1.0851815325974241,0.21153394678461707,,0.0,0.6637376728298225,0.0,0.0,False,False,False
1437,1773733576.857864,1773733576857865943,-0.42,8.409937492055881e-20,0.8749994277780444,-0.443062061496085,0.006078765851294186,1.0848896999870572,0.21124094404896404,,0.0,0.6635919197172169,0.0,0.00029313578026699563,False,False,False
1438,1773733576.9091072,1773733576909109700,-0.42,8.409937492055881e-20,0.8749994277780444,-0.443062061496085,0.006078765851294186,1.0848896999870572,0.21124094404896404,,0.0,0.6635919197172169,0.0,0.0,False,False,False
1439,1773733576.959386,1773733576959389743,-0.42,8.409937492055881e-20,0.8749994277780444,-0.443062061496085,0.006078765851294186,1.0848896999870572,0.21124094404896404,,0.0,0.6635919197172169,0.0,0.0,False,False,False
