index,wall_time,sim_time_ns,object_x,object_y,object_z,tcp_x,tcp_y,tcp_z,dist_tcp_object,attached_state,object_disp_from_start,tcp_disp_from_start,object_step,tcp_step,anomaly_detached_object_motion,anomaly_far_attached,anomaly_object_moves_more_than_tcp
0,1773733474.999381,1773733474999385213,,,,,,,,,,,,,False,False,False
1,1773733475.0483305,1773733475048337059,,,,,,,,,,,,,False,False,False
2,1773733475.0982769,1773733475098279657,,,,,,,,,,,,,False,False,False
3,1773733475.1484942,1773733475148498184,,,,,,,,,,,,,False,False,False
4,1773733475.1995862,1773733475199589233,,,,,,,,,,,,,False,False,False
5,1773733475.2482946,1773733475248298251,,,,,,,,,,,,,False,False,False
6,1773733475.298266,1773733475298274509,,,,,,,,,,,,,False,False,False
7,1773733475.348509,1773733475348514126,,,,,,,,,,,,,False,False,False
8,1773733475.398388,1773733475398391935,,,,,,,,,,,,,False,False,False
9,1773733475.4482365,1773733475448240384,,,,,,,,,,,,,False,False,False
10,1773733475.4983225,1773733475498325511,,,,,,,,,,,,,False,False,False
11,1773733475.5482872,1773733475548291540,,,,,,,,,,,,,False,False,False
12,1773733475.5982573,1773733475598262547,,,,,,,,,,,,,False,False,False
13,1773733475.6483464,1773733475648350785,,,,,,,,,,,,,False,False,False
14,1773733475.6983745,1773733475698377933,,,,,,,,,,,,,False,False,False
15,1773733475.7483602,1773733475748363801,,,,,,,,,,,,,False,False,False
16,1773733475.7982938,1773733475798298140,,,,,,,,,,,,,False,False,False
17,1773733475.8482852,1773733475848289368,,,,,,,,,,,,,False,False,False
18,1773733475.8983262,1773733475898330386,,,,,,,,,,,,,False,False,False
19,1773733475.9482844,1773733475948289344,,,,,,,,,,,,,False,False,False
20,1773733475.998212,1773733475998215592,,,,,,,,,,,,,False,False,False
21,1773733476.0482326,1773733476048235381,,,,,,,,,,,,,False,False,False
22,1773733476.0579088,1773733476057910997,,,,-0.032749999999999946,0.4214499999611738,0.7695089999135591,,,,0.0,,,False,False,False
23,1773733476.1080554,1773733476108058294,,,,-0.032749999999999946,0.4214499999611738,0.7695089999135591,,,,0.0,,0.0,False,False,False
24,1773733476.1580353,1773733476158038092,,,,-0.032749999999999946,0.4214499999611738,0.7695089999135591,,,,0.0,,0.0,False,False,False
25,1773733476.208047,1773733476208051670,,,,-0.032749999999999946,0.4214499999611738,0.7695089999135591,,,,0.0,,0.0,False,False,False
26,1773733476.2580302,1773733476258033139,,,,-0.032749999999999946,0.4214499999611738,0.7695089999135591,,,,0.0,,0.0,False,False,False
27,1773733476.3080466,1773733476308050197,,,,-0.032749999999999946,0.4214499999611738,0.7695089999135591,,,,0.0,,0.0,False,False,False
28,1773733476.358051,1773733476358054065,,,,-0.032749999999999946,0.4214499999611738,0.7695089999135591,,,,0.0,,0.0,False,False,False
29,1773733476.4080703,1773733476408074613,-0.42,8.409937492055881e-20,0.8749994277780444,-0.032749999999999946,0.4214499999611738,0.7695089999135591,0.581988741590682,,0.0,0.0,,0.0,False,False,False
30,1773733476.4579213,1773733476457923502,-0.42,8.409937492055881e-20,0.8749994277780444,-0.032749999999999946,0.4214499999611738,0.7695089999135591,0.581988741590682,,0.0,0.0,0.0,0.0,False,False,False
31,1773733476.5098684,1773733476509870406,-0.42,8.409937492055881e-20,0.8749994277780444,-0.032749999999999946,0.4214499999611738,0.7695089999135591,0.581988741590682,,0.0,0.0,0.0,0.0,False,False,False
32,1773733476.557993,1773733476557995109,-0.42,8.409937492055881e-20,0.8749994277780444,-0.032749999999999946,0.4214499999611738,0.7695089999135591,0.581988741590682,,0.0,0.0,0.0,0.0,False,False,False
33,1773733476.6079822,1773733476607985527,-0.42,8.409937492055881e-20,0.8749994277780444,-0.032749999999999946,0.4214499999611738,0.7695089999135591,0.581988741590682,,0.0,0.0,0.0,0.0,False,False,False
34,1773733476.659369,1773733476659371864,-0.42,8.409937492055881e-20,0.8749994277780444,-0.032749999999999946,0.4214499999611738,0.7695089999135591,0.581988741590682,,0.0,0.0,0.0,0.0,False,False,False
35,1773733476.7081041,1773733476708108372,-0.42,8.409937492055881e-20,0.8749994277780444,-0.032749999999999946,0.4214499999611738,0.7695089999135591,0.581988741590682,,0.0,0.0,0.0,0.0,False,False,False
36,1773733476.7580268,1773733476758029191,-0.42,8.409937492055881e-20,0.8749994277780444,-0.032749999999999946,0.4214499999611738,0.7695089999135591,0.581988741590682,,0.0,0.0,0.0,0.0,False,False,False
37,1773733476.8079622,1773733476807965430,-0.42,8.409937492055881e-20,0.8749994277780444,-0.032749999999999946,0.4214499999611738,0.7695089999135591,0.581988741590682,,0.0,0.0,0.0,0.0,False,False,False
38,1773733476.8606873,1773733476860690217,-0.42,8.409937492055881e-20,0.8749994277780444,-0.032749999999999946,0.4214499999611738,0.7695089999135591,0.581988741590682,,0.0,0.0,0.0,0.0,False,False,False
39,1773733476.9080088,1773733476908011236,-0.42,8.409937492055881e-20,0.8749994277780444,-0.032749999999999946,0.4214499999611738,0.7695089999135591,0.581988741590682,,0.0,0.0,0.0,0.0,False,False,False
40,1773733476.9579213,1773733476957923555,-0.42,8.409937492055881e-20,0.8749994277780444,-0.032749999999999946,0.4214499999611738,0.7695089999135591,0.581988741590682,,0.0,0.0,0.0,0.0,False,False,False
41,1773733477.007946,1773733477007949683,-0.42,8.409937492055881e-20,0.8749994277780444,-0.032749999999999946,0.4214499999611738,0.7695089999135591,0.581988741590682,,0.0,0.0,0.0,0.0,False,False,False
42,1773733477.0579975,1773733477058001091,-0.42,8.409937492055881e-20,0.8749994277780444,-0.032749999999999946,0.4214499999611738,0.7695089999135591,0.581988741590682,,0.0,0.0,0.0,0.0,False,False,False
43,1773733477.109947,1773733477109950874,-0.42,8.409937492055881e-20,0.8749994277780444,-0.032749999999999946,0.4214499999611738,0.7695089999135591,0.581988741590682,,0.0,0.0,0.0,0.0,False,False,False
44,1773733477.1579993,1773733477158001748,-0.42,8.409937492055881e-20,0.8749994277780444,-0.032749999999999946,0.4214499999611738,0.7695089999135591,0.581988741590682,,0.0,0.0,0.0,0.0,False,False,False
45,1773733477.2080636,1773733477208066236,-0.42,8.409937492055881e-20,0.8749994277780444,-0.032749999999999946,0.4214499999611738,0.7695089999135591,0.581988741590682,,0.0,0.0,0.0,0.0,False,False,False
46,1773733477.2580142,1773733477258016324,-0.42,8.409937492055881e-20,0.8749994277780444,-0.032749999999999946,0.4214499999611738,0.7695089999135591,0.581988741590682,,0.0,0.0,0.0,0.0,False,False,False
47,1773733477.308025,1773733477308027843,-0.42,8.409937492055881e-20,0.8749994277780444,-0.032749999999999946,0.4214499999611738,0.7695089999135591,0.581988741590682,,0.0,0.0,0.0,0.0,False,False,False
48,1773733477.3579714,1773733477357974602,-0.42,8.409937492055881e-20,0.8749994277780444,-0.032749999999999946,0.4214499999611738,0.7695089999135591,0.581988741590682,,0.0,0.0,0.0,0.0,False,False,False
49,1773733477.407935,1773733477407937380,-0.42,8.409937492055881e-20,0.8749994277780444,-0.032749999999999946,0.4214499999611738,0.7695089999135591,0.581988741590682,,0.0,0.0,0.0,0.0,False,False,False
50,1773733477.4580142,1773733477458017298,-0.42,8.409937492055881e-20,0.8749994277780444,-0.032749999999999946,0.4214499999611738,0.7695089999135591,0.581988741590682,,0.0,0.0,0.0,0.0,False,False,False
51,1773733477.5079918,1773733477507995437,-0.42,8.409937492055881e-20,0.8749994277780444,-0.032749999999999946,0.4214499999611738,0.7695089999135591,0.581988741590682,,0.0,0.0,0.0,0.0,False,False,False
52,1773733477.557988,1773733477557990755,-0.42,8.409937492055881e-20,0.8749994277780444,-0.032749999999999946,0.4214499999611738,0.7695089999135591,0.581988741590682,,0.0,0.0,0.0,0.0,False,False,False
53,1773733477.6079419,1773733477607944704,-0.42,8.409937492055881e-20,0.8749994277780444,-0.032749999999999946,0.4214499999611738,0.7695089999135591,0.581988741590682,,0.0,0.0,0.0,0.0,False,False,False
54,1773733477.6618276,1773733477661833143,-0.42,8.409937492055881e-20,0.8749994277780444,-0.032749999999999946,0.4214499999611738,0.7695089999135591,0.581988741590682,,0.0,0.0,0.0,0.0,False,False,False
55,1773733477.7080166,1773733477708021160,-0.42,8.409937492055881e-20,0.8749994277780444,-0.032749999999999946,0.4214499999611738,0.7695089999135591,0.581988741590682,,0.0,0.0,0.0,0.0,False,False,False
56,1773733477.7581286,1773733477758133258,-0.42,8.409937492055881e-20,0.8749994277780444,-0.032749999999999946,0.4214499999611738,0.7695089999135591,0.581988741590682,,0.0,0.0,0.0,0.0,False,False,False
57,1773733477.8079724,1773733477807975068,-0.42,8.409937492055881e-20,0.8749994277780444,-0.032749999999999946,0.4214499999611738,0.7695089999135591,0.581988741590682,,0.0,0.0,0.0,0.0,False,False,False
58,1773733477.8581586,1773733477858161855,-0.42,8.409937492055881e-20,0.8749994277780444,-0.032749999999999946,0.4214499999611738,0.7695089999135591,0.581988741590682,,0.0,0.0,0.0,0.0,False,False,False
59,1773733477.9107015,1773733477910705294,-0.42,8.409937492055881e-20,0.8749994277780444,-0.032749999999999946,0.4214499999611738,0.7695089999135591,0.581988741590682,,0.0,0.0,0.0,0.0,False,False,False
60,1773733477.957977,1773733477957979873,-0.42,8.409937492055881e-20,0.8749994277780444,-0.032749999999999946,0.4214499999611738,0.7695089999135591,0.581988741590682,,0.0,0.0,0.0,0.0,False,False,False
61,1773733478.0083485,1773733478008351518,-0.42,8.409937492055881e-20,0.8749994277780444,-0.032749999999999946,0.4214499999611738,0.7695089999135591,0.581988741590682,,0.0,0.0,0.0,0.0,False,False,False
62,1773733478.058067,1773733478058069449,-0.42,8.409937492055881e-20,0.8749994277780444,-0.032749999999999946,0.4214499999611738,0.7695089999135591,0.581988741590682,,0.0,0.0,0.0,0.0,False,False,False
63,1773733478.1079803,1773733478107982449,-0.42,8.409937492055881e-20,0.8749994277780444,-0.032749999999999946,0.4214499999611738,0.7695089999135591,0.581988741590682,,0.0,0.0,0.0,0.0,False,False,False
64,1773733478.157949,1773733478157950877,-0.42,8.409937492055881e-20,0.8749994277780444,-0.032749999999999946,0.4214499999611738,0.7695089999135591,0.581988741590682,,0.0,0.0,0.0,0.0,False,False,False
65,1773733478.2083478,1773733478208349973,-0.42,8.409937492055881e-20,0.8749994277780444,-0.032749999999999946,0.4214499999611738,0.7695089999135591,0.581988741590682,,0.0,0.0,0.0,0.0,False,False,False
66,1773733478.258203,1773733478258207193,-0.42,8.409937492055881e-20,0.8749994277780444,-0.032749999999999946,0.4214499999611738,0.7695089999135591,0.581988741590682,,0.0,0.0,0.0,0.0,False,False,False
67,1773733478.3080332,1773733478308037043,-0.42,8.409937492055881e-20,0.8749994277780444,-0.032749999999999946,0.4214499999611738,0.7695089999135591,0.581988741590682,,0.0,0.0,0.0,0.0,False,False,False
68,1773733478.3581653,1773733478358169710,-0.42,8.409937492055881e-20,0.8749994277780444,-0.032749999999999946,0.4214499999611738,0.7695089999135591,0.581988741590682,,0.0,0.0,0.0,0.0,False,False,False
69,1773733478.4079459,1773733478407949971,-0.42,8.409937492055881e-20,0.8749994277780444,-0.032749999999999946,0.4214499999611738,0.7695089999135591,0.581988741590682,,0.0,0.0,0.0,0.0,False,False,False
70,1773733478.460856,1773733478460859557,-0.42,8.409937492055881e-20,0.8749994277780444,-0.032749999999999946,0.4214499999611738,0.7695089999135591,0.581988741590682,,0.0,0.0,0.0,0.0,False,False,False
71,1773733478.5079777,1773733478507980658,-0.42,8.409937492055881e-20,0.8749994277780444,-0.032749999999999946,0.4214499999611738,0.7695089999135591,0.581988741590682,,0.0,0.0,0.0,0.0,False,False,False
72,1773733478.5579946,1773733478557996956,-0.42,8.409937492055881e-20,0.8749994277780444,-0.032749999999999946,0.4214499999611738,0.7695089999135591,0.581988741590682,,0.0,0.0,0.0,0.0,False,False,False
73,1773733478.6079693,1773733478607971965,-0.42,8.409937492055881e-20,0.8749994277780444,-0.032749999999999946,0.4214499999611738,0.7695089999135591,0.581988741590682,,0.0,0.0,0.0,0.0,False,False,False
74,1773733478.658237,1773733478658239681,-0.42,8.409937492055881e-20,0.8749994277780444,-0.032749999999999946,0.4214499999611738,0.7695089999135591,0.581988741590682,,0.0,0.0,0.0,0.0,False,False,False
75,1773733478.709043,1773733478709044724,-0.42,8.409937492055881e-20,0.8749994277780444,-0.032749999999999946,0.4214499999611738,0.7695089999135591,0.581988741590682,,0.0,0.0,0.0,0.0,False,False,False
76,1773733478.7580945,1773733478758098000,-0.42,8.409937492055881e-20,0.8749994277780444,-0.032749999999999946,0.4214499999611738,0.7695089999135591,0.581988741590682,,0.0,0.0,0.0,0.0,False,False,False
77,1773733478.808075,1773733478808077279,-0.42,8.409937492055881e-20,0.8749994277780444,-0.032749999999999946,0.4214499999611738,0.7695089999135591,0.581988741590682,,0.0,0.0,0.0,0.0,False,False,False
78,1773733478.8581097,1773733478858111887,-0.42,8.409937492055881e-20,0.8749994277780444,-0.032749999999999946,0.4214499999611738,0.7695089999135591,0.581988741590682,,0.0,0.0,0.0,0.0,False,False,False
79,1773733478.9079378,1773733478907939547,-0.42,8.409937492055881e-20,0.8749994277780444,-0.032749999999999946,0.4214499999611738,0.7695089999135591,0.581988741590682,,0.0,0.0,0.0,0.0,False,False,False
80,1773733478.957987,1773733478957989515,-0.42,8.409937492055881e-20,0.8749994277780444,-0.032749999999999946,0.4214499999611738,0.7695089999135591,0.581988741590682,,0.0,0.0,0.0,0.0,False,False,False
81,1773733479.0079691,1773733479007972134,-0.42,8.409937492055881e-20,0.8749994277780444,-0.032749999999999946,0.4214499999611738,0.7695089999135591,0.581988741590682,,0.0,0.0,0.0,0.0,False,False,False
82,1773733479.0579205,1773733479057922943,-0.42,8.409937492055881e-20,0.8749994277780444,-0.032749999999999946,0.4214499999611738,0.7695089999135591,0.581988741590682,,0.0,0.0,0.0,0.0,False,False,False
83,1773733479.1080778,1773733479108081521,-0.42,8.409937492055881e-20,0.8749994277780444,-0.032749999999999946,0.4214499999611738,0.7695089999135591,0.581988741590682,,0.0,0.0,0.0,0.0,False,False,False
84,1773733479.157994,1773733479157996860,-0.42,8.409937492055881e-20,0.8749994277780444,-0.032749999999999946,0.4214499999611738,0.7695089999135591,0.581988741590682,,0.0,0.0,0.0,0.0,False,False,False
85,1773733479.2080905,1773733479208095258,-0.42,8.409937492055881e-20,0.8749994277780444,-0.032749999999999946,0.4214499999611738,0.7695089999135591,0.581988741590682,,0.0,0.0,0.0,0.0,False,False,False
86,1773733479.258037,1773733479258040528,-0.42,8.409937492055881e-20,0.8749994277780444,-0.032749999999999946,0.4214499999611738,0.7695089999135591,0.581988741590682,,0.0,0.0,0.0,0.0,False,False,False
87,1773733479.3091595,1773733479309161538,-0.42,8.409937492055881e-20,0.8749994277780444,-0.032749999999999946,0.4214499999611738,0.7695089999135591,0.581988741590682,,0.0,0.0,0.0,0.0,False,False,False
88,1773733479.3580732,1773733479358076585,-0.42,8.409937492055881e-20,0.8749994277780444,-0.032749999999999946,0.4214499999611738,0.7695089999135591,0.581988741590682,,0.0,0.0,0.0,0.0,False,False,False
89,1773733479.408058,1773733479408061254,-0.42,8.409937492055881e-20,0.8749994277780444,-0.032749999999999946,0.4214499999611738,0.7695089999135591,0.581988741590682,,0.0,0.0,0.0,0.0,False,False,False
90,1773733479.457987,1773733479457989583,-0.42,8.409937492055881e-20,0.8749994277780444,-0.032749999999999946,0.4214499999611738,0.7695089999135591,0.581988741590682,,0.0,0.0,0.0,0.0,False,False,False
91,1773733479.5079765,1773733479507979502,-0.42,8.409937492055881e-20,0.8749994277780444,-0.032749999999999946,0.4214499999611738,0.7695089999135591,0.581988741590682,,0.0,0.0,0.0,0.0,False,False,False
92,1773733479.558024,1773733479558028461,-0.42,8.409937492055881e-20,0.8749994277780444,-0.032749999999999946,0.4214499999611738,0.7695089999135591,0.581988741590682,,0.0,0.0,0.0,0.0,False,False,False
93,1773733479.608007,1773733479608009940,-0.42,8.409937492055881e-20,0.8749994277780444,-0.032749999999999946,0.4214499999611738,0.7695089999135591,0.581988741590682,,0.0,0.0,0.0,0.0,False,False,False
94,1773733479.658813,1773733479658816782,-0.42,8.409937492055881e-20,0.8749994277780444,-0.032749999999999946,0.4214499999611738,0.7695089999135591,0.581988741590682,,0.0,0.0,0.0,0.0,False,False,False
95,1773733479.7088144,1773733479708819971,-0.42,8.409937492055881e-20,0.8749994277780444,-0.032749999999999946,0.4214499999611738,0.7695089999135591,0.581988741590682,,0.0,0.0,0.0,0.0,False,False,False
96,1773733479.7580197,1773733479758022736,-0.42,8.409937492055881e-20,0.8749994277780444,-0.032749999999999946,0.4214499999611738,0.7695089999135591,0.581988741590682,,0.0,0.0,0.0,0.0,False,False,False
97,1773733479.8079832,1773733479807986715,-0.42,8.409937492055881e-20,0.8749994277780444,-0.032749999999999946,0.4214499999611738,0.7695089999135591,0.581988741590682,,0.0,0.0,0.0,0.0,False,False,False
98,1773733479.857922,1773733479857924624,-0.42,8.409937492055881e-20,0.8749994277780444,-0.032749999999999946,0.4214499999611738,0.7695089999135591,0.581988741590682,,0.0,0.0,0.0,0.0,False,False,False
99,1773733479.90802,1773733479908023502,-0.42,8.409937492055881e-20,0.8749994277780444,-0.032749999999999946,0.4214499999611738,0.7695089999135591,0.581988741590682,,0.0,0.0,0.0,0.0,False,False,False
100,1773733479.9580543,1773733479958058581,-0.42,8.409937492055881e-20,0.8749994277780444,-0.032749999999999946,0.4214499999611738,0.7695089999135591,0.581988741590682,,0.0,0.0,0.0,0.0,False,False,False
101,1773733480.0079706,1773733480007974470,-0.42,8.409937492055881e-20,0.8749994277780444,-0.032749999999999946,0.4214499999611738,0.7695089999135591,0.581988741590682,,0.0,0.0,0.0,0.0,False,False,False
102,1773733480.0580018,1773733480058004579,-0.42,8.409937492055881e-20,0.8749994277780444,-0.032749999999999946,0.4214499999611738,0.7695089999135591,0.581988741590682,,0.0,0.0,0.0,0.0,False,False,False
103,1773733480.1079514,1773733480107954319,-0.42,8.409937492055881e-20,0.8749994277780444,-0.032749999999999946,0.4214499999611738,0.7695089999135591,0.581988741590682,,0.0,0.0,0.0,0.0,False,False,False
104,1773733480.1583033,1773733480158306795,-0.42,8.409937492055881e-20,0.8749994277780444,-0.032749999999999946,0.4214499999611738,0.7695089999135591,0.581988741590682,,0.0,0.0,0.0,0.0,False,False,False
105,1773733480.2080023,1773733480208004926,-0.42,8.409937492055881e-20,0.8749994277780444,-0.032749999999999946,0.4214499999611738,0.7695089999135591,0.581988741590682,,0.0,0.0,0.0,0.0,False,False,False
106,1773733480.258628,1773733480258633080,-0.42,8.409937492055881e-20,0.8749994277780444,-0.032749999999999946,0.4214499999611738,0.7695089999135591,0.581988741590682,,0.0,0.0,0.0,0.0,False,False,False
107,1773733480.3080351,1773733480308038414,-0.42,8.409937492055881e-20,0.8749994277780444,-0.032749999999999946,0.4214499999611738,0.7695089999135591,0.581988741590682,,0.0,0.0,0.0,0.0,False,False,False
108,1773733480.3579054,1773733480357907624,-0.42,8.409937492055881e-20,0.8749994277780444,-0.032749999999999946,0.4214499999611738,0.7695089999135591,0.581988741590682,,0.0,0.0,0.0,0.0,False,False,False
109,1773733480.4112465,1773733480411251228,-0.42,8.409937492055881e-20,0.8749994277780444,-0.032749999999999946,0.4214499999611738,0.7695089999135591,0.581988741590682,,0.0,0.0,0.0,0.0,False,False,False
110,1773733480.4581268,1773733480458132670,-0.42,8.409937492055881e-20,0.8749994277780444,-0.032749999999999946,0.4214499999611738,0.7695089999135591,0.581988741590682,,0.0,0.0,0.0,0.0,False,False,False
111,1773733480.508044,1773733480508047810,-0.42,8.409937492055881e-20,0.8749994277780444,-0.032749999999999946,0.4214499999611738,0.7695089999135591,0.581988741590682,,0.0,0.0,0.0,0.0,False,False,False
112,1773733480.5580943,1773733480558099169,-0.42,8.409937492055881e-20,0.8749994277780444,-0.032749999999999946,0.4214499999611738,0.7695089999135591,0.581988741590682,,0.0,0.0,0.0,0.0,False,False,False
113,1773733480.6079593,1773733480607962959,-0.42,8.409937492055881e-20,0.8749994277780444,-0.032749999999999946,0.4214499999611738,0.7695089999135591,0.581988741590682,,0.0,0.0,0.0,0.0,False,False,False
114,1773733480.6582549,1773733480658259335,-0.42,8.409937492055881e-20,0.8749994277780444,-0.032749999999999946,0.4214499999611738,0.7695089999135591,0.581988741590682,,0.0,0.0,0.0,0.0,False,False,False
115,1773733480.70799,1773733480707992576,-0.42,8.409937492055881e-20,0.8749994277780444,-0.032749999999999946,0.4214499999611738,0.7695089999135591,0.581988741590682,,0.0,0.0,0.0,0.0,False,False,False
116,1773733480.7579994,1773733480758003395,-0.42,8.409937492055881e-20,0.8749994277780444,-0.032749999999999946,0.4214499999611738,0.7695089999135591,0.581988741590682,,0.0,0.0,0.0,0.0,False,False,False
117,1773733480.8085034,1773733480808506321,-0.42,8.409937492055881e-20,0.8749994277780444,-0.032749999999999946,0.4214499999611738,0.7695089999135591,0.581988741590682,,0.0,0.0,0.0,0.0,False,False,False
118,1773733480.858167,1773733480858172082,-0.42,8.409937492055881e-20,0.8749994277780444,-0.032749999999999946,0.4214499999611738,0.7695089999135591,0.581988741590682,,0.0,0.0,0.0,0.0,False,False,False
119,1773733480.9079893,1773733480907992603,-0.42,8.409937492055881e-20,0.8749994277780444,-0.032749999999999946,0.4214499999611738,0.7695089999135591,0.581988741590682,,0.0,0.0,0.0,0.0,False,False,False
120,1773733480.9580827,1773733480958086931,-0.42,8.409937492055881e-20,0.8749994277780444,-0.032749999999999946,0.4214499999611738,0.7695089999135591,0.581988741590682,,0.0,0.0,0.0,0.0,False,False,False
121,1773733481.0080771,1773733481008081750,-0.42,8.409937492055881e-20,0.8749994277780444,-0.032749999999999946,0.4214499999611738,0.7695089999135591,0.581988741590682,,0.0,0.0,0.0,0.0,False,False,False
122,1773733481.0580008,1773733481058003400,-0.42,8.409937492055881e-20,0.8749994277780444,-0.032749999999999946,0.4214499999611738,0.7695089999135591,0.581988741590682,,0.0,0.0,0.0,0.0,False,False,False
123,1773733481.1079862,1773733481107988819,-0.42,8.409937492055881e-20,0.8749994277780444,-0.032749999999999946,0.4214499999611738,0.7695089999135591,0.581988741590682,,0.0,0.0,0.0,0.0,False,False,False
124,1773733481.1580565,1773733481158059918,-0.42,8.409937492055881e-20,0.8749994277780444,-0.032749999999999946,0.4214499999611738,0.7695089999135591,0.581988741590682,,0.0,0.0,0.0,0.0,False,False,False
125,1773733481.2079482,1773733481207951608,-0.42,8.409937492055881e-20,0.8749994277780444,-0.032749999999999946,0.4214499999611738,0.7695089999135591,0.581988741590682,,0.0,0.0,0.0,0.0,False,False,False
126,1773733481.259713,1773733481259717444,-0.42,8.409937492055881e-20,0.8749994277780444,-0.032749999999999946,0.4214499999611738,0.7695089999135591,0.581988741590682,,0.0,0.0,0.0,0.0,False,False,False
127,1773733481.3080082,1773733481308010676,-0.42,8.409937492055881e-20,0.8749994277780444,-0.032749999999999946,0.4214499999611738,0.7695089999135591,0.581988741590682,,0.0,0.0,0.0,0.0,False,False,False
128,1773733481.3580098,1773733481358012435,-0.42,8.409937492055881e-20,0.8749994277780444,-0.032749999999999946,0.4214499999611738,0.7695089999135591,0.581988741590682,,0.0,0.0,0.0,0.0,False,False,False
129,1773733481.40798,1773733481407982584,-0.42,8.409937492055881e-20,0.8749994277780444,-0.032749999999999946,0.4214499999611738,0.7695089999135591,0.581988741590682,,0.0,0.0,0.0,0.0,False,False,False
130,1773733481.458205,1773733481458208462,-0.42,8.409937492055881e-20,0.8749994277780444,-0.032749999999999946,0.4214499999611738,0.7695089999135591,0.581988741590682,,0.0,0.0,0.0,0.0,False,False,False
131,1773733481.508031,1773733481508034652,-0.42,8.409937492055881e-20,0.8749994277780444,-0.032749999999999946,0.4214499999611738,0.7695089999135591,0.581988741590682,,0.0,0.0,0.0,0.0,False,False,False
132,1773733481.5579765,1773733481557980002,-0.42,8.409937492055881e-20,0.8749994277780444,-0.032749999999999946,0.4214499999611738,0.7695089999135591,0.581988741590682,,0.0,0.0,0.0,0.0,False,False,False
133,1773733481.6080408,1773733481608044371,-0.42,8.409937492055881e-20,0.8749994277780444,-0.032749999999999946,0.4214499999611738,0.7695089999135591,0.581988741590682,,0.0,0.0,0.0,0.0,False,False,False
134,1773733481.657992,1773733481657994520,-0.42,8.409937492055881e-20,0.8749994277780444,-0.032749999999999946,0.4214499999611738,0.7695089999135591,0.581988741590682,,0.0,0.0,0.0,0.0,False,False,False
135,1773733481.708088,1773733481708092769,-0.42,8.409937492055881e-20,0.8749994277780444,-0.032749999999999946,0.4214499999611738,0.7695089999135591,0.581988741590682,,0.0,0.0,0.0,0.0,False,False,False
136,1773733481.7580621,1773733481758064658,-0.42,8.409937492055881e-20,0.8749994277780444,-0.032749999999999946,0.4214499999611738,0.7695089999135591,0.581988741590682,,0.0,0.0,0.0,0.0,False,False,False
137,1773733481.807912,1773733481807914599,-0.42,8.409937492055881e-20,0.8749994277780444,-0.032749999999999946,0.4214499999611738,0.7695089999135591,0.581988741590682,,0.0,0.0,0.0,0.0,False,False,False
138,1773733481.8585916,1773733481858595683,-0.42,8.409937492055881e-20,0.8749994277780444,-0.032749999999999946,0.4214499999611738,0.7695089999135591,0.581988741590682,,0.0,0.0,0.0,0.0,False,False,False
139,1773733481.9080956,1773733481908098805,-0.42,8.409937492055881e-20,0.8749994277780444,-0.032749999999999946,0.4214499999611738,0.7695089999135591,0.581988741590682,,0.0,0.0,0.0,0.0,False,False,False
140,1773733481.9579797,1773733481957982216,-0.42,8.409937492055881e-20,0.8749994277780444,-0.032749999999999946,0.4214499999611738,0.7695089999135591,0.581988741590682,,0.0,0.0,0.0,0.0,False,False,False
141,1773733482.0089662,1773733482008970317,-0.42,8.409937492055881e-20,0.8749994277780444,-0.032749999999999946,0.4214499999611738,0.7695089999135591,0.581988741590682,,0.0,0.0,0.0,0.0,False,False,False
142,1773733482.0580583,1773733482058063294,-0.42,8.409937492055881e-20,0.8749994277780444,-0.032749999999999946,0.4214499999611738,0.7695089999135591,0.581988741590682,,0.0,0.0,0.0,0.0,False,False,False
143,1773733482.107982,1773733482107985754,-0.42,8.409937492055881e-20,0.8749994277780444,-0.032749999999999946,0.4214499999611738,0.7695089999135591,0.581988741590682,,0.0,0.0,0.0,0.0,False,False,False
144,1773733482.1589718,1773733482158975416,-0.42,8.409937492055881e-20,0.8749994277780444,-0.032749999999999946,0.4214499999611738,0.7695089999135591,0.581988741590682,,0.0,0.0,0.0,0.0,False,False,False
145,1773733482.20796,1773733482207966143,-0.42,8.409937492055881e-20,0.8749994277780444,-0.032749999999999946,0.4214499999611738,0.7695089999135591,0.581988741590682,,0.0,0.0,0.0,0.0,False,False,False
146,1773733482.2580934,1773733482258096711,-0.42,8.409937492055881e-20,0.8749994277780444,-0.032749999999999946,0.4214499999611738,0.7695089999135591,0.581988741590682,,0.0,0.0,0.0,0.0,False,False,False
147,1773733482.3079534,1773733482307955902,-0.42,8.409937492055881e-20,0.8749994277780444,-0.032749999999999946,0.4214499999611738,0.7695089999135591,0.581988741590682,,0.0,0.0,0.0,0.0,False,False,False
148,1773733482.3605292,1773733482360532101,-0.42,8.409937492055881e-20,0.8749994277780444,-0.032749999999999946,0.4214499999611738,0.7695089999135591,0.581988741590682,,0.0,0.0,0.0,0.0,False,False,False
149,1773733482.4079828,1773733482407985400,-0.42,8.409937492055881e-20,0.8749994277780444,-0.032749999999999946,0.4214499999611738,0.7695089999135591,0.581988741590682,,0.0,0.0,0.0,0.0,False,False,False
150,1773733482.4580436,1773733482458047309,-0.42,8.409937492055881e-20,0.8749994277780444,-0.032749999999999946,0.4214499999611738,0.7695089999135591,0.581988741590682,,0.0,0.0,0.0,0.0,False,False,False
151,1773733482.5081246,1773733482508128348,-0.42,8.409937492055881e-20,0.8749994277780444,-0.032749999999999946,0.4214499999611738,0.7695089999135591,0.581988741590682,,0.0,0.0,0.0,0.0,False,False,False
152,1773733482.5580468,1773733482558048598,-0.42,8.409937492055881e-20,0.8749994277780444,-0.032749999999999946,0.4214499999611738,0.7695089999135591,0.581988741590682,,0.0,0.0,0.0,0.0,False,False,False
153,1773733482.60879,1773733482608793712,-0.42,8.409937492055881e-20,0.8749994277780444,-0.032749999999999946,0.4214499999611738,0.7695089999135591,0.581988741590682,,0.0,0.0,0.0,0.0,False,False,False
154,1773733482.6580365,1773733482658038497,-0.42,8.409937492055881e-20,0.8749994277780444,-0.032749999999999946,0.4214499999611738,0.7695089999135591,0.581988741590682,,0.0,0.0,0.0,0.0,False,False,False
155,1773733482.7081091,1773733482708217985,-0.42,8.409937492055881e-20,0.8749994277780444,-0.032749999999999946,0.4214499999611738,0.7695089999135591,0.581988741590682,,0.0,0.0,0.0,0.0,False,False,False
156,1773733482.7579424,1773733482757944566,-0.42,8.409937492055881e-20,0.8749994277780444,-0.032749999999999946,0.4214499999611738,0.7695089999135591,0.581988741590682,,0.0,0.0,0.0,0.0,False,False,False
157,1773733482.8079472,1773733482807949346,-0.42,8.409937492055881e-20,0.8749994277780444,-0.032749999999999946,0.4214499999611738,0.7695089999135591,0.581988741590682,,0.0,0.0,0.0,0.0,False,False,False
158,1773733482.85794,1773733482857943895,-0.42,8.409937492055881e-20,0.8749994277780444,-0.032749999999999946,0.4214499999611738,0.7695089999135591,0.581988741590682,,0.0,0.0,0.0,0.0,False,False,False
159,1773733482.9081764,1773733482908181243,-0.42,8.409937492055881e-20,0.8749994277780444,-0.032749999999999946,0.4214499999611738,0.7695089999135591,0.581988741590682,,0.0,0.0,0.0,0.0,False,False,False
160,1773733482.957966,1773733482957968234,-0.42,8.409937492055881e-20,0.8749994277780444,-0.032749999999999946,0.4214499999611738,0.7695089999135591,0.581988741590682,,0.0,0.0,0.0,0.0,False,False,False
161,1773733483.0079837,1773733483007988313,-0.42,8.409937492055881e-20,0.8749994277780444,-0.032749999999999946,0.4214499999611738,0.7695089999135591,0.581988741590682,,0.0,0.0,0.0,0.0,False,False,False
162,1773733483.0580041,1773733483058006522,-0.42,8.409937492055881e-20,0.8749994277780444,-0.032749999999999946,0.4214499999611738,0.7695089999135591,0.581988741590682,,0.0,0.0,0.0,0.0,False,False,False
163,1773733483.1079352,1773733483107937643,-0.42,8.409937492055881e-20,0.8749994277780444,-0.032749999999999946,0.4214499999611738,0.7695089999135591,0.581988741590682,,0.0,0.0,0.0,0.0,False,False,False
164,1773733483.1580334,1773733483158036261,-0.42,8.409937492055881e-20,0.8749994277780444,-0.032749999999999946,0.4214499999611738,0.7695089999135591,0.581988741590682,,0.0,0.0,0.0,0.0,False,False,False
165,1773733483.2079391,1773733483207942592,-0.42,8.409937492055881e-20,0.8749994277780444,-0.032749999999999946,0.4214499999611738,0.7695089999135591,0.581988741590682,,0.0,0.0,0.0,0.0,False,False,False
166,1773733483.2579963,1773733483258000031,-0.42,8.409937492055881e-20,0.8749994277780444,-0.032749999999999946,0.4214499999611738,0.7695089999135591,0.581988741590682,,0.0,0.0,0.0,0.0,False,False,False
167,1773733483.30804,1773733483308043140,-0.42,8.409937492055881e-20,0.8749994277780444,-0.032749999999999946,0.4214499999611738,0.7695089999135591,0.581988741590682,,0.0,0.0,0.0,0.0,False,False,False
168,1773733483.3579533,1773733483357955950,-0.42,8.409937492055881e-20,0.8749994277780444,-0.032749999999999946,0.4214499999611738,0.7695089999135591,0.581988741590682,,0.0,0.0,0.0,0.0,False,False,False
169,1773733483.4097054,1773733483409709017,-0.42,8.409937492055881e-20,0.8749994277780444,-0.032749999999999946,0.4214499999611738,0.7695089999135591,0.581988741590682,,0.0,0.0,0.0,0.0,False,False,False
170,1773733483.458261,1773733483458265847,-0.42,8.409937492055881e-20,0.8749994277780444,-0.032749999999999946,0.4214499999611738,0.7695089999135591,0.581988741590682,,0.0,0.0,0.0,0.0,False,False,False
171,1773733483.5079374,1773733483507940189,-0.42,8.409937492055881e-20,0.8749994277780444,-0.032749999999999946,0.4214499999611738,0.7695089999135591,0.581988741590682,,0.0,0.0,0.0,0.0,False,False,False
172,1773733483.5579407,1773733483557943269,-0.42,8.409937492055881e-20,0.8749994277780444,-0.032749999999999946,0.4214499999611738,0.7695089999135591,0.581988741590682,,0.0,0.0,0.0,0.0,False,False,False
173,1773733483.608023,1773733483608025648,-0.42,8.409937492055881e-20,0.8749994277780444,-0.032749999999999946,0.4214499999611738,0.7695089999135591,0.581988741590682,,0.0,0.0,0.0,0.0,False,False,False
174,1773733483.6579816,1773733483657984268,-0.42,8.409937492055881e-20,0.8749994277780444,-0.032749999999999946,0.4214499999611738,0.7695089999135591,0.581988741590682,,0.0,0.0,0.0,0.0,False,False,False
175,1773733483.7078905,1773733483707892678,-0.42,8.409937492055881e-20,0.8749994277780444,-0.032749999999999946,0.4214499999611738,0.7695089999135591,0.581988741590682,,0.0,0.0,0.0,0.0,False,False,False
176,1773733483.760105,1773733483760107961,-0.42,8.409937492055881e-20,0.8749994277780444,-0.032749999999999946,0.4214499999611738,0.7695089999135591,0.581988741590682,,0.0,0.0,0.0,0.0,False,False,False
177,1773733483.8080525,1773733483808055786,-0.42,8.409937492055881e-20,0.8749994277780444,-0.032749999999999946,0.4214499999611738,0.7695089999135591,0.581988741590682,,0.0,0.0,0.0,0.0,False,False,False
178,1773733483.8579957,1773733483857998176,-0.42,8.409937492055881e-20,0.8749994277780444,-0.032749999999999946,0.4214499999611738,0.7695089999135591,0.581988741590682,,0.0,0.0,0.0,0.0,False,False,False
179,1773733483.9081142,1773733483908119355,-0.42,8.409937492055881e-20,0.8749994277780444,-0.032749999999999946,0.4214499999611738,0.7695089999135591,0.581988741590682,,0.0,0.0,0.0,0.0,False,False,False
180,1773733483.9580176,1773733483958020585,-0.42,8.409937492055881e-20,0.8749994277780444,-0.032749999999999946,0.4214499999611738,0.7695089999135591,0.581988741590682,,0.0,0.0,0.0,0.0,False,False,False
181,1773733484.0080538,1773733484008056754,-0.42,8.409937492055881e-20,0.8749994277780444,-0.032749999999999946,0.4214499999611738,0.7695089999135591,0.581988741590682,,0.0,0.0,0.0,0.0,False,False,False
182,1773733484.0579371,1773733484057939985,-0.42,8.409937492055881e-20,0.8749994277780444,-0.032749999999999946,0.4214499999611738,0.7695089999135591,0.581988741590682,,0.0,0.0,0.0,0.0,False,False,False
183,1773733484.1086564,1773733484108662680,-0.42,8.409937492055881e-20,0.8749994277780444,-0.032749999999999946,0.4214499999611738,0.7695089999135591,0.581988741590682,,0.0,0.0,0.0,0.0,False,False,False
184,1773733484.1579988,1773733484158003004,-0.42,8.409937492055881e-20,0.8749994277780444,-0.032749999999999946,0.4214499999611738,0.7695089999135591,0.581988741590682,,0.0,0.0,0.0,0.0,False,False,False
185,1773733484.2079577,1773733484207960404,-0.42,8.409937492055881e-20,0.8749994277780444,-0.032749999999999946,0.4214499999611738,0.7695089999135591,0.581988741590682,,0.0,0.0,0.0,0.0,False,False,False
186,1773733484.2579918,1773733484257994664,-0.42,8.409937492055881e-20,0.8749994277780444,-0.032749999999999946,0.4214499999611738,0.7695089999135591,0.581988741590682,,0.0,0.0,0.0,0.0,False,False,False
187,1773733484.307953,1773733484307955024,-0.42,8.409937492055881e-20,0.8749994277780444,-0.032749999999999946,0.4214499999611738,0.7695089999135591,0.581988741590682,,0.0,0.0,0.0,0.0,False,False,False
188,1773733484.35805,1773733484358052363,-0.42,8.409937492055881e-20,0.8749994277780444,-0.032749999999999946,0.4214499999611738,0.7695089999135591,0.581988741590682,,0.0,0.0,0.0,0.0,False,False,False
189,1773733484.4080894,1773733484408093152,-0.42,8.409937492055881e-20,0.8749994277780444,-0.032749999999999946,0.4214499999611738,0.7695089999135591,0.581988741590682,,0.0,0.0,0.0,0.0,False,False,False
190,1773733484.458039,1773733484458041683,-0.42,8.409937492055881e-20,0.8749994277780444,-0.032749999999999946,0.4214499999611738,0.7695089999135591,0.581988741590682,,0.0,0.0,0.0,0.0,False,False,False
191,1773733484.5108006,1773733484510803902,-0.42,8.409937492055881e-20,0.8749994277780444,-0.032749999999999946,0.4214499999611738,0.7695089999135591,0.581988741590682,,0.0,0.0,0.0,0.0,False,False,False
192,1773733484.5579746,1773733484557977313,-0.42,8.409937492055881e-20,0.8749994277780444,-0.032749999999999946,0.4214499999611738,0.7695089999135591,0.581988741590682,,0.0,0.0,0.0,0.0,False,False,False
193,1773733484.6079552,1773733484607957803,-0.42,8.409937492055881e-20,0.8749994277780444,-0.032749999999999946,0.4214499999611738,0.7695089999135591,0.581988741590682,,0.0,0.0,0.0,0.0,False,False,False
194,1773733484.65794,1773733484657942533,-0.42,8.409937492055881e-20,0.8749994277780444,-0.032749999999999946,0.4214499999611738,0.7695089999135591,0.581988741590682,,0.0,0.0,0.0,0.0,False,False,False
195,1773733484.7079637,1773733484707966062,-0.42,8.409937492055881e-20,0.8749994277780444,-0.032749999999999946,0.4214499999611738,0.7695089999135591,0.581988741590682,,0.0,0.0,0.0,0.0,False,False,False
196,1773733484.7583601,1773733484758363739,-0.42,8.409937492055881e-20,0.8749994277780444,-0.032749999999999946,0.4214499999611738,0.7695089999135591,0.581988741590682,,0.0,0.0,0.0,0.0,False,False,False
197,1773733484.8081546,1773733484808158500,-0.42,8.409937492055881e-20,0.8749994277780444,-0.032749999999999946,0.4214499999611738,0.7695089999135591,0.581988741590682,,0.0,0.0,0.0,0.0,False,False,False
198,1773733484.8581169,1773733484858120070,-0.42,8.409937492055881e-20,0.8749994277780444,-0.032749999999999946,0.4214499999611738,0.7695089999135591,0.581988741590682,,0.0,0.0,0.0,0.0,False,False,False
199,1773733484.9080453,1773733484908048121,-0.42,8.409937492055881e-20,0.8749994277780444,-0.032749999999999946,0.4214499999611738,0.7695089999135591,0.581988741590682,,0.0,0.0,0.0,0.0,False,False,False
200,1773733484.9581616,1773733484958167489,-0.42,8.409937492055881e-20,0.8749994277780444,-0.032749999999999946,0.4214499999611738,0.7695089999135591,0.581988741590682,,0.0,0.0,0.0,0.0,False,False,False
201,1773733485.0079653,1773733485007968971,-0.42,8.409937492055881e-20,0.8749994277780444,-0.032749999999999946,0.4214499999611738,0.7695089999135591,0.581988741590682,,0.0,0.0,0.0,0.0,False,False,False
202,1773733485.0580692,1773733485058073000,-0.42,8.409937492055881e-20,0.8749994277780444,-0.032749999999999946,0.4214499999611738,0.7695089999135591,0.581988741590682,,0.0,0.0,0.0,0.0,False,False,False
203,1773733485.1079512,1773733485107953331,-0.42,8.409937492055881e-20,0.8749994277780444,-0.032749999999999946,0.4214499999611738,0.7695089999135591,0.581988741590682,,0.0,0.0,0.0,0.0,False,False,False
204,1773733485.1580932,1773733485158096290,-0.42,8.409937492055881e-20,0.8749994277780444,-0.032749999999999946,0.4214499999611738,0.7695089999135591,0.581988741590682,,0.0,0.0,0.0,0.0,False,False,False
205,1773733485.2080362,1773733485208039620,-0.42,8.409937492055881e-20,0.8749994277780444,-0.032749999999999946,0.4214499999611738,0.7695089999135591,0.581988741590682,,0.0,0.0,0.0,0.0,False,False,False
206,1773733485.257957,1773733485257959651,-0.42,8.409937492055881e-20,0.8749994277780444,-0.032749999999999946,0.4214499999611738,0.7695089999135591,0.581988741590682,,0.0,0.0,0.0,0.0,False,False,False
207,1773733485.3079739,1773733485307976821,-0.42,8.409937492055881e-20,0.8749994277780444,-0.032749999999999946,0.4214499999611738,0.7695089999135591,0.581988741590682,,0.0,0.0,0.0,0.0,False,False,False
208,1773733485.3581138,1773733485358117150,-0.42,8.409937492055881e-20,0.8749994277780444,-0.032749999999999946,0.4214499999611738,0.7695089999135591,0.581988741590682,,0.0,0.0,0.0,0.0,False,False,False
209,1773733485.4080331,1773733485408036330,-0.42,8.409937492055881e-20,0.8749994277780444,-0.032749999999999946,0.4214499999611738,0.7695089999135591,0.581988741590682,,0.0,0.0,0.0,0.0,False,False,False
210,1773733485.4580426,1773733485458045300,-0.42,8.409937492055881e-20,0.8749994277780444,-0.032749999999999946,0.4214499999611738,0.7695089999135591,0.581988741590682,,0.0,0.0,0.0,0.0,False,False,False
211,1773733485.508061,1773733485508063730,-0.42,8.409937492055881e-20,0.8749994277780444,-0.032749999999999946,0.4214499999611738,0.7695089999135591,0.581988741590682,,0.0,0.0,0.0,0.0,False,False,False
212,1773733485.5580218,1773733485558024750,-0.42,8.409937492055881e-20,0.8749994277780444,-0.032749999999999946,0.4214499999611738,0.7695089999135591,0.581988741590682,,0.0,0.0,0.0,0.0,False,False,False
213,1773733485.6079457,1773733485607949031,-0.42,8.409937492055881e-20,0.8749994277780444,-0.032749999999999946,0.4214499999611738,0.7695089999135591,0.581988741590682,,0.0,0.0,0.0,0.0,False,False,False
214,1773733485.657989,1773733485657992221,-0.42,8.409937492055881e-20,0.8749994277780444,-0.032749999999999946,0.4214499999611738,0.7695089999135591,0.581988741590682,,0.0,0.0,0.0,0.0,False,False,False
215,1773733485.70799,1773733485707993540,-0.42,8.409937492055881e-20,0.8749994277780444,-0.032749999999999946,0.4214499999611738,0.7695089999135591,0.581988741590682,,0.0,0.0,0.0,0.0,False,False,False
216,1773733485.7580707,1773733485758076060,-0.42,8.409937492055881e-20,0.8749994277780444,-0.032749999999999946,0.4214499999611738,0.7695089999135591,0.581988741590682,,0.0,0.0,0.0,0.0,False,False,False
217,1773733485.8081007,1773733485808104680,-0.42,8.409937492055881e-20,0.8749994277780444,-0.032749999999999946,0.4214499999611738,0.7695089999135591,0.581988741590682,,0.0,0.0,0.0,0.0,False,False,False
218,1773733485.8580408,1773733485858043580,-0.42,8.409937492055881e-20,0.8749994277780444,-0.032749999999999946,0.4214499999611738,0.7695089999135591,0.581988741590682,,0.0,0.0,0.0,0.0,False,False,False
219,1773733485.9081097,1773733485908111820,-0.42,8.409937492055881e-20,0.8749994277780444,-0.032749999999999946,0.4214499999611738,0.7695089999135591,0.581988741590682,,0.0,0.0,0.0,0.0,False,False,False
220,1773733485.9580884,1773733485958092420,-0.42,8.409937492055881e-20,0.8749994277780444,-0.032749999999999946,0.4214499999611738,0.7695089999135591,0.581988741590682,,0.0,0.0,0.0,0.0,False,False,False
221,1773733486.0080247,1773733486008027990,-0.42,8.409937492055881e-20,0.8749994277780444,-0.032749999999999946,0.4214499999611738,0.7695089999135591,0.581988741590682,,0.0,0.0,0.0,0.0,False,False,False
222,1773733486.058055,1773733486058057550,-0.42,8.409937492055881e-20,0.8749994277780444,-0.032749999999999946,0.4214499999611738,0.7695089999135591,0.581988741590682,,0.0,0.0,0.0,0.0,False,False,False
223,1773733486.1080277,1773733486108030151,-0.42,8.409937492055881e-20,0.8749994277780444,-0.032749999999999946,0.4214499999611738,0.7695089999135591,0.581988741590682,,0.0,0.0,0.0,0.0,False,False,False
224,1773733486.1581059,1773733486158108030,-0.42,8.409937492055881e-20,0.8749994277780444,-0.032749999999999946,0.4214499999611738,0.7695089999135591,0.581988741590682,,0.0,0.0,0.0,0.0,False,False,False
225,1773733486.2080796,1773733486208082121,-0.42,8.409937492055881e-20,0.8749994277780444,-0.032749999999999946,0.4214499999611738,0.7695089999135591,0.581988741590682,,0.0,0.0,0.0,0.0,False,False,False
226,1773733486.2580004,1773733486258003741,-0.42,8.409937492055881e-20,0.8749994277780444,-0.032749999999999946,0.4214499999611738,0.7695089999135591,0.581988741590682,,0.0,0.0,0.0,0.0,False,False,False
227,1773733486.3080008,1773733486308004191,-0.42,8.409937492055881e-20,0.8749994277780444,-0.032749999999999946,0.4214499999611738,0.7695089999135591,0.581988741590682,,0.0,0.0,0.0,0.0,False,False,False
228,1773733486.3581529,1773733486358157290,-0.42,8.409937492055881e-20,0.8749994277780444,-0.032749999999999946,0.4214499999611738,0.7695089999135591,0.581988741590682,,0.0,0.0,0.0,0.0,False,False,False
229,1773733486.4083955,1773733486408398199,-0.42,8.409937492055881e-20,0.8749994277780444,-0.032749999999999946,0.4214499999611738,0.7695089999135591,0.581988741590682,,0.0,0.0,0.0,0.0,False,False,False
230,1773733486.457984,1773733486457986592,-0.42,8.409937492055881e-20,0.8749994277780444,-0.032749999999999946,0.4214499999611738,0.7695089999135591,0.581988741590682,,0.0,0.0,0.0,0.0,False,False,False
231,1773733486.508082,1773733486508085321,-0.42,8.409937492055881e-20,0.8749994277780444,-0.032749999999999946,0.4214499999611738,0.7695089999135591,0.581988741590682,,0.0,0.0,0.0,0.0,False,False,False
232,1773733486.5581307,1773733486558135211,-0.42,8.409937492055881e-20,0.8749994277780444,-0.032749999999999946,0.4214499999611738,0.7695089999135591,0.581988741590682,,0.0,0.0,0.0,0.0,False,False,False
233,1773733486.6079178,1773733486607919413,-0.42,8.409937492055881e-20,0.8749994277780444,-0.032749999999999946,0.4214499999611738,0.7695089999135591,0.581988741590682,,0.0,0.0,0.0,0.0,False,False,False
234,1773733486.6579952,1773733486657998513,-0.42,8.409937492055881e-20,0.8749994277780444,-0.032749999999999946,0.4214499999611738,0.7695089999135591,0.581988741590682,,0.0,0.0,0.0,0.0,False,False,False
235,1773733486.707967,1773733486707969003,-0.42,8.409937492055881e-20,0.8749994277780444,-0.032749999999999946,0.4214499999611738,0.7695089999135591,0.581988741590682,,0.0,0.0,0.0,0.0,False,False,False
236,1773733486.7580137,1773733486758015613,-0.42,8.409937492055881e-20,0.8749994277780444,-0.032749999999999946,0.4214499999611738,0.7695089999135591,0.581988741590682,,0.0,0.0,0.0,0.0,False,False,False
237,1773733486.8080673,1773733486808070973,-0.42,8.409937492055881e-20,0.8749994277780444,-0.032749999999999946,0.4214499999611738,0.7695089999135591,0.581988741590682,,0.0,0.0,0.0,0.0,False,False,False
238,1773733486.8580337,1773733486858035873,-0.42,8.409937492055881e-20,0.8749994277780444,-0.032749999999999946,0.4214499999611738,0.7695089999135591,0.581988741590682,,0.0,0.0,0.0,0.0,False,False,False
239,1773733486.9081364,1773733486908139972,-0.42,8.409937492055881e-20,0.8749994277780444,-0.032749999999999946,0.4214499999611738,0.7695089999135591,0.581988741590682,,0.0,0.0,0.0,0.0,False,False,False
240,1773733486.9580176,1773733486958019943,-0.42,8.409937492055881e-20,0.8749994277780444,-0.032749999999999946,0.4214499999611738,0.7695089999135591,0.581988741590682,,0.0,0.0,0.0,0.0,False,False,False
241,1773733487.0079603,1773733487007962904,-0.42,8.409937492055881e-20,0.8749994277780444,-0.032749999999999946,0.4214499999611738,0.7695089999135591,0.581988741590682,,0.0,0.0,0.0,0.0,False,False,False
242,1773733487.0580192,1773733487058021314,-0.42,8.409937492055881e-20,0.8749994277780444,-0.032749999999999946,0.4214499999611738,0.7695089999135591,0.581988741590682,,0.0,0.0,0.0,0.0,False,False,False
243,1773733487.1080182,1773733487108020264,-0.42,8.409937492055881e-20,0.8749994277780444,-0.032749999999999946,0.4214499999611738,0.7695089999135591,0.581988741590682,,0.0,0.0,0.0,0.0,False,False,False
244,1773733487.1579974,1773733487158000525,-0.42,8.409937492055881e-20,0.8749994277780444,-0.032749999999999946,0.4214499999611738,0.7695089999135591,0.581988741590682,,0.0,0.0,0.0,0.0,False,False,False
245,1773733487.2080507,1773733487208055935,-0.42,8.409937492055881e-20,0.8749994277780444,-0.032749999999999946,0.4214499999611738,0.7695089999135591,0.581988741590682,,0.0,0.0,0.0,0.0,False,False,False
246,1773733487.2580516,1773733487258055085,-0.42,8.409937492055881e-20,0.8749994277780444,-0.032749999999999946,0.4214499999611738,0.7695089999135591,0.581988741590682,,0.0,0.0,0.0,0.0,False,False,False
247,1773733487.3079762,1773733487307978826,-0.42,8.409937492055881e-20,0.8749994277780444,-0.032749999999999946,0.4214499999611738,0.7695089999135591,0.581988741590682,,0.0,0.0,0.0,0.0,False,False,False
248,1773733487.3580747,1773733487358077526,-0.42,8.409937492055881e-20,0.8749994277780444,-0.032749999999999946,0.4214499999611738,0.7695089999135591,0.581988741590682,,0.0,0.0,0.0,0.0,False,False,False
249,1773733487.408023,1773733487408026927,-0.42,8.409937492055881e-20,0.8749994277780444,-0.032749999999999946,0.4214499999611738,0.7695089999135591,0.581988741590682,,0.0,0.0,0.0,0.0,False,False,False
250,1773733487.4579453,1773733487457948308,-0.42,8.409937492055881e-20,0.8749994277780444,-0.032749999999999946,0.4214499999611738,0.7695089999135591,0.581988741590682,,0.0,0.0,0.0,0.0,False,False,False
251,1773733487.5080633,1773733487508066697,-0.42,8.409937492055881e-20,0.8749994277780444,-0.032749999999999946,0.4214499999611738,0.7695089999135591,0.581988741590682,,0.0,0.0,0.0,0.0,False,False,False
252,1773733487.5580506,1773733487558053727,-0.42,8.409937492055881e-20,0.8749994277780444,-0.032749999999999946,0.4214499999611738,0.7695089999135591,0.581988741590682,,0.0,0.0,0.0,0.0,False,False,False
253,1773733487.6080399,1773733487608042908,-0.42,8.409937492055881e-20,0.8749994277780444,-0.032749999999999946,0.4214499999611738,0.7695089999135591,0.581988741590682,,0.0,0.0,0.0,0.0,False,False,False
254,1773733487.6579266,1773733487657928989,-0.42,8.409937492055881e-20,0.8749994277780444,-0.032749999999999946,0.4214499999611738,0.7695089999135591,0.581988741590682,,0.0,0.0,0.0,0.0,False,False,False
255,1773733487.7080655,1773733487708068188,-0.42,8.409937492055881e-20,0.8749994277780444,-0.032749999999999946,0.4214499999611738,0.7695089999135591,0.581988741590682,,0.0,0.0,0.0,0.0,False,False,False
256,1773733487.75792,1773733487757923420,-0.42,8.409937492055881e-20,0.8749994277780444,-0.032749999999999946,0.4214499999611738,0.7695089999135591,0.581988741590682,,0.0,0.0,0.0,0.0,False,False,False
257,1773733487.8079398,1773733487807941990,-0.42,8.409937492055881e-20,0.8749994277780444,-0.032749999999999946,0.4214499999611738,0.7695089999135591,0.581988741590682,,0.0,0.0,0.0,0.0,False,False,False
258,1773733487.8596442,1773733487859647317,-0.42,8.409937492055881e-20,0.8749994277780444,-0.032749999999999946,0.4214499999611738,0.7695089999135591,0.581988741590682,,0.0,0.0,0.0,0.0,False,False,False
259,1773733487.9079967,1773733487907999390,-0.42,8.409937492055881e-20,0.8749994277780444,-0.032749999999999946,0.4214499999611738,0.7695089999135591,0.581988741590682,,0.0,0.0,0.0,0.0,False,False,False
260,1773733487.9580438,1773733487958046550,-0.42,8.409937492055881e-20,0.8749994277780444,-0.032749999999999946,0.4214499999611738,0.7695089999135591,0.581988741590682,,0.0,0.0,0.0,0.0,False,False,False
261,1773733488.0080209,1773733488008023661,-0.42,8.409937492055881e-20,0.8749994277780444,-0.032749999999999946,0.4214499999611738,0.7695089999135591,0.581988741590682,,0.0,0.0,0.0,0.0,False,False,False
262,1773733488.0579996,1773733488058002351,-0.42,8.409937492055881e-20,0.8749994277780444,-0.032749999999999946,0.4214499999611738,0.7695089999135591,0.581988741590682,,0.0,0.0,0.0,0.0,False,False,False
263,1773733488.1080716,1773733488108074811,-0.42,8.409937492055881e-20,0.8749994277780444,-0.032749999999999946,0.4214499999611738,0.7695089999135591,0.581988741590682,,0.0,0.0,0.0,0.0,False,False,False
264,1773733488.1579976,1773733488158002152,-0.42,8.409937492055881e-20,0.8749994277780444,-0.032749999999999946,0.4214499999611738,0.7695089999135591,0.581988741590682,,0.0,0.0,0.0,0.0,False,False,False
265,1773733488.208089,1773733488208094902,-0.42,8.409937492055881e-20,0.8749994277780444,-0.032749999999999946,0.4214499999611738,0.7695089999135591,0.581988741590682,,0.0,0.0,0.0,0.0,False,False,False
266,1773733488.2580566,1773733488258059523,-0.42,8.409937492055881e-20,0.8749994277780444,-0.032749999999999946,0.4214499999611738,0.7695089999135591,0.581988741590682,,0.0,0.0,0.0,0.0,False,False,False
267,1773733488.3080168,1773733488308020174,-0.42,8.409937492055881e-20,0.8749994277780444,-0.032749999999999946,0.4214499999611738,0.7695089999135591,0.581988741590682,,0.0,0.0,0.0,0.0,False,False,False
268,1773733488.3580055,1773733488358008395,-0.42,8.409937492055881e-20,0.8749994277780444,-0.032749999999999946,0.4214499999611738,0.7695089999135591,0.581988741590682,,0.0,0.0,0.0,0.0,False,False,False
269,1773733488.4079816,1773733488407983775,-0.42,8.409937492055881e-20,0.8749994277780444,-0.032749999999999946,0.4214499999611738,0.7695089999135591,0.581988741590682,,0.0,0.0,0.0,0.0,False,False,False
270,1773733488.4580445,1773733488458048655,-0.42,8.409937492055881e-20,0.8749994277780444,-0.032749999999999946,0.4214499999611738,0.7695089999135591,0.581988741590682,,0.0,0.0,0.0,0.0,False,False,False
271,1773733488.5079923,1773733488507996466,-0.42,8.409937492055881e-20,0.8749994277780444,-0.032749999999999946,0.4214499999611738,0.7695089999135591,0.581988741590682,,0.0,0.0,0.0,0.0,False,False,False
272,1773733488.5579808,1773733488557983466,-0.42,8.409937492055881e-20,0.8749994277780444,-0.032749999999999946,0.4214499999611738,0.7695089999135591,0.581988741590682,,0.0,0.0,0.0,0.0,False,False,False
273,1773733488.608039,1773733488608042246,-0.42,8.409937492055881e-20,0.8749994277780444,-0.032749999999999946,0.4214499999611738,0.7695089999135591,0.581988741590682,,0.0,0.0,0.0,0.0,False,False,False
274,1773733488.658016,1773733488658021457,-0.42,8.409937492055881e-20,0.8749994277780444,-0.032749999999999946,0.4214499999611738,0.7695089999135591,0.581988741590682,,0.0,0.0,0.0,0.0,False,False,False
275,1773733488.7079782,1773733488707982887,-0.42,8.409937492055881e-20,0.8749994277780444,-0.032749999999999946,0.4214499999611738,0.7695089999135591,0.581988741590682,,0.0,0.0,0.0,0.0,False,False,False
276,1773733488.7580307,1773733488758033918,-0.42,8.409937492055881e-20,0.8749994277780444,-0.032749999999999946,0.4214499999611738,0.7695089999135591,0.581988741590682,,0.0,0.0,0.0,0.0,False,False,False
277,1773733488.8079324,1773733488807935069,-0.42,8.409937492055881e-20,0.8749994277780444,-0.032749999999999946,0.4214499999611738,0.7695089999135591,0.581988741590682,,0.0,0.0,0.0,0.0,False,False,False
278,1773733488.857974,1773733488857976709,-0.42,8.409937492055881e-20,0.8749994277780444,-0.032749999999999946,0.4214499999611738,0.7695089999135591,0.581988741590682,,0.0,0.0,0.0,0.0,False,False,False
279,1773733488.9080164,1773733488908019510,-0.42,8.409937492055881e-20,0.8749994277780444,-0.032749999999999946,0.4214499999611738,0.7695089999135591,0.581988741590682,,0.0,0.0,0.0,0.0,False,False,False
280,1773733488.958034,1773733488958036380,-0.42,8.409937492055881e-20,0.8749994277780444,-0.032749999999999946,0.4214499999611738,0.7695089999135591,0.581988741590682,,0.0,0.0,0.0,0.0,False,False,False
281,1773733489.007946,1773733489007948221,-0.42,8.409937492055881e-20,0.8749994277780444,-0.032749999999999946,0.4214499999611738,0.7695089999135591,0.581988741590682,,0.0,0.0,0.0,0.0,False,False,False
282,1773733489.0580304,1773733489058034011,-0.42,8.409937492055881e-20,0.8749994277780444,-0.032749999999999946,0.4214499999611738,0.7695089999135591,0.581988741590682,,0.0,0.0,0.0,0.0,False,False,False
283,1773733489.1080124,1773733489108016092,-0.42,8.409937492055881e-20,0.8749994277780444,-0.032749999999999946,0.4214499999611738,0.7695089999135591,0.581988741590682,,0.0,0.0,0.0,0.0,False,False,False
284,1773733489.157941,1773733489157943703,-0.42,8.409937492055881e-20,0.8749994277780444,-0.032749999999999946,0.4214499999611738,0.7695089999135591,0.581988741590682,,0.0,0.0,0.0,0.0,False,False,False
285,1773733489.2079635,1773733489207966494,-0.42,8.409937492055881e-20,0.8749994277780444,-0.032749999999999946,0.4214499999611738,0.7695089999135591,0.581988741590682,,0.0,0.0,0.0,0.0,False,False,False
286,1773733489.2591987,1773733489259200596,-0.42,8.409937492055881e-20,0.8749994277780444,-0.032749999999999946,0.4214499999611738,0.7695089999135591,0.581988741590682,,0.0,0.0,0.0,0.0,False,False,False
287,1773733489.3080556,1773733489308059495,-0.42,8.409937492055881e-20,0.8749994277780444,-0.032749999999999946,0.4214499999611738,0.7695089999135591,0.581988741590682,,0.0,0.0,0.0,0.0,False,False,False
288,1773733489.3579543,1773733489357956907,-0.42,8.409937492055881e-20,0.8749994277780444,-0.032749999999999946,0.4214499999611738,0.7695089999135591,0.581988741590682,,0.0,0.0,0.0,0.0,False,False,False
289,1773733489.4080584,1773733489408061126,-0.42,8.409937492055881e-20,0.8749994277780444,-0.032749999999999946,0.4214499999611738,0.7695089999135591,0.581988741590682,,0.0,0.0,0.0,0.0,False,False,False
290,1773733489.4580157,1773733489458019507,-0.42,8.409937492055881e-20,0.8749994277780444,-0.032749999999999946,0.4214499999611738,0.7695089999135591,0.581988741590682,,0.0,0.0,0.0,0.0,False,False,False
291,1773733489.507941,1773733489507943659,-0.42,8.409937492055881e-20,0.8749994277780444,-0.032749999999999946,0.4214499999611738,0.7695089999135591,0.581988741590682,,0.0,0.0,0.0,0.0,False,False,False
292,1773733489.5579858,1773733489557988919,-0.42,8.409937492055881e-20,0.8749994277780444,-0.032749999999999946,0.4214499999611738,0.7695089999135591,0.581988741590682,,0.0,0.0,0.0,0.0,False,False,False
293,1773733489.6095085,1773733489609513108,-0.42,8.409937492055881e-20,0.8749994277780444,-0.032749999999999946,0.4214499999611738,0.7695089999135591,0.581988741590682,,0.0,0.0,0.0,0.0,False,False,False
294,1773733489.6579812,1773733489657983601,-0.42,8.409937492055881e-20,0.8749994277780444,-0.032749999999999946,0.4214499999611738,0.7695089999135591,0.581988741590682,,0.0,0.0,0.0,0.0,False,False,False
295,1773733489.7079887,1773733489707991852,-0.42,8.409937492055881e-20,0.8749994277780444,-0.032749999999999946,0.4214499999611738,0.7695089999135591,0.581988741590682,,0.0,0.0,0.0,0.0,False,False,False
296,1773733489.7580183,1773733489758021352,-0.42,8.409937492055881e-20,0.8749994277780444,-0.032749999999999946,0.4214499999611738,0.7695089999135591,0.581988741590682,,0.0,0.0,0.0,0.0,False,False,False
297,1773733489.808182,1773733489808186521,-0.42,8.409937492055881e-20,0.8749994277780444,-0.032749999999999946,0.4214499999611738,0.7695089999135591,0.581988741590682,,0.0,0.0,0.0,0.0,False,False,False
298,1773733489.8580892,1773733489858091723,-0.42,8.409937492055881e-20,0.8749994277780444,-0.032749999999999946,0.4214499999611738,0.7695089999135591,0.581988741590682,,0.0,0.0,0.0,0.0,False,False,False
299,1773733489.907933,1773733489907935155,-0.42,8.409937492055881e-20,0.8749994277780444,-0.032749999999999946,0.4214499999611738,0.7695089999135591,0.581988741590682,,0.0,0.0,0.0,0.0,False,False,False
300,1773733489.9585788,1773733489958583661,-0.42,8.409937492055881e-20,0.8749994277780444,-0.032749999999999946,0.4214499999611738,0.7695089999135591,0.581988741590682,,0.0,0.0,0.0,0.0,False,False,False
301,1773733490.0080206,1773733490008023726,-0.42,8.409937492055881e-20,0.8749994277780444,-0.032749999999999946,0.4214499999611738,0.7695089999135591,0.581988741590682,,0.0,0.0,0.0,0.0,False,False,False
302,1773733490.0579941,1773733490057996857,-0.42,8.409937492055881e-20,0.8749994277780444,-0.032749999999999946,0.4214499999611738,0.7695089999135591,0.581988741590682,,0.0,0.0,0.0,0.0,False,False,False
303,1773733490.107924,1773733490107926898,-0.42,8.409937492055881e-20,0.8749994277780444,-0.032749999999999946,0.4214499999611738,0.7695089999135591,0.581988741590682,,0.0,0.0,0.0,0.0,False,False,False
304,1773733490.158038,1773733490158041328,-0.42,8.409937492055881e-20,0.8749994277780444,-0.032749999999999946,0.4214499999611738,0.7695089999135591,0.581988741590682,,0.0,0.0,0.0,0.0,False,False,False
305,1773733490.2079985,1773733490208001470,-0.42,8.409937492055881e-20,0.8749994277780444,-0.032749999999999946,0.4214499999611738,0.7695089999135591,0.581988741590682,,0.0,0.0,0.0,0.0,False,False,False
306,1773733490.257953,1773733490257954811,-0.42,8.409937492055881e-20,0.8749994277780444,-0.032749999999999946,0.4214499999611738,0.7695089999135591,0.581988741590682,,0.0,0.0,0.0,0.0,False,False,False
307,1773733490.3079157,1773733490307917952,-0.42,8.409937492055881e-20,0.8749994277780444,-0.032749999999999946,0.4214499999611738,0.7695089999135591,0.581988741590682,,0.0,0.0,0.0,0.0,False,False,False
308,1773733490.3580723,1773733490358075522,-0.42,8.409937492055881e-20,0.8749994277780444,-0.032749999999999946,0.4214499999611738,0.7695089999135591,0.581988741590682,,0.0,0.0,0.0,0.0,False,False,False
309,1773733490.4079397,1773733490407942894,-0.42,8.409937492055881e-20,0.8749994277780444,-0.032749999999999946,0.4214499999611738,0.7695089999135591,0.581988741590682,,0.0,0.0,0.0,0.0,False,False,False
310,1773733490.4579964,1773733490457998764,-0.42,8.409937492055881e-20,0.8749994277780444,-0.032749999999999946,0.4214499999611738,0.7695089999135591,0.581988741590682,,0.0,0.0,0.0,0.0,False,False,False
311,1773733490.5125937,1773733490512596440,-0.42,8.409937492055881e-20,0.8749994277780444,-0.032749999999999946,0.4214499999611738,0.7695089999135591,0.581988741590682,,0.0,0.0,0.0,0.0,False,False,False
312,1773733490.5581856,1773733490558190325,-0.42,8.409937492055881e-20,0.8749994277780444,-0.032749999999999946,0.4214499999611738,0.7695089999135591,0.581988741590682,,0.0,0.0,0.0,0.0,False,False,False
313,1773733490.6080916,1773733490608096677,-0.42,8.409937492055881e-20,0.8749994277780444,-0.032749999999999946,0.4214499999611738,0.7695089999135591,0.581988741590682,,0.0,0.0,0.0,0.0,False,False,False
314,1773733490.6586792,1773733490658682623,-0.42,8.409937492055881e-20,0.8749994277780444,-0.032749999999999946,0.4214499999611738,0.7695089999135591,0.581988741590682,,0.0,0.0,0.0,0.0,False,False,False
315,1773733490.7080612,1773733490708063628,-0.42,8.409937492055881e-20,0.8749994277780444,-0.032749999999999946,0.4214499999611738,0.7695089999135591,0.581988741590682,,0.0,0.0,0.0,0.0,False,False,False
316,1773733490.757967,1773733490757969010,-0.42,8.409937492055881e-20,0.8749994277780444,-0.032749999999999946,0.4214499999611738,0.7695089999135591,0.581988741590682,,0.0,0.0,0.0,0.0,False,False,False
317,1773733490.807959,1773733490807961001,-0.42,8.409937492055881e-20,0.8749994277780444,-0.032749999999999946,0.4214499999611738,0.7695089999135591,0.581988741590682,,0.0,0.0,0.0,0.0,False,False,False
318,1773733490.8579593,1773733490857961722,-0.42,8.409937492055881e-20,0.8749994277780444,-0.032749999999999946,0.4214499999611738,0.7695089999135591,0.581988741590682,,0.0,0.0,0.0,0.0,False,False,False
319,1773733490.907986,1773733490907988253,-0.42,8.409937492055881e-20,0.8749994277780444,-0.032749999999999946,0.4214499999611738,0.7695089999135591,0.581988741590682,,0.0,0.0,0.0,0.0,False,False,False
320,1773733490.9579651,1773733490957967274,-0.42,8.409937492055881e-20,0.8749994277780444,-0.032749999999999946,0.4214499999611738,0.7695089999135591,0.581988741590682,,0.0,0.0,0.0,0.0,False,False,False
321,1773733491.0079772,1773733491007979725,-0.42,8.409937492055881e-20,0.8749994277780444,-0.032749999999999946,0.4214499999611738,0.7695089999135591,0.581988741590682,,0.0,0.0,0.0,0.0,False,False,False
322,1773733491.0580044,1773733491058008356,-0.42,8.409937492055881e-20,0.8749994277780444,-0.032749999999999946,0.4214499999611738,0.7695089999135591,0.581988741590682,,0.0,0.0,0.0,0.0,False,False,False
323,1773733491.109216,1773733491109218748,-0.42,8.409937492055881e-20,0.8749994277780444,-0.032749999999999946,0.4214499999611738,0.7695089999135591,0.581988741590682,,0.0,0.0,0.0,0.0,False,False,False
324,1773733491.1580377,1773733491158041938,-0.42,8.409937492055881e-20,0.8749994277780444,-0.032749999999999946,0.4214499999611738,0.7695089999135591,0.581988741590682,,0.0,0.0,0.0,0.0,False,False,False
325,1773733491.2079685,1773733491207970730,-0.42,8.409937492055881e-20,0.8749994277780444,-0.032749999999999946,0.4214499999611738,0.7695089999135591,0.581988741590682,,0.0,0.0,0.0,0.0,False,False,False
326,1773733491.2579303,1773733491257932431,-0.42,8.409937492055881e-20,0.8749994277780444,-0.032749999999999946,0.4214499999611738,0.7695089999135591,0.581988741590682,,0.0,0.0,0.0,0.0,False,False,False
327,1773733491.3099694,1773733491309973107,-0.42,8.409937492055881e-20,0.8749994277780444,-0.032749999999999946,0.4214499999611738,0.7695089999135591,0.581988741590682,,0.0,0.0,0.0,0.0,False,False,False
328,1773733491.3580499,1773733491358053162,-0.42,8.409937492055881e-20,0.8749994277780444,-0.032749999999999946,0.4214499999611738,0.7695089999135591,0.581988741590682,,0.0,0.0,0.0,0.0,False,False,False
329,1773733491.4080608,1773733491408064983,-0.42,8.409937492055881e-20,0.8749994277780444,-0.032749999999999946,0.4214499999611738,0.7695089999135591,0.581988741590682,,0.0,0.0,0.0,0.0,False,False,False
330,1773733491.4579024,1773733491457904316,-0.42,8.409937492055881e-20,0.8749994277780444,-0.032749999999999946,0.4214499999611738,0.7695089999135591,0.581988741590682,,0.0,0.0,0.0,0.0,False,False,False
331,1773733491.5079868,1773733491507989496,-0.42,8.409937492055881e-20,0.8749994277780444,-0.032749999999999946,0.4214499999611738,0.7695089999135591,0.581988741590682,,0.0,0.0,0.0,0.0,False,False,False
332,1773733491.5579793,1773733491557982167,-0.42,8.409937492055881e-20,0.8749994277780444,-0.032749999999999946,0.4214499999611738,0.7695089999135591,0.581988741590682,,0.0,0.0,0.0,0.0,False,False,False
333,1773733491.6079438,1773733491607946029,-0.42,8.409937492055881e-20,0.8749994277780444,-0.032749999999999946,0.4214499999611738,0.7695089999135591,0.581988741590682,,0.0,0.0,0.0,0.0,False,False,False
334,1773733491.659404,1773733491659406429,-0.42,8.409937492055881e-20,0.8749994277780444,-0.032749999999999946,0.4214499999611738,0.7695089999135591,0.581988741590682,,0.0,0.0,0.0,0.0,False,False,False
335,1773733491.7079864,1773733491707988901,-0.42,8.409937492055881e-20,0.8749994277780444,-0.032749999999999946,0.4214499999611738,0.7695089999135591,0.581988741590682,,0.0,0.0,0.0,0.0,False,False,False
336,1773733491.7580526,1773733491758057201,-0.42,8.409937492055881e-20,0.8749994277780444,-0.032749999999999946,0.4214499999611738,0.7695089999135591,0.581988741590682,,0.0,0.0,0.0,0.0,False,False,False
337,1773733491.807921,1773733491807923163,-0.42,8.409937492055881e-20,0.8749994277780444,-0.032749999999999946,0.4214499999611738,0.7695089999135591,0.581988741590682,,0.0,0.0,0.0,0.0,False,False,False
338,1773733491.8592095,1773733491859213635,-0.42,8.409937492055881e-20,0.8749994277780444,-0.032749999999999946,0.4214499999611738,0.7695089999135591,0.581988741590682,,0.0,0.0,0.0,0.0,False,False,False
339,1773733491.9079967,1773733491907998955,-0.42,8.409937492055881e-20,0.8749994277780444,-0.032749999999999946,0.4214499999611738,0.7695089999135591,0.581988741590682,,0.0,0.0,0.0,0.0,False,False,False
340,1773733491.9579833,1773733491957986276,-0.42,8.409937492055881e-20,0.8749994277780444,-0.032749999999999946,0.4214499999611738,0.7695089999135591,0.581988741590682,,0.0,0.0,0.0,0.0,False,False,False
341,1773733492.007951,1773733492007954568,-0.42,8.409937492055881e-20,0.8749994277780444,-0.032749999999999946,0.4214499999611738,0.7695089999135591,0.581988741590682,,0.0,0.0,0.0,0.0,False,False,False
342,1773733492.0596519,1773733492059657736,-0.42,8.409937492055881e-20,0.8749994277780444,-0.032749999999999946,0.4214499999611738,0.7695089999135591,0.581988741590682,,0.0,0.0,0.0,0.0,False,False,False
343,1773733492.1079137,1773733492107916111,-0.42,8.409937492055881e-20,0.8749994277780444,-0.032749999999999946,0.4214499999611738,0.7695089999135591,0.581988741590682,,0.0,0.0,0.0,0.0,False,False,False
344,1773733492.1579354,1773733492157939082,-0.42,8.409937492055881e-20,0.8749994277780444,-0.032749999999999946,0.4214499999611738,0.7695089999135591,0.581988741590682,,0.0,0.0,0.0,0.0,False,False,False
345,1773733492.2079704,1773733492207973853,-0.42,8.409937492055881e-20,0.8749994277780444,-0.032749999999999946,0.4214499999611738,0.7695089999135591,0.581988741590682,,0.0,0.0,0.0,0.0,False,False,False
346,1773733492.2599454,1773733492259948239,-0.42,8.409937492055881e-20,0.8749994277780444,-0.032749999999999946,0.4214499999611738,0.7695089999135591,0.581988741590682,,0.0,0.0,0.0,0.0,False,False,False
347,1773733492.307977,1773733492307979576,-0.42,8.409937492055881e-20,0.8749994277780444,-0.032749999999999946,0.4214499999611738,0.7695089999135591,0.581988741590682,,0.0,0.0,0.0,0.0,False,False,False
348,1773733492.3580182,1773733492358022466,-0.42,8.409937492055881e-20,0.8749994277780444,-0.032749999999999946,0.4214499999611738,0.7695089999135591,0.581988741590682,,0.0,0.0,0.0,0.0,False,False,False
349,1773733492.4080057,1773733492408009148,-0.42,8.409937492055881e-20,0.8749994277780444,-0.032749999999999946,0.4214499999611738,0.7695089999135591,0.581988741590682,,0.0,0.0,0.0,0.0,False,False,False
350,1773733492.457956,1773733492457958610,-0.42,8.409937492055881e-20,0.8749994277780444,-0.032749999999999946,0.4214499999611738,0.7695089999135591,0.581988741590682,,0.0,0.0,0.0,0.0,False,False,False
351,1773733492.5080264,1773733492508028850,-0.42,8.409937492055881e-20,0.8749994277780444,-0.032749999999999946,0.4214499999611738,0.7695089999135591,0.581988741590682,,0.0,0.0,0.0,0.0,False,False,False
352,1773733492.5580451,1773733492558048321,-0.42,8.409937492055881e-20,0.8749994277780444,-0.032749999999999946,0.4214499999611738,0.7695089999135591,0.581988741590682,,0.0,0.0,0.0,0.0,False,False,False
353,1773733492.6079588,1773733492607962313,-0.42,8.409937492055881e-20,0.8749994277780444,-0.032749999999999946,0.4214499999611738,0.7695089999135591,0.581988741590682,,0.0,0.0,0.0,0.0,False,False,False
354,1773733492.6606112,1773733492660614455,-0.42,8.409937492055881e-20,0.8749994277780444,-0.032749999999999946,0.4214499999611738,0.7695089999135591,0.581988741590682,,0.0,0.0,0.0,0.0,False,False,False
355,1773733492.7079725,1773733492707975046,-0.42,8.409937492055881e-20,0.8749994277780444,-0.032749999999999946,0.4214499999611738,0.7695089999135591,0.581988741590682,,0.0,0.0,0.0,0.0,False,False,False
356,1773733492.7579577,1773733492757959828,-0.42,8.409937492055881e-20,0.8749994277780444,-0.032749999999999946,0.4214499999611738,0.7695089999135591,0.581988741590682,,0.0,0.0,0.0,0.0,False,False,False
357,1773733492.8079784,1773733492807981929,-0.42,8.409937492055881e-20,0.8749994277780444,-0.032749999999999946,0.4214499999611738,0.7695089999135591,0.581988741590682,,0.0,0.0,0.0,0.0,False,False,False
358,1773733492.8580604,1773733492858065009,-0.42,8.409937492055881e-20,0.8749994277780444,-0.032749999999999946,0.4214499999611738,0.7695089999135591,0.581988741590682,,0.0,0.0,0.0,0.0,False,False,False
359,1773733492.9079955,1773733492907997881,-0.42,8.409937492055881e-20,0.8749994277780444,-0.032749999999999946,0.4214499999611738,0.7695089999135591,0.581988741590682,,0.0,0.0,0.0,0.0,False,False,False
360,1773733492.9580193,1773733492958021882,-0.42,8.409937492055881e-20,0.8749994277780444,-0.032749999999999946,0.4214499999611738,0.7695089999135591,0.581988741590682,,0.0,0.0,0.0,0.0,False,False,False
361,1773733493.0079584,1773733493007961394,-0.42,8.409937492055881e-20,0.8749994277780444,-0.032749999999999946,0.4214499999611738,0.7695089999135591,0.581988741590682,,0.0,0.0,0.0,0.0,False,False,False
362,1773733493.059849,1773733493059851941,-0.42,8.409937492055881e-20,0.8749994277780444,-0.032749999999999946,0.4214499999611738,0.7695089999135591,0.581988741590682,,0.0,0.0,0.0,0.0,False,False,False
363,1773733493.1079254,1773733493107927597,-0.42,8.409937492055881e-20,0.8749994277780444,-0.032749999999999946,0.4214499999611738,0.7695089999135591,0.581988741590682,,0.0,0.0,0.0,0.0,False,False,False
364,1773733493.1599844,1773733493159988183,-0.42,8.409937492055881e-20,0.8749994277780444,-0.032749999999999946,0.4214499999611738,0.7695089999135591,0.581988741590682,,0.0,0.0,0.0,0.0,False,False,False
365,1773733493.2080188,1773733493208023770,-0.42,8.409937492055881e-20,0.8749994277780444,-0.032749999999999946,0.4214499999611738,0.7695089999135591,0.581988741590682,,0.0,0.0,0.0,0.0,False,False,False
366,1773733493.2579544,1773733493257957232,-0.42,8.409937492055881e-20,0.8749994277780444,-0.032749999999999946,0.4214499999611738,0.7695089999135591,0.581988741590682,,0.0,0.0,0.0,0.0,False,False,False
367,1773733493.307991,1773733493307994703,-0.42,8.409937492055881e-20,0.8749994277780444,-0.032749999999999946,0.4214499999611738,0.7695089999135591,0.581988741590682,,0.0,0.0,0.0,0.0,False,False,False
368,1773733493.3580768,1773733493358082244,-0.42,8.409937492055881e-20,0.8749994277780444,-0.032749999999999946,0.4214499999611738,0.7695089999135591,0.581988741590682,,0.0,0.0,0.0,0.0,False,False,False
369,1773733493.4080474,1773733493408051555,-0.42,8.409937492055881e-20,0.8749994277780444,-0.032749999999999946,0.4214499999611738,0.7695089999135591,0.581988741590682,,0.0,0.0,0.0,0.0,False,False,False
370,1773733493.4579616,1773733493457964648,-0.42,8.409937492055881e-20,0.8749994277780444,-0.032749999999999946,0.4214499999611738,0.7695089999135591,0.581988741590682,,0.0,0.0,0.0,0.0,False,False,False
371,1773733493.508347,1773733493508351286,-0.42,8.409937492055881e-20,0.8749994277780444,-0.032749999999999946,0.4214499999611738,0.7695089999135591,0.581988741590682,,0.0,0.0,0.0,0.0,False,False,False
372,1773733493.5581095,1773733493558112669,-0.42,8.409937492055881e-20,0.8749994277780444,-0.032749999999999946,0.4214499999611738,0.7695089999135591,0.581988741590682,,0.0,0.0,0.0,0.0,False,False,False
373,1773733493.607923,1773733493607925313,-0.42,8.409937492055881e-20,0.8749994277780444,-0.032749999999999946,0.4214499999611738,0.7695089999135591,0.581988741590682,,0.0,0.0,0.0,0.0,False,False,False
374,1773733493.6580706,1773733493658073443,-0.42,8.409937492055881e-20,0.8749994277780444,-0.032749999999999946,0.4214499999611738,0.7695089999135591,0.581988741590682,,0.0,0.0,0.0,0.0,False,False,False
375,1773733493.7080886,1773733493708093424,-0.42,8.409937492055881e-20,0.8749994277780444,-0.032749999999999946,0.4214499999611738,0.7695089999135591,0.581988741590682,,0.0,0.0,0.0,0.0,False,False,False
376,1773733493.7580822,1773733493758087776,-0.42,8.409937492055881e-20,0.8749994277780444,-0.032749999999999946,0.4214499999611738,0.7695089999135591,0.581988741590682,,0.0,0.0,0.0,0.0,False,False,False
377,1773733493.808301,1773733493808303456,-0.42,8.409937492055881e-20,0.8749994277780444,-0.032749999999999946,0.4214499999611738,0.7695089999135591,0.581988741590682,,0.0,0.0,0.0,0.0,False,False,False
378,1773733493.858171,1773733493858174148,-0.42,8.409937492055881e-20,0.8749994277780444,-0.032749999999999946,0.4214499999611738,0.7695089999135591,0.581988741590682,,0.0,0.0,0.0,0.0,False,False,False
379,1773733493.9079978,1773733493907999901,-0.42,8.409937492055881e-20,0.8749994277780444,-0.032749999999999946,0.4214499999611738,0.7695089999135591,0.581988741590682,,0.0,0.0,0.0,0.0,False,False,False
380,1773733493.9586005,1773733493958604028,-0.42,8.409937492055881e-20,0.8749994277780444,-0.032749999999999946,0.4214499999611738,0.7695089999135591,0.581988741590682,,0.0,0.0,0.0,0.0,False,False,False
381,1773733494.009265,1773733494009276204,-0.42,8.409937492055881e-20,0.8749994277780444,-0.032749999999999946,0.4214499999611738,0.7695089999135591,0.581988741590682,,0.0,0.0,0.0,0.0,False,False,False
382,1773733494.0580313,1773733494058033975,-0.42,8.409937492055881e-20,0.8749994277780444,-0.032749999999999946,0.4214499999611738,0.7695089999135591,0.581988741590682,,0.0,0.0,0.0,0.0,False,False,False
383,1773733494.1079555,1773733494107958668,-0.42,8.409937492055881e-20,0.8749994277780444,-0.032749999999999946,0.4214499999611738,0.7695089999135591,0.581988741590682,,0.0,0.0,0.0,0.0,False,False,False
384,1773733494.1581185,1773733494158120658,-0.42,8.409937492055881e-20,0.8749994277780444,-0.032749999999999946,0.4214499999611738,0.7695089999135591,0.581988741590682,,0.0,0.0,0.0,0.0,False,False,False
385,1773733494.2084749,1773733494208476727,-0.42,8.409937492055881e-20,0.8749994277780444,-0.032749999999999946,0.4214499999611738,0.7695089999135591,0.581988741590682,,0.0,0.0,0.0,0.0,False,False,False
386,1773733494.2579937,1773733494257995983,-0.42,8.409937492055881e-20,0.8749994277780444,-0.032749999999999946,0.4214499999611738,0.7695089999135591,0.581988741590682,,0.0,0.0,0.0,0.0,False,False,False
387,1773733494.3079731,1773733494307975384,-0.42,8.409937492055881e-20,0.8749994277780444,-0.032749999999999946,0.4214499999611738,0.7695089999135591,0.581988741590682,,0.0,0.0,0.0,0.0,False,False,False
388,1773733494.3579967,1773733494357999486,-0.42,8.409937492055881e-20,0.8749994277780444,-0.032749999999999946,0.4214499999611738,0.7695089999135591,0.581988741590682,,0.0,0.0,0.0,0.0,False,False,False
389,1773733494.4084003,1773733494408404184,-0.42,8.409937492055881e-20,0.8749994277780444,-0.032749999999999946,0.4214499999611738,0.7695089999135591,0.581988741590682,,0.0,0.0,0.0,0.0,False,False,False
390,1773733494.4579704,1773733494457972479,-0.42,8.409937492055881e-20,0.8749994277780444,-0.032749999999999946,0.4214499999611738,0.7695089999135591,0.581988741590682,,0.0,0.0,0.0,0.0,False,False,False
391,1773733494.507874,1773733494507877332,-0.42,8.409937492055881e-20,0.8749994277780444,-0.032749999999999946,0.4214499999611738,0.7695089999135591,0.581988741590682,,0.0,0.0,0.0,0.0,False,False,False
392,1773733494.5581117,1773733494558116932,-0.42,8.409937492055881e-20,0.8749994277780444,-0.032749999999999946,0.4214499999611738,0.7695089999135591,0.581988741590682,,0.0,0.0,0.0,0.0,False,False,False
393,1773733494.6080647,1773733494608067384,-0.42,8.409937492055881e-20,0.8749994277780444,-0.032749999999999946,0.4214499999611738,0.7695089999135591,0.581988741590682,,0.0,0.0,0.0,0.0,False,False,False
394,1773733494.6593575,1773733494659360156,-0.42,8.409937492055881e-20,0.8749994277780444,-0.032749999999999946,0.4214499999611738,0.7695089999135591,0.581988741590682,,0.0,0.0,0.0,0.0,False,False,False
395,1773733494.7080617,1773733494708063927,-0.42,8.409937492055881e-20,0.8749994277780444,-0.032749999999999946,0.4214499999611738,0.7695089999135591,0.581988741590682,,0.0,0.0,0.0,0.0,False,False,False
396,1773733494.7584496,1773733494758452156,-0.42,8.409937492055881e-20,0.8749994277780444,-0.032749999999999946,0.4214499999611738,0.7695089999135591,0.581988741590682,,0.0,0.0,0.0,0.0,False,False,False
397,1773733494.80856,1773733494808562827,-0.42,8.409937492055881e-20,0.8749994277780444,-0.032749999999999946,0.4214499999611738,0.7695089999135591,0.581988741590682,,0.0,0.0,0.0,0.0,False,False,False
398,1773733494.858037,1773733494858039783,-0.42,8.409937492055881e-20,0.8749994277780444,-0.032749999999999946,0.4214499999611738,0.7695089999135591,0.581988741590682,,0.0,0.0,0.0,0.0,False,False,False
399,1773733494.9079869,1773733494907989595,-0.42,8.409937492055881e-20,0.8749994277780444,-0.032749999999999946,0.4214499999611738,0.7695089999135591,0.581988741590682,,0.0,0.0,0.0,0.0,False,False,False
400,1773733494.9579763,1773733494957979526,-0.42,8.409937492055881e-20,0.8749994277780444,-0.032749999999999946,0.4214499999611738,0.7695089999135591,0.581988741590682,,0.0,0.0,0.0,0.0,False,False,False
401,1773733495.0081985,1773733495008202876,-0.42,8.409937492055881e-20,0.8749994277780444,-0.032749999999999946,0.4214499999611738,0.7695089999135591,0.581988741590682,,0.0,0.0,0.0,0.0,False,False,False
402,1773733495.057992,1773733495057994090,-0.42,8.409937492055881e-20,0.8749994277780444,-0.032749999999999946,0.4214499999611738,0.7695089999135591,0.581988741590682,,0.0,0.0,0.0,0.0,False,False,False
403,1773733495.1080697,1773733495108074241,-0.42,8.409937492055881e-20,0.8749994277780444,-0.032749999999999946,0.4214499999611738,0.7695089999135591,0.581988741590682,,0.0,0.0,0.0,0.0,False,False,False
404,1773733495.1585534,1773733495158556049,-0.42,8.409937492055881e-20,0.8749994277780444,-0.032749999999999946,0.4214499999611738,0.7695089999135591,0.581988741590682,,0.0,0.0,0.0,0.0,False,False,False
405,1773733495.207985,1773733495207987265,-0.42,8.409937492055881e-20,0.8749994277780444,-0.032749999999999946,0.4214499999611738,0.7695089999135591,0.581988741590682,,0.0,0.0,0.0,0.0,False,False,False
406,1773733495.2580569,1773733495258060127,-0.42,8.409937492055881e-20,0.8749994277780444,-0.032749999999999946,0.4214499999611738,0.7695089999135591,0.581988741590682,,0.0,0.0,0.0,0.0,False,False,False
407,1773733495.3080413,1773733495308043959,-0.42,8.409937492055881e-20,0.8749994277780444,-0.032749999999999946,0.4214499999611738,0.7695089999135591,0.581988741590682,,0.0,0.0,0.0,0.0,False,False,False
408,1773733495.3579454,1773733495357948151,-0.42,8.409937492055881e-20,0.8749994277780444,-0.032749999999999946,0.4214499999611738,0.7695089999135591,0.581988741590682,,0.0,0.0,0.0,0.0,False,False,False
409,1773733495.4093454,1773733495409348973,-0.42,8.409937492055881e-20,0.8749994277780444,-0.032749999999999946,0.4214499999611738,0.7695089999135591,0.581988741590682,,0.0,0.0,0.0,0.0,False,False,False
410,1773733495.4580247,1773733495458027895,-0.42,8.409937492055881e-20,0.8749994277780444,-0.032749999999999946,0.4214499999611738,0.7695089999135591,0.581988741590682,,0.0,0.0,0.0,0.0,False,False,False
411,1773733495.5080688,1773733495508072266,-0.42,8.409937492055881e-20,0.8749994277780444,-0.032749999999999946,0.4214499999611738,0.7695089999135591,0.581988741590682,,0.0,0.0,0.0,0.0,False,False,False
412,1773733495.5585356,1773733495558537635,-0.42,8.409937492055881e-20,0.8749994277780444,-0.032749999999999946,0.4214499999611738,0.7695089999135591,0.581988741590682,,0.0,0.0,0.0,0.0,False,False,False
413,1773733495.6080396,1773733495608043140,-0.42,8.409937492055881e-20,0.8749994277780444,-0.032749999999999946,0.4214499999611738,0.7695089999135591,0.581988741590682,,0.0,0.0,0.0,0.0,False,False,False
414,1773733495.658053,1773733495658056242,-0.42,8.409937492055881e-20,0.8749994277780444,-0.032749999999999946,0.4214499999611738,0.7695089999135591,0.581988741590682,,0.0,0.0,0.0,0.0,False,False,False
415,1773733495.7079546,1773733495707958635,-0.42,8.409937492055881e-20,0.8749994277780444,-0.032749999999999946,0.4214499999611738,0.7695089999135591,0.581988741590682,,0.0,0.0,0.0,0.0,False,False,False
416,1773733495.7580996,1773733495758105075,-0.42,8.409937492055881e-20,0.8749994277780444,-0.032749999999999946,0.4214499999611738,0.7695089999135591,0.581988741590682,,0.0,0.0,0.0,0.0,False,False,False
417,1773733495.8079708,1773733495807973338,-0.42,8.409937492055881e-20,0.8749994277780444,-0.032749999999999946,0.4214499999611738,0.7695089999135591,0.581988741590682,,0.0,0.0,0.0,0.0,False,False,False
418,1773733495.8605607,1773733495860564010,-0.42,8.409937492055881e-20,0.8749994277780444,-0.032749999999999946,0.4214499999611738,0.7695089999135591,0.581988741590682,,0.0,0.0,0.0,0.0,False,False,False
419,1773733495.9080212,1773733495908023632,-0.42,8.409937492055881e-20,0.8749994277780444,-0.032749999999999946,0.4214499999611738,0.7695089999135591,0.581988741590682,,0.0,0.0,0.0,0.0,False,False,False
420,1773733495.9580607,1773733495958063853,-0.42,8.409937492055881e-20,0.8749994277780444,-0.032749999999999946,0.4214499999611738,0.7695089999135591,0.581988741590682,,0.0,0.0,0.0,0.0,False,False,False
421,1773733496.008225,1773733496008229204,-0.42,8.409937492055881e-20,0.8749994277780444,-0.032749999999999946,0.4214499999611738,0.7695089999135591,0.581988741590682,,0.0,0.0,0.0,0.0,False,False,False
422,1773733496.0579746,1773733496057979148,-0.42,8.409937492055881e-20,0.8749994277780444,-0.032749999999999946,0.4214499999611738,0.7695089999135591,0.581988741590682,,0.0,0.0,0.0,0.0,False,False,False
423,1773733496.1080005,1773733496108002670,-0.42,8.409937492055881e-20,0.8749994277780444,-0.032749999999999946,0.4214499999611738,0.7695089999135591,0.581988741590682,,0.0,0.0,0.0,0.0,False,False,False
424,1773733496.1580014,1773733496158003692,-0.42,8.409937492055881e-20,0.8749994277780444,-0.032749999999999946,0.4214499999611738,0.7695089999135591,0.581988741590682,,0.0,0.0,0.0,0.0,False,False,False
425,1773733496.2080135,1773733496208016524,-0.42,8.409937492055881e-20,0.8749994277780444,-0.032749999999999946,0.4214499999611738,0.7695089999135591,0.581988741590682,,0.0,0.0,0.0,0.0,False,False,False
426,1773733496.258791,1773733496258795390,-0.42,8.409937492055881e-20,0.8749994277780444,-0.032749999999999946,0.4214499999611738,0.7695089999135591,0.581988741590682,,0.0,0.0,0.0,0.0,False,False,False
427,1773733496.3080156,1773733496308018608,-0.42,8.409937492055881e-20,0.8749994277780444,-0.032749999999999946,0.4214499999611738,0.7695089999135591,0.581988741590682,,0.0,0.0,0.0,0.0,False,False,False
428,1773733496.3579354,1773733496357938181,-0.42,8.409937492055881e-20,0.8749994277780444,-0.032749999999999946,0.4214499999611738,0.7695089999135591,0.581988741590682,,0.0,0.0,0.0,0.0,False,False,False
429,1773733496.4079568,1773733496407959843,-0.42,8.409937492055881e-20,0.8749994277780444,-0.032749999999999946,0.4214499999611738,0.7695089999135591,0.581988741590682,,0.0,0.0,0.0,0.0,False,False,False
430,1773733496.458543,1773733496458546370,-0.42,8.409937492055881e-20,0.8749994277780444,-0.032749999999999946,0.4214499999611738,0.7695089999135591,0.581988741590682,,0.0,0.0,0.0,0.0,False,False,False
431,1773733496.5080185,1773733496508021386,-0.42,8.409937492055881e-20,0.8749994277780444,-0.032749999999999946,0.4214499999611738,0.7695089999135591,0.581988741590682,,0.0,0.0,0.0,0.0,False,False,False
432,1773733496.5580068,1773733496558010689,-0.42,8.409937492055881e-20,0.8749994277780444,-0.032749999999999946,0.4214499999611738,0.7695089999135591,0.581988741590682,,0.0,0.0,0.0,0.0,False,False,False
433,1773733496.6079535,1773733496607956971,-0.42,8.409937492055881e-20,0.8749994277780444,-0.032749999999999946,0.4214499999611738,0.7695089999135591,0.581988741590682,,0.0,0.0,0.0,0.0,False,False,False
434,1773733496.6588027,1773733496658804977,-0.42,8.409937492055881e-20,0.8749994277780444,-0.032749999999999946,0.4214499999611738,0.7695089999135591,0.581988741590682,,0.0,0.0,0.0,0.0,False,False,False
435,1773733496.7080264,1773733496708029684,-0.42,8.409937492055881e-20,0.8749994277780444,-0.032749999999999946,0.4214499999611738,0.7695089999135591,0.581988741590682,,0.0,0.0,0.0,0.0,False,False,False
436,1773733496.7580943,1773733496758098066,-0.42,8.409937492055881e-20,0.8749994277780444,-0.032749999999999946,0.4214499999611738,0.7695089999135591,0.581988741590682,,0.0,0.0,0.0,0.0,False,False,False
437,1773733496.80796,1773733496807962249,-0.42,8.409937492055881e-20,0.8749994277780444,-0.032749999999999946,0.4214499999611738,0.7695089999135591,0.581988741590682,,0.0,0.0,0.0,0.0,False,False,False
438,1773733496.8594263,1773733496859429020,-0.42,8.409937492055881e-20,0.8749994277780444,-0.032749999999999946,0.4214499999611738,0.7695089999135591,0.581988741590682,,0.0,0.0,0.0,0.0,False,False,False
439,1773733496.9080167,1773733496908019423,-0.42,8.409937492055881e-20,0.8749994277780444,-0.032749999999999946,0.4214499999611738,0.7695089999135591,0.581988741590682,,0.0,0.0,0.0,0.0,False,False,False
440,1773733496.9579725,1773733496957974815,-0.42,8.409937492055881e-20,0.8749994277780444,-0.032749999999999946,0.4214499999611738,0.7695089999135591,0.581988741590682,,0.0,0.0,0.0,0.0,False,False,False
441,1773733497.0079577,1773733497007961138,-0.42,8.409937492055881e-20,0.8749994277780444,-0.032749999999999946,0.4214499999611738,0.7695089999135591,0.581988741590682,,0.0,0.0,0.0,0.0,False,False,False
442,1773733497.058023,1773733497058025219,-0.42,8.409937492055881e-20,0.8749994277780444,-0.032749999999999946,0.4214499999611738,0.7695089999135591,0.581988741590682,,0.0,0.0,0.0,0.0,False,False,False
443,1773733497.108047,1773733497108050451,-0.42,8.409937492055881e-20,0.8749994277780444,-0.032749999999999946,0.4214499999611738,0.7695089999135591,0.581988741590682,,0.0,0.0,0.0,0.0,False,False,False
444,1773733497.1580486,1773733497158051323,-0.42,8.409937492055881e-20,0.8749994277780444,-0.032749999999999946,0.4214499999611738,0.7695089999135591,0.581988741590682,,0.0,0.0,0.0,0.0,False,False,False
445,1773733497.207953,1773733497207955876,-0.42,8.409937492055881e-20,0.8749994277780444,-0.032749999999999946,0.4214499999611738,0.7695089999135591,0.581988741590682,,0.0,0.0,0.0,0.0,False,False,False
446,1773733497.258049,1773733497258051838,-0.42,8.409937492055881e-20,0.8749994277780444,-0.032749999999999946,0.4214499999611738,0.7695089999135591,0.581988741590682,,0.0,0.0,0.0,0.0,False,False,False
447,1773733497.3079631,1773733497307966651,-0.42,8.409937492055881e-20,0.8749994277780444,-0.032749999999999946,0.4214499999611738,0.7695089999135591,0.581988741590682,,0.0,0.0,0.0,0.0,False,False,False
448,1773733497.3580785,1773733497358082472,-0.42,8.409937492055881e-20,0.8749994277780444,-0.032749999999999946,0.4214499999611738,0.7695089999135591,0.581988741590682,,0.0,0.0,0.0,0.0,False,False,False
449,1773733497.408022,1773733497408025295,-0.42,8.409937492055881e-20,0.8749994277780444,-0.032749999999999946,0.4214499999611738,0.7695089999135591,0.581988741590682,,0.0,0.0,0.0,0.0,False,False,False
450,1773733497.4579682,1773733497457971778,-0.42,8.409937492055881e-20,0.8749994277780444,-0.032749999999999946,0.4214499999611738,0.7695089999135591,0.581988741590682,,0.0,0.0,0.0,0.0,False,False,False
451,1773733497.507952,1773733497507954170,-0.42,8.409937492055881e-20,0.8749994277780444,-0.032749999999999946,0.4214499999611738,0.7695089999135591,0.581988741590682,,0.0,0.0,0.0,0.0,False,False,False
452,1773733497.5579479,1773733497557950422,-0.42,8.409937492055881e-20,0.8749994277780444,-0.032749999999999946,0.4214499999611738,0.7695089999135591,0.581988741590682,,0.0,0.0,0.0,0.0,False,False,False
453,1773733497.6079504,1773733497607953815,-0.42,8.409937492055881e-20,0.8749994277780444,-0.032749999999999946,0.4214499999611738,0.7695089999135591,0.581988741590682,,0.0,0.0,0.0,0.0,False,False,False
454,1773733497.6594577,1773733497659461166,-0.42,8.409937492055881e-20,0.8749994277780444,-0.032749999999999946,0.4214499999611738,0.7695089999135591,0.581988741590682,,0.0,0.0,0.0,0.0,False,False,False
455,1773733497.7080011,1773733497708003519,-0.42,8.409937492055881e-20,0.8749994277780444,-0.032749999999999946,0.4214499999611738,0.7695089999135591,0.581988741590682,,0.0,0.0,0.0,0.0,False,False,False
456,1773733497.757971,1773733497757973581,-0.42,8.409937492055881e-20,0.8749994277780444,-0.032749999999999946,0.4214499999611738,0.7695089999135591,0.581988741590682,,0.0,0.0,0.0,0.0,False,False,False
457,1773733497.8079374,1773733497807940524,-0.42,8.409937492055881e-20,0.8749994277780444,-0.032749999999999946,0.4214499999611738,0.7695089999135591,0.581988741590682,,0.0,0.0,0.0,0.0,False,False,False
458,1773733497.8579767,1773733497857978806,-0.42,8.409937492055881e-20,0.8749994277780444,-0.032749999999999946,0.4214499999611738,0.7695089999135591,0.581988741590682,,0.0,0.0,0.0,0.0,False,False,False
459,1773733497.9079313,1773733497907933178,-0.42,8.409937492055881e-20,0.8749994277780444,-0.032749999999999946,0.4214499999611738,0.7695089999135591,0.581988741590682,,0.0,0.0,0.0,0.0,False,False,False
460,1773733497.9579399,1773733497957942140,-0.42,8.409937492055881e-20,0.8749994277780444,-0.032749999999999946,0.4214499999611738,0.7695089999135591,0.581988741590682,,0.0,0.0,0.0,0.0,False,False,False
461,1773733498.0080342,1773733498008038242,-0.42,8.409937492055881e-20,0.8749994277780444,-0.032749999999999946,0.4214499999611738,0.7695089999135591,0.581988741590682,,0.0,0.0,0.0,0.0,False,False,False
462,1773733498.0580204,1773733498058023745,-0.42,8.409937492055881e-20,0.8749994277780444,-0.032749999999999946,0.4214499999611738,0.7695089999135591,0.581988741590682,,0.0,0.0,0.0,0.0,False,False,False
463,1773733498.1079652,1773733498107967158,-0.42,8.409937492055881e-20,0.8749994277780444,-0.032749999999999946,0.4214499999611738,0.7695089999135591,0.581988741590682,,0.0,0.0,0.0,0.0,False,False,False
464,1773733498.1588254,1773733498158828113,-0.42,8.409937492055881e-20,0.8749994277780444,-0.032749999999999946,0.4214499999611738,0.7695089999135591,0.581988741590682,,0.0,0.0,0.0,0.0,False,False,False
465,1773733498.20809,1773733498208093272,-0.42,8.409937492055881e-20,0.8749994277780444,-0.032749999999999946,0.4214499999611738,0.7695089999135591,0.581988741590682,,0.0,0.0,0.0,0.0,False,False,False
466,1773733498.2579663,1773733498257968675,-0.42,8.409937492055881e-20,0.8749994277780444,-0.032749999999999946,0.4214499999611738,0.7695089999135591,0.581988741590682,,0.0,0.0,0.0,0.0,False,False,False
467,1773733498.3079755,1773733498307977197,-0.42,8.409937492055881e-20,0.8749994277780444,-0.032749999999999946,0.4214499999611738,0.7695089999135591,0.581988741590682,,0.0,0.0,0.0,0.0,False,False,False
468,1773733498.3593326,1773733498359336189,-0.42,8.409937492055881e-20,0.8749994277780444,-0.032749999999999946,0.4214499999611738,0.7695089999135591,0.581988741590682,,0.0,0.0,0.0,0.0,False,False,False
469,1773733498.4079893,1773733498407991732,-0.42,8.409937492055881e-20,0.8749994277780444,-0.032749999999999946,0.4214499999611738,0.7695089999135591,0.581988741590682,,0.0,0.0,0.0,0.0,False,False,False
470,1773733498.4580262,1773733498458029444,-0.42,8.409937492055881e-20,0.8749994277780444,-0.032749999999999946,0.4214499999611738,0.7695089999135591,0.581988741590682,,0.0,0.0,0.0,0.0,False,False,False
471,1773733498.5079546,1773733498507957037,-0.42,8.409937492055881e-20,0.8749994277780444,-0.032749999999999946,0.4214499999611738,0.7695089999135591,0.581988741590682,,0.0,0.0,0.0,0.0,False,False,False
472,1773733498.5580597,1773733498558063469,-0.42,8.409937492055881e-20,0.8749994277780444,-0.032749999999999946,0.4214499999611738,0.7695089999135591,0.581988741590682,,0.0,0.0,0.0,0.0,False,False,False
473,1773733498.6079576,1773733498607959512,-0.42,8.409937492055881e-20,0.8749994277780444,-0.032749999999999946,0.4214499999611738,0.7695089999135591,0.581988741590682,,0.0,0.0,0.0,0.0,False,False,False
474,1773733498.658021,1773733498658023674,-0.42,8.409937492055881e-20,0.8749994277780444,-0.032749999999999946,0.4214499999611738,0.7695089999135591,0.581988741590682,,0.0,0.0,0.0,0.0,False,False,False
475,1773733498.7079895,1773733498707992297,-0.42,8.409937492055881e-20,0.8749994277780444,-0.032749999999999946,0.4214499999611738,0.7695089999135591,0.581988741590682,,0.0,0.0,0.0,0.0,False,False,False
476,1773733498.758324,1773733498758326297,-0.42,8.409937492055881e-20,0.8749994277780444,-0.032749999999999946,0.4214499999611738,0.7695089999135591,0.581988741590682,,0.0,0.0,0.0,0.0,False,False,False
477,1773733498.8079836,1773733498807985752,-0.42,8.409937492055881e-20,0.8749994277780444,-0.032749999999999946,0.4214499999611738,0.7695089999135591,0.581988741590682,,0.0,0.0,0.0,0.0,False,False,False
478,1773733498.857986,1773733498857988794,-0.42,8.409937492055881e-20,0.8749994277780444,-0.032749999999999946,0.4214499999611738,0.7695089999135591,0.581988741590682,,0.0,0.0,0.0,0.0,False,False,False
479,1773733498.9082003,1773733498908202855,-0.42,8.409937492055881e-20,0.8749994277780444,-0.032749999999999946,0.4214499999611738,0.7695089999135591,0.581988741590682,,0.0,0.0,0.0,0.0,False,False,False
480,1773733498.959446,1773733498959447888,-0.42,8.409937492055881e-20,0.8749994277780444,-0.032749999999999946,0.4214499999611738,0.7695089999135591,0.581988741590682,,0.0,0.0,0.0,0.0,False,False,False
481,1773733499.0080204,1773733499008023181,-0.42,8.409937492055881e-20,0.8749994277780444,-0.032749999999999946,0.4214499999611738,0.7695089999135591,0.581988741590682,,0.0,0.0,0.0,0.0,False,False,False
482,1773733499.0579715,1773733499057974274,-0.42,8.409937492055881e-20,0.8749994277780444,-0.032749999999999946,0.4214499999611738,0.7695089999135591,0.581988741590682,,0.0,0.0,0.0,0.0,False,False,False
483,1773733499.1080484,1773733499108054276,-0.42,8.409937492055881e-20,0.8749994277780444,-0.032749999999999946,0.4214499999611738,0.7695089999135591,0.581988741590682,,0.0,0.0,0.0,0.0,False,False,False
484,1773733499.1588776,1773733499158880303,-0.42,8.409937492055881e-20,0.8749994277780444,-0.032749999999999946,0.4214499999611738,0.7695089999135591,0.581988741590682,,0.0,0.0,0.0,0.0,False,False,False
485,1773733499.2079623,1773733499207965342,-0.42,8.409937492055881e-20,0.8749994277780444,-0.032749999999999946,0.4214499999611738,0.7695089999135591,0.581988741590682,,0.0,0.0,0.0,0.0,False,False,False
486,1773733499.2579865,1773733499257990355,-0.42,8.409937492055881e-20,0.8749994277780444,-0.032749999999999946,0.4214499999611738,0.7695089999135591,0.581988741590682,,0.0,0.0,0.0,0.0,False,False,False
487,1773733499.309406,1773733499309409407,-0.42,8.409937492055881e-20,0.8749994277780444,-0.032749999999999946,0.4214499999611738,0.7695089999135591,0.581988741590682,,0.0,0.0,0.0,0.0,False,False,False
488,1773733499.3580816,1773733499358084279,-0.42,8.409937492055881e-20,0.8749994277780444,-0.032749999999999946,0.4214499999611738,0.7695089999135591,0.581988741590682,,0.0,0.0,0.0,0.0,False,False,False
489,1773733499.4079561,1773733499407958773,-0.42,8.409937492055881e-20,0.8749994277780444,-0.032749999999999946,0.4214499999611738,0.7695089999135591,0.581988741590682,,0.0,0.0,0.0,0.0,False,False,False
490,1773733499.4589825,1773733499458984618,-0.42,8.409937492055881e-20,0.8749994277780444,-0.032749999999999946,0.4214499999611738,0.7695089999135591,0.581988741590682,,0.0,0.0,0.0,0.0,False,False,False
491,1773733499.5080304,1773733499508034318,-0.42,8.409937492055881e-20,0.8749994277780444,-0.032749999999999946,0.4214499999611738,0.7695089999135591,0.581988741590682,,0.0,0.0,0.0,0.0,False,False,False
492,1773733499.5598578,1773733499559861356,-0.42,8.409937492055881e-20,0.8749994277780444,-0.032749999999999946,0.4214499999611738,0.7695089999135591,0.581988741590682,,0.0,0.0,0.0,0.0,False,False,False
493,1773733499.6079874,1773733499607989793,-0.42,8.409937492055881e-20,0.8749994277780444,-0.032749999999999946,0.4214499999611738,0.7695089999135591,0.581988741590682,,0.0,0.0,0.0,0.0,False,False,False
494,1773733499.6579742,1773733499657979296,-0.42,8.409937492055881e-20,0.8749994277780444,-0.032749999999999946,0.4214499999611738,0.7695089999135591,0.581988741590682,,0.0,0.0,0.0,0.0,False,False,False
495,1773733499.7079535,1773733499707957069,-0.42,8.409937492055881e-20,0.8749994277780444,-0.032749999999999946,0.4214499999611738,0.7695089999135591,0.581988741590682,,0.0,0.0,0.0,0.0,False,False,False
496,1773733499.7580216,1773733499758024361,-0.42,8.409937492055881e-20,0.8749994277780444,-0.032749999999999946,0.4214499999611738,0.7695089999135591,0.581988741590682,,0.0,0.0,0.0,0.0,False,False,False
497,1773733499.80797,1773733499807973474,-0.42,8.409937492055881e-20,0.8749994277780444,-0.032749999999999946,0.4214499999611738,0.7695089999135591,0.581988741590682,,0.0,0.0,0.0,0.0,False,False,False
498,1773733499.8579752,1773733499857977846,-0.42,8.409937492055881e-20,0.8749994277780444,-0.032749999999999946,0.4214499999611738,0.7695089999135591,0.581988741590682,,0.0,0.0,0.0,0.0,False,False,False
499,1773733499.9080307,1773733499908034509,-0.42,8.409937492055881e-20,0.8749994277780444,-0.032749999999999946,0.4214499999611738,0.7695089999135591,0.581988741590682,,0.0,0.0,0.0,0.0,False,False,False
500,1773733499.9580534,1773733499958057271,-0.42,8.409937492055881e-20,0.8749994277780444,-0.032749999999999946,0.4214499999611738,0.7695089999135591,0.581988741590682,,0.0,0.0,0.0,0.0,False,False,False
501,1773733500.0102534,1773733500010256277,-0.42,8.409937492055881e-20,0.8749994277780444,-0.032749999999999946,0.4214499999611738,0.7695089999135591,0.581988741590682,,0.0,0.0,0.0,0.0,False,False,False
502,1773733500.0580037,1773733500058006417,-0.42,8.409937492055881e-20,0.8749994277780444,-0.032749999999999946,0.4214499999611738,0.7695089999135591,0.581988741590682,,0.0,0.0,0.0,0.0,False,False,False
503,1773733500.1079783,1773733500107981340,-0.42,8.409937492055881e-20,0.8749994277780444,-0.032749999999999946,0.4214499999611738,0.7695089999135591,0.581988741590682,,0.0,0.0,0.0,0.0,False,False,False
504,1773733500.1598644,1773733500159867119,-0.42,8.409937492055881e-20,0.8749994277780444,-0.032749999999999946,0.4214499999611738,0.7695089999135591,0.581988741590682,,0.0,0.0,0.0,0.0,False,False,False
505,1773733500.2081616,1773733500208167624,-0.42,8.409937492055881e-20,0.8749994277780444,-0.032749999999999946,0.4214499999611738,0.7695089999135591,0.581988741590682,,0.0,0.0,0.0,0.0,False,False,False
506,1773733500.2580073,1773733500258009748,-0.42,8.409937492055881e-20,0.8749994277780444,-0.032749999999999946,0.4214499999611738,0.7695089999135591,0.581988741590682,,0.0,0.0,0.0,0.0,False,False,False
507,1773733500.3079774,1773733500307980371,-0.42,8.409937492055881e-20,0.8749994277780444,-0.032749999999999946,0.4214499999611738,0.7695089999135591,0.581988741590682,,0.0,0.0,0.0,0.0,False,False,False
508,1773733500.3579385,1773733500357940674,-0.42,8.409937492055881e-20,0.8749994277780444,-0.032749999999999946,0.4214499999611738,0.7695089999135591,0.581988741590682,,0.0,0.0,0.0,0.0,False,False,False
509,1773733500.407966,1773733500407969367,-0.42,8.409937492055881e-20,0.8749994277780444,-0.032749999999999946,0.4214499999611738,0.7695089999135591,0.581988741590682,,0.0,0.0,0.0,0.0,False,False,False
510,1773733500.4579825,1773733500457985570,-0.42,8.409937492055881e-20,0.8749994277780444,-0.032749999999999946,0.4214499999611738,0.7695089999135591,0.581988741590682,,0.0,0.0,0.0,0.0,False,False,False
511,1773733500.5079415,1773733500507943853,-0.42,8.409937492055881e-20,0.8749994277780444,-0.032749999999999946,0.4214499999611738,0.7695089999135591,0.581988741590682,,0.0,0.0,0.0,0.0,False,False,False
512,1773733500.5598233,1773733500559826651,-0.42,8.409937492055881e-20,0.8749994277780444,-0.032749999999999946,0.4214499999611738,0.7695089999135591,0.581988741590682,,0.0,0.0,0.0,0.0,False,False,False
513,1773733500.6079817,1773733500607984128,-0.42,8.409937492055881e-20,0.8749994277780444,-0.032749999999999946,0.4214499999611738,0.7695089999135591,0.581988741590682,,0.0,0.0,0.0,0.0,False,False,False
514,1773733500.6580682,1773733500658071290,-0.42,8.409937492055881e-20,0.8749994277780444,-0.032749999999999946,0.4214499999611738,0.7695089999135591,0.581988741590682,,0.0,0.0,0.0,0.0,False,False,False
515,1773733500.7079275,1773733500707929854,-0.42,8.409937492055881e-20,0.8749994277780444,-0.032749999999999946,0.4214499999611738,0.7695089999135591,0.581988741590682,,0.0,0.0,0.0,0.0,False,False,False
516,1773733500.7580807,1773733500758085666,-0.42,8.409937492055881e-20,0.8749994277780444,-0.032749999999999946,0.4214499999611738,0.7695089999135591,0.581988741590682,,0.0,0.0,0.0,0.0,False,False,False
517,1773733500.807891,1773733500807893250,-0.42,8.409937492055881e-20,0.8749994277780444,-0.032749999999999946,0.4214499999611738,0.7695089999135591,0.581988741590682,,0.0,0.0,0.0,0.0,False,False,False
518,1773733500.8581784,1773733500858181461,-0.42,8.409937492055881e-20,0.8749994277780444,-0.032749999999999946,0.4214499999611738,0.7695089999135591,0.581988741590682,,0.0,0.0,0.0,0.0,False,False,False
519,1773733500.90802,1773733500908022745,-0.42,8.409937492055881e-20,0.8749994277780444,-0.032749999999999946,0.4214499999611738,0.7695089999135591,0.581988741590682,,0.0,0.0,0.0,0.0,False,False,False
520,1773733500.9580219,1773733500958024797,-0.42,8.409937492055881e-20,0.8749994277780444,-0.032749999999999946,0.4214499999611738,0.7695089999135591,0.581988741590682,,0.0,0.0,0.0,0.0,False,False,False
521,1773733501.0078914,1773733501007894292,-0.42,8.409937492055881e-20,0.8749994277780444,-0.032749999999999946,0.4214499999611738,0.7695089999135591,0.581988741590682,,0.0,0.0,0.0,0.0,False,False,False
522,1773733501.0584128,1773733501058417361,-0.42,8.409937492055881e-20,0.8749994277780444,-0.032749999999999946,0.4214499999611738,0.7695089999135591,0.581988741590682,,0.0,0.0,0.0,0.0,False,False,False
523,1773733501.108016,1773733501108019176,-0.42,8.409937492055881e-20,0.8749994277780444,-0.032749999999999946,0.4214499999611738,0.7695089999135591,0.581988741590682,,0.0,0.0,0.0,0.0,False,False,False
524,1773733501.1606932,1773733501160696629,-0.42,8.409937492055881e-20,0.8749994277780444,-0.032749999999999946,0.4214499999611738,0.7695089999135591,0.581988741590682,,0.0,0.0,0.0,0.0,False,False,False
525,1773733501.2080157,1773733501208017852,-0.42,8.409937492055881e-20,0.8749994277780444,-0.032749999999999946,0.4214499999611738,0.7695089999135591,0.581988741590682,,0.0,0.0,0.0,0.0,False,False,False
526,1773733501.2583969,1773733501258400293,-0.42,8.409937492055881e-20,0.8749994277780444,-0.032749999999999946,0.4214499999611738,0.7695089999135591,0.581988741590682,,0.0,0.0,0.0,0.0,False,False,False
527,1773733501.3080797,1773733501308082738,-0.42,8.409937492055881e-20,0.8749994277780444,-0.032749999999999946,0.4214499999611738,0.7695089999135591,0.581988741590682,,0.0,0.0,0.0,0.0,False,False,False
528,1773733501.3603356,1773733501360338114,-0.42,8.409937492055881e-20,0.8749994277780444,-0.032749999999999946,0.4214499999611738,0.7695089999135591,0.581988741590682,,0.0,0.0,0.0,0.0,False,False,False
529,1773733501.407976,1773733501407977955,-0.42,8.409937492055881e-20,0.8749994277780444,-0.032749999999999946,0.4214499999611738,0.7695089999135591,0.581988741590682,,0.0,0.0,0.0,0.0,False,False,False
530,1773733501.4579873,1773733501457990358,-0.42,8.409937492055881e-20,0.8749994277780444,-0.032749999999999946,0.4214499999611738,0.7695089999135591,0.581988741590682,,0.0,0.0,0.0,0.0,False,False,False
531,1773733501.5079234,1773733501507925581,-0.42,8.409937492055881e-20,0.8749994277780444,-0.032749999999999946,0.4214499999611738,0.7695089999135591,0.581988741590682,,0.0,0.0,0.0,0.0,False,False,False
532,1773733501.5580423,1773733501558044853,-0.42,8.409937492055881e-20,0.8749994277780444,-0.032749999999999946,0.4214499999611738,0.7695089999135591,0.581988741590682,,0.0,0.0,0.0,0.0,False,False,False
533,1773733501.6080775,1773733501608081916,-0.42,8.409937492055881e-20,0.8749994277780444,-0.032749999999999946,0.4214499999611738,0.7695089999135591,0.581988741590682,,0.0,0.0,0.0,0.0,False,False,False
534,1773733501.6579957,1773733501657998880,-0.42,8.409937492055881e-20,0.8749994277780444,-0.032749999999999946,0.4214499999611738,0.7695089999135591,0.581988741590682,,0.0,0.0,0.0,0.0,False,False,False
535,1773733501.7080846,1773733501708086812,-0.42,8.409937492055881e-20,0.8749994277780444,-0.032749999999999946,0.4214499999611738,0.7695089999135591,0.581988741590682,,0.0,0.0,0.0,0.0,False,False,False
536,1773733501.758071,1773733501758074365,-0.42,8.409937492055881e-20,0.8749994277780444,-0.032749999999999946,0.4214499999611738,0.7695089999135591,0.581988741590682,,0.0,0.0,0.0,0.0,False,False,False
537,1773733501.8079493,1773733501807951479,-0.42,8.409937492055881e-20,0.8749994277780444,-0.032749999999999946,0.4214499999611738,0.7695089999135591,0.581988741590682,,0.0,0.0,0.0,0.0,False,False,False
538,1773733501.8579717,1773733501857975392,-0.42,8.409937492055881e-20,0.8749994277780444,-0.032749999999999946,0.4214499999611738,0.7695089999135591,0.581988741590682,,0.0,0.0,0.0,0.0,False,False,False
539,1773733501.9079278,1773733501907929665,-0.42,8.409937492055881e-20,0.8749994277780444,-0.032749999999999946,0.4214499999611738,0.7695089999135591,0.581988741590682,,0.0,0.0,0.0,0.0,False,False,False
540,1773733501.959441,1773733501959443587,-0.42,8.409937492055881e-20,0.8749994277780444,-0.032749999999999946,0.4214499999611738,0.7695089999135591,0.581988741590682,,0.0,0.0,0.0,0.0,False,False,False
541,1773733502.0084472,1773733502008453598,-0.42,8.409937492055881e-20,0.8749994277780444,-0.032749999999999946,0.4214499999611738,0.7695089999135591,0.581988741590682,,0.0,0.0,0.0,0.0,False,False,False
542,1773733502.0586894,1773733502058692159,-0.42,8.409937492055881e-20,0.8749994277780444,-0.032749999999999946,0.4214499999611738,0.7695089999135591,0.581988741590682,,0.0,0.0,0.0,0.0,False,False,False
543,1773733502.108041,1773733502108043437,-0.42,8.409937492055881e-20,0.8749994277780444,-0.032749999999999946,0.4214499999611738,0.7695089999135591,0.581988741590682,,0.0,0.0,0.0,0.0,False,False,False
544,1773733502.1580677,1773733502158070970,-0.42,8.409937492055881e-20,0.8749994277780444,-0.032749999999999946,0.4214499999611738,0.7695089999135591,0.581988741590682,,0.0,0.0,0.0,0.0,False,False,False
545,1773733502.2079313,1773733502207933844,-0.42,8.409937492055881e-20,0.8749994277780444,-0.032749999999999946,0.4214499999611738,0.7695089999135591,0.581988741590682,,0.0,0.0,0.0,0.0,False,False,False
546,1773733502.2580235,1773733502258026777,-0.42,8.409937492055881e-20,0.8749994277780444,-0.032749999999999946,0.4214499999611738,0.7695089999135591,0.581988741590682,,0.0,0.0,0.0,0.0,False,False,False
547,1773733502.3084888,1773733502308492956,-0.42,8.409937492055881e-20,0.8749994277780444,-0.032749999999999946,0.4214499999611738,0.7695089999135591,0.581988741590682,,0.0,0.0,0.0,0.0,False,False,False
548,1773733502.3580277,1773733502358031543,-0.42,8.409937492055881e-20,0.8749994277780444,-0.032749999999999946,0.4214499999611738,0.7695089999135591,0.581988741590682,,0.0,0.0,0.0,0.0,False,False,False
549,1773733502.4084325,1773733502408434673,-0.42,8.409937492055881e-20,0.8749994277780444,-0.032749999999999946,0.4214499999611738,0.7695089999135591,0.581988741590682,,0.0,0.0,0.0,0.0,False,False,False
550,1773733502.4580135,1773733502458016129,-0.42,8.409937492055881e-20,0.8749994277780444,-0.032749999999999946,0.4214499999611738,0.7695089999135591,0.581988741590682,,0.0,0.0,0.0,0.0,False,False,False
551,1773733502.5080411,1773733502508043842,-0.42,8.409937492055881e-20,0.8749994277780444,-0.032749999999999946,0.4214499999611738,0.7695089999135591,0.581988741590682,,0.0,0.0,0.0,0.0,False,False,False
552,1773733502.5579522,1773733502557954796,-0.42,8.409937492055881e-20,0.8749994277780444,-0.032749999999999946,0.4214499999611738,0.7695089999135591,0.581988741590682,,0.0,0.0,0.0,0.0,False,False,False
553,1773733502.6084523,1773733502608455176,-0.42,8.409937492055881e-20,0.8749994277780444,-0.032749999999999946,0.4214499999611738,0.7695089999135591,0.581988741590682,,0.0,0.0,0.0,0.0,False,False,False
554,1773733502.6581163,1773733502658120541,-0.42,8.409937492055881e-20,0.8749994277780444,-0.032749999999999946,0.4214499999611738,0.7695089999135591,0.581988741590682,,0.0,0.0,0.0,0.0,False,False,False
555,1773733502.7080464,1773733502708049565,-0.42,8.409937492055881e-20,0.8749994277780444,-0.032749999999999946,0.4214499999611738,0.7695089999135591,0.581988741590682,,0.0,0.0,0.0,0.0,False,False,False
556,1773733502.7579644,1773733502757967709,-0.42,8.409937492055881e-20,0.8749994277780444,-0.032749999999999946,0.4214499999611738,0.7695089999135591,0.581988741590682,,0.0,0.0,0.0,0.0,False,False,False
557,1773733502.8079507,1773733502807954212,-0.42,8.409937492055881e-20,0.8749994277780444,-0.032749999999999946,0.4214499999611738,0.7695089999135591,0.581988741590682,,0.0,0.0,0.0,0.0,False,False,False
558,1773733502.8591506,1773733502859154267,-0.42,8.409937492055881e-20,0.8749994277780444,-0.032749999999999946,0.4214499999611738,0.7695089999135591,0.581988741590682,,0.0,0.0,0.0,0.0,False,False,False
559,1773733502.9079883,1773733502907990568,-0.42,8.409937492055881e-20,0.8749994277780444,-0.032749999999999946,0.4214499999611738,0.7695089999135591,0.581988741590682,,0.0,0.0,0.0,0.0,False,False,False
560,1773733502.9579358,1773733502957937762,-0.42,8.409937492055881e-20,0.8749994277780444,-0.032749999999999946,0.4214499999611738,0.7695089999135591,0.581988741590682,,0.0,0.0,0.0,0.0,False,False,False
561,1773733503.0099118,1773733503009917780,-0.42,8.409937492055881e-20,0.8749994277780444,-0.032749999999999946,0.4214499999611738,0.7695089999135591,0.581988741590682,,0.0,0.0,0.0,0.0,False,False,False
562,1773733503.0580251,1773733503058027778,-0.42,8.409937492055881e-20,0.8749994277780444,-0.032749999999999946,0.4214499999611738,0.7695089999135591,0.581988741590682,,0.0,0.0,0.0,0.0,False,False,False
563,1773733503.1080296,1773733503108032061,-0.42,8.409937492055881e-20,0.8749994277780444,-0.032749999999999946,0.4214499999611738,0.7695089999135591,0.581988741590682,,0.0,0.0,0.0,0.0,False,False,False
564,1773733503.1579764,1773733503157979515,-0.42,8.409937492055881e-20,0.8749994277780444,-0.032749999999999946,0.4214499999611738,0.7695089999135591,0.581988741590682,,0.0,0.0,0.0,0.0,False,False,False
565,1773733503.2080827,1773733503208086008,-0.42,8.409937492055881e-20,0.8749994277780444,-0.032749999999999946,0.4214499999611738,0.7695089999135591,0.581988741590682,,0.0,0.0,0.0,0.0,False,False,False
566,1773733503.2579427,1773733503257944852,-0.42,8.409937492055881e-20,0.8749994277780444,-0.032749999999999946,0.4214499999611738,0.7695089999135591,0.581988741590682,,0.0,0.0,0.0,0.0,False,False,False
567,1773733503.3080063,1773733503308009375,-0.42,8.409937492055881e-20,0.8749994277780444,-0.032749999999999946,0.4214499999611738,0.7695089999135591,0.581988741590682,,0.0,0.0,0.0,0.0,False,False,False
568,1773733503.3579757,1773733503357980029,-0.42,8.409937492055881e-20,0.8749994277780444,-0.032749999999999946,0.4214499999611738,0.7695089999135591,0.581988741590682,,0.0,0.0,0.0,0.0,False,False,False
569,1773733503.4106023,1773733503410605512,-0.42,8.409937492055881e-20,0.8749994277780444,-0.032749999999999946,0.4214499999611738,0.7695089999135591,0.581988741590682,,0.0,0.0,0.0,0.0,False,False,False
570,1773733503.4580264,1773733503458031395,-0.42,8.409937492055881e-20,0.8749994277780444,-0.032749999999999946,0.4214499999611738,0.7695089999135591,0.581988741590682,,0.0,0.0,0.0,0.0,False,False,False
571,1773733503.5082011,1773733503508204457,-0.42,8.409937492055881e-20,0.8749994277780444,-0.032749999999999946,0.4214499999611738,0.7695089999135591,0.581988741590682,,0.0,0.0,0.0,0.0,False,False,False
572,1773733503.5580084,1773733503558011792,-0.42,8.409937492055881e-20,0.8749994277780444,-0.032749999999999946,0.4214499999611738,0.7695089999135591,0.581988741590682,,0.0,0.0,0.0,0.0,False,False,False
573,1773733503.6087484,1773733503608751290,-0.42,8.409937492055881e-20,0.8749994277780444,-0.032749999999999946,0.4214499999611738,0.7695089999135591,0.581988741590682,,0.0,0.0,0.0,0.0,False,False,False
574,1773733503.6579998,1773733503658003489,-0.42,8.409937492055881e-20,0.8749994277780444,-0.032749999999999946,0.4214499999611738,0.7695089999135591,0.581988741590682,,0.0,0.0,0.0,0.0,False,False,False
575,1773733503.7080598,1773733503708063202,-0.42,8.409937492055881e-20,0.8749994277780444,-0.032749999999999946,0.4214499999611738,0.7695089999135591,0.581988741590682,,0.0,0.0,0.0,0.0,False,False,False
576,1773733503.7579217,1773733503757924516,-0.42,8.409937492055881e-20,0.8749994277780444,-0.032749999999999946,0.4214499999611738,0.7695089999135591,0.581988741590682,,0.0,0.0,0.0,0.0,False,False,False
577,1773733503.808068,1773733503808070338,-0.42,8.409937492055881e-20,0.8749994277780444,-0.032749999999999946,0.4214499999611738,0.7695089999135591,0.581988741590682,,0.0,0.0,0.0,0.0,False,False,False
578,1773733503.8579986,1773733503858001182,-0.42,8.409937492055881e-20,0.8749994277780444,-0.032749999999999946,0.4214499999611738,0.7695089999135591,0.581988741590682,,0.0,0.0,0.0,0.0,False,False,False
579,1773733503.9081173,1773733503908120685,-0.42,8.409937492055881e-20,0.8749994277780444,-0.032749999999999946,0.4214499999611738,0.7695089999135591,0.581988741590682,,0.0,0.0,0.0,0.0,False,False,False
580,1773733503.9579852,1773733503957988389,-0.42,8.409937492055881e-20,0.8749994277780444,-0.032749999999999946,0.4214499999611738,0.7695089999135591,0.581988741590682,,0.0,0.0,0.0,0.0,False,False,False
581,1773733504.007991,1773733504007994612,-0.42,8.409937492055881e-20,0.8749994277780444,-0.032749999999999946,0.4214499999611738,0.7695089999135591,0.581988741590682,,0.0,0.0,0.0,0.0,False,False,False
582,1773733504.0580368,1773733504058039566,-0.42,8.409937492055881e-20,0.8749994277780444,-0.032749999999999946,0.4214499999611738,0.7695089999135591,0.581988741590682,,0.0,0.0,0.0,0.0,False,False,False
583,1773733504.1100245,1773733504110026694,-0.42,8.409937492055881e-20,0.8749994277780444,-0.032749999999999946,0.4214499999611738,0.7695089999135591,0.581988741590682,,0.0,0.0,0.0,0.0,False,False,False
584,1773733504.1580822,1773733504158084922,-0.42,8.409937492055881e-20,0.8749994277780444,-0.032749999999999946,0.4214499999611738,0.7695089999135591,0.581988741590682,,0.0,0.0,0.0,0.0,False,False,False
585,1773733504.2080514,1773733504208055736,-0.42,8.409937492055881e-20,0.8749994277780444,-0.032749999999999946,0.4214499999611738,0.7695089999135591,0.581988741590682,,0.0,0.0,0.0,0.0,False,False,False
586,1773733504.257959,1773733504257961490,-0.42,8.409937492055881e-20,0.8749994277780444,-0.032749999999999946,0.4214499999611738,0.7695089999135591,0.581988741590682,,0.0,0.0,0.0,0.0,False,False,False
587,1773733504.3080742,1773733504308078133,-0.42,8.409937492055881e-20,0.8749994277780444,-0.032749999999999946,0.4214499999611738,0.7695089999135591,0.581988741590682,,0.0,0.0,0.0,0.0,False,False,False
588,1773733504.3579981,1773733504358001658,-0.42,8.409937492055881e-20,0.8749994277780444,-0.032749999999999946,0.4214499999611738,0.7695089999135591,0.581988741590682,,0.0,0.0,0.0,0.0,False,False,False
589,1773733504.407915,1773733504407917212,-0.42,8.409937492055881e-20,0.8749994277780444,-0.032749999999999946,0.4214499999611738,0.7695089999135591,0.581988741590682,,0.0,0.0,0.0,0.0,False,False,False
590,1773733504.4580326,1773733504458036564,-0.42,8.409937492055881e-20,0.8749994277780444,-0.032749999999999946,0.4214499999611738,0.7695089999135591,0.581988741590682,,0.0,0.0,0.0,0.0,False,False,False
591,1773733504.5079806,1773733504507982948,-0.42,8.409937492055881e-20,0.8749994277780444,-0.032749999999999946,0.4214499999611738,0.7695089999135591,0.581988741590682,,0.0,0.0,0.0,0.0,False,False,False
592,1773733504.5579586,1773733504557962182,-0.42,8.409937492055881e-20,0.8749994277780444,-0.032749999999999946,0.4214499999611738,0.7695089999135591,0.581988741590682,,0.0,0.0,0.0,0.0,False,False,False
593,1773733504.6080062,1773733504608010635,-0.42,8.409937492055881e-20,0.8749994277780444,-0.032749999999999946,0.4214499999611738,0.7695089999135591,0.581988741590682,,0.0,0.0,0.0,0.0,False,False,False
594,1773733504.6580305,1773733504658033919,-0.42,8.409937492055881e-20,0.8749994277780444,-0.032749999999999946,0.4214499999611738,0.7695089999135591,0.581988741590682,,0.0,0.0,0.0,0.0,False,False,False
595,1773733504.7079659,1773733504707968703,-0.42,8.409937492055881e-20,0.8749994277780444,-0.032749999999999946,0.4214499999611738,0.7695089999135591,0.581988741590682,,0.0,0.0,0.0,0.0,False,False,False
596,1773733504.757935,1773733504757938086,-0.42,8.409937492055881e-20,0.8749994277780444,-0.032749999999999946,0.4214499999611738,0.7695089999135591,0.581988741590682,,0.0,0.0,0.0,0.0,False,False,False
597,1773733504.80803,1773733504808033419,-0.42,8.409937492055881e-20,0.8749994277780444,-0.032749999999999946,0.4214499999611738,0.7695089999135591,0.581988741590682,,0.0,0.0,0.0,0.0,False,False,False
598,1773733504.8580728,1773733504858076322,-0.42,8.409937492055881e-20,0.8749994277780444,-0.032749999999999946,0.4214499999611738,0.7695089999135591,0.581988741590682,,0.0,0.0,0.0,0.0,False,False,False
599,1773733504.9080346,1773733504908038296,-0.42,8.409937492055881e-20,0.8749994277780444,-0.032749999999999946,0.4214499999611738,0.7695089999135591,0.581988741590682,,0.0,0.0,0.0,0.0,False,False,False
600,1773733504.9580598,1773733504958063740,-0.42,8.409937492055881e-20,0.8749994277780444,-0.032749999999999946,0.4214499999611738,0.7695089999135591,0.581988741590682,,0.0,0.0,0.0,0.0,False,False,False
601,1773733505.008233,1773733505008238132,-0.42,8.409937492055881e-20,0.8749994277780444,-0.032749999999999946,0.4214499999611738,0.7695089999135591,0.581988741590682,,0.0,0.0,0.0,0.0,False,False,False
602,1773733505.0580227,1773733505058025067,-0.42,8.409937492055881e-20,0.8749994277780444,-0.032749999999999946,0.4214499999611738,0.7695089999135591,0.581988741590682,,0.0,0.0,0.0,0.0,False,False,False
603,1773733505.1080043,1773733505108009271,-0.42,8.409937492055881e-20,0.8749994277780444,-0.032749999999999946,0.4214499999611738,0.7695089999135591,0.581988741590682,,0.0,0.0,0.0,0.0,False,False,False
604,1773733505.1579561,1773733505157958915,-0.42,8.409937492055881e-20,0.8749994277780444,-0.032749999999999946,0.4214499999611738,0.7695089999135591,0.581988741590682,,0.0,0.0,0.0,0.0,False,False,False
605,1773733505.2080536,1773733505208057258,-0.42,8.409937492055881e-20,0.8749994277780444,-0.032749999999999946,0.4214499999611738,0.7695089999135591,0.581988741590682,,0.0,0.0,0.0,0.0,False,False,False
606,1773733505.2579908,1773733505257994803,-0.42,8.409937492055881e-20,0.8749994277780444,-0.032749999999999946,0.4214499999611738,0.7695089999135591,0.581988741590682,,0.0,0.0,0.0,0.0,False,False,False
607,1773733505.308001,1773733505308003986,-0.42,8.409937492055881e-20,0.8749994277780444,-0.032749999999999946,0.4214499999611738,0.7695089999135591,0.581988741590682,,0.0,0.0,0.0,0.0,False,False,False
608,1773733505.357958,1773733505357960770,-0.42,8.409937492055881e-20,0.8749994277780444,-0.032749999999999946,0.4214499999611738,0.7695089999135591,0.581988741590682,,0.0,0.0,0.0,0.0,False,False,False
609,1773733505.4096603,1773733505409662451,-0.42,8.409937492055881e-20,0.8749994277780444,-0.032749999999999946,0.4214499999611738,0.7695089999135591,0.581988741590682,,0.0,0.0,0.0,0.0,False,False,False
610,1773733505.4579613,1773733505457964168,-0.42,8.409937492055881e-20,0.8749994277780444,-0.032749999999999946,0.4214499999611738,0.7695089999135591,0.581988741590682,,0.0,0.0,0.0,0.0,False,False,False
611,1773733505.507992,1773733505507994841,-0.42,8.409937492055881e-20,0.8749994277780444,-0.032749999999999946,0.4214499999611738,0.7695089999135591,0.581988741590682,,0.0,0.0,0.0,0.0,False,False,False
612,1773733505.5579882,1773733505557990555,-0.42,8.409937492055881e-20,0.8749994277780444,-0.032749999999999946,0.4214499999611738,0.7695089999135591,0.581988741590682,,0.0,0.0,0.0,0.0,False,False,False
613,1773733505.6079679,1773733505607971629,-0.42,8.409937492055881e-20,0.8749994277780444,-0.032749999999999946,0.4214499999611738,0.7695089999135591,0.581988741590682,,0.0,0.0,0.0,0.0,False,False,False
614,1773733505.6579258,1773733505657927723,-0.42,8.409937492055881e-20,0.8749994277780444,-0.032749999999999946,0.4214499999611738,0.7695089999135591,0.581988741590682,,0.0,0.0,0.0,0.0,False,False,False
615,1773733505.7080042,1773733505708006436,-0.42,8.409937492055881e-20,0.8749994277780444,-0.032749999999999946,0.4214499999611738,0.7695089999135591,0.581988741590682,,0.0,0.0,0.0,0.0,False,False,False
616,1773733505.7579608,1773733505757963050,-0.42,8.409937492055881e-20,0.8749994277780444,-0.032749999999999946,0.4214499999611738,0.7695089999135591,0.581988741590682,,0.0,0.0,0.0,0.0,False,False,False
617,1773733505.8079593,1773733505807962024,-0.42,8.409937492055881e-20,0.8749994277780444,-0.032749999999999946,0.4214499999611738,0.7695089999135591,0.581988741590682,,0.0,0.0,0.0,0.0,False,False,False
618,1773733505.8581212,1773733505858124637,-0.42,8.409937492055881e-20,0.8749994277780444,-0.032749999999999946,0.4214499999611738,0.7695089999135591,0.581988741590682,,0.0,0.0,0.0,0.0,False,False,False
619,1773733505.9082015,1773733505908206480,-0.42,8.409937492055881e-20,0.8749994277780444,-0.032749999999999946,0.4214499999611738,0.7695089999135591,0.581988741590682,,0.0,0.0,0.0,0.0,False,False,False
620,1773733505.9579475,1773733505957949466,-0.42,8.409937492055881e-20,0.8749994277780444,-0.032749999999999946,0.4214499999611738,0.7695089999135591,0.581988741590682,,0.0,0.0,0.0,0.0,False,False,False
621,1773733506.0086553,1773733506008658454,-0.42,8.409937492055881e-20,0.8749994277780444,-0.032749999999999946,0.4214499999611738,0.7695089999135591,0.581988741590682,,0.0,0.0,0.0,0.0,False,False,False
622,1773733506.058137,1773733506058139972,-0.42,8.409937492055881e-20,0.8749994277780444,-0.032749999999999946,0.4214499999611738,0.7695089999135591,0.581988741590682,,0.0,0.0,0.0,0.0,False,False,False
623,1773733506.1107366,1773733506110740446,-0.42,8.409937492055881e-20,0.8749994277780444,-0.032749999999999946,0.4214499999611738,0.7695089999135591,0.581988741590682,,0.0,0.0,0.0,0.0,False,False,False
624,1773733506.15808,1773733506158083230,-0.42,8.409937492055881e-20,0.8749994277780444,-0.032749999999999946,0.4214499999611738,0.7695089999135591,0.581988741590682,,0.0,0.0,0.0,0.0,False,False,False
625,1773733506.207982,1773733506207985065,-0.42,8.409937492055881e-20,0.8749994277780444,-0.032749999999999946,0.4214499999611738,0.7695089999135591,0.581988741590682,,0.0,0.0,0.0,0.0,False,False,False
626,1773733506.2579398,1773733506257943169,-0.42,8.409937492055881e-20,0.8749994277780444,-0.032749999999999946,0.4214499999611738,0.7695089999135591,0.581988741590682,,0.0,0.0,0.0,0.0,False,False,False
627,1773733506.3079653,1773733506307967503,-0.42,8.409937492055881e-20,0.8749994277780444,-0.032749999999999946,0.4214499999611738,0.7695089999135591,0.581988741590682,,0.0,0.0,0.0,0.0,False,False,False
628,1773733506.357922,1773733506357924507,-0.42,8.409937492055881e-20,0.8749994277780444,-0.032749999999999946,0.4214499999611738,0.7695089999135591,0.581988741590682,,0.0,0.0,0.0,0.0,False,False,False
629,1773733506.4080522,1773733506408055350,-0.42,8.409937492055881e-20,0.8749994277780444,-0.032749999999999946,0.4214499999611738,0.7695089999135591,0.581988741590682,,0.0,0.0,0.0,0.0,False,False,False
630,1773733506.458016,1773733506458019344,-0.42,8.409937492055881e-20,0.8749994277780444,-0.032749999999999946,0.4214499999611738,0.7695089999135591,0.581988741590682,,0.0,0.0,0.0,0.0,False,False,False
631,1773733506.5084622,1773733506508464265,-0.42,8.409937492055881e-20,0.8749994277780444,-0.032749999999999946,0.4214499999611738,0.7695089999135591,0.581988741590682,,0.0,0.0,0.0,0.0,False,False,False
632,1773733506.5579627,1773733506557966032,-0.42,8.409937492055881e-20,0.8749994277780444,-0.032749999999999946,0.4214499999611738,0.7695089999135591,0.581988741590682,,0.0,0.0,0.0,0.0,False,False,False
633,1773733506.608036,1773733506608039646,-0.42,8.409937492055881e-20,0.8749994277780444,-0.032749999999999946,0.4214499999611738,0.7695089999135591,0.581988741590682,,0.0,0.0,0.0,0.0,False,False,False
634,1773733506.6579773,1773733506657979430,-0.42,8.409937492055881e-20,0.8749994277780444,-0.032749999999999946,0.4214499999611738,0.7695089999135591,0.581988741590682,,0.0,0.0,0.0,0.0,False,False,False
635,1773733506.708064,1773733506708066674,-0.42,8.409937492055881e-20,0.8749994277780444,-0.032749999999999946,0.4214499999611738,0.7695089999135591,0.581988741590682,,0.0,0.0,0.0,0.0,False,False,False
636,1773733506.7579575,1773733506757959758,-0.42,8.409937492055881e-20,0.8749994277780444,-0.032749999999999946,0.4214499999611738,0.7695089999135591,0.581988741590682,,0.0,0.0,0.0,0.0,False,False,False
637,1773733506.8107097,1773733506810712871,-0.42,8.409937492055881e-20,0.8749994277780444,-0.032749999999999946,0.4214499999611738,0.7695089999135591,0.581988741590682,,0.0,0.0,0.0,0.0,False,False,False
638,1773733506.8580053,1773733506858007846,-0.42,8.409937492055881e-20,0.8749994277780444,-0.032749999999999946,0.4214499999611738,0.7695089999135591,0.581988741590682,,0.0,0.0,0.0,0.0,False,False,False
639,1773733506.9079885,1773733506907991490,-0.42,8.409937492055881e-20,0.8749994277780444,-0.032749999999999946,0.4214499999611738,0.7695089999135591,0.581988741590682,,0.0,0.0,0.0,0.0,False,False,False
640,1773733506.9579175,1773733506957919744,-0.42,8.409937492055881e-20,0.8749994277780444,-0.032749999999999946,0.4214499999611738,0.7695089999135591,0.581988741590682,,0.0,0.0,0.0,0.0,False,False,False
641,1773733507.0080936,1773733507008097027,-0.42,8.409937492055881e-20,0.8749994277780444,-0.032749999999999946,0.4214499999611738,0.7695089999135591,0.581988741590682,,0.0,0.0,0.0,0.0,False,False,False
642,1773733507.0579913,1773733507057993902,-0.42,8.409937492055881e-20,0.8749994277780444,-0.032749999999999946,0.4214499999611738,0.7695089999135591,0.581988741590682,,0.0,0.0,0.0,0.0,False,False,False
643,1773733507.1093292,1773733507109331896,-0.42,8.409937492055881e-20,0.8749994277780444,-0.032749999999999946,0.4214499999611738,0.7695089999135591,0.581988741590682,,0.0,0.0,0.0,0.0,False,False,False
644,1773733507.1581001,1773733507158105069,-0.42,8.409937492055881e-20,0.8749994277780444,-0.032749999999999946,0.4214499999611738,0.7695089999135591,0.581988741590682,,0.0,0.0,0.0,0.0,False,False,False
645,1773733507.2093122,1773733507209314634,-0.42,8.409937492055881e-20,0.8749994277780444,-0.032749999999999946,0.4214499999611738,0.7695089999135591,0.581988741590682,,0.0,0.0,0.0,0.0,False,False,False
646,1773733507.2580025,1773733507258005148,-0.42,8.409937492055881e-20,0.8749994277780444,-0.032749999999999946,0.4214499999611738,0.7695089999135591,0.581988741590682,,0.0,0.0,0.0,0.0,False,False,False
647,1773733507.3080244,1773733507308028092,-0.42,8.409937492055881e-20,0.8749994277780444,-0.032749999999999946,0.4214499999611738,0.7695089999135591,0.581988741590682,,0.0,0.0,0.0,0.0,False,False,False
648,1773733507.357958,1773733507357960977,-0.42,8.409937492055881e-20,0.8749994277780444,-0.032749999999999946,0.4214499999611738,0.7695089999135591,0.581988741590682,,0.0,0.0,0.0,0.0,False,False,False
649,1773733507.4079719,1773733507407975311,-0.42,8.409937492055881e-20,0.8749994277780444,-0.032749999999999946,0.4214499999611738,0.7695089999135591,0.581988741590682,,0.0,0.0,0.0,0.0,False,False,False
650,1773733507.4580076,1773733507458010035,-0.42,8.409937492055881e-20,0.8749994277780444,-0.032749999999999946,0.4214499999611738,0.7695089999135591,0.581988741590682,,0.0,0.0,0.0,0.0,False,False,False
651,1773733507.5080214,1773733507508024469,-0.42,8.409937492055881e-20,0.8749994277780444,-0.032749999999999946,0.4214499999611738,0.7695089999135591,0.581988741590682,,0.0,0.0,0.0,0.0,False,False,False
652,1773733507.5580096,1773733507558012593,-0.42,8.409937492055881e-20,0.8749994277780444,-0.032749999999999946,0.4214499999611738,0.7695089999135591,0.581988741590682,,0.0,0.0,0.0,0.0,False,False,False
653,1773733507.6079586,1773733507607962677,-0.42,8.409937492055881e-20,0.8749994277780444,-0.032749999999999946,0.4214499999611738,0.7695089999135591,0.581988741590682,,0.0,0.0,0.0,0.0,False,False,False
654,1773733507.6585972,1773733507658600237,-0.42,8.409937492055881e-20,0.8749994277780444,-0.032749999999999946,0.4214499999611738,0.7695089999135591,0.581988741590682,,0.0,0.0,0.0,0.0,False,False,False
655,1773733507.707999,1773733507708001585,-0.42,8.409937492055881e-20,0.8749994277780444,-0.032749999999999946,0.4214499999611738,0.7695089999135591,0.581988741590682,,0.0,0.0,0.0,0.0,False,False,False
656,1773733507.7579627,1773733507757965710,-0.42,8.409937492055881e-20,0.8749994277780444,-0.032749999999999946,0.4214499999611738,0.7695089999135591,0.581988741590682,,0.0,0.0,0.0,0.0,False,False,False
657,1773733507.8080122,1773733507808015413,-0.42,8.409937492055881e-20,0.8749994277780444,-0.032749999999999946,0.4214499999611738,0.7695089999135591,0.581988741590682,,0.0,0.0,0.0,0.0,False,False,False
658,1773733507.8580053,1773733507858007948,-0.42,8.409937492055881e-20,0.8749994277780444,-0.032749999999999946,0.4214499999611738,0.7695089999135591,0.581988741590682,,0.0,0.0,0.0,0.0,False,False,False
659,1773733507.9083354,1773733507908337959,-0.42,8.409937492055881e-20,0.8749994277780444,-0.032749999999999946,0.4214499999611738,0.7695089999135591,0.581988741590682,,0.0,0.0,0.0,0.0,False,False,False
660,1773733507.9580765,1773733507958080775,-0.42,8.409937492055881e-20,0.8749994277780444,-0.032749999999999946,0.4214499999611738,0.7695089999135591,0.581988741590682,,0.0,0.0,0.0,0.0,False,False,False
661,1773733508.0080693,1773733508008072609,-0.42,8.409937492055881e-20,0.8749994277780444,-0.032749999999999946,0.4214499999611738,0.7695089999135591,0.581988741590682,,0.0,0.0,0.0,0.0,False,False,False
662,1773733508.057934,1773733508057936435,-0.42,8.409937492055881e-20,0.8749994277780444,-0.032749999999999946,0.4214499999611738,0.7695089999135591,0.581988741590682,,0.0,0.0,0.0,0.0,False,False,False
663,1773733508.1080081,1773733508108011768,-0.42,8.409937492055881e-20,0.8749994277780444,-0.032749999999999946,0.4214499999611738,0.7695089999135591,0.581988741590682,,0.0,0.0,0.0,0.0,False,False,False
664,1773733508.1593761,1773733508159378763,-0.42,8.409937492055881e-20,0.8749994277780444,-0.032749999999999946,0.4214499999611738,0.7695089999135591,0.581988741590682,,0.0,0.0,0.0,0.0,False,False,False
665,1773733508.2080588,1773733508208062197,-0.42,8.409937492055881e-20,0.8749994277780444,-0.032749999999999946,0.4214499999611738,0.7695089999135591,0.581988741590682,,0.0,0.0,0.0,0.0,False,False,False
666,1773733508.257962,1773733508257965132,-0.42,8.409937492055881e-20,0.8749994277780444,-0.032749999999999946,0.4214499999611738,0.7695089999135591,0.581988741590682,,0.0,0.0,0.0,0.0,False,False,False
667,1773733508.3103576,1773733508310360688,-0.42,8.409937492055881e-20,0.8749994277780444,-0.032749999999999946,0.4214499999611738,0.7695089999135591,0.581988741590682,,0.0,0.0,0.0,0.0,False,False,False
668,1773733508.358037,1773733508358040300,-0.42,8.409937492055881e-20,0.8749994277780444,-0.032749999999999946,0.4214499999611738,0.7695089999135591,0.581988741590682,,0.0,0.0,0.0,0.0,False,False,False
669,1773733508.4080186,1773733508408021384,-0.42,8.409937492055881e-20,0.8749994277780444,-0.032749999999999946,0.4214499999611738,0.7695089999135591,0.581988741590682,,0.0,0.0,0.0,0.0,False,False,False
670,1773733508.4580836,1773733508458088128,-0.42,8.409937492055881e-20,0.8749994277780444,-0.032749999999999946,0.4214499999611738,0.7695089999135591,0.581988741590682,,0.0,0.0,0.0,0.0,False,False,False
671,1773733508.507938,1773733508507941003,-0.42,8.409937492055881e-20,0.8749994277780444,-0.0327536725426405,0.4214497696946069,0.7695053225892696,0.5819867977320706,,0.0,5.202240485484893e-06,0.0,5.202240485484893e-06,False,False,False
672,1773733508.5600035,1773733508560007392,-0.42,8.409937492055881e-20,0.8749994277780444,-0.0327536725426405,0.4214497696946069,0.7695053225892696,0.5819867977320706,,0.0,5.202240485484893e-06,0.0,0.0,False,False,False
673,1773733508.608035,1773733508608039571,-0.42,8.409937492055881e-20,0.8749994277780444,-0.0327536725426405,0.4214497696946069,0.7695053225892696,0.5819867977320706,,0.0,5.202240485484893e-06,0.0,0.0,False,False,False
674,1773733508.6579802,1773733508657982586,-0.42,8.409937492055881e-20,0.8749994277780444,-0.0328857424455804,0.42144147318557673,0.7693731432172701,0.581916897600381,,0.0,0.0001922388081548889,0.0,0.00018703656783320254,False,False,False
675,1773733508.7082047,1773733508708208239,-0.42,8.409937492055881e-20,0.8749994277780444,-0.0328857424455804,0.42144147318557673,0.7693731432172701,0.581916897600381,,0.0,0.0001922388081548889,0.0,0.0,False,False,False
676,1773733508.7580092,1773733508758012134,-0.42,8.409937492055881e-20,0.8749994277780444,-0.0328857424455804,0.42144147318557673,0.7693731432172701,0.581916897600381,,0.0,0.0001922388081548889,0.0,0.0,False,False,False
677,1773733508.8080773,1773733508808081128,-0.42,8.409937492055881e-20,0.8749994277780444,-0.0328857424455804,0.42144147318557673,0.7693731432172701,0.581916897600381,,0.0,0.0001922388081548889,0.0,0.0,False,False,False
678,1773733508.8584516,1773733508858454720,-0.42,8.409937492055881e-20,0.8749994277780444,-0.0328857424455804,0.42144147318557673,0.7693731432172701,0.581916897600381,,0.0,0.0001922388081548889,0.0,0.0,False,False,False
679,1773733508.9080522,1773733508908055147,-0.42,8.409937492055881e-20,0.8749994277780444,-0.03352921140730358,0.4214006130488605,0.7687308772355052,0.5815764368918571,,0.0,0.0011023086620733224,0.0,0.0009100700230235631,False,False,False
680,1773733508.958023,1773733508958025841,-0.42,8.409937492055881e-20,0.8749994277780444,-0.03352921140730358,0.4214006130488605,0.7687308772355052,0.5815764368918571,,0.0,0.0011023086620733224,0.0,0.0,False,False,False
681,1773733509.0079894,1773733509007991806,-0.42,8.409937492055881e-20,0.8749994277780444,-0.03352921140730358,0.4214006130488605,0.7687308772355052,0.5815764368918571,,0.0,0.0011023086620733224,0.0,0.0,False,False,False
682,1773733509.0580485,1773733509058051920,-0.42,8.409937492055881e-20,0.8749994277780444,-0.03352921140730358,0.4214006130488605,0.7687308772355052,0.5815764368918571,,0.0,0.0011023086620733224,0.0,0.0,False,False,False
683,1773733509.1080596,1773733509108063815,-0.42,8.409937492055881e-20,0.8749994277780444,-0.03517957608287192,0.42129251187433475,0.7670966683972998,0.5807040078276743,,0.0,0.0034273876034521793,0.0,0.0023250866549799775,False,False,False
684,1773733509.1579435,1773733509157946170,-0.42,8.409937492055881e-20,0.8749994277780444,-0.03517957608287192,0.42129251187433475,0.7670966683972998,0.5807040078276743,,0.0,0.0034273876034521793,0.0,0.0,False,False,False
685,1773733509.209168,1773733509209171455,-0.42,8.409937492055881e-20,0.8749994277780444,-0.03517957608287192,0.42129251187433475,0.7670966683972998,0.5807040078276743,,0.0,0.0034273876034521793,0.0,0.0,False,False,False
686,1773733509.2581851,1773733509258189727,-0.42,8.409937492055881e-20,0.8749994277780444,-0.03517957608287192,0.42129251187433475,0.7670966683972998,0.5807040078276743,,0.0,0.0034273876034521793,0.0,0.0,False,False,False
687,1773733509.3080397,1773733509308042323,-0.42,8.409937492055881e-20,0.8749994277780444,-0.03833558617634403,0.4210727209005077,0.7640230381381943,0.5790386171261875,,0.0,0.007838168728966458,0.0,0.004410885483886767,False,False,False
688,1773733509.3579898,1773733509357992818,-0.42,8.409937492055881e-20,0.8749994277780444,-0.03833558617634403,0.4210727209005077,0.7640230381381943,0.5790386171261875,,0.0,0.007838168728966458,0.0,0.0,False,False,False
689,1773733509.4079728,1773733509407976492,-0.42,8.409937492055881e-20,0.8749994277780444,-0.03833558617634403,0.4210727209005077,0.7640230381381943,0.5790386171261875,,0.0,0.007838168728966458,0.0,0.0,False,False,False
690,1773733509.460447,1773733509460449818,-0.42,8.409937492055881e-20,0.8749994277780444,-0.04345846170054557,0.420680224684874,0.759173533985908,0.576342796587745,,0.0,0.014902535418837026,0.0,0.0070650971287584945,False,False,False
691,1773733509.507974,1773733509507977371,-0.42,8.409937492055881e-20,0.8749994277780444,-0.04345846170054557,0.420680224684874,0.759173533985908,0.576342796587745,,0.0,0.014902535418837026,0.0,0.0,False,False,False
692,1773733509.557956,1773733509557959856,-0.42,8.409937492055881e-20,0.8749994277780444,-0.04345846170054557,0.420680224684874,0.759173533985908,0.576342796587745,,0.0,0.014902535418837026,0.0,0.0,False,False,False
693,1773733509.6092455,1773733509609248651,-0.42,8.409937492055881e-20,0.8749994277780444,-0.04345846170054557,0.420680224684874,0.759173533985908,0.576342796587745,,0.0,0.014902535418837026,0.0,0.0,False,False,False
694,1773733509.658011,1773733509658014134,-0.42,8.409937492055881e-20,0.8749994277780444,-0.0509583610017178,0.4200283606391551,0.752369653880807,0.5724103567388016,,0.0,0.02504640994556317,0.0,0.010147226258757327,False,False,False
695,1773733509.7108111,1773733509710815448,-0.42,8.409937492055881e-20,0.8749994277780444,-0.0509583610017178,0.4200283606391551,0.752369653880807,0.5724103567388016,,0.0,0.02504640994556317,0.0,0.0,False,False,False
696,1773733509.7579746,1773733509757976564,-0.42,8.409937492055881e-20,0.8749994277780444,-0.0509583610017178,0.4200283606391551,0.752369653880807,0.5724103567388016,,0.0,0.02504640994556317,0.0,0.0,False,False,False
697,1773733509.808007,1773733509808009588,-0.42,8.409937492055881e-20,0.8749994277780444,-0.061191709581647324,0.41899716698687267,0.7436187279392119,0.5670651668953998,,0.0,0.038538985669478394,0.0,0.013504202617782929,False,False,False
698,1773733509.8590243,1773733509859027675,-0.42,8.409937492055881e-20,0.8749994277780444,-0.061191709581647324,0.41899716698687267,0.7436187279392119,0.5670651668953998,,0.0,0.038538985669478394,0.0,0.0,False,False,False
699,1773733509.9079742,1773733509907976477,-0.42,8.409937492055881e-20,0.8749994277780444,-0.061191709581647324,0.41899716698687267,0.7436187279392119,0.5670651668953998,,0.0,0.038538985669478394,0.0,0.0,False,False,False
700,1773733509.9579897,1773733509957993171,-0.42,8.409937492055881e-20,0.8749994277780444,-0.061191709581647324,0.41899716698687267,0.7436187279392119,0.5670651668953998,,0.0,0.038538985669478394,0.0,0.0,False,False,False
701,1773733510.0083742,1773733510008376743,-0.42,8.409937492055881e-20,0.8749994277780444,-0.07445865784289363,0.4174290535535583,0.73312640489864,0.5601551468221049,,0.0,0.05549300288404036,0.0,0.016987046202740587,False,False,False
702,1773733510.0580194,1773733510058021811,-0.42,8.409937492055881e-20,0.8749994277780444,-0.07445865784289363,0.4174290535535583,0.73312640489864,0.5601551468221049,,0.0,0.05549300288404036,0.0,0.0,False,False,False
703,1773733510.1081665,1773733510108170934,-0.42,8.409937492055881e-20,0.8749994277780444,-0.07445865784289363,0.4174290535535583,0.73312640489864,0.5601551468221049,,0.0,0.05549300288404036,0.0,0.0,False,False,False
704,1773733510.1579733,1773733510157975650,-0.42,8.409937492055881e-20,0.8749994277780444,-0.09097759504007152,0.41513021039351083,0.7212926679279973,0.5515565270854618,,0.0,0.07586308215774011,0.0,0.02044987277929036,False,False,False
705,1773733510.2098403,1773733510209842411,-0.42,8.409937492055881e-20,0.8749994277780444,-0.09097759504007152,0.41513021039351083,0.7212926679279973,0.5515565270854618,,0.0,0.07586308215774011,0.0,0.0,False,False,False
706,1773733510.259903,1773733510259905565,-0.42,8.409937492055881e-20,0.8749994277780444,-0.09097759504007152,0.41513021039351083,0.7212926679279973,0.5515565270854618,,0.0,0.07586308215774011,0.0,0.0,False,False,False
707,1773733510.308042,1773733510308044923,-0.42,8.409937492055881e-20,0.8749994277780444,-0.11085433222965335,0.4118783138416994,0.7086900837559296,0.5411779626179554,,0.0,0.099452724702738,0.0,0.02375888550209038,False,False,False
708,1773733510.357963,1773733510357965129,-0.42,8.409937492055881e-20,0.8749994277780444,-0.11085433222965335,0.4118783138416994,0.7086900837559296,0.5411779626179554,,0.0,0.099452724702738,0.0,0.0,False,False,False
709,1773733510.4079945,1773733510407997063,-0.42,8.409937492055881e-20,0.8749994277780444,-0.11085433222965335,0.4118783138416994,0.7086900837559296,0.5411779626179554,,0.0,0.099452724702738,0.0,0.0,False,False,False
710,1773733510.4590456,1773733510459048630,-0.42,8.409937492055881e-20,0.8749994277780444,-0.13405869256193004,0.40743382270096584,0.6960256029409184,0.5289578254992974,,0.0,0.1259353566089998,0.0,0.026806434194871574,False,False,False
711,1773733510.5081923,1773733510508195911,-0.42,8.409937492055881e-20,0.8749994277780444,-0.13405869256193004,0.40743382270096584,0.6960256029409184,0.5289578254992974,,0.0,0.1259353566089998,0.0,0.0,False,False,False
712,1773733510.557995,1773733510557998957,-0.42,8.409937492055881e-20,0.8749994277780444,-0.13405869256193004,0.40743382270096584,0.6960256029409184,0.5289578254992974,,0.0,0.1259353566089998,0.0,0.0,False,False,False
713,1773733510.6079354,1773733510607938172,-0.42,8.409937492055881e-20,0.8749994277780444,-0.13405869256193004,0.40743382270096584,0.6960256029409184,0.5289578254992974,,0.0,0.1259353566089998,0.0,0.0,False,False,False
714,1773733510.66039,1773733510660393199,-0.42,8.409937492055881e-20,0.8749994277780444,-0.1603868746306406,0.4015578729963354,0.6840827203409761,0.5148756057612353,,0.0,0.15486935695054804,0.0,0.029501396590170533,False,False,False
715,1773733510.7080317,1773733510708034911,-0.42,8.409937492055881e-20,0.8749994277780444,-0.1603868746306406,0.4015578729963354,0.6840827203409761,0.5148756057612353,,0.0,0.15486935695054804,0.0,0.0,False,False,False
716,1773733510.7604654,1773733510760469238,-0.42,8.409937492055881e-20,0.8749994277780444,-0.1603868746306406,0.4015578729963354,0.6840827203409761,0.5148756057612353,,0.0,0.15486935695054804,0.0,0.0,False,False,False
717,1773733510.8080313,1773733510808034230,-0.42,8.409937492055881e-20,0.8749994277780444,-0.18934251725772477,0.3940672481480924,0.6736419533176873,0.49903577319573655,,0.0,0.18563814850666532,0.0,0.0316788307328273,False,False,False
718,1773733510.8580048,1773733510858007315,-0.42,8.409937492055881e-20,0.8749994277780444,-0.18934251725772477,0.3940672481480924,0.6736419533176873,0.49903577319573655,,0.0,0.18563814850666532,0.0,0.0,False,False,False
719,1773733510.9085512,1773733510908554456,-0.42,8.409937492055881e-20,0.8749994277780444,-0.18934251725772477,0.3940672481480924,0.6736419533176873,0.49903577319573655,,0.0,0.18563814850666532,0.0,0.0,False,False,False
720,1773733510.959312,1773733510959315575,-0.42,8.409937492055881e-20,0.8749994277780444,-0.22054688612015005,0.38472660453502894,0.6654125531922035,0.48137590599455843,,0.0,0.21783559954254875,0.0,0.033595881974341324,False,False,False
721,1773733511.0080082,1773733511008010519,-0.42,8.409937492055881e-20,0.8749994277780444,-0.22054688612015005,0.38472660453502894,0.6654125531922035,0.48137590599455843,,0.0,0.21783559954254875,0.0,0.0,False,False,False
722,1773733511.0579813,1773733511057984204,-0.42,8.409937492055881e-20,0.8749994277780444,-0.22054688612015005,0.38472660453502894,0.6654125531922035,0.48137590599455843,,0.0,0.21783559954254875,0.0,0.0,False,False,False
723,1773733511.1080136,1773733511108016939,-0.42,8.409937492055881e-20,0.8749994277780444,-0.22054688612015005,0.38472660453502894,0.6654125531922035,0.48137590599455843,,0.0,0.21783559954254875,0.0,0.0,False,False,False
724,1773733511.1579945,1773733511157997474,-0.42,8.409937492055881e-20,0.8749994277780444,-0.2527295067637835,0.37369964201999667,0.659767744827123,0.462553259311019,,0.0,0.2504280797903747,0.0,0.03448447237929601,False,False,False
725,1773733511.2080371,1773733511208040608,-0.42,8.409937492055881e-20,0.8749994277780444,-0.2527295067637835,0.37369964201999667,0.659767744827123,0.462553259311019,,0.0,0.2504280797903747,0.0,0.0,False,False,False
726,1773733511.2593665,1773733511259369153,-0.42,8.409937492055881e-20,0.8749994277780444,-0.2527295067637835,0.37369964201999667,0.659767744827123,0.462553259311019,,0.0,0.2504280797903747,0.0,0.0,False,False,False
727,1773733511.307976,1773733511307980389,-0.42,8.409937492055881e-20,0.8749994277780444,-0.28495141606777685,0.36118572921790754,0.6568909695621098,0.44301755107230506,,0.0,0.2827015340514614,0.0,0.03468609647594346,False,False,False
728,1773733511.3579767,1773733511357979814,-0.42,8.409937492055881e-20,0.8749994277780444,-0.28495141606777685,0.36118572921790754,0.6568909695621098,0.44301755107230506,,0.0,0.2827015340514614,0.0,0.0,False,False,False
729,1773733511.4088073,1773733511408809672,-0.42,8.409937492055881e-20,0.8749994277780444,-0.28495141606777685,0.36118572921790754,0.6568909695621098,0.44301755107230506,,0.0,0.2827015340514614,0.0,0.0,False,False,False
730,1773733511.457954,1773733511457957613,-0.42,8.409937492055881e-20,0.8749994277780444,-0.31655238875681035,0.34731963124682824,0.6568808114367763,0.4229752537867719,,0.0,0.31420409970170393,0.0,0.034509277752861195,False,False,False
731,1773733511.508049,1773733511508053008,-0.42,8.409937492055881e-20,0.8749994277780444,-0.31655238875681035,0.34731963124682824,0.6568808114367763,0.4229752537867719,,0.0,0.31420409970170393,0.0,0.0,False,False,False
732,1773733511.5579646,1773733511557967443,-0.42,8.409937492055881e-20,0.8749994277780444,-0.31655238875681035,0.34731963124682824,0.6568808114367763,0.4229752537867719,,0.0,0.31420409970170393,0.0,0.0,False,False,False
733,1773733511.6094444,1773733511609448347,-0.42,8.409937492055881e-20,0.8749994277780444,-0.31655238875681035,0.34731963124682824,0.6568808114367763,0.4229752537867719,,0.0,0.31420409970170393,0.0,0.0,False,False,False
734,1773733511.6579933,1773733511657996062,-0.42,8.409937492055881e-20,0.8749994277780444,-0.3469782417205698,0.3322003893452303,0.6597048591724743,0.40254319909098035,,0.0,0.3446183834530398,0.0,0.0340925101725415,False,False,False
735,1773733511.7079651,1773733511707967577,-0.42,8.409937492055881e-20,0.8749994277780444,-0.3469782417205698,0.3322003893452303,0.6597048591724743,0.40254319909098035,,0.0,0.3446183834530398,0.0,0.0,False,False,False
736,1773733511.7580085,1773733511758011802,-0.42,8.409937492055881e-20,0.8749994277780444,-0.3469782417205698,0.3322003893452303,0.6597048591724743,0.40254319909098035,,0.0,0.3446183834530398,0.0,0.0,False,False,False
737,1773733511.808012,1773733511808016037,-0.42,8.409937492055881e-20,0.8749994277780444,-0.37573923307532087,0.31591012469131885,0.6651819366609149,0.38181356962519303,,0.0,0.3737170258424074,0.0,0.03350471196737742,False,False,False
738,1773733511.8580403,1773733511858043612,-0.42,8.409937492055881e-20,0.8749994277780444,-0.37573923307532087,0.31591012469131885,0.6651819366609149,0.38181356962519303,,0.0,0.3737170258424074,0.0,0.0,False,False,False
739,1773733511.9080777,1773733511908082646,-0.42,8.409937492055881e-20,0.8749994277780444,-0.37573923307532087,0.31591012469131885,0.6651819366609149,0.38181356962519303,,0.0,0.3737170258424074,0.0,0.0,False,False,False
740,1773733511.9579387,1773733511957941192,-0.42,8.409937492055881e-20,0.8749994277780444,-0.40241824715902047,0.2985252909448213,0.6729871091167349,0.36088148228687206,,0.0,0.40134968848545494,0.0,0.03278601765900662,False,False,False
741,1773733512.0080335,1773733512008036606,-0.42,8.409937492055881e-20,0.8749994277780444,-0.40241824715902047,0.2985252909448213,0.6729871091167349,0.36088148228687206,,0.0,0.40134968848545494,0.0,0.0,False,False,False
742,1773733512.0580132,1773733512058015701,-0.42,8.409937492055881e-20,0.8749994277780444,-0.40241824715902047,0.2985252909448213,0.6729871091167349,0.36088148228687206,,0.0,0.40134968848545494,0.0,0.0,False,False,False
743,1773733512.107956,1773733512107959847,-0.42,8.409937492055881e-20,0.8749994277780444,-0.42669233626027947,0.280123460094269,0.6826736663131533,0.33985752718287165,,0.0,0.4274390369753946,0.0,0.031963857255776953,False,False,False
744,1773733512.1580307,1773733512158033391,-0.42,8.409937492055881e-20,0.8749994277780444,-0.42669233626027947,0.280123460094269,0.6826736663131533,0.33985752718287165,,0.0,0.4274390369753946,0.0,0.0,False,False,False
745,1773733512.2079673,1773733512207970087,-0.42,8.409937492055881e-20,0.8749994277780444,-0.42669233626027947,0.280123460094269,0.6826736663131533,0.33985752718287165,,0.0,0.4274390369753946,0.0,0.0,False,False,False
746,1773733512.259581,1773733512259584350,-0.42,8.409937492055881e-20,0.8749994277780444,-0.42669233626027947,0.280123460094269,0.6826736663131533,0.33985752718287165,,0.0,0.4274390369753946,0.0,0.0,False,False,False
747,1773733512.307966,1773733512307970487,-0.42,8.409937492055881e-20,0.8749994277780444,-0.44835134855554826,0.2607874682090835,0.6937065261233879,0.318874612865601,,0.0,0.4519767085402647,0.0,0.031059900054295944,False,False,False
748,1773733512.3580928,1773733512358096631,-0.42,8.409937492055881e-20,0.8749994277780444,-0.44835134855554826,0.2607874682090835,0.6937065261233879,0.318874612865601,,0.0,0.4519767085402647,0.0,0.0,False,False,False
749,1773733512.4111986,1773733512411200933,-0.42,8.409937492055881e-20,0.8749994277780444,-0.44835134855554826,0.2607874682090835,0.6937065261233879,0.318874612865601,,0.0,0.4519767085402647,0.0,0.0,False,False,False
750,1773733512.457986,1773733512457988852,-0.42,8.409937492055881e-20,0.8749994277780444,-0.46730647517344703,0.24060794615571748,0.7055013908298938,0.2980933928752619,,0.0,0.4750159497957449,0.0,0.030093666590291702,False,False,False
751,1773733512.5079548,1773733512507957797,-0.42,8.409937492055881e-20,0.8749994277780444,-0.46730647517344703,0.24060794615571748,0.7055013908298938,0.2980933928752619,,0.0,0.4750159497957449,0.0,0.0,False,False,False
752,1773733512.558848,1773733512558850535,-0.42,8.409937492055881e-20,0.8749994277780444,-0.46730647517344703,0.24060794615571748,0.7055013908298938,0.2980933928752619,,0.0,0.4750159497957449,0.0,0.0,False,False,False
753,1773733512.6084752,1773733512608477923,-0.42,8.409937492055881e-20,0.8749994277780444,-0.4835865880333392,0.2196844784611393,0.7174644163652338,0.27770812749233453,,0.0,0.4966604407967705,0.0,0.029085177583368475,False,False,False
754,1773733512.6579792,1773733512657981502,-0.42,8.409937492055881e-20,0.8749994277780444,-0.4835865880333392,0.2196844784611393,0.7174644163652338,0.27770812749233453,,0.0,0.4966604407967705,0.0,0.0,False,False,False
755,1773733512.709738,1773733512709741114,-0.42,8.409937492055881e-20,0.8749994277780444,-0.4835865880333392,0.2196844784611393,0.7174644163652338,0.27770812749233453,,0.0,0.4966604407967705,0.0,0.0,False,False,False
756,1773733512.7580028,1773733512758005442,-0.42,8.409937492055881e-20,0.8749994277780444,-0.4835865880333392,0.2196844784611393,0.7174644163652338,0.27770812749233453,,0.0,0.4966604407967705,0.0,0.0,False,False,False
757,1773733512.8079877,1773733512807990637,-0.42,8.409937492055881e-20,0.8749994277780444,-0.4973231433728085,0.19812564408371128,0.7290278311230204,0.25795415556771784,,0.0,0.517049996129991,0.0,0.028056886020516786,False,False,False
758,1773733512.8601491,1773733512860152266,-0.42,8.409937492055881e-20,0.8749994277780444,-0.4973231433728085,0.19812564408371128,0.7290278311230204,0.25795415556771784,,0.0,0.517049996129991,0.0,0.0,False,False,False
759,1773733512.908054,1773733512908057457,-0.42,8.409937492055881e-20,0.8749994277780444,-0.4973231433728085,0.19812564408371128,0.7290278311230204,0.25795415556771784,,0.0,0.517049996129991,0.0,0.0,False,False,False
760,1773733512.9579675,1773733512957969912,-0.42,8.409937492055881e-20,0.8749994277780444,-0.4973231433728085,0.19812564408371128,0.7290278311230204,0.25795415556771784,,0.0,0.517049996129991,0.0,0.0,False,False,False
761,1773733513.00795,1773733513007953917,-0.42,8.409937492055881e-20,0.8749994277780444,-0.5087165437018073,0.17604739306175038,0.7396740449468497,0.23911559750179937,,0.0,0.536336382072243,0.0,0.027029624637205808,False,False,False
762,1773733513.0592835,1773733513059288013,-0.42,8.409937492055881e-20,0.8749994277780444,-0.5087165437018073,0.17604739306175038,0.7396740449468497,0.23911559750179937,,0.0,0.536336382072243,0.0,0.0,False,False,False
763,1773733513.1080785,1773733513108082227,-0.42,8.409937492055881e-20,0.8749994277780444,-0.5087165437018073,0.17604739306175038,0.7396740449468497,0.23911559750179937,,0.0,0.536336382072243,0.0,0.0,False,False,False
764,1773733513.1581836,1773733513158188571,-0.42,8.409937492055881e-20,0.8749994277780444,-0.517849458415605,0.15572086469363813,0.7485754546181408,0.22317375563156525,,0.0,0.5535085105070933,0.0,0.023996103450463137,False,False,False
765,1773733513.2080586,1773733513208061568,-0.42,8.409937492055881e-20,0.8749994277780444,-0.517849458415605,0.15572086469363813,0.7485754546181408,0.22317375563156525,,0.0,0.5535085105070933,0.0,0.0,False,False,False
766,1773733513.257941,1773733513257943274,-0.42,8.409937492055881e-20,0.8749994277780444,-0.517849458415605,0.15572086469363813,0.7485754546181408,0.22317375563156525,,0.0,0.5535085105070933,0.0,0.0,False,False,False
767,1773733513.3079436,1773733513307946989,-0.42,8.409937492055881e-20,0.8749994277780444,-0.5249754986951265,0.13933132456685288,0.7555065538534117,0.21145122428260466,,0.0,0.567514719692432,0.0,0.019168662244456167,False,False,False
768,1773733513.3581316,1773733513358135893,-0.42,8.409937492055881e-20,0.8749994277780444,-0.5249754986951265,0.13933132456685288,0.7555065538534117,0.21145122428260466,,0.0,0.567514719692432,0.0,0.0,False,False,False
769,1773733513.407959,1773733513407961509,-0.42,8.409937492055881e-20,0.8749994277780444,-0.5249754986951265,0.13933132456685288,0.7555065538534117,0.21145122428260466,,0.0,0.567514719692432,0.0,0.0,False,False,False
770,1773733513.457912,1773733513457914695,-0.42,8.409937492055881e-20,0.8749994277780444,-0.5305727714085569,0.12601723644781124,0.7609511283493305,0.20276512585130144,,0.0,0.5789484145031822,0.0,0.015434953699694979,False,False,False
771,1773733513.508041,1773733513508043579,-0.42,8.409937492055881e-20,0.8749994277780444,-0.5305727714085569,0.12601723644781124,0.7609511283493305,0.20276512585130144,,0.0,0.5789484145031822,0.0,0.0,False,False,False
772,1773733513.558001,1773733513558003135,-0.42,8.409937492055881e-20,0.8749994277780444,-0.5305727714085569,0.12601723644781124,0.7609511283493305,0.20276512585130144,,0.0,0.5789484145031822,0.0,0.0,False,False,False
773,1773733513.6080155,1773733513608018020,-0.42,8.409937492055881e-20,0.8749994277780444,-0.5305727714085569,0.12601723644781124,0.7609511283493305,0.20276512585130144,,0.0,0.5789484145031822,0.0,0.0,False,False,False
774,1773733513.6579344,1773733513657938395,-0.42,8.409937492055881e-20,0.8749994277780444,-0.5349247854487376,0.11533757985320374,0.7651733599627699,0.19639813850593846,,0.0,0.5881352962190136,0.0,0.012280974349871443,False,False,False
775,1773733513.7080688,1773733513708071750,-0.42,8.409937492055881e-20,0.8749994277780444,-0.5349247854487376,0.11533757985320374,0.7651733599627699,0.19639813850593846,,0.0,0.5881352962190136,0.0,0.0,False,False,False
776,1773733513.75793,1773733513757931956,-0.42,8.409937492055881e-20,0.8749994277780444,-0.5349247854487376,0.11533757985320374,0.7651733599627699,0.19639813850593846,,0.0,0.5881352962190136,0.0,0.0,False,False,False
777,1773733513.807973,1773733513807975431,-0.42,8.409937492055881e-20,0.8749994277780444,-0.5382256862424232,0.10702531119723961,0.7683567700873241,0.1918446938638075,,0.0,0.5952897461909772,0.0,0.009493358535302025,False,False,False
778,1773733513.8581772,1773733513858181754,-0.42,8.409937492055881e-20,0.8749994277780444,-0.5382256862424232,0.10702531119723961,0.7683567700873241,0.1918446938638075,,0.0,0.5952897461909772,0.0,0.0,False,False,False
779,1773733513.9080102,1773733513908012521,-0.42,8.409937492055881e-20,0.8749994277780444,-0.5382256862424232,0.10702531119723961,0.7683567700873241,0.1918446938638075,,0.0,0.5952897461909772,0.0,0.0,False,False,False
780,1773733513.9579868,1773733513957989197,-0.42,8.409937492055881e-20,0.8749994277780444,-0.5382256862424232,0.10702531119723961,0.7683567700873241,0.1918446938638075,,0.0,0.5952897461909772,0.0,0.0,False,False,False
781,1773733514.0080059,1773733514008009372,-0.42,8.409937492055881e-20,0.8749994277780444,-0.540628065157322,0.10085609778838656,0.7706554992185617,0.18870807611738863,,0.0,0.6006012767543673,0.0,0.007008193358742552,False,False,False
782,1773733514.058054,1773733514058055767,-0.42,8.409937492055881e-20,0.8749994277780444,-0.540628065157322,0.10085609778838656,0.7706554992185617,0.18870807611738863,,0.0,0.6006012767543673,0.0,0.0,False,False,False
783,1773733514.1080313,1773733514108034072,-0.42,8.409937492055881e-20,0.8749994277780444,-0.540628065157322,0.10085609778838656,0.7706554992185617,0.18870807611738863,,0.0,0.6006012767543673,0.0,0.0,False,False,False
784,1773733514.1580596,1773733514158063697,-0.42,8.409937492055881e-20,0.8749994277780444,-0.5422696062943617,0.09658249378303459,0.7722139673119642,0.18666249117579103,,0.0,0.6042817576407475,0.0,0.00483602846324418,False,False,False
785,1773733514.2103941,1773733514210395955,-0.42,8.409937492055881e-20,0.8749994277780444,-0.5422696062943617,0.09658249378303459,0.7722139673119642,0.18666249117579103,,0.0,0.6042817576407475,0.0,0.0,False,False,False
786,1773733514.2580764,1773733514258079488,-0.42,8.409937492055881e-20,0.8749994277780444,-0.5422696062943617,0.09658249378303459,0.7722139673119642,0.18666249117579103,,0.0,0.6042817576407475,0.0,0.0,False,False,False
787,1773733514.3079066,1773733514307908395,-0.42,8.409937492055881e-20,0.8749994277780444,-0.5432908696332361,0.09389993699421408,0.7731774053036832,0.18543344078996735,,0.0,0.6065925160382599,0.0,0.0030277553561117473,False,False,False
788,1773733514.3580675,1773733514358070809,-0.42,8.409937492055881e-20,0.8749994277780444,-0.5432908696332361,0.09389993699421408,0.7731774053036832,0.18543344078996735,,0.0,0.6065925160382599,0.0,0.0,False,False,False
789,1773733514.407984,1773733514407987675,-0.42,8.409937492055881e-20,0.8749994277780444,-0.5432908696332361,0.09389993699421408,0.7731774053036832,0.18543344078996735,,0.0,0.6065925160382599,0.0,0.0,False,False,False
790,1773733514.4580724,1773733514458075310,-0.42,8.409937492055881e-20,0.8749994277780444,-0.5432908696332361,0.09389993699421408,0.7731774053036832,0.18543344078996735,,0.0,0.6065925160382599,0.0,0.0,False,False,False
791,1773733514.508014,1773733514508016876,-0.42,8.409937492055881e-20,0.8749994277780444,-0.5438483889700709,0.09242751746330369,0.7737010978607699,0.18477722012991832,,0.0,0.6078609469953323,0.0,0.0016592471124878014,False,False,False
792,1773733514.5592473,1773733514559249882,-0.42,8.409937492055881e-20,0.8749994277780444,-0.5438483889700709,0.09242751746330369,0.7737010978607699,0.18477722012991832,,0.0,0.6078609469953323,0.0,0.0,False,False,False
793,1773733514.6080635,1773733514608066406,-0.42,8.409937492055881e-20,0.8749994277780444,-0.5438483889700709,0.09242751746330369,0.7737010978607699,0.18477722012991832,,0.0,0.6078609469953323,0.0,0.0,False,False,False
794,1773733514.6580234,1773733514658025832,-0.42,8.409937492055881e-20,0.8749994277780444,-0.5438483889700709,0.09242751746330369,0.7737010978607699,0.18477722012991832,,0.0,0.6078609469953323,0.0,0.0,False,False,False
795,1773733514.7079291,1773733514707931488,-0.42,8.409937492055881e-20,0.8749994277780444,-0.5441196669712015,0.09170880563344158,0.7739552849766265,0.18446169129179013,,0.0,0.6084800415673295,0.0,0.000809165952168416,False,False,False
796,1773733514.7580106,1773733514758014152,-0.42,8.409937492055881e-20,0.8749994277780444,-0.5441196669712015,0.09170880563344158,0.7739552849766265,0.18446169129179013,,0.0,0.6084800415673295,0.0,0.0,False,False,False
797,1773733514.8080125,1773733514808014388,-0.42,8.409937492055881e-20,0.8749994277780444,-0.5441196669712015,0.09170880563344158,0.7739552849766265,0.18446169129179013,,0.0,0.6084800415673295,0.0,0.0,False,False,False
798,1773733514.8596916,1773733514859694931,-0.42,8.409937492055881e-20,0.8749994277780444,-0.5442492125079639,0.09136505530329318,0.7740765166800198,0.18431189360408293,,0.0,0.6087761306880184,0.0,0.0003868377715267996,False,False,False
799,1773733514.908022,1773733514908025569,-0.42,8.409937492055881e-20,0.8749994277780444,-0.5442492125079639,0.09136505530329318,0.7740765166800198,0.18431189360408293,,0.0,0.6087761306880184,0.0,0.0,False,False,False
800,1773733514.958056,1773733514958060154,-0.42,8.409937492055881e-20,0.8749994277780444,-0.5442492125079639,0.09136505530329318,0.7740765166800198,0.18431189360408293,,0.0,0.6087761306880184,0.0,0.0,False,False,False
801,1773733515.00807,1773733515008073079,-0.42,8.409937492055881e-20,0.8749994277780444,-0.5442492125079639,0.09136505530329318,0.7740765166800198,0.18431189360408293,,0.0,0.6087761306880184,0.0,0.0,False,False,False
802,1773733515.0580492,1773733515058053915,-0.42,8.409937492055881e-20,0.8749994277780444,-0.5443111270204573,0.09120064243999633,0.774134422362699,0.18424050260461725,,0.0,0.6089177443254745,0.0,0.00018498125462142054,False,False,False
803,1773733515.110062,1773733515110063935,-0.42,8.409937492055881e-20,0.8749994277780444,-0.5443111270204573,0.09120064243999633,0.774134422362699,0.18424050260461725,,0.0,0.6089177443254745,0.0,0.0,False,False,False
804,1773733515.1580162,1773733515158019506,-0.42,8.409937492055881e-20,0.8749994277780444,-0.5443111270204573,0.09120064243999633,0.774134422362699,0.18424050260461725,,0.0,0.6089177443254745,0.0,0.0,False,False,False
805,1773733515.2080846,1773733515208087801,-0.42,8.409937492055881e-20,0.8749994277780444,-0.5443407298948237,0.09112200472117886,0.774162100373543,0.18420641534231827,,0.0,0.6089854765899458,0.0,8.846633979008808e-05,False,False,False
806,1773733515.2580028,1773733515258005668,-0.42,8.409937492055881e-20,0.8749994277780444,-0.5443407298948237,0.09112200472117886,0.774162100373543,0.18420641534231827,,0.0,0.6089854765899458,0.0,0.0,False,False,False
807,1773733515.3079653,1773733515307967613,-0.42,8.409937492055881e-20,0.8749994277780444,-0.5443407298948237,0.09112200472117886,0.774162100373543,0.18420641534231827,,0.0,0.6089854765899458,0.0,0.0,False,False,False
808,1773733515.3580184,1773733515358021249,-0.42,8.409937492055881e-20,0.8749994277780444,-0.5443407298948237,0.09112200472117886,0.774162100373543,0.18420641534231827,,0.0,0.6089854765899458,0.0,0.0,False,False,False
809,1773733515.4080744,1773733515408079214,-0.42,8.409937492055881e-20,0.8749994277780444,-0.5443548864272356,0.09108439264779802,0.7741753345390621,0.18419012497908763,,0.0,0.6090178724722268,0.0,4.231097506461732e-05,False,False,False
810,1773733515.4580567,1773733515458060960,-0.42,8.409937492055881e-20,0.8749994277780444,-0.5443548864272356,0.09108439264779802,0.7741753345390621,0.18419012497908763,,0.0,0.6090178724722268,0.0,0.0,False,False,False
811,1773733515.5080423,1773733515508045035,-0.42,8.409937492055881e-20,0.8749994277780444,-0.5443548864272356,0.09108439264779802,0.7741753345390621,0.18419012497908763,,0.0,0.6090178724722268,0.0,0.0,False,False,False
812,1773733515.558253,1773733515558256239,-0.42,8.409937492055881e-20,0.8749994277780444,-0.5443548864272356,0.09108439264779802,0.7741753345390621,0.18419012497908763,,0.0,0.6090178724722268,0.0,0.0,False,False,False
813,1773733515.6080604,1773733515608063796,-0.42,8.409937492055881e-20,0.8749994277780444,-0.5443616568972579,0.09106640293367146,0.7741816634518957,0.1841823364311355,,0.0,0.6090333672653175,0.0,2.0236704680682832e-05,False,False,False
814,1773733515.6580691,1773733515658074032,-0.42,8.409937492055881e-20,0.8749994277780444,-0.5443616568972579,0.09106640293367146,0.7741816634518957,0.1841823364311355,,0.0,0.6090333672653175,0.0,0.0,False,False,False
815,1773733515.7086112,1773733515708614753,-0.42,8.409937492055881e-20,0.8749994277780444,-0.5443616568972579,0.09106640293367146,0.7741816634518957,0.1841823364311355,,0.0,0.6090333672653175,0.0,0.0,False,False,False
816,1773733515.7579188,1773733515757922284,-0.42,8.409937492055881e-20,0.8749994277780444,-0.5443648950650458,0.09105779851468329,0.774184690334512,0.18417861189804016,,0.0,0.6090407783638045,0.0,9.679037923251416e-06,False,False,False
817,1773733515.8080084,1773733515808010929,-0.42,8.409937492055881e-20,0.8749994277780444,-0.5443648950650458,0.09105779851468329,0.774184690334512,0.18417861189804016,,0.0,0.6090407783638045,0.0,0.0,False,False,False
818,1773733515.8580923,1773733515858096424,-0.42,8.409937492055881e-20,0.8749994277780444,-0.5443648950650458,0.09105779851468329,0.774184690334512,0.18417861189804016,,0.0,0.6090407783638045,0.0,0.0,False,False,False
819,1773733515.907991,1773733515907994850,-0.42,8.409937492055881e-20,0.8749994277780444,-0.5443648950650458,0.09105779851468329,0.774184690334512,0.18417861189804016,,0.0,0.6090407783638045,0.0,0.0,False,False,False
820,1773733515.9580328,1773733515958035495,-0.42,8.409937492055881e-20,0.8749994277780444,-0.5443664438416062,0.0910536830490181,0.7741861380334917,0.18417683062675816,,0.0,0.6090443230662625,0.0,4.62942748198681e-06,False,False,False
821,1773733516.0079894,1773733516007992891,-0.42,8.409937492055881e-20,0.8749994277780444,-0.5443664438416062,0.0910536830490181,0.7741861380334917,0.18417683062675816,,0.0,0.6090443230662625,0.0,0.0,False,False,False
822,1773733516.0594008,1773733516059403976,-0.42,8.409937492055881e-20,0.8749994277780444,-0.5443664438416062,0.0910536830490181,0.7741861380334917,0.18417683062675816,,0.0,0.6090443230662625,0.0,0.0,False,False,False
823,1773733516.1084738,1773733516108477509,-0.42,8.409937492055881e-20,0.8749994277780444,-0.5443664438416062,0.0910536830490181,0.7741861380334917,0.18417683062675816,,0.0,0.6090443230662625,0.0,0.0,False,False,False
824,1773733516.158015,1773733516158017928,-0.42,8.409937492055881e-20,0.8749994277780444,-0.5419542625022328,0.09186015671390277,0.7741744024868371,0.18296670806170962,,0.0,0.6065807544782263,0.0,0.0025434536184544263,False,False,False
825,1773733516.2080693,1773733516208074834,-0.42,8.409937492055881e-20,0.8749994277780444,-0.5419542625022328,0.09186015671390277,0.7741744024868371,0.18296670806170962,,0.0,0.6065807544782263,0.0,0.0,False,False,False
826,1773733516.2579727,1773733516257974850,-0.42,8.409937492055881e-20,0.8749994277780444,-0.5419542625022328,0.09186015671390277,0.7741744024868371,0.18296670806170962,,0.0,0.6065807544782263,0.0,0.0,False,False,False
827,1773733516.3080506,1773733516308054495,-0.42,8.409937492055881e-20,0.8749994277780444,-0.5419542625022328,0.09186015671390277,0.7741744024868371,0.18296670806170962,,0.0,0.6065807544782263,0.0,0.0,False,False,False
828,1773733516.3579803,1773733516357983302,-0.42,8.409937492055881e-20,0.8749994277780444,-0.5181347073688045,0.10775333490293237,0.7676930217244312,0.18098581920473025,,0.0,0.5779335684946376,0.0,0.029359370161670027,False,False,False
829,1773733516.4079385,1773733516407941158,-0.42,8.409937492055881e-20,0.8749994277780444,-0.5181347073688045,0.10775333490293237,0.7676930217244312,0.18098581920473025,,0.0,0.5779335684946376,0.0,0.0,False,False,False
830,1773733516.4596262,1773733516459628271,-0.42,8.409937492055881e-20,0.8749994277780444,-0.5181347073688045,0.10775333490293237,0.7676930217244312,0.18098581920473025,,0.0,0.5779335684946376,0.0,0.0,False,False,False
831,1773733516.5080369,1773733516508039909,-0.42,8.409937492055881e-20,0.8749994277780444,-0.4954401394414731,0.12939730414901446,0.7554641022219895,0.1916339505822846,,0.0,0.5473337203376805,0.0,0.033660827237767164,False,False,False
832,1773733516.5579824,1773733516557985235,-0.42,8.409937492055881e-20,0.8749994277780444,-0.4954401394414731,0.12939730414901446,0.7554641022219895,0.1916339505822846,,0.0,0.5473337203376805,0.0,0.0,False,False,False
833,1773733516.6079297,1773733516607931971,-0.42,8.409937492055881e-20,0.8749994277780444,-0.4954401394414731,0.12939730414901446,0.7554641022219895,0.1916339505822846,,0.0,0.5473337203376805,0.0,0.0,False,False,False
834,1773733516.6580088,1773733516658012236,-0.42,8.409937492055881e-20,0.8749994277780444,-0.4954401394414731,0.12939730414901446,0.7554641022219895,0.1916339505822846,,0.0,0.5473337203376805,0.0,0.0,False,False,False
835,1773733516.708038,1773733516708041582,-0.42,8.409937492055881e-20,0.8749994277780444,-0.472653227076209,0.15220136205690019,0.7442518865139431,0.20744285111837987,,0.0,0.5163793179269001,0.0,0.03413183577383718,False,False,False
836,1773733516.757955,1773733516757957198,-0.42,8.409937492055881e-20,0.8749994277780444,-0.472653227076209,0.15220136205690019,0.7442518865139431,0.20744285111837987,,0.0,0.5163793179269001,0.0,0.0,False,False,False
837,1773733516.8082333,1773733516808235492,-0.42,8.409937492055881e-20,0.8749994277780444,-0.472653227076209,0.15220136205690019,0.7442518865139431,0.20744285111837987,,0.0,0.5163793179269001,0.0,0.0,False,False,False
838,1773733516.8595285,1773733516859532128,-0.42,8.409937492055881e-20,0.8749994277780444,-0.4482037131930735,0.1746866606602685,0.7349679708201358,0.22565391152884448,,0.0,0.48444505996003207,0.0,0.03448997641364799,False,False,False
839,1773733516.9098709,1773733516909873651,-0.42,8.409937492055881e-20,0.8749994277780444,-0.4482037131930735,0.1746866606602685,0.7349679708201358,0.22565391152884448,,0.0,0.48444505996003207,0.0,0.0,False,False,False
840,1773733516.9580796,1773733516958084300,-0.42,8.409937492055881e-20,0.8749994277780444,-0.4482037131930735,0.1746866606602685,0.7349679708201358,0.22565391152884448,,0.0,0.48444505996003207,0.0,0.0,False,False,False
841,1773733517.0096571,1773733517009661294,-0.42,8.409937492055881e-20,0.8749994277780444,-0.4214399352228543,0.1963744228629604,0.7286550992563803,0.24491151434480077,,0.0,0.4510076743787706,0.0,0.035021581745834605,False,False,False
842,1773733517.058098,1773733517058101472,-0.42,8.409937492055881e-20,0.8749994277780444,-0.4214399352228543,0.1963744228629604,0.7286550992563803,0.24491151434480077,,0.0,0.4510076743787706,0.0,0.0,False,False,False
843,1773733517.107959,1773733517107962119,-0.42,8.409937492055881e-20,0.8749994277780444,-0.4214399352228543,0.1963744228629604,0.7286550992563803,0.24491151434480077,,0.0,0.4510076743787706,0.0,0.0,False,False,False
844,1773733517.1579864,1773733517157988645,-0.42,8.409937492055881e-20,0.8749994277780444,-0.4214399352228543,0.1963744228629604,0.7286550992563803,0.24491151434480077,,0.0,0.4510076743787706,0.0,0.0,False,False,False
845,1773733517.2079718,1773733517207974130,-0.42,8.409937492055881e-20,0.8749994277780444,-0.3924885946308198,0.2171050101137018,0.726418964309346,0.2645139258459394,,0.0,0.41596331870862496,0.0,0.035678252049924385,False,False,False
846,1773733517.258087,1773733517258090285,-0.42,8.409937492055881e-20,0.8749994277780444,-0.3924885946308198,0.2171050101137018,0.726418964309346,0.2645139258459394,,0.0,0.41596331870862496,0.0,0.0,False,False,False
847,1773733517.3080804,1773733517308083922,-0.42,8.409937492055881e-20,0.8749994277780444,-0.3924885946308198,0.2171050101137018,0.726418964309346,0.2645139258459394,,0.0,0.41596331870862496,0.0,0.0,False,False,False
848,1773733517.358966,1773733517358970261,-0.42,8.409937492055881e-20,0.8749994277780444,-0.3924885946308198,0.2171050101137018,0.726418964309346,0.2645139258459394,,0.0,0.41596331870862496,0.0,0.0,False,False,False
849,1773733517.4088895,1773733517408895157,-0.42,8.409937492055881e-20,0.8749994277780444,-0.3620071770830922,0.23679724830347615,0.7292419238969787,0.28404463425949245,,0.0,0.37964241697472534,0.0,0.036398765933409474,False,False,False
850,1773733517.4580717,1773733517458075300,-0.42,8.409937492055881e-20,0.8749994277780444,-0.3620071770830922,0.23679724830347615,0.7292419238969787,0.28404463425949245,,0.0,0.37964241697472534,0.0,0.0,False,False,False
851,1773733517.5080929,1773733517508096645,-0.42,8.409937492055881e-20,0.8749994277780444,-0.3620071770830922,0.23679724830347615,0.7292419238969787,0.28404463425949245,,0.0,0.37964241697472534,0.0,0.0,False,False,False
852,1773733517.5580828,1773733517558085881,-0.42,8.409937492055881e-20,0.8749994277780444,-0.3620071770830922,0.23679724830347615,0.7292419238969787,0.28404463425949245,,0.0,0.37964241697472534,0.0,0.0,False,False,False
853,1773733517.607983,1773733517607985818,-0.42,8.409937492055881e-20,0.8749994277780444,-0.33104204587623165,0.25537096951110627,0.7378900802685477,0.30319436479824086,,0.0,0.34287044939419914,0.0,0.03712967921735884,False,False,False
854,1773733517.6581593,1773733517658162663,-0.42,8.409937492055881e-20,0.8749994277780444,-0.33104204587623165,0.25537096951110627,0.7378900802685477,0.30319436479824086,,0.0,0.34287044939419914,0.0,0.0,False,False,False
855,1773733517.7080169,1773733517708019649,-0.42,8.409937492055881e-20,0.8749994277780444,-0.33104204587623165,0.25537096951110627,0.7378900802685477,0.30319436479824086,,0.0,0.34287044939419914,0.0,0.0,False,False,False
856,1773733517.7591503,1773733517759152567,-0.42,8.409937492055881e-20,0.8749994277780444,-0.30397456287411384,0.2736255555305598,0.747704857712256,0.32332144108904115,,0.0,0.30966150954648614,0.0,0.03409117778958493,False,False,False
857,1773733517.8079915,1773733517807993552,-0.42,8.409937492055881e-20,0.8749994277780444,-0.30397456287411384,0.2736255555305598,0.747704857712256,0.32332144108904115,,0.0,0.30966150954648614,0.0,0.0,False,False,False
858,1773733517.858041,1773733517858044397,-0.42,8.409937492055881e-20,0.8749994277780444,-0.30397456287411384,0.2736255555305598,0.747704857712256,0.32332144108904115,,0.0,0.30966150954648614,0.0,0.0,False,False,False
859,1773733517.9080143,1773733517908017464,-0.42,8.409937492055881e-20,0.8749994277780444,-0.30397456287411384,0.2736255555305598,0.747704857712256,0.32332144108904115,,0.0,0.30966150954648614,0.0,0.0,False,False,False
860,1773733517.9622035,1773733517962205358,-0.42,8.409937492055881e-20,0.8749994277780444,-0.2828918093295608,0.29230823072054135,0.7536417278638841,0.3449209315543928,,0.0,0.2819579608018996,0.0,0.028788387875530782,False,False,False
861,1773733518.0083008,1773733518008304463,-0.42,8.409937492055881e-20,0.8749994277780444,-0.2828918093295608,0.29230823072054135,0.7536417278638841,0.3449209315543928,,0.0,0.2819579608018996,0.0,0.0,False,False,False
862,1773733518.0580904,1773733518058094611,-0.42,8.409937492055881e-20,0.8749994277780444,-0.2828918093295608,0.29230823072054135,0.7536417278638841,0.3449209315543928,,0.0,0.2819579608018996,0.0,0.0,False,False,False
863,1773733518.1080754,1773733518108078447,-0.42,8.409937492055881e-20,0.8749994277780444,-0.2828918093295608,0.29230823072054135,0.7536417278638841,0.3449209315543928,,0.0,0.2819579608018996,0.0,0.0,False,False,False
864,1773733518.1580925,1773733518158095603,-0.42,8.409937492055881e-20,0.8749994277780444,-0.26330463645892543,0.31041044456163913,0.7566931559525383,0.36729341812980326,,0.0,0.2562215235152326,0.0,0.026845087081125565,False,False,False
865,1773733518.2079897,1773733518207992520,-0.42,8.409937492055881e-20,0.8749994277780444,-0.26330463645892543,0.31041044456163913,0.7566931559525383,0.36729341812980326,,0.0,0.2562215235152326,0.0,0.0,False,False,False
866,1773733518.257956,1773733518257958216,-0.42,8.409937492055881e-20,0.8749994277780444,-0.26330463645892543,0.31041044456163913,0.7566931559525383,0.36729341812980326,,0.0,0.2562215235152326,0.0,0.0,False,False,False
867,1773733518.308058,1773733518308061562,-0.42,8.409937492055881e-20,0.8749994277780444,-0.26330463645892543,0.31041044456163913,0.7566931559525383,0.36729341812980326,,0.0,0.2562215235152326,0.0,0.0,False,False,False
868,1773733518.357987,1773733518357988978,-0.42,8.409937492055881e-20,0.8749994277780444,-0.24341100847622654,0.327343356896193,0.7581591485860353,0.38985766129847743,,0.0,0.23100419885001533,0.0,0.026165417803757193,False,False,False
869,1773733518.4079452,1773733518407950135,-0.42,8.409937492055881e-20,0.8749994277780444,-0.24341100847622654,0.327343356896193,0.7581591485860353,0.38985766129847743,,0.0,0.23100419885001533,0.0,0.0,False,False,False
870,1773733518.4580011,1773733518458003181,-0.42,8.409937492055881e-20,0.8749994277780444,-0.24341100847622654,0.327343356896193,0.7581591485860353,0.38985766129847743,,0.0,0.23100419885001533,0.0,0.0,False,False,False
871,1773733518.5080938,1773733518508096856,-0.42,8.409937492055881e-20,0.8749994277780444,-0.22258487332048082,0.3427691069855294,0.7589295876149642,0.4122324595917101,,0.0,0.205766581379561,0.0,0.025928271204254016,False,False,False
872,1773733518.558003,1773733518558007003,-0.42,8.409937492055881e-20,0.8749994277780444,-0.22258487332048082,0.3427691069855294,0.7589295876149642,0.4122324595917101,,0.0,0.205766581379561,0.0,0.0,False,False,False
873,1773733518.6094341,1773733518609436898,-0.42,8.409937492055881e-20,0.8749994277780444,-0.22258487332048082,0.3427691069855294,0.7589295876149642,0.4122324595917101,,0.0,0.205766581379561,0.0,0.0,False,False,False
874,1773733518.6580646,1773733518658067555,-0.42,8.409937492055881e-20,0.8749994277780444,-0.22258487332048082,0.3427691069855294,0.7589295876149642,0.4122324595917101,,0.0,0.205766581379561,0.0,0.0,False,False,False
875,1773733518.708092,1773733518708095040,-0.42,8.409937492055881e-20,0.8749994277780444,-0.20065834438864805,0.3564811885766559,0.7595701941446851,0.4341814225327229,,0.0,0.18031344494564272,0.0,0.025868981991685143,False,False,False
876,1773733518.7602165,1773733518760219021,-0.42,8.409937492055881e-20,0.8749994277780444,-0.20065834438864805,0.3564811885766559,0.7595701941446851,0.4341814225327229,,0.0,0.18031344494564272,0.0,0.0,False,False,False
877,1773733518.808587,1773733518808590529,-0.42,8.409937492055881e-20,0.8749994277780444,-0.20065834438864805,0.3564811885766559,0.7595701941446851,0.4341814225327229,,0.0,0.18031344494564272,0.0,0.0,False,False,False
878,1773733518.8580794,1773733518858082889,-0.42,8.409937492055881e-20,0.8749994277780444,-0.17764647286063528,0.36833844172142244,0.7604282540977251,0.455560087809657,,0.0,0.1545907028597746,0.0,0.025901292443502727,False,False,False
879,1773733518.9080179,1773733518908020225,-0.42,8.409937492055881e-20,0.8749994277780444,-0.17764647286063528,0.36833844172142244,0.7604282540977251,0.455560087809657,,0.0,0.1545907028597746,0.0,0.0,False,False,False
880,1773733518.9580052,1773733518958008642,-0.42,8.409937492055881e-20,0.8749994277780444,-0.17764647286063528,0.36833844172142244,0.7604282540977251,0.455560087809657,,0.0,0.1545907028597746,0.0,0.0,False,False,False
881,1773733519.0093212,1773733519009323378,-0.42,8.409937492055881e-20,0.8749994277780444,-0.17764647286063528,0.36833844172142244,0.7604282540977251,0.455560087809657,,0.0,0.1545907028597746,0.0,0.0,False,False,False
882,1773733519.0579941,1773733519057997424,-0.42,8.409937492055881e-20,0.8749994277780444,-0.1544557203037087,0.3778599041244801,0.7616480005592259,0.47554223542912216,,0.0,0.12951515015837164,0.0,0.025098944835984283,False,False,False
883,1773733519.1118543,1773733519111856782,-0.42,8.409937492055881e-20,0.8749994277780444,-0.1544557203037087,0.3778599041244801,0.7616480005592259,0.47554223542912216,,0.0,0.12951515015837164,0.0,0.0,False,False,False
884,1773733519.158075,1773733519158078236,-0.42,8.409937492055881e-20,0.8749994277780444,-0.1544557203037087,0.3778599041244801,0.7616480005592259,0.47554223542912216,,0.0,0.12951515015837164,0.0,0.0,False,False,False
885,1773733519.208226,1773733519208232661,-0.42,8.409937492055881e-20,0.8749994277780444,-0.1544557203037087,0.3778599041244801,0.7616480005592259,0.47554223542912216,,0.0,0.12951515015837164,0.0,0.0,False,False,False
886,1773733519.2580757,1773733519258078829,-0.42,8.409937492055881e-20,0.8749994277780444,-0.1448690223059751,0.3796633039456428,0.7617079896495715,0.4823652446051738,,0.0,0.11990687589909509,0.0,0.009755030912594763,False,False,False
887,1773733519.308526,1773733519308529042,-0.42,8.409937492055881e-20,0.8749994277780444,-0.1448690223059751,0.3796633039456428,0.7617079896495715,0.4823652446051738,,0.0,0.11990687589909509,0.0,0.0,False,False,False
888,1773733519.3580089,1773733519358011552,-0.42,8.409937492055881e-20,0.8749994277780444,-0.1448690223059751,0.3796633039456428,0.7617079896495715,0.4823652446051738,,0.0,0.11990687589909509,0.0,0.0,False,False,False
889,1773733519.408,1773733519408002669,-0.42,8.409937492055881e-20,0.8749994277780444,-0.1448690223059751,0.3796633039456428,0.7617079896495715,0.4823652446051738,,0.0,0.11990687589909509,0.0,0.0,False,False,False
890,1773733519.4579785,1773733519457981165,-0.42,8.409937492055881e-20,0.8749994277780444,-0.1468198006776894,0.37618215426986124,0.760346787914583,0.4788378246552287,,0.0,0.12306519982876749,0.0,0.004216255386486714,False,False,False
891,1773733519.5079281,1773733519507930152,-0.42,8.409937492055881e-20,0.8749994277780444,-0.1468198006776894,0.37618215426986124,0.760346787914583,0.4788378246552287,,0.0,0.12306519982876749,0.0,0.0,False,False,False
892,1773733519.5585654,1773733519558569173,-0.42,8.409937492055881e-20,0.8749994277780444,-0.1468198006776894,0.37618215426986124,0.760346787914583,0.4788378246552287,,0.0,0.12306519982876749,0.0,0.0,False,False,False
893,1773733519.611325,1773733519611329249,-0.42,8.409937492055881e-20,0.8749994277780444,-0.1468198006776894,0.37618215426986124,0.760346787914583,0.4788378246552287,,0.0,0.12306519982876749,0.0,0.0,False,False,False
894,1773733519.6580434,1773733519658045879,-0.42,8.409937492055881e-20,0.8749994277780444,-0.15450451691979383,0.36982059690175784,0.757926848289382,0.47006501071329876,,0.0,0.13275505220852968,0.0,0.010265494808286271,False,False,False
895,1773733519.7091649,1773733519709168437,-0.42,8.409937492055881e-20,0.8749994277780444,-0.15450451691979383,0.36982059690175784,0.757926848289382,0.47006501071329876,,0.0,0.13275505220852968,0.0,0.0,False,False,False
896,1773733519.7580185,1773733519758021252,-0.42,8.409937492055881e-20,0.8749994277780444,-0.15450451691979383,0.36982059690175784,0.757926848289382,0.47006501071329876,,0.0,0.13275505220852968,0.0,0.0,False,False,False
897,1773733519.8080435,1773733519808046959,-0.42,8.409937492055881e-20,0.8749994277780444,-0.15450451691979383,0.36982059690175784,0.757926848289382,0.47006501071329876,,0.0,0.13275505220852968,0.0,0.0,False,False,False
898,1773733519.8579285,1773733519857931256,-0.42,8.409937492055881e-20,0.8749994277780444,-0.16505364669952405,0.36144593736034514,0.7546450818772105,0.45839500136097383,,0.0,0.14603314184796531,0.0,0.013863226620387569,False,False,False
899,1773733519.9080853,1773733519908088941,-0.42,8.409937492055881e-20,0.8749994277780444,-0.16505364669952405,0.36144593736034514,0.7546450818772105,0.45839500136097383,,0.0,0.14603314184796531,0.0,0.0,False,False,False
900,1773733519.9580357,1773733519958039598,-0.42,8.409937492055881e-20,0.8749994277780444,-0.16505364669952405,0.36144593736034514,0.7546450818772105,0.45839500136097383,,0.0,0.14603314184796531,0.0,0.0,False,False,False
901,1773733520.0079887,1773733520007992934,-0.42,8.409937492055881e-20,0.8749994277780444,-0.16505364669952405,0.36144593736034514,0.7546450818772105,0.45839500136097383,,0.0,0.14603314184796531,0.0,0.0,False,False,False
902,1773733520.057948,1773733520057951511,-0.42,8.409937492055881e-20,0.8749994277780444,-0.1770638151669489,0.3513910335161437,0.7505963700392521,0.44493793849428404,,0.0,0.16153149413086199,0.0,0.016178297360318478,False,False,False
903,1773733520.1081243,1773733520108128146,-0.42,8.409937492055881e-20,0.8749994277780444,-0.1770638151669489,0.3513910335161437,0.7505963700392521,0.44493793849428404,,0.0,0.16153149413086199,0.0,0.0,False,False,False
904,1773733520.1582983,1773733520158302551,-0.42,8.409937492055881e-20,0.8749994277780444,-0.1770638151669489,0.3513910335161437,0.7505963700392521,0.44493793849428404,,0.0,0.16153149413086199,0.0,0.0,False,False,False
905,1773733520.2079988,1773733520208002830,-0.42,8.409937492055881e-20,0.8749994277780444,-0.18982105115143655,0.33976715713623395,0.7458227753905449,0.43024490361131384,,0.0,0.17861813780782648,0.0,0.017906668532407025,False,False,False
906,1773733520.2579482,1773733520257950187,-0.42,8.409937492055881e-20,0.8749994277780444,-0.18982105115143655,0.33976715713623395,0.7458227753905449,0.43024490361131384,,0.0,0.17861813780782648,0.0,0.0,False,False,False
907,1773733520.3080213,1773733520308025803,-0.42,8.409937492055881e-20,0.8749994277780444,-0.18982105115143655,0.33976715713623395,0.7458227753905449,0.43024490361131384,,0.0,0.17861813780782648,0.0,0.0,False,False,False
908,1773733520.3580205,1773733520358025099,-0.42,8.409937492055881e-20,0.8749994277780444,-0.20289276121538302,0.3266142551459711,0.7403570487028406,0.41465768416884435,,0.0,0.19695739119931813,0.0,0.0193324236190402,False,False,False
909,1773733520.4079926,1773733520407994916,-0.42,8.409937492055881e-20,0.8749994277780444,-0.20289276121538302,0.3266142551459711,0.7403570487028406,0.41465768416884435,,0.0,0.19695739119931813,0.0,0.0,False,False,False
910,1773733520.4592814,1773733520459285173,-0.42,8.409937492055881e-20,0.8749994277780444,-0.20289276121538302,0.3266142551459711,0.7403570487028406,0.41465768416884435,,0.0,0.19695739119931813,0.0,0.0,False,False,False
911,1773733520.50807,1773733520508074048,-0.42,8.409937492055881e-20,0.8749994277780444,-0.20289276121538302,0.3266142551459711,0.7403570487028406,0.41465768416884435,,0.0,0.19695739119931813,0.0,0.0,False,False,False
912,1773733520.557979,1773733520557981476,-0.42,8.409937492055881e-20,0.8749994277780444,-0.2160570556932574,0.3118573082443063,0.73420389735165,0.398335394643681,,0.0,0.21646820785414722,0.0,0.020710562583121827,False,False,False
913,1773733520.6081262,1773733520608130001,-0.42,8.409937492055881e-20,0.8749994277780444,-0.2160570556932574,0.3118573082443063,0.73420389735165,0.398335394643681,,0.0,0.21646820785414722,0.0,0.0,False,False,False
914,1773733520.658075,1773733520658078138,-0.42,8.409937492055881e-20,0.8749994277780444,-0.2160570556932574,0.3118573082443063,0.73420389735165,0.398335394643681,,0.0,0.21646820785414722,0.0,0.0,False,False,False
915,1773733520.707961,1773733520707964415,-0.42,8.409937492055881e-20,0.8749994277780444,-0.22891601547438112,0.2956777947999748,0.7274890205254008,0.38170376960124947,,0.0,0.2367814010558835,0.0,0.021730602217599967,False,False,False
916,1773733520.7579312,1773733520757934242,-0.42,8.409937492055881e-20,0.8749994277780444,-0.22891601547438112,0.2956777947999748,0.7274890205254008,0.38170376960124947,,0.0,0.2367814010558835,0.0,0.0,False,False,False
917,1773733520.8086143,1773733520808617213,-0.42,8.409937492055881e-20,0.8749994277780444,-0.22891601547438112,0.2956777947999748,0.7274890205254008,0.38170376960124947,,0.0,0.2367814010558835,0.0,0.0,False,False,False
918,1773733520.8579557,1773733520857958325,-0.42,8.409937492055881e-20,0.8749994277780444,-0.24116686106241625,0.278277364941033,0.720363617139546,0.365146295822126,,0.0,0.2575873833123922,0.0,0.022441692233630326,False,False,False
919,1773733520.90807,1773733520908073940,-0.42,8.409937492055881e-20,0.8749994277780444,-0.24116686106241625,0.278277364941033,0.720363617139546,0.365146295822126,,0.0,0.2575873833123922,0.0,0.0,False,False,False
920,1773733520.9595757,1773733520959580136,-0.42,8.409937492055881e-20,0.8749994277780444,-0.24116686106241625,0.278277364941033,0.720363617139546,0.365146295822126,,0.0,0.2575873833123922,0.0,0.0,False,False,False
921,1773733521.0079522,1773733521007955054,-0.42,8.409937492055881e-20,0.8749994277780444,-0.25257127469502627,0.2598823093178027,0.71299125836035,0.34902412482760387,,0.0,0.2786032422256669,0.0,0.022864610113767204,False,False,False
922,1773733521.0580153,1773733521058018500,-0.42,8.409937492055881e-20,0.8749994277780444,-0.25257127469502627,0.2598823093178027,0.71299125836035,0.34902412482760387,,0.0,0.2786032422256669,0.0,0.0,False,False,False
923,1773733521.108101,1773733521108105636,-0.42,8.409937492055881e-20,0.8749994277780444,-0.25257127469502627,0.2598823093178027,0.71299125836035,0.34902412482760387,,0.0,0.2786032422256669,0.0,0.0,False,False,False
924,1773733521.15795,1773733521157952164,-0.42,8.409937492055881e-20,0.8749994277780444,-0.25257127469502627,0.2598823093178027,0.71299125836035,0.34902412482760387,,0.0,0.2786032422256669,0.0,0.0,False,False,False
925,1773733521.209203,1773733521209205761,-0.42,8.409937492055881e-20,0.8749994277780444,-0.26302368869818693,0.24061245902955244,0.7054957200032523,0.33356772130944246,,0.0,0.29970967271968496,0.0,0.02316815020427334,False,False,False
926,1773733521.2580624,1773733521258066137,-0.42,8.409937492055881e-20,0.8749994277780444,-0.26302368869818693,0.24061245902955244,0.7054957200032523,0.33356772130944246,,0.0,0.29970967271968496,0.0,0.0,False,False,False
927,1773733521.3080246,1773733521308028354,-0.42,8.409937492055881e-20,0.8749994277780444,-0.26302368869818693,0.24061245902955244,0.7054957200032523,0.33356772130944246,,0.0,0.29970967271968496,0.0,0.0,False,False,False
928,1773733521.357955,1773733521357957721,-0.42,8.409937492055881e-20,0.8749994277780444,-0.26302368869818693,0.24061245902955244,0.7054957200032523,0.33356772130944246,,0.0,0.29970967271968496,0.0,0.0,False,False,False
929,1773733521.4080498,1773733521408052177,-0.42,8.409937492055881e-20,0.8749994277780444,-0.2724604643757129,0.22056411826761513,0.6979920495847114,0.31897971216721355,,0.0,0.32082848748101733,0.0,0.023394310681120523,False,False,False
930,1773733521.457938,1773733521457941644,-0.42,8.409937492055881e-20,0.8749994277780444,-0.2724604643757129,0.22056411826761513,0.6979920495847114,0.31897971216721355,,0.0,0.32082848748101733,0.0,0.0,False,False,False
931,1773733521.5080152,1773733521508017010,-0.42,8.409937492055881e-20,0.8749994277780444,-0.2724604643757129,0.22056411826761513,0.6979920495847114,0.31897971216721355,,0.0,0.32082848748101733,0.0,0.0,False,False,False
932,1773733521.5602403,1773733521560242350,-0.42,8.409937492055881e-20,0.8749994277780444,-0.2808423736164608,0.19982306607644224,0.6905910339010342,0.30545140112494074,,0.0,0.3419011100147978,0.0,0.023563163659982695,False,False,False
933,1773733521.6080217,1773733521608023443,-0.42,8.409937492055881e-20,0.8749994277780444,-0.2808423736164608,0.19982306607644224,0.6905910339010342,0.30545140112494074,,0.0,0.3419011100147978,0.0,0.0,False,False,False
934,1773733521.6579869,1773733521657989400,-0.42,8.409937492055881e-20,0.8749994277780444,-0.2808423736164608,0.19982306607644224,0.6905910339010342,0.30545140112494074,,0.0,0.3419011100147978,0.0,0.0,False,False,False
935,1773733521.7079475,1773733521707949227,-0.42,8.409937492055881e-20,0.8749994277780444,-0.2808423736164608,0.19982306607644224,0.6905910339010342,0.30545140112494074,,0.0,0.3419011100147978,0.0,0.0,False,False,False
936,1773733521.7582054,1773733521758207772,-0.42,8.409937492055881e-20,0.8749994277780444,-0.2881465542158158,0.17847122610715502,0.6834011534915467,0.2931675432630939,,0.0,0.36287827940557627,0.0,0.023684309249052973,False,False,False
937,1773733521.8081026,1773733521808105870,-0.42,8.409937492055881e-20,0.8749994277780444,-0.2881465542158158,0.17847122610715502,0.6834011534915467,0.2931675432630939,,0.0,0.36287827940557627,0.0,0.0,False,False,False
938,1773733521.8580484,1773733521858051547,-0.42,8.409937492055881e-20,0.8749994277780444,-0.2881465542158158,0.17847122610715502,0.6834011534915467,0.2931675432630939,,0.0,0.36287827940557627,0.0,0.0,False,False,False
939,1773733521.9079733,1773733521907975594,-0.42,8.409937492055881e-20,0.8749994277780444,-0.2943628223849065,0.15659000226662945,0.6765291550030262,0.28230405307813006,,0.0,0.38371517923394366,0.0,0.02376245589023708,False,False,False
940,1773733521.9579825,1773733521957985001,-0.42,8.409937492055881e-20,0.8749994277780444,-0.2943628223849065,0.15659000226662945,0.6765291550030262,0.28230405307813006,,0.0,0.38371517923394366,0.0,0.0,False,False,False
941,1773733522.0109496,1773733522010952775,-0.42,8.409937492055881e-20,0.8749994277780444,-0.2943628223849065,0.15659000226662945,0.6765291550030262,0.28230405307813006,,0.0,0.38371517923394366,0.0,0.0,False,False,False
942,1773733522.0580764,1773733522058079953,-0.42,8.409937492055881e-20,0.8749994277780444,-0.2994919487176705,0.13426186802783383,0.670079885868631,0.27302098506626166,,0.0,0.4043691865719014,0.0,0.023800138400668875,False,False,False
943,1773733522.1080346,1773733522108037950,-0.42,8.409937492055881e-20,0.8749994277780444,-0.2994919487176705,0.13426186802783383,0.670079885868631,0.27302098506626166,,0.0,0.4043691865719014,0.0,0.0,False,False,False
944,1773733522.158015,1773733522158018357,-0.42,8.409937492055881e-20,0.8749994277780444,-0.2994919487176705,0.13426186802783383,0.670079885868631,0.27302098506626166,,0.0,0.4043691865719014,0.0,0.0,False,False,False
945,1773733522.2079203,1773733522207922635,-0.42,8.409937492055881e-20,0.8749994277780444,-0.30354478787000183,0.1115710445040573,0.6641557493070379,0.2654523896203505,,0.0,0.4247988836921695,0.0,0.023799041396288287,False,False,False
946,1773733522.2590115,1773733522259013574,-0.42,8.409937492055881e-20,0.8749994277780444,-0.30354478787000183,0.1115710445040573,0.6641557493070379,0.2654523896203505,,0.0,0.4247988836921695,0.0,0.0,False,False,False
947,1773733522.3080902,1773733522308093677,-0.42,8.409937492055881e-20,0.8749994277780444,-0.30354478787000183,0.1115710445040573,0.6641557493070379,0.2654523896203505,,0.0,0.4247988836921695,0.0,0.0,False,False,False
948,1773733522.3579898,1773733522357992275,-0.42,8.409937492055881e-20,0.8749994277780444,-0.30354478787000183,0.1115710445040573,0.6641557493070379,0.2654523896203505,,0.0,0.4247988836921695,0.0,0.0,False,False,False
949,1773733522.408059,1773733522408061991,-0.42,8.409937492055881e-20,0.8749994277780444,-0.306541752261448,0.08860370266221423,0.6588559750296358,0.25969478676199925,,0.0,0.44496367621187205,0.0,0.02376064380935594,False,False,False
950,1773733522.4596741,1773733522459676356,-0.42,8.409937492055881e-20,0.8749994277780444,-0.306541752261448,0.08860370266221423,0.6588559750296358,0.25969478676199925,,0.0,0.44496367621187205,0.0,0.0,False,False,False
951,1773733522.5080738,1773733522508075995,-0.42,8.409937492055881e-20,0.8749994277780444,-0.306541752261448,0.08860370266221423,0.6588559750296358,0.25969478676199925,,0.0,0.44496367621187205,0.0,0.0,False,False,False
952,1773733522.558026,1773733522558028082,-0.42,8.409937492055881e-20,0.8749994277780444,-0.30851239842759826,0.0654479147255708,0.654275811624569,0.2557964612229006,,0.0,0.46482370073166973,0.0,0.023686533264622688,False,False,False
953,1773733522.6079803,1773733522607982829,-0.42,8.409937492055881e-20,0.8749994277780444,-0.30851239842759826,0.0654479147255708,0.654275811624569,0.2557964612229006,,0.0,0.46482370073166973,0.0,0.0,False,False,False
954,1773733522.657938,1773733522657940526,-0.42,8.409937492055881e-20,0.8749994277780444,-0.30851239842759826,0.0654479147255708,0.654275811624569,0.2557964612229006,,0.0,0.46482370073166973,0.0,0.0,False,False,False
955,1773733522.7079244,1773733522707926304,-0.42,8.409937492055881e-20,0.8749994277780444,-0.30851239842759826,0.0654479147255708,0.654275811624569,0.2557964612229006,,0.0,0.46482370073166973,0.0,0.0,False,False,False
956,1773733522.7589562,1773733522758959383,-0.42,8.409937492055881e-20,0.8749994277780444,-0.30949502292018094,0.04219347025748073,0.650505698664136,0.25375002128718954,,0.0,0.48433986904057436,0.0,0.023578559967634437,False,False,False
957,1773733522.808008,1773733522808012216,-0.42,8.409937492055881e-20,0.8749994277780444,-0.30949502292018094,0.04219347025748073,0.650505698664136,0.25375002128718954,,0.0,0.48433986904057436,0.0,0.0,False,False,False
958,1773733522.8603113,1773733522860315456,-0.42,8.409937492055881e-20,0.8749994277780444,-0.30949502292018094,0.04219347025748073,0.650505698664136,0.25375002128718954,,0.0,0.48433986904057436,0.0,0.0,False,False,False
959,1773733522.9082623,1773733522908266668,-0.42,8.409937492055881e-20,0.8749994277780444,-0.3095362234855784,0.018931615909372083,0.6476304513852789,0.2534902432612783,,0.0,0.5034739750994511,0.0,0.02343891234920651,False,False,False
960,1773733522.959552,1773733522959555955,-0.42,8.409937492055881e-20,0.8749994277780444,-0.3095362234855784,0.018931615909372083,0.6476304513852789,0.2534902432612783,,0.0,0.5034739750994511,0.0,0.0,False,False,False
961,1773733523.00806,1773733523008063514,-0.42,8.409937492055881e-20,0.8749994277780444,-0.3095362234855784,0.018931615909372083,0.6476304513852789,0.2534902432612783,,0.0,0.5034739750994511,0.0,0.0,False,False,False
962,1773733523.0579536,1773733523057956451,-0.42,8.409937492055881e-20,0.8749994277780444,-0.3086904081905629,-0.004245251047651711,0.6457284776931931,0.2548980500867974,,0.0,0.5221888291461126,0.0,0.02327015404723935,False,False,False
963,1773733523.1079288,1773733523107931238,-0.42,8.409937492055881e-20,0.8749994277780444,-0.3086904081905629,-0.004245251047651711,0.6457284776931931,0.2548980500867974,,0.0,0.5221888291461126,0.0,0.0,False,False,False
964,1773733523.1587474,1773733523158752700,-0.42,8.409937492055881e-20,0.8749994277780444,-0.3086904081905629,-0.004245251047651711,0.6457284776931931,0.2548980500867974,,0.0,0.5221888291461126,0.0,0.0,False,False,False
965,1773733523.2081034,1773733523208106691,-0.42,8.409937492055881e-20,0.8749994277780444,-0.3086904081905629,-0.004245251047651711,0.6457284776931931,0.2548980500867974,,0.0,0.5221888291461126,0.0,0.0,False,False,False
966,1773733523.2580862,1773733523258091198,-0.42,8.409937492055881e-20,0.8749994277780444,-0.30701924755195875,-0.027243919875927034,0.6448710404236021,0.25780992273434267,,0.0,0.5404484016049271,0.0,0.023075240939673555,False,False,False
967,1773733523.3079937,1773733523307995836,-0.42,8.409937492055881e-20,0.8749994277780444,-0.30701924755195875,-0.027243919875927034,0.6448710404236021,0.25780992273434267,,0.0,0.5404484016049271,0.0,0.0,False,False,False
968,1773733523.3579235,1773733523357925703,-0.42,8.409937492055881e-20,0.8749994277780444,-0.30701924755195875,-0.027243919875927034,0.6448710404236021,0.25780992273434267,,0.0,0.5404484016049271,0.0,0.0,False,False,False
969,1773733523.4080768,1773733523408080699,-0.42,8.409937492055881e-20,0.8749994277780444,-0.304591070517752,-0.04997072595490312,0.6451215741765144,0.262030765432506,,0.0,0.5582179682928231,0.0,0.022857526668959214,False,False,False
970,1773733523.4579961,1773733523457999797,-0.42,8.409937492055881e-20,0.8749994277780444,-0.304591070517752,-0.04997072595490312,0.6451215741765144,0.262030765432506,,0.0,0.5582179682928231,0.0,0.0,False,False,False
971,1773733523.5079918,1773733523507995104,-0.42,8.409937492055881e-20,0.8749994277780444,-0.304591070517752,-0.04997072595490312,0.6451215741765144,0.262030765432506,,0.0,0.5582179682928231,0.0,0.0,False,False,False
972,1773733523.558056,1773733523558058891,-0.42,8.409937492055881e-20,0.8749994277780444,-0.3014802079576344,-0.07233192810089634,0.6465350639948209,0.26734774068136785,,0.0,0.5754642526386803,0.0,0.022620759950725995,False,False,False
973,1773733523.6080747,1773733523608078198,-0.42,8.409937492055881e-20,0.8749994277780444,-0.3014802079576344,-0.07233192810089634,0.6465350639948209,0.26734774068136785,,0.0,0.5754642526386803,0.0,0.0,False,False,False
974,1773733523.6581051,1773733523658109365,-0.42,8.409937492055881e-20,0.8749994277780444,-0.3014802079576344,-0.07233192810089634,0.6465350639948209,0.26734774068136785,,0.0,0.5754642526386803,0.0,0.0,False,False,False
975,1773733523.7080076,1773733523708010682,-0.42,8.409937492055881e-20,0.8749994277780444,-0.29776628878132727,-0.09423410061107289,0.6491574918843459,0.27354291415513055,,0.0,0.5921555626584459,0.0,0.022369074284588404,False,False,False
976,1773733523.7579503,1773733523757952390,-0.42,8.409937492055881e-20,0.8749994277780444,-0.29776628878132727,-0.09423410061107289,0.6491574918843459,0.27354291415513055,,0.0,0.5921555626584459,0.0,0.0,False,False,False
977,1773733523.808997,1773733523809000589,-0.42,8.409937492055881e-20,0.8749994277780444,-0.29776628878132727,-0.09423410061107289,0.6491574918843459,0.27354291415513055,,0.0,0.5921555626584459,0.0,0.0,False,False,False
978,1773733523.858116,1773733523858121112,-0.42,8.409937492055881e-20,0.8749994277780444,-0.29776628878132727,-0.09423410061107289,0.6491574918843459,0.27354291415513055,,0.0,0.5921555626584459,0.0,0.0,False,False,False
979,1773733523.9079857,1773733523907989050,-0.42,8.409937492055881e-20,0.8749994277780444,-0.29353349464049694,-0.11558453776104827,0.6530253562479139,0.2804033715541664,,0.0,0.6082619213998652,0.0,0.02210696920585578,False,False,False
980,1773733523.9581144,1773733523958118017,-0.42,8.409937492055881e-20,0.8749994277780444,-0.29353349464049694,-0.11558453776104827,0.6530253562479139,0.2804033715541664,,0.0,0.6082619213998652,0.0,0.0,False,False,False
981,1773733524.0080295,1773733524008032424,-0.42,8.409937492055881e-20,0.8749994277780444,-0.29353349464049694,-0.11558453776104827,0.6530253562479139,0.2804033715541664,,0.0,0.6082619213998652,0.0,0.0,False,False,False
982,1773733524.058001,1773733524058003722,-0.42,8.409937492055881e-20,0.8749994277780444,-0.2888697797050799,-0.1362916687577397,0.6581652685337753,0.2877283549852756,,0.0,0.6237551900378148,0.0,0.02183928133935091,False,False,False
983,1773733524.1085308,1773733524108533085,-0.42,8.409937492055881e-20,0.8749994277780444,-0.2888697797050799,-0.1362916687577397,0.6581652685337753,0.2877283549852756,,0.0,0.6237551900378148,0.0,0.0,False,False,False
984,1773733524.1580255,1773733524158028086,-0.42,8.409937492055881e-20,0.8749994277780444,-0.2888697797050799,-0.1362916687577397,0.6581652685337753,0.2877283549852756,,0.0,0.6237551900378148,0.0,0.0,False,False,False
985,1773733524.208109,1773733524208113892,-0.42,8.409937492055881e-20,0.8749994277780444,-0.28386606237603973,-0.15626548119237949,0.6645936306831257,0.29533362327448986,,0.0,0.6386091830286242,0.0,0.021571142997215235,False,False,False
986,1773733524.2579663,1773733524257969911,-0.42,8.409937492055881e-20,0.8749994277780444,-0.28386606237603973,-0.15626548119237949,0.6645936306831257,0.29533362327448986,,0.0,0.6386091830286242,0.0,0.0,False,False,False
987,1773733524.3080869,1773733524308092467,-0.42,8.409937492055881e-20,0.8749994277780444,-0.28386606237603973,-0.15626548119237949,0.6645936306831257,0.29533362327448986,,0.0,0.6386091830286242,0.0,0.0,False,False,False
988,1773733524.3581197,1773733524358124644,-0.42,8.409937492055881e-20,0.8749994277780444,-0.2786153960630562,-0.17541795097098387,0.6723163962591033,0.30305358440212027,,0.0,0.6527997748439627,0.0,0.021307925837400488,False,False,False
989,1773733524.4079928,1773733524407996392,-0.42,8.409937492055881e-20,0.8749994277780444,-0.2786153960630562,-0.17541795097098387,0.6723163962591033,0.30305358440212027,,0.0,0.6527997748439627,0.0,0.0,False,False,False
990,1773733524.459259,1773733524459262680,-0.42,8.409937492055881e-20,0.8749994277780444,-0.2786153960630562,-0.17541795097098387,0.6723163962591033,0.30305358440212027,,0.0,0.6527997748439627,0.0,0.0,False,False,False
991,1773733524.5080714,1773733524508075366,-0.42,8.409937492055881e-20,0.8749994277780444,-0.2786153960630562,-0.17541795097098387,0.6723163962591033,0.30305358440212027,,0.0,0.6527997748439627,0.0,0.0,False,False,False
992,1773733524.558016,1773733524558018933,-0.42,8.409937492055881e-20,0.8749994277780444,-0.27321212634114667,-0.1936634765839439,0.6813289174333358,0.31074183592340304,,0.0,0.6663049978637003,0.0,0.021055167216074845,False,False,False
993,1773733524.6079612,1773733524607963591,-0.42,8.409937492055881e-20,0.8749994277780444,-0.27321212634114667,-0.1936634765839439,0.6813289174333358,0.31074183592340304,,0.0,0.6663049978637003,0.0,0.0,False,False,False
994,1773733524.6579168,1773733524657918749,-0.42,8.409937492055881e-20,0.8749994277780444,-0.27321212634114667,-0.1936634765839439,0.6813289174333358,0.31074183592340304,,0.0,0.6663049978637003,0.0,0.0,False,False,False
995,1773733524.7082071,1773733524708211924,-0.42,8.409937492055881e-20,0.8749994277780444,-0.2677510419145589,-0.21091931544185155,0.6916158792903939,0.31827068467027264,,0.0,0.679105131039837,0.0,0.02081847741918136,False,False,False
996,1773733524.7580676,1773733524758070812,-0.42,8.409937492055881e-20,0.8749994277780444,-0.2677510419145589,-0.21091931544185155,0.6916158792903939,0.31827068467027264,,0.0,0.679105131039837,0.0,0.0,False,False,False
997,1773733524.8079314,1773733524807933940,-0.42,8.409937492055881e-20,0.8749994277780444,-0.2677510419145589,-0.21091931544185155,0.6916158792903939,0.31827068467027264,,0.0,0.679105131039837,0.0,0.0,False,False,False
998,1773733524.8580391,1773733524858042096,-0.42,8.409937492055881e-20,0.8749994277780444,-0.2623265268626237,-0.2271060198691587,0.7031513221865862,0.32553009044846626,,0.0,0.6911827789650032,0.0,0.020603427059035315,False,False,False
999,1773733524.9080775,1773733524908080963,-0.42,8.409937492055881e-20,0.8749994277780444,-0.2623265268626237,-0.2271060198691587,0.7031513221865862,0.32553009044846626,,0.0,0.6911827789650032,0.0,0.0,False,False,False
1000,1773733524.9580848,1773733524958088510,-0.42,8.409937492055881e-20,0.8749994277780444,-0.2623265268626237,-0.2271060198691587,0.7031513221865862,0.32553009044846626,,0.0,0.6911827789650032,0.0,0.0,False,False,False
1001,1773733525.0079675,1773733525007970078,-0.42,8.409937492055881e-20,0.8749994277780444,-0.2570317216222602,-0.242147870218801,0.7158987521708333,0.33242634641011354,,0.0,0.7025229409950113,0.0,0.020415415638132334,False,False,False
1002,1773733525.0587335,1773733525058740170,-0.42,8.409937492055881e-20,0.8749994277780444,-0.2570317216222602,-0.242147870218801,0.7158987521708333,0.33242634641011354,,0.0,0.7025229409950113,0.0,0.0,False,False,False
1003,1773733525.1081138,1773733525108118442,-0.42,8.409937492055881e-20,0.8749994277780444,-0.2570317216222602,-0.242147870218801,0.7158987521708333,0.33242634641011354,,0.0,0.7025229409950113,0.0,0.0,False,False,False
1004,1773733525.157996,1773733525157999321,-0.42,8.409937492055881e-20,0.8749994277780444,-0.2519577000762313,-0.2559733024552496,0.7298113387469357,0.33888069778318985,,0.0,0.7131130700888773,0.0,0.02025952458503756,False,False,False
1005,1773733525.207972,1773733525207975458,-0.42,8.409937492055881e-20,0.8749994277780444,-0.2519577000762313,-0.2559733024552496,0.7298113387469357,0.33888069778318985,,0.0,0.7131130700888773,0.0,0.0,False,False,False
1006,1773733525.2580066,1773733525258008825,-0.42,8.409937492055881e-20,0.8749994277780444,-0.2519577000762313,-0.2559733024552496,0.7298113387469357,0.33888069778318985,,0.0,0.7131130700888773,0.0,0.0,False,False,False
1007,1773733525.3080013,1773733525308003482,-0.42,8.409937492055881e-20,0.8749994277780444,-0.24719266996597644,-0.2685153274544645,0.7448321985342546,0.34482801794586176,,0.0,0.722943121043571,0.0,0.020140360765956065,False,False,False
1008,1773733525.358035,1773733525358037730,-0.42,8.409937492055881e-20,0.8749994277780444,-0.24719266996597644,-0.2685153274544645,0.7448321985342546,0.34482801794586176,,0.0,0.722943121043571,0.0,0.0,False,False,False
1009,1773733525.4080656,1773733525408068777,-0.42,8.409937492055881e-20,0.8749994277780444,-0.24719266996597644,-0.2685153274544645,0.7448321985342546,0.34482801794586176,,0.0,0.722943121043571,0.0,0.0,False,False,False
1010,1773733525.4579246,1773733525457926765,-0.42,8.409937492055881e-20,0.8749994277780444,-0.2428212036345303,-0.27971193918851256,0.7608947626727389,0.3502156041710715,,0.0,0.7320055878146354,0.0,0.0200618991850949,False,False,False
1011,1773733525.508086,1773733525508089751,-0.42,8.409937492055881e-20,0.8749994277780444,-0.2428212036345303,-0.27971193918851256,0.7608947626727389,0.3502156041710715,,0.0,0.7320055878146354,0.0,0.0,False,False,False
1012,1773733525.5580509,1773733525558053279,-0.42,8.409937492055881e-20,0.8749994277780444,-0.2428212036345303,-0.27971193918851256,0.7608947626727389,0.3502156041710715,,0.0,0.7320055878146354,0.0,0.0,False,False,False
1013,1773733525.6080143,1773733525608017017,-0.42,8.409937492055881e-20,0.8749994277780444,-0.23892350583016086,-0.2895065089035136,0.7779232251252356,0.3550021190920262,,0.0,0.7402955296294018,0.0,0.02002733575821534,False,False,False
1014,1773733525.6585176,1773733525658520201,-0.42,8.409937492055881e-20,0.8749994277780444,-0.23892350583016086,-0.2895065089035136,0.7779232251252356,0.3550021190920262,,0.0,0.7402955296294018,0.0,0.0,False,False,False
1015,1773733525.7080963,1773733525708099301,-0.42,8.409937492055881e-20,0.8749994277780444,-0.23892350583016086,-0.2895065089035136,0.7779232251252356,0.3550021190920262,,0.0,0.7402955296294018,0.0,0.0,False,False,False
1016,1773733525.7581291,1773733525758132938,-0.42,8.409937492055881e-20,0.8749994277780444,-0.23892350583016086,-0.2895065089035136,0.7779232251252356,0.3550021190920262,,0.0,0.7402955296294018,0.0,0.0,False,False,False
1017,1773733525.8080456,1773733525808049056,-0.42,8.409937492055881e-20,0.8749994277780444,-0.23557472496781262,-0.2978481623622456,0.7958330683594879,0.35915668218321184,,0.0,0.7478105856162127,0.0,0.020038962058078185,False,False,False
1018,1773733525.8579898,1773733525857992184,-0.42,8.409937492055881e-20,0.8749994277780444,-0.23557472496781262,-0.2978481623622456,0.7958330683594879,0.35915668218321184,,0.0,0.7478105856162127,0.0,0.0,False,False,False
1019,1773733525.9080498,1773733525908052921,-0.42,8.409937492055881e-20,0.8749994277780444,-0.23557472496781262,-0.2978481623622456,0.7958330683594879,0.35915668218321184,,0.0,0.7478105856162127,0.0,0.0,False,False,False
1020,1773733525.958001,1773733525958003178,-0.42,8.409937492055881e-20,0.8749994277780444,-0.23284431385559645,-0.30469213720985056,0.8145316622510802,0.3626581034549108,,0.0,0.7545509776924307,0.0,0.02009807329270787,False,False,False
1021,1773733526.009304,1773733526009307816,-0.42,8.409937492055881e-20,0.8749994277780444,-0.23284431385559645,-0.30469213720985056,0.8145316622510802,0.3626581034549108,,0.0,0.7545509776924307,0.0,0.0,False,False,False
1022,1773733526.058019,1773733526058020943,-0.42,8.409937492055881e-20,0.8749994277780444,-0.23284431385559645,-0.30469213720985056,0.8145316622510802,0.3626581034549108,,0.0,0.7545509776924307,0.0,0.0,False,False,False
1023,1773733526.1081994,1773733526108202480,-0.42,8.409937492055881e-20,0.8749994277780444,-0.2307954454512685,-0.3100001175326481,0.8339189314409812,0.36549424552452126,,0.0,0.760519501475856,0.0,0.020204918299442407,False,False,False
1024,1773733526.159979,1773733526159982194,-0.42,8.409937492055881e-20,0.8749994277780444,-0.2307954454512685,-0.3100001175326481,0.8339189314409812,0.36549424552452126,,0.0,0.760519501475856,0.0,0.0,False,False,False
1025,1773733526.2080412,1773733526208043276,-0.42,8.409937492055881e-20,0.8749994277780444,-0.2307954454512685,-0.3100001175326481,0.8339189314409812,0.36549424552452126,,0.0,0.760519501475856,0.0,0.0,False,False,False
1026,1773733526.2580001,1773733526258003113,-0.42,8.409937492055881e-20,0.8749994277780444,-0.2307954454512685,-0.3100001175326481,0.8339189314409812,0.36549424552452126,,0.0,0.760519501475856,0.0,0.0,False,False,False
1027,1773733526.3095357,1773733526309539240,-0.42,8.409937492055881e-20,0.8749994277780444,-0.22948448872255067,-0.31374054271760665,0.8538880858132876,0.36766149776880247,,0.0,0.7657215050098286,0.0,0.02035869628571158,False,False,False
1028,1773733526.358007,1773733526358009219,-0.42,8.409937492055881e-20,0.8749994277780444,-0.22948448872255067,-0.31374054271760665,0.8538880858132876,0.36766149776880247,,0.0,0.7657215050098286,0.0,0.0,False,False,False
1029,1773733526.407972,1773733526407974956,-0.42,8.409937492055881e-20,0.8749994277780444,-0.2289605491502894,-0.3158888877837028,0.8743264082337817,0.36916434573437706,,0.0,0.770164855122381,0.0,0.020557600116805335,False,False,False
1030,1773733526.4580688,1773733526458071353,-0.42,8.409937492055881e-20,0.8749994277780444,-0.2289605491502894,-0.3158888877837028,0.8743264082337817,0.36916434573437706,,0.0,0.770164855122381,0.0,0.0,False,False,False
1031,1773733526.509115,1773733526509118323,-0.42,8.409937492055881e-20,0.8749994277780444,-0.2289605491502894,-0.3158888877837028,0.8743264082337817,0.36916434573437706,,0.0,0.770164855122381,0.0,0.0,False,False,False
1032,1773733526.5590708,1773733526559072631,-0.42,8.409937492055881e-20,0.8749994277780444,-0.22926507783766403,-0.31642791244692864,0.89511609321055,0.37001501933829234,,0.0,0.7738598912747716,0.0,0.02079890109458342,False,False,False
1033,1773733526.6080782,1773733526608081996,-0.42,8.409937492055881e-20,0.8749994277780444,-0.22926507783766403,-0.31642791244692864,0.89511609321055,0.37001501933829234,,0.0,0.7738598912747716,0.0,0.0,False,False,False
1034,1773733526.6580749,1773733526658078703,-0.42,8.409937492055881e-20,0.8749994277780444,-0.22926507783766403,-0.31642791244692864,0.89511609321055,0.37001501933829234,,0.0,0.7738598912747716,0.0,0.0,False,False,False
1035,1773733526.7080176,1773733526708021301,-0.42,8.409937492055881e-20,0.8749994277780444,-0.23043155257526116,-0.31534787629843586,0.9161351297169693,0.37023320396605114,,0.0,0.7768193667966597,0.0,0.02107906632310104,False,False,False
1036,1773733526.7599595,1773733526759962935,-0.42,8.409937492055881e-20,0.8749994277780444,-0.23043155257526116,-0.31534787629843586,0.9161351297169693,0.37023320396605114,,0.0,0.7768193667966597,0.0,0.0,False,False,False
1037,1773733526.8093235,1773733526809325577,-0.42,8.409937492055881e-20,0.8749994277780444,-0.23043155257526116,-0.31534787629843586,0.9161351297169693,0.37023320396605114,,0.0,0.7768193667966597,0.0,0.0,False,False,False
1038,1773733526.8580194,1773733526858022824,-0.42,8.409937492055881e-20,0.8749994277780444,-0.23043155257526116,-0.31534787629843586,0.9161351297169693,0.37023320396605114,,0.0,0.7768193667966597,0.0,0.0,False,False,False
1039,1773733526.9079142,1773733526907916513,-0.42,8.409937492055881e-20,0.8749994277780444,-0.23248523357600615,-0.3126467176184019,0.9372582210511113,0.3698457989546781,,0.0,0.7790583774564166,0.0,0.021393897526585704,False,False,False
1040,1773733526.958243,1773733526958245958,-0.42,8.409937492055881e-20,0.8749994277780444,-0.23248523357600615,-0.3126467176184019,0.9372582210511113,0.3698457989546781,,0.0,0.7790583774564166,0.0,0.0,False,False,False
1041,1773733527.0079873,1773733527007989917,-0.42,8.409937492055881e-20,0.8749994277780444,-0.23248523357600615,-0.3126467176184019,0.9372582210511113,0.3698457989546781,,0.0,0.7790583774564166,0.0,0.0,False,False,False
1042,1773733527.0580046,1773733527058007035,-0.42,8.409937492055881e-20,0.8749994277780444,-0.23544299593178708,-0.3083301935180616,0.9583577342887113,0.36888670787905325,,0.0,0.7805942773742903,0.0,0.02173867975121187,False,False,False
1043,1773733527.1081076,1773733527108111612,-0.42,8.409937492055881e-20,0.8749994277780444,-0.23544299593178708,-0.3083301935180616,0.9583577342887113,0.36888670787905325,,0.0,0.7805942773742903,0.0,0.0,False,False,False
1044,1773733527.1580067,1773733527158009160,-0.42,8.409937492055881e-20,0.8749994277780444,-0.23544299593178708,-0.3083301935180616,0.9583577342887113,0.36888670787905325,,0.0,0.7805942773742903,0.0,0.0,False,False,False
1045,1773733527.207992,1773733527207994598,-0.42,8.409937492055881e-20,0.8749994277780444,-0.2393132401582896,-0.30241197929830127,0.9793046716383914,0.36739664438040065,,0.0,0.7814465823564716,0.0,0.02210832952204154,False,False,False
1046,1773733527.2600365,1773733527260038791,-0.42,8.409937492055881e-20,0.8749994277780444,-0.2393132401582896,-0.30241197929830127,0.9793046716383914,0.36739664438040065,,0.0,0.7814465823564716,0.0,0.0,False,False,False
1047,1773733527.3079913,1773733527307993853,-0.42,8.409937492055881e-20,0.8749994277780444,-0.2393132401582896,-0.30241197929830127,0.9793046716383914,0.36739664438040065,,0.0,0.7814465823564716,0.0,0.0,False,False,False
1048,1773733527.3579702,1773733527357973031,-0.42,8.409937492055881e-20,0.8749994277780444,-0.2393132401582896,-0.30241197929830127,0.9793046716383914,0.36739664438040065,,0.0,0.7814465823564716,0.0,0.0,False,False,False
1049,1773733527.4081397,1773733527408144508,-0.42,8.409937492055881e-20,0.8749994277780444,-0.24409588150133066,-0.2949137251329643,0.9999696558243174,0.3654229358900903,,0.0,0.7816368608127059,0.0,0.02249753420152373,False,False,False
1050,1773733527.457984,1773733527457986337,-0.42,8.409937492055881e-20,0.8749994277780444,-0.24409588150133066,-0.2949137251329643,0.9999696558243174,0.3654229358900903,,0.0,0.7816368608127059,0.0,0.0,False,False,False
1051,1773733527.5080335,1773733527508036854,-0.42,8.409937492055881e-20,0.8749994277780444,-0.24409588150133066,-0.2949137251329643,0.9999696558243174,0.3654229358900903,,0.0,0.7816368608127059,0.0,0.0,False,False,False
1052,1773733527.5592458,1773733527559248523,-0.42,8.409937492055881e-20,0.8749994277780444,-0.24978229241667116,-0.2858846972330398,1.0201854571727833,0.36301943641954,,0.0,0.7811940066529575,0.0,0.022859073429961137,False,False,False
1053,1773733527.6081936,1773733527608198418,-0.42,8.409937492055881e-20,0.8749994277780444,-0.24978229241667116,-0.2858846972330398,1.0201854571727833,0.36301943641954,,0.0,0.7811940066529575,0.0,0.0,False,False,False
1054,1773733527.6580148,1773733527658017437,-0.42,8.409937492055881e-20,0.8749994277780444,-0.24978229241667116,-0.2858846972330398,1.0201854571727833,0.36301943641954,,0.0,0.7811940066529575,0.0,0.0,False,False,False
1055,1773733527.7081766,1773733527708182464,-0.42,8.409937492055881e-20,0.8749994277780444,-0.25635544841488056,-0.2753142598331739,1.039922674261554,0.36024596897348293,,0.0,0.7801303644660734,0.0,0.023334486602677555,False,False,False
1056,1773733527.758181,1773733527758184391,-0.42,8.409937492055881e-20,0.8749994277780444,-0.25635544841488056,-0.2753142598331739,1.039922674261554,0.36024596897348293,,0.0,0.7801303644660734,0.0,0.0,False,False,False
1057,1773733527.8080053,1773733527808008201,-0.42,8.409937492055881e-20,0.8749994277780444,-0.25635544841488056,-0.2753142598331739,1.039922674261554,0.36024596897348293,,0.0,0.7801303644660734,0.0,0.0,False,False,False
1058,1773733527.8579776,1773733527857980679,-0.42,8.409937492055881e-20,0.8749994277780444,-0.26379532716223075,-0.26327421413680124,1.05899535123757,0.3571662239006208,,0.0,0.7784802760368952,0.0,0.023750400063524624,False,False,False
1059,1773733527.9079735,1773733527907975976,-0.42,8.409937492055881e-20,0.8749994277780444,-0.26379532716223075,-0.26327421413680124,1.05899535123757,0.3571662239006208,,0.0,0.7784802760368952,0.0,0.0,False,False,False
1060,1773733527.9579666,1773733527957969734,-0.42,8.409937492055881e-20,0.8749994277780444,-0.26379532716223075,-0.26327421413680124,1.05899535123757,0.3571662239006208,,0.0,0.7784802760368952,0.0,0.0,False,False,False
1061,1773733528.009146,1773733528009148103,-0.42,8.409937492055881e-20,0.8749994277780444,-0.27202270525735717,-0.24989126767012715,1.0771897048751322,0.35386979748168856,,0.0,0.7762847037728019,0.0,0.024038042988951954,False,False,False
1062,1773733528.0580783,1773733528058081199,-0.42,8.409937492055881e-20,0.8749994277780444,-0.27202270525735717,-0.24989126767012715,1.0771897048751322,0.35386979748168856,,0.0,0.7762847037728019,0.0,0.0,False,False,False
1063,1773733528.1079829,1773733528107985987,-0.42,8.409937492055881e-20,0.8749994277780444,-0.27202270525735717,-0.24989126767012715,1.0771897048751322,0.35386979748168856,,0.0,0.7762847037728019,0.0,0.0,False,False,False
1064,1773733528.158022,1773733528158024855,-0.42,8.409937492055881e-20,0.8749994277780444,-0.28082806873446386,-0.2355110122752433,1.0941146950530127,0.350493600095736,,0.0,0.7736338650179987,0.0,0.023891033123483858,False,False,False
1065,1773733528.2086315,1773733528208634778,-0.42,8.409937492055881e-20,0.8749994277780444,-0.28082806873446386,-0.2355110122752433,1.0941146950530127,0.350493600095736,,0.0,0.7736338650179987,0.0,0.0,False,False,False
1066,1773733528.2580192,1773733528258022741,-0.42,8.409937492055881e-20,0.8749994277780444,-0.28082806873446386,-0.2355110122752433,1.0941146950530127,0.350493600095736,,0.0,0.7736338650179987,0.0,0.0,False,False,False
1067,1773733528.3091786,1773733528309181620,-0.42,8.409937492055881e-20,0.8749994277780444,-0.28082806873446386,-0.2355110122752433,1.0941146950530127,0.350493600095736,,0.0,0.7736338650179987,0.0,0.0,False,False,False
1068,1773733528.3580554,1773733528358058196,-0.42,8.409937492055881e-20,0.8749994277780444,-0.2900321632957167,-0.22040435531475935,1.1096118731435136,0.3471494173114384,,0.0,0.770610854657575,0.0,0.02351784365078827,False,False,False
1069,1773733528.408063,1773733528408067194,-0.42,8.409937492055881e-20,0.8749994277780444,-0.2900321632957167,-0.22040435531475935,1.1096118731435136,0.3471494173114384,,0.0,0.770610854657575,0.0,0.0,False,False,False
1070,1773733528.4579785,1773733528457980863,-0.42,8.409937492055881e-20,0.8749994277780444,-0.2900321632957167,-0.22040435531475935,1.1096118731435136,0.3471494173114384,,0.0,0.770610854657575,0.0,0.0,False,False,False
1071,1773733528.5079775,1773733528507980411,-0.42,8.409937492055881e-20,0.8749994277780444,-0.2994547375212102,-0.20487673936549444,1.12356660541279,0.3439349944923026,,0.0,0.7673157038818396,0.0,0.022904722543833262,False,False,False
1072,1773733528.558148,1773733528558151497,-0.42,8.409937492055881e-20,0.8749994277780444,-0.2994547375212102,-0.20487673936549444,1.12356660541279,0.3439349944923026,,0.0,0.7673157038818396,0.0,0.0,False,False,False
1073,1773733528.6080277,1773733528608030186,-0.42,8.409937492055881e-20,0.8749994277780444,-0.30895533436382705,-0.18915546395237975,1.1359877548877124,0.34091877947216775,,0.0,0.7638292329699912,0.0,0.022174417585571708,False,False,False
1074,1773733528.6580691,1773733528658072324,-0.42,8.409937492055881e-20,0.8749994277780444,-0.30895533436382705,-0.18915546395237975,1.1359877548877124,0.34091877947216775,,0.0,0.7638292329699912,0.0,0.0,False,False,False
1075,1773733528.7080846,1773733528708087642,-0.42,8.409937492055881e-20,0.8749994277780444,-0.30895533436382705,-0.18915546395237975,1.1359877548877124,0.34091877947216775,,0.0,0.7638292329699912,0.0,0.0,False,False,False
1076,1773733528.757978,1773733528757980431,-0.42,8.409937492055881e-20,0.8749994277780444,-0.3184178095088426,-0.17342994568904418,1.1469318996263498,0.33814812838786495,,0.0,0.7602212127755961,0.0,0.021368309820404163,False,False,False
1077,1773733528.8080537,1773733528808056678,-0.42,8.409937492055881e-20,0.8749994277780444,-0.3184178095088426,-0.17342994568904418,1.1469318996263498,0.33814812838786495,,0.0,0.7602212127755961,0.0,0.0,False,False,False
1078,1773733528.8580105,1773733528858013016,-0.42,8.409937492055881e-20,0.8749994277780444,-0.3184178095088426,-0.17342994568904418,1.1469318996263498,0.33814812838786495,,0.0,0.7602212127755961,0.0,0.0,False,False,False
1079,1773733528.9079497,1773733528907952154,-0.42,8.409937492055881e-20,0.8749994277780444,-0.32773934360439116,-0.15786990407710666,1.1564760102307516,0.335654587040188,,0.0,0.7565538521010241,0.0,0.02049624209675418,False,False,False
1080,1773733528.9581614,1773733528958165730,-0.42,8.409937492055881e-20,0.8749994277780444,-0.32773934360439116,-0.15786990407710666,1.1564760102307516,0.335654587040188,,0.0,0.7565538521010241,0.0,0.0,False,False,False
1081,1773733529.0080066,1773733529008009450,-0.42,8.409937492055881e-20,0.8749994277780444,-0.32773934360439116,-0.15786990407710666,1.1564760102307516,0.335654587040188,,0.0,0.7565538521010241,0.0,0.0,False,False,False
1082,1773733529.058001,1773733529058004508,-0.42,8.409937492055881e-20,0.8749994277780444,-0.32773934360439116,-0.15786990407710666,1.1564760102307516,0.335654587040188,,0.0,0.7565538521010241,0.0,0.0,False,False,False
1083,1773733529.1080003,1773733529108002856,-0.42,8.409937492055881e-20,0.8749994277780444,-0.3368343216950759,-0.14261890161654445,1.1647151408871412,0.3334544580126951,,0.0,0.7528803983974339,0.0,0.019575366573711166,False,False,False
1084,1773733529.1580482,1773733529158052624,-0.42,8.409937492055881e-20,0.8749994277780444,-0.3368343216950759,-0.14261890161654445,1.1647151408871412,0.3334544580126951,,0.0,0.7528803983974339,0.0,0.0,False,False,False
1085,1773733529.2082033,1773733529208205931,-0.42,8.409937492055881e-20,0.8749994277780444,-0.3368343216950759,-0.14261890161654445,1.1647151408871412,0.3334544580126951,,0.0,0.7528803983974339,0.0,0.0,False,False,False
1086,1773733529.258031,1773733529258033640,-0.42,8.409937492055881e-20,0.8749994277780444,-0.3456174784284384,-0.12782254014720418,1.1717433929610421,0.3315544331743366,,0.0,0.7492522201005187,0.0,0.018586890061236188,False,False,False
1087,1773733529.3083599,1773733529308368936,-0.42,8.409937492055881e-20,0.8749994277780444,-0.3456174784284384,-0.12782254014720418,1.1717433929610421,0.3315544331743366,,0.0,0.7492522201005187,0.0,0.0,False,False,False
1088,1773733529.3579957,1773733529357998477,-0.42,8.409937492055881e-20,0.8749994277780444,-0.3456174784284384,-0.12782254014720418,1.1717433929610421,0.3315544331743366,,0.0,0.7492522201005187,0.0,0.0,False,False,False
1089,1773733529.4080708,1773733529408074824,-0.42,8.409937492055881e-20,0.8749994277780444,-0.35405581592262836,-0.11354061470128832,1.1776907124405613,0.3299426016915996,,0.0,0.745697455784919,0.0,0.01762241592688188,False,False,False
1090,1773733529.45808,1773733529458083972,-0.42,8.409937492055881e-20,0.8749994277780444,-0.35405581592262836,-0.11354061470128832,1.1776907124405613,0.3299426016915996,,0.0,0.745697455784919,0.0,0.0,False,False,False
1091,1773733529.5080574,1773733529508060550,-0.42,8.409937492055881e-20,0.8749994277780444,-0.35405581592262836,-0.11354061470128832,1.1776907124405613,0.3299426016915996,,0.0,0.745697455784919,0.0,0.0,False,False,False
1092,1773733529.5580769,1773733529558081038,-0.42,8.409937492055881e-20,0.8749994277780444,-0.3620791627126644,-0.09989760007211168,1.1826511475091182,0.3286090907837468,,0.0,0.7422583455868731,0.0,0.016586496253111364,False,False,False
1093,1773733529.6079588,1773733529607960918,-0.42,8.409937492055881e-20,0.8749994277780444,-0.3620791627126644,-0.09989760007211168,1.1826511475091182,0.3286090907837468,,0.0,0.7422583455868731,0.0,0.0,False,False,False
1094,1773733529.6605895,1773733529660592766,-0.42,8.409937492055881e-20,0.8749994277780444,-0.3620791627126644,-0.09989760007211168,1.1826511475091182,0.3286090907837468,,0.0,0.7422583455868731,0.0,0.0,False,False,False
1095,1773733529.7079847,1773733529707988654,-0.42,8.409937492055881e-20,0.8749994277780444,-0.36964535744781574,-0.08697251212104952,1.1867338972053325,0.3275334903797124,,0.0,0.7389645103670547,0.0,0.015523338764417364,False,False,False
1096,1773733529.758044,1773733529758047611,-0.42,8.409937492055881e-20,0.8749994277780444,-0.36964535744781574,-0.08697251212104952,1.1867338972053325,0.3275334903797124,,0.0,0.7389645103670547,0.0,0.0,False,False,False
1097,1773733529.8080423,1773733529808045169,-0.42,8.409937492055881e-20,0.8749994277780444,-0.36964535744781574,-0.08697251212104952,1.1867338972053325,0.3275334903797124,,0.0,0.7389645103670547,0.0,0.0,False,False,False
1098,1773733529.8581262,1773733529858130577,-0.42,8.409937492055881e-20,0.8749994277780444,-0.37672465258317245,-0.07482455951800232,1.1900473446957966,0.32669046566333265,,0.0,0.7358393163171894,0.0,0.014445348951528637,False,False,False
1099,1773733529.9080281,1773733529908030386,-0.42,8.409937492055881e-20,0.8749994277780444,-0.37672465258317245,-0.07482455951800232,1.1900473446957966,0.32669046566333265,,0.0,0.7358393163171894,0.0,0.0,False,False,False
1100,1773733529.9580588,1773733529958061683,-0.42,8.409937492055881e-20,0.8749994277780444,-0.37672465258317245,-0.07482455951800232,1.1900473446957966,0.32669046566333265,,0.0,0.7358393163171894,0.0,0.0,False,False,False
1101,1773733530.0087185,1773733530008720707,-0.42,8.409937492055881e-20,0.8749994277780444,-0.3832891522484763,-0.06351078382917871,1.1926927046924551,0.32605264023137226,,0.0,0.7329045688655689,0.0,0.013345115424930266,False,False,False
1102,1773733530.058066,1773733530058069050,-0.42,8.409937492055881e-20,0.8749994277780444,-0.3832891522484763,-0.06351078382917871,1.1926927046924551,0.32605264023137226,,0.0,0.7329045688655689,0.0,0.0,False,False,False
1103,1773733530.1080775,1773733530108081608,-0.42,8.409937492055881e-20,0.8749994277780444,-0.3832891522484763,-0.06351078382917871,1.1926927046924551,0.32605264023137226,,0.0,0.7329045688655689,0.0,0.0,False,False,False
1104,1773733530.1579921,1773733530157995547,-0.42,8.409937492055881e-20,0.8749994277780444,-0.3893216183695298,-0.05307055141033944,1.194767636643682,0.3255907767852158,,0.0,0.7301766778076064,0.0,0.012234968045044583,False,False,False
1105,1773733530.208063,1773733530208065465,-0.42,8.409937492055881e-20,0.8749994277780444,-0.3893216183695298,-0.05307055141033944,1.194767636643682,0.3255907767852158,,0.0,0.7301766778076064,0.0,0.0,False,False,False
1106,1773733530.2580106,1773733530258013713,-0.42,8.409937492055881e-20,0.8749994277780444,-0.3893216183695298,-0.05307055141033944,1.194767636643682,0.3255907767852158,,0.0,0.7301766778076064,0.0,0.0,False,False,False
1107,1773733530.3100739,1773733530310075766,-0.42,8.409937492055881e-20,0.8749994277780444,-0.3948064936556219,-0.04354061856255195,1.1963619188314638,0.32527580433040654,,0.0,0.7276706633512278,0.0,0.011110590114012936,False,False,False
1108,1773733530.3580694,1773733530358071789,-0.42,8.409937492055881e-20,0.8749994277780444,-0.3948064936556219,-0.04354061856255195,1.1963619188314638,0.32527580433040654,,0.0,0.7276706633512278,0.0,0.0,False,False,False
1109,1773733530.4079852,1773733530407987088,-0.42,8.409937492055881e-20,0.8749994277780444,-0.3948064936556219,-0.04354061856255195,1.1963619188314638,0.32527580433040654,,0.0,0.7276706633512278,0.0,0.0,False,False,False
1110,1773733530.4593296,1773733530459331996,-0.42,8.409937492055881e-20,0.8749994277780444,-0.39973429713488806,-0.03494720260174339,1.1975588023123487,0.3250793069118148,,0.0,0.7253981763035299,0.0,0.00997810478360304,False,False,False
1111,1773733530.5080433,1773733530508045984,-0.42,8.409937492055881e-20,0.8749994277780444,-0.39973429713488806,-0.03494720260174339,1.1975588023123487,0.3250793069118148,,0.0,0.7253981763035299,0.0,0.0,False,False,False
1112,1773733530.5579536,1773733530557957713,-0.42,8.409937492055881e-20,0.8749994277780444,-0.39973429713488806,-0.03494720260174339,1.1975588023123487,0.3250793069118148,,0.0,0.7253981763035299,0.0,0.0,False,False,False
1113,1773733530.6080284,1773733530608031611,-0.42,8.409937492055881e-20,0.8749994277780444,-0.39973429713488806,-0.03494720260174339,1.1975588023123487,0.3250793069118148,,0.0,0.7253981763035299,0.0,0.0,False,False,False
1114,1773733530.6579828,1773733530657984990,-0.42,8.409937492055881e-20,0.8749994277780444,-0.4040990275012682,-0.027310151794033066,1.198433711273708,0.3249744929340945,,0.0,0.7233686349606825,0.0,0.008839733135192294,False,False,False
1115,1773733530.7080693,1773733530708072687,-0.42,8.409937492055881e-20,0.8749994277780444,-0.4040990275012682,-0.027310151794033066,1.198433711273708,0.3249744929340945,,0.0,0.7233686349606825,0.0,0.0,False,False,False
1116,1773733530.760656,1773733530760658926,-0.42,8.409937492055881e-20,0.8749994277780444,-0.4040990275012682,-0.027310151794033066,1.198433711273708,0.3249744929340945,,0.0,0.7233686349606825,0.0,0.0,False,False,False
1117,1773733530.8080788,1773733530808081444,-0.42,8.409937492055881e-20,0.8749994277780444,-0.40789533362649455,-0.020647641628275204,1.1990535515751441,0.32493679878205484,,0.0,0.7215905126197537,0.0,0.007693190749262782,False,False,False
1118,1773733530.8579879,1773733530857990802,-0.42,8.409937492055881e-20,0.8749994277780444,-0.40789533362649455,-0.020647641628275204,1.1990535515751441,0.32493679878205484,,0.0,0.7215905126197537,0.0,0.0,False,False,False
1119,1773733530.9080656,1773733530908068220,-0.42,8.409937492055881e-20,0.8749994277780444,-0.40789533362649455,-0.020647641628275204,1.1990535515751441,0.32493679878205484,,0.0,0.7215905126197537,0.0,0.0,False,False,False
1120,1773733530.958002,1773733530958004639,-0.42,8.409937492055881e-20,0.8749994277780444,-0.4111234099644656,-0.014967364691915081,1.1994773970138541,0.32494425425890333,,0.0,0.7200690078345837,0.0,0.00654718778357767,False,False,False
1121,1773733531.007998,1773733531008000377,-0.42,8.409937492055881e-20,0.8749994277780444,-0.4111234099644656,-0.014967364691915081,1.1994773970138541,0.32494425425890333,,0.0,0.7200690078345837,0.0,0.0,False,False,False
1122,1773733531.0580912,1773733531058094675,-0.42,8.409937492055881e-20,0.8749994277780444,-0.4111234099644656,-0.014967364691915081,1.1994773970138541,0.32494425425890333,,0.0,0.7200690078345837,0.0,0.0,False,False,False
1123,1773733531.108011,1773733531108014414,-0.42,8.409937492055881e-20,0.8749994277780444,-0.4111234099644656,-0.014967364691915081,1.1994773970138541,0.32494425425890333,,0.0,0.7200690078345837,0.0,0.0,False,False,False
1124,1773733531.1580236,1773733531158026612,-0.42,8.409937492055881e-20,0.8749994277780444,-0.4137800543630453,-0.010282053941440491,1.1997550176411884,0.3249778477132556,,0.0,0.7188102005852162,0.0,0.005393233677650097,False,False,False
1125,1773733531.2098136,1773733531209816647,-0.42,8.409937492055881e-20,0.8749994277780444,-0.4137800543630453,-0.010282053941440491,1.1997550176411884,0.3249778477132556,,0.0,0.7188102005852162,0.0,0.0,False,False,False
1126,1773733531.25807,1773733531258074099,-0.42,8.409937492055881e-20,0.8749994277780444,-0.4137800543630453,-0.010282053941440491,1.1997550176411884,0.3249778477132556,,0.0,0.7188102005852162,0.0,0.0,False,False,False
1127,1773733531.308028,1773733531308032218,-0.42,8.409937492055881e-20,0.8749994277780444,-0.4158680903685834,-0.006592755864294966,1.1999280520873399,0.32502176542905503,,0.0,0.7178165729881888,0.0,0.004242729732378443,False,False,False
1128,1773733531.3601625,1773733531360165340,-0.42,8.409937492055881e-20,0.8749994277780444,-0.4158680903685834,-0.006592755864294966,1.1999280520873399,0.32502176542905503,,0.0,0.7178165729881888,0.0,0.0,False,False,False
1129,1773733531.4098418,1773733531409844351,-0.42,8.409937492055881e-20,0.8749994277780444,-0.4158680903685834,-0.006592755864294966,1.1999280520873399,0.32502176542905503,,0.0,0.7178165729881888,0.0,0.0,False,False,False
1130,1773733531.458071,1773733531458075393,-0.42,8.409937492055881e-20,0.8749994277780444,-0.41738582849244293,-0.003907300251452387,1.2000288438030913,0.32506341253593724,,0.0,0.7170919671749987,0.0,0.003086318167514239,False,False,False
1131,1773733531.5080736,1773733531508077231,-0.42,8.409937492055881e-20,0.8749994277780444,-0.41738582849244293,-0.003907300251452387,1.2000288438030913,0.32506341253593724,,0.0,0.7170919671749987,0.0,0.0,False,False,False
1132,1773733531.558019,1773733531558021970,-0.42,8.409937492055881e-20,0.8749994277780444,-0.41738582849244293,-0.003907300251452387,1.2000288438030913,0.32506341253593724,,0.0,0.7170919671749987,0.0,0.0,False,False,False
1133,1773733531.6079836,1773733531607986009,-0.42,8.409937492055881e-20,0.8749994277780444,-0.4183362104264852,-0.002224068360418355,1.2000812370585965,0.32509367480917556,,0.0,0.716637211732205,0.0,0.0019337115795201724,False,False,False
1134,1773733531.6582203,1773733531658225065,-0.42,8.409937492055881e-20,0.8749994277780444,-0.4183362104264852,-0.002224068360418355,1.2000812370585965,0.32509367480917556,,0.0,0.716637211732205,0.0,0.0,False,False,False
1135,1773733531.7080517,1773733531708056435,-0.42,8.409937492055881e-20,0.8749994277780444,-0.4183362104264852,-0.002224068360418355,1.2000812370585965,0.32509367480917556,,0.0,0.716637211732205,0.0,0.0,False,False,False
1136,1773733531.7581081,1773733531758111583,-0.42,8.409937492055881e-20,0.8749994277780444,-0.4183362104264852,-0.002224068360418355,1.2000812370585965,0.32509367480917556,,0.0,0.716637211732205,0.0,0.0,False,False,False
1137,1773733531.8079486,1773733531807950953,-0.42,8.409937492055881e-20,0.8749994277780444,-0.41881135981753675,-0.0013820481607416018,1.2001043328510201,0.3251100155718223,,0.0,0.7164095582909698,0.0,0.0009671082545961429,False,False,False
1138,1773733531.8580344,1773733531858037590,-0.42,8.409937492055881e-20,0.8749994277780444,-0.41881135981753675,-0.0013820481607416018,1.2001043328510201,0.3251100155718223,,0.0,0.7164095582909698,0.0,0.0,False,False,False
1139,1773733531.9079952,1773733531907998749,-0.42,8.409937492055881e-20,0.8749994277780444,-0.41881135981753675,-0.0013820481607416018,1.2001043328510201,0.3251100155718223,,0.0,0.7164095582909698,0.0,0.0,False,False,False
1140,1773733531.958803,1773733531958805151,-0.42,8.409937492055881e-20,0.8749994277780444,-0.41903859133678895,-0.0009792543891313623,1.2001146474808349,0.3251181159642908,,0.0,0.7163006173700736,0.0,0.0004625833734343197,False,False,False
1141,1773733532.008048,1773733532008051425,-0.42,8.409937492055881e-20,0.8749994277780444,-0.41903859133678895,-0.0009792543891313623,1.2001146474808349,0.3251181159642908,,0.0,0.7163006173700736,0.0,0.0,False,False,False
1142,1773733532.058174,1773733532058176453,-0.42,8.409937492055881e-20,0.8749994277780444,-0.41903859133678895,-0.0009792543891313623,1.2001146474808349,0.3251181159642908,,0.0,0.7163006173700736,0.0,0.0,False,False,False
1143,1773733532.1079547,1773733532107958304,-0.42,8.409937492055881e-20,0.8749994277780444,-0.41903859133678895,-0.0009792543891313623,1.2001146474808349,0.3251181159642908,,0.0,0.7163006173700736,0.0,0.0,False,False,False
1144,1773733532.158764,1773733532158767826,-0.42,8.409937492055881e-20,0.8749994277780444,-0.4191472682274225,-0.0007865863253198643,1.2001194134740567,0.32512205549377665,,0.0,0.7162484987483249,0.0,0.00022125633112305936,False,False,False
1145,1773733532.2108812,1773733532210884679,-0.42,8.409937492055881e-20,0.8749994277780444,-0.4191472682274225,-0.0007865863253198643,1.2001194134740567,0.32512205549377665,,0.0,0.7162484987483249,0.0,0.0,False,False,False
1146,1773733532.2580836,1773733532258087428,-0.42,8.409937492055881e-20,0.8749994277780444,-0.4191472682274225,-0.0007865863253198643,1.2001194134740567,0.32512205549377665,,0.0,0.7162484987483249,0.0,0.0,False,False,False
1147,1773733532.30797,1773733532307973258,-0.42,8.409937492055881e-20,0.8749994277780444,-0.4191992463736605,-0.0006944308286639361,1.2001216547238427,0.3251239546615122,,0.0,0.7162235677163987,0.0,0.0001058271536556,False,False,False
1148,1773733532.3580947,1773733532358097836,-0.42,8.409937492055881e-20,0.8749994277780444,-0.4191992463736605,-0.0006944308286639361,1.2001216547238427,0.3251239546615122,,0.0,0.7162235677163987,0.0,0.0,False,False,False
1149,1773733532.4080555,1773733532408058354,-0.42,8.409937492055881e-20,0.8749994277780444,-0.4191992463736605,-0.0006944308286639361,1.2001216547238427,0.3251239546615122,,0.0,0.7162235677163987,0.0,0.0,False,False,False
1150,1773733532.457963,1773733532457965324,-0.42,8.409937492055881e-20,0.8749994277780444,-0.4192241069751102,-0.0006503524662996557,1.2001227179425706,0.32512486643707095,,0.0,0.7162116426283331,0.0,5.06170126263914e-05,False,False,False
1151,1773733532.5084486,1773733532508451659,-0.42,8.409937492055881e-20,0.8749994277780444,-0.4192241069751102,-0.0006503524662996557,1.2001227179425706,0.32512486643707095,,0.0,0.7162116426283331,0.0,0.0,False,False,False
1152,1773733532.5590303,1773733532559033003,-0.42,8.409937492055881e-20,0.8749994277780444,-0.4192241069751102,-0.0006503524662996557,1.2001227179425706,0.32512486643707095,,0.0,0.7162116426283331,0.0,0.0,False,False,False
1153,1773733532.6081574,1773733532608161768,-0.42,8.409937492055881e-20,0.8749994277780444,-0.4192359976354862,-0.0006292697683541154,1.2001232244718474,0.3251253033165024,,0.0,0.7162059387464227,0.0,2.4210008854774082e-05,False,False,False
1154,1773733532.6579459,1773733532657948798,-0.42,8.409937492055881e-20,0.8749994277780444,-0.4192359976354862,-0.0006292697683541154,1.2001232244718474,0.3251253033165024,,0.0,0.7162059387464227,0.0,0.0,False,False,False
1155,1773733532.708056,1773733532708058626,-0.42,8.409937492055881e-20,0.8749994277780444,-0.4192359976354862,-0.0006292697683541154,1.2001232244718474,0.3251253033165024,,0.0,0.7162059387464227,0.0,0.0,False,False,False
1156,1773733532.7579522,1773733532757954665,-0.42,8.409937492055881e-20,0.8749994277780444,-0.41924168488127667,-0.0006191859441198363,1.200123466284563,0.3251255124530231,,0.0,0.716203210563252,0.0,1.1579583293821721e-05,False,False,False
1157,1773733532.8079734,1773733532807976454,-0.42,8.409937492055881e-20,0.8749994277780444,-0.41924168488127667,-0.0006191859441198363,1.200123466284563,0.3251255124530231,,0.0,0.716203210563252,0.0,0.0,False,False,False
1158,1773733532.8608406,1773733532860843541,-0.42,8.409937492055881e-20,0.8749994277780444,-0.41924168488127667,-0.0006191859441198363,1.200123466284563,0.3251255124530231,,0.0,0.716203210563252,0.0,0.0,False,False,False
1159,1773733532.907973,1773733532907975661,-0.42,8.409937492055881e-20,0.8749994277780444,-0.41924462659876205,-0.0006161085109925412,1.2001236524784211,0.3251256859519002,,0.0,0.7162030964147753,0.0,4.26133366090696e-06,False,False,False
1160,1773733532.9579513,1773733532957953980,-0.42,8.409937492055881e-20,0.8749994277780444,-0.41924462659876205,-0.0006161085109925412,1.2001236524784211,0.3251256859519002,,0.0,0.7162030964147753,0.0,0.0,False,False,False
1161,1773733533.0107563,1773733533010761117,-0.42,8.409937492055881e-20,0.8749994277780444,-0.41924462659876205,-0.0006161085109925412,1.2001236524784211,0.3251256859519002,,0.0,0.7162030964147753,0.0,0.0,False,False,False
1162,1773733533.0580468,1773733533058052037,-0.42,8.409937492055881e-20,0.8749994277780444,-0.41932906763406064,-0.0007682397729031939,1.2001358305587913,0.325138002632409,,0.0,0.7163456461573,0.0,0.0001744205117935569,False,False,False
1163,1773733533.1080346,1773733533108039766,-0.42,8.409937492055881e-20,0.8749994277780444,-0.41932906763406064,-0.0007682397729031939,1.2001358305587913,0.325138002632409,,0.0,0.7163456461573,0.0,0.0,False,False,False
1164,1773733533.15795,1773733533157953115,-0.42,8.409937492055881e-20,0.8749994277780444,-0.41932906763406064,-0.0007682397729031939,1.2001358305587913,0.325138002632409,,0.0,0.7163456461573,0.0,0.0,False,False,False
1165,1773733533.2080593,1773733533208062703,-0.42,8.409937492055881e-20,0.8749994277780444,-0.4196831504051623,-0.001399736098434576,1.2001856203615853,0.3251893594535202,,0.0,0.7169389887352184,0.0,0.0007257005184047586,False,False,False
1166,1773733533.2579474,1773733533257949832,-0.42,8.409937492055881e-20,0.8749994277780444,-0.4196831504051623,-0.001399736098434576,1.2001856203615853,0.3251893594535202,,0.0,0.7169389887352184,0.0,0.0,False,False,False
1167,1773733533.3080807,1773733533308083380,-0.42,8.409937492055881e-20,0.8749994277780444,-0.4196831504051623,-0.001399736098434576,1.2001856203615853,0.3251893594535202,,0.0,0.7169389887352184,0.0,0.0,False,False,False
1168,1773733533.358262,1773733533358265758,-0.42,8.409937492055881e-20,0.8749994277780444,-0.4204168882676391,-0.0027068259875129607,1.2002831527936353,0.32529525428873524,,0.0,0.7181650228516605,0.0,0.0015021211017306809,False,False,False
1169,1773733533.4102564,1773733533410259382,-0.42,8.409937492055881e-20,0.8749994277780444,-0.4204168882676391,-0.0027068259875129607,1.2002831527936353,0.32529525428873524,,0.0,0.7181650228516605,0.0,0.0,False,False,False
1170,1773733533.4579813,1773733533457983518,-0.42,8.409937492055881e-20,0.8749994277780444,-0.4215793955635438,-0.004776845670814479,1.2004222082121747,0.32546167020156014,,0.0,0.7200998652117022,0.0,0.0023781802101002516,False,False,False
1171,1773733533.5079417,1773733533507944136,-0.42,8.409937492055881e-20,0.8749994277780444,-0.4215793955635438,-0.004776845670814479,1.2004222082121747,0.32546167020156014,,0.0,0.7200998652117022,0.0,0.0,False,False,False
1172,1773733533.5579195,1773733533557921765,-0.42,8.409937492055881e-20,0.8749994277780444,-0.4215793955635438,-0.004776845670814479,1.2004222082121747,0.32546167020156014,,0.0,0.7200998652117022,0.0,0.0,False,False,False
1173,1773733533.6080828,1773733533608085463,-0.42,8.409937492055881e-20,0.8749994277780444,-0.423194889513563,-0.007652708598397274,1.2005840178017644,0.3256901848825194,,0.0,0.722773835503012,0.0,0.0033025127742488587,False,False,False
1174,1773733533.6582458,1773733533658248571,-0.42,8.409937492055881e-20,0.8749994277780444,-0.423194889513563,-0.007652708598397274,1.2005840178017644,0.3256901848825194,,0.0,0.722773835503012,0.0,0.0,False,False,False
1175,1773733533.7080376,1773733533708040111,-0.42,8.409937492055881e-20,0.8749994277780444,-0.423194889513563,-0.007652708598397274,1.2005840178017644,0.3256901848825194,,0.0,0.722773835503012,0.0,0.0,False,False,False
1176,1773733533.7579668,1773733533757969110,-0.42,8.409937492055881e-20,0.8749994277780444,-0.4252744314561127,-0.011354323015876255,1.2007385633053693,0.32597963846293077,,0.0,0.7261913987514989,0.0,0.004248567793880219,False,False,False
1177,1773733533.8081775,1773733533808181627,-0.42,8.409937492055881e-20,0.8749994277780444,-0.4252744314561127,-0.011354323015876255,1.2007385633053693,0.32597963846293077,,0.0,0.7261913987514989,0.0,0.0,False,False,False
1178,1773733533.8580694,1773733533858073077,-0.42,8.409937492055881e-20,0.8749994277780444,-0.4252744314561127,-0.011354323015876255,1.2007385633053693,0.32597963846293077,,0.0,0.7261913987514989,0.0,0.0,False,False,False
1179,1773733533.9080145,1773733533908018416,-0.42,8.409937492055881e-20,0.8749994277780444,-0.42782198502688856,-0.015890066081209027,1.2008454649839868,0.3263270102407131,,0.0,0.730341942393078,0.0,0.005203308785722635,False,False,False
1180,1773733533.9579513,1773733533957954026,-0.42,8.409937492055881e-20,0.8749994277780444,-0.42782198502688856,-0.015890066081209027,1.2008454649839868,0.3263270102407131,,0.0,0.730341942393078,0.0,0.0,False,False,False
1181,1773733534.0079315,1773733534007933624,-0.42,8.409937492055881e-20,0.8749994277780444,-0.43083687264935033,-0.021262025274526045,1.200854512287004,0.326727788270196,,0.0,0.7352047650204294,0.0,0.006160160290481758,False,False,False
1182,1773733534.0579872,1773733534057989403,-0.42,8.409937492055881e-20,0.8749994277780444,-0.43083687264935033,-0.021262025274526045,1.200854512287004,0.326727788270196,,0.0,0.7352047650204294,0.0,0.0,False,False,False
1183,1773733534.1079748,1773733534107977232,-0.42,8.409937492055881e-20,0.8749994277780444,-0.43083687264935033,-0.021262025274526045,1.200854512287004,0.326727788270196,,0.0,0.7352047650204294,0.0,0.0,False,False,False
1184,1773733534.159152,1773733534159154462,-0.42,8.409937492055881e-20,0.8749994277780444,-0.43431443044170975,-0.0274682125772783,1.2007060267266227,0.32717609053797186,,0.0,0.7407512600577332,0.0,0.007115631876206412,False,False,False
1185,1773733534.2080884,1773733534208091099,-0.42,8.409937492055881e-20,0.8749994277780444,-0.43431443044170975,-0.0274682125772783,1.2007060267266227,0.32717609053797186,,0.0,0.7407512600577332,0.0,0.0,False,False,False
1186,1773733534.2580085,1773733534258011779,-0.42,8.409937492055881e-20,0.8749994277780444,-0.43431443044170975,-0.0274682125772783,1.2007060267266227,0.32717609053797186,,0.0,0.7407512600577332,0.0,0.0,False,False,False
1187,1773733534.308095,1773733534308098177,-0.42,8.409937492055881e-20,0.8749994277780444,-0.43824572537033135,-0.03450328519815335,1.2003311827680159,0.3276646669822816,,0.0,0.7469457375075333,0.0,0.0080677031793501,False,False,False
1188,1773733534.358081,1773733534358084616,-0.42,8.409937492055881e-20,0.8749994277780444,-0.43824572537033135,-0.03450328519815335,1.2003311827680159,0.3276646669822816,,0.0,0.7469457375075333,0.0,0.0,False,False,False
1189,1773733534.4079916,1773733534407994266,-0.42,8.409937492055881e-20,0.8749994277780444,-0.4426093468620312,-0.04234493372048291,1.1996538040950133,0.32818400332599973,,0.0,0.7537340229041308,0.0,0.008999526984081817,False,False,False
1190,1773733534.4580822,1773733534458085614,-0.42,8.409937492055881e-20,0.8749994277780444,-0.4426093468620312,-0.04234493372048291,1.1996538040950133,0.32818400332599973,,0.0,0.7537340229041308,0.0,0.0,False,False,False
1191,1773733534.507987,1773733534507989144,-0.42,8.409937492055881e-20,0.8749994277780444,-0.4426093468620312,-0.04234493372048291,1.1996538040950133,0.32818400332599973,,0.0,0.7537340229041308,0.0,0.0,False,False,False
1192,1773733534.55794,1773733534557942063,-0.42,8.409937492055881e-20,0.8749994277780444,-0.4426093468620312,-0.04234493372048291,1.1996538040950133,0.32818400332599973,,0.0,0.7537340229041308,0.0,0.0,False,False,False
1193,1773733534.6094162,1773733534609418341,-0.42,8.409937492055881e-20,0.8749994277780444,-0.4474038205468775,-0.05101484079242808,1.198584610424195,0.3287261075573173,,0.0,0.7610957207720481,0.0,0.009964810166609621,False,False,False
1194,1773733534.6580968,1773733534658101310,-0.42,8.409937492055881e-20,0.8749994277780444,-0.4474038205468775,-0.05101484079242808,1.198584610424195,0.3287261075573173,,0.0,0.7610957207720481,0.0,0.0,False,False,False
1195,1773733534.7079515,1773733534707955580,-0.42,8.409937492055881e-20,0.8749994277780444,-0.45258247238473504,-0.06046083042527077,1.19703408440772,0.32927716227064474,,0.0,0.7689441144739788,0.0,0.010883440904846345,False,False,False
1196,1773733534.759011,1773733534759013931,-0.42,8.409937492055881e-20,0.8749994277780444,-0.45258247238473504,-0.06046083042527077,1.19703408440772,0.32927716227064474,,0.0,0.7689441144739788,0.0,0.0,False,False,False
1197,1773733534.8080041,1773733534808006587,-0.42,8.409937492055881e-20,0.8749994277780444,-0.45258247238473504,-0.06046083042527077,1.19703408440772,0.32927716227064474,,0.0,0.7689441144739788,0.0,0.0,False,False,False
1198,1773733534.857947,1773733534857949497,-0.42,8.409937492055881e-20,0.8749994277780444,-0.4581230898188783,-0.07068778315006201,1.1948973010954111,0.329825381098821,,0.0,0.777236817122094,0.0,0.011826024120997258,False,False,False
1199,1773733534.9079375,1773733534907939926,-0.42,8.409937492055881e-20,0.8749994277780444,-0.4581230898188783,-0.07068778315006201,1.1948973010954111,0.329825381098821,,0.0,0.777236817122094,0.0,0.0,False,False,False
1200,1773733534.9581058,1773733534958109293,-0.42,8.409937492055881e-20,0.8749994277780444,-0.4581230898188783,-0.07068778315006201,1.1948973010954111,0.329825381098821,,0.0,0.777236817122094,0.0,0.0,False,False,False
1201,1773733535.0080051,1773733535008007713,-0.42,8.409937492055881e-20,0.8749994277780444,-0.46397151537056575,-0.08165359614102793,1.1920700082932107,0.33035519816550574,,0.0,0.785889960193081,0.0,0.012745458821707521,False,False,False
1202,1773733535.0600822,1773733535060085617,-0.42,8.409937492055881e-20,0.8749994277780444,-0.46397151537056575,-0.08165359614102793,1.1920700082932107,0.33035519816550574,,0.0,0.785889960193081,0.0,0.0,False,False,False
1203,1773733535.1083186,1773733535108323019,-0.42,8.409937492055881e-20,0.8749994277780444,-0.46397151537056575,-0.08165359614102793,1.1920700082932107,0.33035519816550574,,0.0,0.785889960193081,0.0,0.0,False,False,False
1204,1773733535.1580908,1773733535158093790,-0.42,8.409937492055881e-20,0.8749994277780444,-0.4700665068503285,-0.09331837920246247,1.1884429113322308,0.330850105618469,,0.0,0.794819371610354,0.0,0.013651810040176394,False,False,False
1205,1773733535.2079432,1773733535207946320,-0.42,8.409937492055881e-20,0.8749994277780444,-0.4700665068503285,-0.09331837920246247,1.1884429113322308,0.330850105618469,,0.0,0.794819371610354,0.0,0.0,False,False,False
1206,1773733535.2579436,1773733535257945739,-0.42,8.409937492055881e-20,0.8749994277780444,-0.47633798351352064,-0.10564287127161806,1.1839013651843082,0.3312926071771369,,0.0,0.8039391932333602,0.0,0.01455507353857591,False,False,False
1207,1773733535.308009,1773733535308011948,-0.42,8.409937492055881e-20,0.8749994277780444,-0.47633798351352064,-0.10564287127161806,1.1839013651843082,0.3312926071771369,,0.0,0.8039391932333602,0.0,0.0,False,False,False
1208,1773733535.3580315,1773733535358035287,-0.42,8.409937492055881e-20,0.8749994277780444,-0.47633798351352064,-0.10564287127161806,1.1839013651843082,0.3312926071771369,,0.0,0.8039391932333602,0.0,0.0,False,False,False
1209,1773733535.40873,1773733535408733921,-0.42,8.409937492055881e-20,0.8749994277780444,-0.48269675859957917,-0.11857019462391342,1.178332636649527,0.33166370045019566,,0.0,0.8131486100879753,0.0,0.015445402136039255,False,False,False
1210,1773733535.4581447,1773733535458148784,-0.42,8.409937492055881e-20,0.8749994277780444,-0.48269675859957917,-0.11857019462391342,1.178332636649527,0.33166370045019566,,0.0,0.8131486100879753,0.0,0.0,False,False,False
1211,1773733535.508097,1773733535508099984,-0.42,8.409937492055881e-20,0.8749994277780444,-0.48269675859957917,-0.11857019462391342,1.178332636649527,0.33166370045019566,,0.0,0.8131486100879753,0.0,0.0,False,False,False
1212,1773733535.5580678,1773733535558072703,-0.42,8.409937492055881e-20,0.8749994277780444,-0.4890396043452961,-0.13203752929880708,1.1716240882406783,0.3319436176612848,,0.0,0.8223412870215334,0.0,0.016328056135174778,False,False,False
1213,1773733535.6080387,1773733535608042062,-0.42,8.409937492055881e-20,0.8749994277780444,-0.4890396043452961,-0.13203752929880708,1.1716240882406783,0.3319436176612848,,0.0,0.8223412870215334,0.0,0.0,False,False,False
1214,1773733535.6580431,1773733535658046612,-0.42,8.409937492055881e-20,0.8749994277780444,-0.4890396043452961,-0.13203752929880708,1.1716240882406783,0.3319436176612848,,0.0,0.8223412870215334,0.0,0.0,False,False,False
1215,1773733535.7078989,1773733535707901212,-0.42,8.409937492055881e-20,0.8749994277780444,-0.4952444453370073,-0.14596784684570585,1.1636687844615776,0.33211193347263246,,0.0,0.8314000604988443,0.0,0.017200019096141415,False,False,False
1216,1773733535.7580411,1773733535758044860,-0.42,8.409937492055881e-20,0.8749994277780444,-0.4952444453370073,-0.14596784684570585,1.1636687844615776,0.33211193347263246,,0.0,0.8314000604988443,0.0,0.0,False,False,False
1217,1773733535.8081164,1773733535808119859,-0.42,8.409937492055881e-20,0.8749994277780444,-0.4952444453370073,-0.14596784684570585,1.1636687844615776,0.33211193347263246,,0.0,0.8314000604988443,0.0,0.0,False,False,False
1218,1773733535.8579788,1773733535857981039,-0.42,8.409937492055881e-20,0.8749994277780444,-0.5011714522500834,-0.16027213071975244,1.1543673730950432,0.33214817388701484,,0.0,0.8401995368124957,0.0,0.01806261889944137,False,False,False
1219,1773733535.9079542,1773733535907956628,-0.42,8.409937492055881e-20,0.8749994277780444,-0.5011714522500834,-0.16027213071975244,1.1543673730950432,0.33214817388701484,,0.0,0.8401995368124957,0.0,0.0,False,False,False
1220,1773733535.9580243,1773733535958026947,-0.42,8.409937492055881e-20,0.8749994277780444,-0.5011714522500834,-0.16027213071975244,1.1543673730950432,0.33214817388701484,,0.0,0.8401995368124957,0.0,0.0,False,False,False
1221,1773733536.008006,1773733536008008626,-0.42,8.409937492055881e-20,0.8749994277780444,-0.5066629361564312,-0.1748476238659775,1.143631867958232,0.3320324441857965,,0.0,0.8486060615104563,0.0,0.018916988832576663,False,False,False
1222,1773733536.0579937,1773733536057997385,-0.42,8.409937492055881e-20,0.8749994277780444,-0.5066629361564312,-0.1748476238659775,1.143631867958232,0.3320324441857965,,0.0,0.8486060615104563,0.0,0.0,False,False,False
1223,1773733536.109028,1773733536109032637,-0.42,8.409937492055881e-20,0.8749994277780444,-0.5066629361564312,-0.1748476238659775,1.143631867958232,0.3320324441857965,,0.0,0.8486060615104563,0.0,0.0,False,False,False
1224,1773733536.1604886,1773733536160491356,-0.42,8.409937492055881e-20,0.8749994277780444,-0.5115415608038483,-0.18957233497794854,1.1313935741913592,0.33174611656869246,,0.0,0.8564753922861222,0.0,0.01975838885399481,False,False,False
1225,1773733536.208,1773733536208002513,-0.42,8.409937492055881e-20,0.8749994277780444,-0.5115415608038483,-0.18957233497794854,1.1313935741913592,0.33174611656869246,,0.0,0.8564753922861222,0.0,0.0,False,False,False
1226,1773733536.2580068,1773733536258010172,-0.42,8.409937492055881e-20,0.8749994277780444,-0.5115415608038483,-0.18957233497794854,1.1313935741913592,0.33174611656869246,,0.0,0.8564753922861222,0.0,0.0,False,False,False
1227,1773733536.3103144,1773733536310317935,-0.42,8.409937492055881e-20,0.8749994277780444,-0.5156124956436343,-0.2043028122628567,1.1176110801329278,0.3312730026429604,,0.0,0.8636537674082905,0.0,0.02057951928451386,False,False,False
1228,1773733536.3600547,1773733536360057436,-0.42,8.409937492055881e-20,0.8749994277780444,-0.5156124956436343,-0.2043028122628567,1.1176110801329278,0.3312730026429604,,0.0,0.8636537674082905,0.0,0.0,False,False,False
1229,1773733536.408009,1773733536408011570,-0.42,8.409937492055881e-20,0.8749994277780444,-0.5156124956436343,-0.2043028122628567,1.1176110801329278,0.3312730026429604,,0.0,0.8636537674082905,0.0,0.0,False,False,False
1230,1773733536.4579797,1773733536457982100,-0.42,8.409937492055881e-20,0.8749994277780444,-0.5186420783909835,-0.218715075373271,1.1024549677904265,0.33060938659867617,,0.0,0.8699169230716971,0.0,0.021132899491677983,False,False,False
1231,1773733536.507935,1773733536507937380,-0.42,8.409937492055881e-20,0.8749994277780444,-0.5186420783909835,-0.218715075373271,1.1024549677904265,0.33060938659867617,,0.0,0.8699169230716971,0.0,0.0,False,False,False
1232,1773733536.5580435,1773733536558045648,-0.42,8.409937492055881e-20,0.8749994277780444,-0.5204568107025966,-0.23244657868370702,1.0862456667677185,0.32976955020981036,,0.0,0.8750775879309571,0.0,0.021321089938652078,False,False,False
1233,1773733536.6080854,1773733536608089887,-0.42,8.409937492055881e-20,0.8749994277780444,-0.5204568107025966,-0.23244657868370702,1.0862456667677185,0.32976955020981036,,0.0,0.8750775879309571,0.0,0.0,False,False,False
1234,1773733536.657997,1773733536657999497,-0.42,8.409937492055881e-20,0.8749994277780444,-0.5204568107025966,-0.23244657868370702,1.0862456667677185,0.32976955020981036,,0.0,0.8750775879309571,0.0,0.0,False,False,False
1235,1773733536.707943,1773733536707946477,-0.42,8.409937492055881e-20,0.8749994277780444,-0.5209264380523999,-0.2453907055333273,1.0691142153295135,0.3287602393937579,,0.0,0.8790654391331587,0.0,0.021476908486239867,False,False,False
1236,1773733536.7598484,1773733536759851382,-0.42,8.409937492055881e-20,0.8749994277780444,-0.5209264380523999,-0.2453907055333273,1.0691142153295135,0.3287602393937579,,0.0,0.8790654391331587,0.0,0.0,False,False,False
1237,1773733536.8080697,1773733536808073344,-0.42,8.409937492055881e-20,0.8749994277780444,-0.5209264380523999,-0.2453907055333273,1.0691142153295135,0.3287602393937579,,0.0,0.8790654391331587,0.0,0.0,False,False,False
1238,1773733536.8579576,1773733536857960164,-0.42,8.409937492055881e-20,0.8749994277780444,-0.5199900534758659,-0.2573862745157542,1.0512891572217056,0.3276030735669691,,0.0,0.8818285628791368,0.0,0.02150588728311529,False,False,False
1239,1773733536.9079733,1773733536907976344,-0.42,8.409937492055881e-20,0.8749994277780444,-0.5199900534758659,-0.2573862745157542,1.0512891572217056,0.3276030735669691,,0.0,0.8818285628791368,0.0,0.0,False,False,False
1240,1773733536.9590988,1773733536959101105,-0.42,8.409937492055881e-20,0.8749994277780444,-0.5176129042945949,-0.2683448887322716,1.0329444645823427,0.3263186985826465,,0.0,0.8833500260224426,0.0,0.02150046073481146,False,False,False
1241,1773733537.0080078,1773733537008010242,-0.42,8.409937492055881e-20,0.8749994277780444,-0.5176129042945949,-0.2683448887322716,1.0329444645823427,0.3263186985826465,,0.0,0.8833500260224426,0.0,0.0,False,False,False
1242,1773733537.0580094,1773733537058012022,-0.42,8.409937492055881e-20,0.8749994277780444,-0.5176129042945949,-0.2683448887322716,1.0329444645823427,0.3263186985826465,,0.0,0.8833500260224426,0.0,0.0,False,False,False
1243,1773733537.1080096,1773733537108011901,-0.42,8.409937492055881e-20,0.8749994277780444,-0.513777108712446,-0.2782052467701173,1.0142329091105042,0.3249280963118521,,0.0,0.883625676023232,0.0,0.02149563436045166,False,False,False
1244,1773733537.1579797,1773733537157982461,-0.42,8.409937492055881e-20,0.8749994277780444,-0.513777108712446,-0.2782052467701173,1.0142329091105042,0.3249280963118521,,0.0,0.883625676023232,0.0,0.0,False,False,False
1245,1773733537.2079263,1773733537207928461,-0.42,8.409937492055881e-20,0.8749994277780444,-0.513777108712446,-0.2782052467701173,1.0142329091105042,0.3249280963118521,,0.0,0.883625676023232,0.0,0.0,False,False,False
1246,1773733537.2580936,1773733537258095659,-0.42,8.409937492055881e-20,0.8749994277780444,-0.5084779226759732,-0.286917890145252,0.9952970200959771,0.32345282376870654,,0.0,0.882656419115231,0.0,0.021507194610220905,False,False,False
1247,1773733537.3080764,1773733537308079358,-0.42,8.409937492055881e-20,0.8749994277780444,-0.5084779226759732,-0.286917890145252,0.9952970200959771,0.32345282376870654,,0.0,0.882656419115231,0.0,0.0,False,False,False
1248,1773733537.3580825,1773733537358084968,-0.42,8.409937492055881e-20,0.8749994277780444,-0.5084779226759732,-0.286917890145252,0.9952970200959771,0.32345282376870654,,0.0,0.882656419115231,0.0,0.0,False,False,False
1249,1773733537.4080002,1773733537408002918,-0.42,8.409937492055881e-20,0.8749994277780444,-0.5017209832657821,-0.29444004603338375,0.9762705622908767,0.3219147441475515,,0.0,0.8804445949496615,0.0,0.021546349018049783,False,False,False
1250,1773733537.457965,1773733537457967208,-0.42,8.409937492055881e-20,0.8749994277780444,-0.5017209832657821,-0.29444004603338375,0.9762705622908767,0.3219147441475515,,0.0,0.8804445949496615,0.0,0.0,False,False,False
1251,1773733537.510364,1773733537510366900,-0.42,8.409937492055881e-20,0.8749994277780444,-0.5017209832657821,-0.29444004603338375,0.9762705622908767,0.3219147441475515,,0.0,0.8804445949496615,0.0,0.0,False,False,False
1252,1773733537.558017,1773733537558019396,-0.42,8.409937492055881e-20,0.8749994277780444,-0.49351890519726277,-0.30073306412982315,0.9572759986587231,0.3203355106731063,,0.0,0.876990768408831,0.0,0.021625670139446086,False,False,False
1253,1773733537.608104,1773733537608107145,-0.42,8.409937492055881e-20,0.8749994277780444,-0.49351890519726277,-0.30073306412982315,0.9572759986587231,0.3203355106731063,,0.0,0.876990768408831,0.0,0.0,False,False,False
1254,1773733537.6580002,1773733537658002535,-0.42,8.409937492055881e-20,0.8749994277780444,-0.49351890519726277,-0.30073306412982315,0.9572759986587231,0.3203355106731063,,0.0,0.876990768408831,0.0,0.0,False,False,False
1255,1773733537.7080975,1773733537708101784,-0.42,8.409937492055881e-20,0.8749994277780444,-0.4838875471430239,-0.30575913246587094,0.9384220823649073,0.31873609598079516,,0.0,0.8722899965898585,0.0,0.021759930618037097,False,False,False
1256,1773733537.7580216,1773733537758024214,-0.42,8.409937492055881e-20,0.8749994277780444,-0.4838875471430239,-0.30575913246587094,0.9384220823649073,0.31873609598079516,,0.0,0.8722899965898585,0.0,0.0,False,False,False
1257,1773733537.8079467,1773733537807949034,-0.42,8.409937492055881e-20,0.8749994277780444,-0.4838875471430239,-0.30575913246587094,0.9384220823649073,0.31873609598079516,,0.0,0.8722899965898585,0.0,0.0,False,False,False
1258,1773733537.8580391,1773733537858041763,-0.42,8.409937492055881e-20,0.8749994277780444,-0.47296183955438775,-0.3094455347896057,0.9200089835256537,0.3171550970090295,,0.0,0.8663977097555873,0.0,0.021725626740532474,False,False,False
1259,1773733537.9079337,1773733537907935473,-0.42,8.409937492055881e-20,0.8749994277780444,-0.47296183955438775,-0.3094455347896057,0.9200089835256537,0.3171550970090295,,0.0,0.8663977097555873,0.0,0.0,False,False,False
1260,1773733537.9580173,1773733537958019782,-0.42,8.409937492055881e-20,0.8749994277780444,-0.46076081472881136,-0.31179147893419085,0.9020797022702693,0.31560847837138456,,0.0,0.8593086261762034,0.0,0.021813472604299465,False,False,False
1261,1773733538.0080817,1773733538008085101,-0.42,8.409937492055881e-20,0.8749994277780444,-0.46076081472881136,-0.31179147893419085,0.9020797022702693,0.31560847837138456,,0.0,0.8593086261762034,0.0,0.0,False,False,False
1262,1773733538.0580254,1773733538058027491,-0.42,8.409937492055881e-20,0.8749994277780444,-0.46076081472881136,-0.31179147893419085,0.9020797022702693,0.31560847837138456,,0.0,0.8593086261762034,0.0,0.0,False,False,False
1263,1773733538.108073,1773733538108077021,-0.42,8.409937492055881e-20,0.8749994277780444,-0.44742183224466614,-0.31277288871442377,0.8848483518107351,0.3141271050116841,,0.0,0.8510811622920273,0.0,0.02181309371749826,False,False,False
1264,1773733538.157982,1773733538157984771,-0.42,8.409937492055881e-20,0.8749994277780444,-0.44742183224466614,-0.31277288871442377,0.8848483518107351,0.3141271050116841,,0.0,0.8510811622920273,0.0,0.0,False,False,False
1265,1773733538.2079675,1773733538207971151,-0.42,8.409937492055881e-20,0.8749994277780444,-0.44742183224466614,-0.31277288871442377,0.8848483518107351,0.3141271050116841,,0.0,0.8510811622920273,0.0,0.0,False,False,False
1266,1773733538.2579834,1773733538257985760,-0.42,8.409937492055881e-20,0.8749994277780444,-0.4330238413188623,-0.3123891456937832,0.8684030095434999,0.31273009372862665,,0.0,0.8417357452790286,0.0,0.02186089393624907,False,False,False
1267,1773733538.3079739,1773733538307978100,-0.42,8.409937492055881e-20,0.8749994277780444,-0.4330238413188623,-0.3123891456937832,0.8684030095434999,0.31273009372862665,,0.0,0.8417357452790286,0.0,0.0,False,False,False
1268,1773733538.3580477,1773733538358050109,-0.42,8.409937492055881e-20,0.8749994277780444,-0.4330238413188623,-0.3123891456937832,0.8684030095434999,0.31273009372862665,,0.0,0.8417357452790286,0.0,0.0,False,False,False
1269,1773733538.4080925,1773733538408096038,-0.42,8.409937492055881e-20,0.8749994277780444,-0.41766289354981423,-0.31063842622801785,0.8528402020818165,0.3114365508405132,,0.0,0.8312974730118365,0.0,0.021936834573398685,False,False,False
1270,1773733538.4580462,1773733538458048549,-0.42,8.409937492055881e-20,0.8749994277780444,-0.41766289354981423,-0.31063842622801785,0.8528402020818165,0.3114365508405132,,0.0,0.8312974730118365,0.0,0.0,False,False,False
1271,1773733538.5083034,1773733538508307356,-0.42,8.409937492055881e-20,0.8749994277780444,-0.4014483756757296,-0.3075219410689637,0.8382552851207092,0.31026446625985815,,0.0,0.8197954834987508,0.0,0.022030498687002305,False,False,False
1272,1773733538.557986,1773733538557989718,-0.42,8.409937492055881e-20,0.8749994277780444,-0.4014483756757296,-0.3075219410689637,0.8382552851207092,0.31026446625985815,,0.0,0.8197954834987508,0.0,0.0,False,False,False
1273,1773733538.6080472,1773733538608050677,-0.42,8.409937492055881e-20,0.8749994277780444,-0.4014483756757296,-0.3075219410689637,0.8382552851207092,0.31026446625985815,,0.0,0.8197954834987508,0.0,0.0,False,False,False
1274,1773733538.6579428,1773733538657945888,-0.42,8.409937492055881e-20,0.8749994277780444,-0.3845322541779578,-0.3030565239672021,0.8247657338064109,0.3092323426209103,,0.0,0.80728790664162,0.0,0.022092150440397827,False,False,False
1275,1773733538.7101693,1773733538710171761,-0.42,8.409937492055881e-20,0.8749994277780444,-0.3845322541779578,-0.3030565239672021,0.8247657338064109,0.3092323426209103,,0.0,0.80728790664162,0.0,0.0,False,False,False
1276,1773733538.7585597,1773733538758564203,-0.42,8.409937492055881e-20,0.8749994277780444,-0.3845322541779578,-0.3030565239672021,0.8247657338064109,0.3092323426209103,,0.0,0.80728790664162,0.0,0.0,False,False,False
1277,1773733538.807916,1773733538807918237,-0.42,8.409937492055881e-20,0.8749994277780444,-0.3669636047205558,-0.29722783929928137,0.8123793306332211,0.30834805698298795,,0.0,0.7937470853366314,0.0,0.022272269580892137,False,False,False
1278,1773733538.8580813,1773733538858084275,-0.42,8.409937492055881e-20,0.8749994277780444,-0.3669636047205558,-0.29722783929928137,0.8123793306332211,0.30834805698298795,,0.0,0.7937470853366314,0.0,0.0,False,False,False
1279,1773733538.908048,1773733538908050745,-0.42,8.409937492055881e-20,0.8749994277780444,-0.3669636047205558,-0.29722783929928137,0.8123793306332211,0.30834805698298795,,0.0,0.7937470853366314,0.0,0.0,False,False,False
1280,1773733538.9580395,1773733538958044585,-0.42,8.409937492055881e-20,0.8749994277780444,-0.34893484565536625,-0.2900700782131272,0.8012184820205186,0.3076272653609743,,0.0,0.7792555226129378,0.0,0.022379326150551986,False,False,False
1281,1773733539.007967,1773733539007969325,-0.42,8.409937492055881e-20,0.8749994277780444,-0.34893484565536625,-0.2900700782131272,0.8012184820205186,0.3076272653609743,,0.0,0.7792555226129378,0.0,0.0,False,False,False
1282,1773733539.0596182,1773733539059620663,-0.42,8.409937492055881e-20,0.8749994277780444,-0.34893484565536625,-0.2900700782131272,0.8012184820205186,0.3076272653609743,,0.0,0.7792555226129378,0.0,0.0,False,False,False
1283,1773733539.1080716,1773733539108074574,-0.42,8.409937492055881e-20,0.8749994277780444,-0.3305838471200804,-0.28160627207355493,0.7913364835142932,0.30707788769282907,,0.0,0.7638517926784346,0.0,0.022495534136520667,False,False,False
1284,1773733539.1579907,1773733539157993094,-0.42,8.409937492055881e-20,0.8749994277780444,-0.3305838471200804,-0.28160627207355493,0.7913364835142932,0.30707788769282907,,0.0,0.7638517926784346,0.0,0.0,False,False,False
1285,1773733539.2081375,1773733539208142203,-0.42,8.409937492055881e-20,0.8749994277780444,-0.3120549692270197,-0.27186553765210036,0.7827770378300447,0.3067050202379579,,0.0,0.7475785854082788,0.0,0.02261559933910359,False,False,False
1286,1773733539.258212,1773733539258215763,-0.42,8.409937492055881e-20,0.8749994277780444,-0.3120549692270197,-0.27186553765210036,0.7827770378300447,0.3067050202379579,,0.0,0.7475785854082788,0.0,0.0,False,False,False
1287,1773733539.3081186,1773733539308122223,-0.42,8.409937492055881e-20,0.8749994277780444,-0.3120549692270197,-0.27186553765210036,0.7827770378300447,0.3067050202379579,,0.0,0.7475785854082788,0.0,0.0,False,False,False
1288,1773733539.3579974,1773733539358000304,-0.42,8.409937492055881e-20,0.8749994277780444,-0.2934967272635518,-0.26088314121295064,0.7755724320306443,0.30651071574338484,,0.0,0.7304821260867642,0.0,0.02273604453386787,False,False,False
1289,1773733539.4104927,1773733539410496315,-0.42,8.409937492055881e-20,0.8749994277780444,-0.2934967272635518,-0.26088314121295064,0.7755724320306443,0.30651071574338484,,0.0,0.7304821260867642,0.0,0.0,False,False,False
1290,1773733539.4580956,1773733539458100193,-0.42,8.409937492055881e-20,0.8749994277780444,-0.2934967272635518,-0.26088314121295064,0.7755724320306443,0.30651071574338484,,0.0,0.7304821260867642,0.0,0.0,False,False,False
1291,1773733539.507981,1773733539507983644,-0.42,8.409937492055881e-20,0.8749994277780444,-0.2750599526886207,-0.24870043580630488,0.7697426447274331,0.3064939060781377,,0.0,0.7126119380989925,0.0,0.022854307859846105,False,False,False
1292,1773733539.5579507,1773733539557954603,-0.42,8.409937492055881e-20,0.8749994277780444,-0.2750599526886207,-0.24870043580630488,0.7697426447274331,0.3064939060781377,,0.0,0.7126119380989925,0.0,0.0,False,False,False
1293,1773733539.6079345,1773733539607937173,-0.42,8.409937492055881e-20,0.8749994277780444,-0.2568962097442776,-0.23536475153157144,0.7652949491756282,0.30665042847634993,,0.0,0.6940208205413035,0.0,0.02296832663789618,False,False,False
1294,1773733539.6580584,1773733539658061732,-0.42,8.409937492055881e-20,0.8749994277780444,-0.2568962097442776,-0.23536475153157144,0.7652949491756282,0.30665042847634993,,0.0,0.6940208205413035,0.0,0.0,False,False,False
1295,1773733539.7080433,1773733539708045882,-0.42,8.409937492055881e-20,0.8749994277780444,-0.2568962097442776,-0.23536475153157144,0.7652949491756282,0.30665042847634993,,0.0,0.6940208205413035,0.0,0.0,False,False,False
1296,1773733539.757998,1773733539758002472,-0.42,8.409937492055881e-20,0.8749994277780444,-0.23915634697783794,-0.22092926127914086,0.7622238091055813,0.3069731348093898,,0.0,0.6747649734162976,0.0,0.02307635177253933,False,False,False
1297,1773733539.8080523,1773733539808054832,-0.42,8.409937492055881e-20,0.8749994277780444,-0.23915634697783794,-0.22092926127914086,0.7622238091055813,0.3069731348093898,,0.0,0.6747649734162976,0.0,0.0,False,False,False
1298,1773733539.8579366,1773733539857938943,-0.42,8.409937492055881e-20,0.8749994277780444,-0.23915634697783794,-0.22092926127914086,0.7622238091055813,0.3069731348093898,,0.0,0.6747649734162976,0.0,0.0,False,False,False
1299,1773733539.908003,1773733539908005372,-0.42,8.409937492055881e-20,0.8749994277780444,-0.22198912669535198,-0.2054528250756798,0.7605109721645562,0.3074520706503843,,0.0,0.6549042400343573,0.0,0.023176870802024546,False,False,False
1300,1773733539.9580047,1773733539958007692,-0.42,8.409937492055881e-20,0.8749994277780444,-0.22198912669535198,-0.2054528250756798,0.7605109721645562,0.3074520706503843,,0.0,0.6549042400343573,0.0,0.0,False,False,False
1301,1773733540.0080569,1773733540008059241,-0.42,8.409937492055881e-20,0.8749994277780444,-0.22198912669535198,-0.2054528250756798,0.7605109721645562,0.3074520706503843,,0.0,0.6549042400343573,0.0,0.0,False,False,False
1302,1773733540.0582044,1773733540058209630,-0.42,8.409937492055881e-20,0.8749994277780444,-0.20553990871945016,-0.1889998107972482,0.7601257157273535,0.30807471326573105,,0.0,0.6345024586496006,0.0,0.02326858124999055,False,False,False
1303,1773733540.1079655,1773733540107967892,-0.42,8.409937492055881e-20,0.8749994277780444,-0.20553990871945016,-0.1889998107972482,0.7601257157273535,0.30807471326573105,,0.0,0.6345024586496006,0.0,0.0,False,False,False
1304,1773733540.1586163,1773733540158619367,-0.42,8.409937492055881e-20,0.8749994277780444,-0.18994938194397692,-0.1716398883921293,0.7610252224063196,0.30882625802437347,,0.0,0.6136279294746079,0.0,0.023350386363270352,False,False,False
1305,1773733540.2080708,1773733540208075441,-0.42,8.409937492055881e-20,0.8749994277780444,-0.18994938194397692,-0.1716398883921293,0.7610252224063196,0.30882625802437347,,0.0,0.6136279294746079,0.0,0.0,False,False,False
1306,1773733540.257946,1773733540257948282,-0.42,8.409937492055881e-20,0.8749994277780444,-0.18994938194397692,-0.1716398883921293,0.7610252224063196,0.30882625802437347,,0.0,0.6136279294746079,0.0,0.0,False,False,False
1307,1773733540.3079662,1773733540307969242,-0.42,8.409937492055881e-20,0.8749994277780444,-0.17537368792656716,-0.1534804834872523,0.763155202376628,0.30968923475925364,,0.0,0.5923908742537786,0.0,0.023382721339962564,False,False,False
1308,1773733540.359116,1773733540359119224,-0.42,8.409937492055881e-20,0.8749994277780444,-0.17537368792656716,-0.1534804834872523,0.763155202376628,0.30968923475925364,,0.0,0.5923908742537786,0.0,0.0,False,False,False
1309,1773733540.4080763,1773733540408079251,-0.42,8.409937492055881e-20,0.8749994277780444,-0.17537368792656716,-0.1534804834872523,0.763155202376628,0.30968923475925364,,0.0,0.5923908742537786,0.0,0.0,False,False,False
1310,1773733540.457978,1773733540457981112,-0.42,8.409937492055881e-20,0.8749994277780444,-0.1618858198146409,-0.1345192828674605,0.7664490325710798,0.31064699543939595,,0.0,0.5707777735759535,0.0,0.023501043221495328,False,False,False
1311,1773733540.5079541,1773733540507956892,-0.42,8.409937492055881e-20,0.8749994277780444,-0.1618858198146409,-0.1345192828674605,0.7664490325710798,0.31064699543939595,,0.0,0.5707777735759535,0.0,0.0,False,False,False
1312,1773733540.5593424,1773733540559346142,-0.42,8.409937492055881e-20,0.8749994277780444,-0.1618858198146409,-0.1345192828674605,0.7664490325710798,0.31064699543939595,,0.0,0.5707777735759535,0.0,0.0,False,False,False
1313,1773733540.6080709,1773733540608073831,-0.42,8.409937492055881e-20,0.8749994277780444,-0.14964553007339387,-0.11489776306707647,0.7708330345634599,0.3116787975503782,,0.0,0.5489401068644029,0.0,0.023538228601484284,False,False,False
1314,1773733540.6580234,1773733540658026981,-0.42,8.409937492055881e-20,0.8749994277780444,-0.14964553007339387,-0.11489776306707647,0.7708330345634599,0.3116787975503782,,0.0,0.5489401068644029,0.0,0.0,False,False,False
1315,1773733540.7080162,1773733540708018961,-0.42,8.409937492055881e-20,0.8749994277780444,-0.14964553007339387,-0.11489776306707647,0.7708330345634599,0.3116787975503782,,0.0,0.5489401068644029,0.0,0.0,False,False,False
1316,1773733540.7580428,1773733540758045481,-0.42,8.409937492055881e-20,0.8749994277780444,-0.13875950918708446,-0.09470003911247661,0.7762212071633074,0.3127642050305755,,0.0,0.5269667281716949,0.0,0.02356874853803506,False,False,False
1317,1773733540.808004,1773733540808005942,-0.42,8.409937492055881e-20,0.8749994277780444,-0.13875950918708446,-0.09470003911247661,0.7762212071633074,0.3127642050305755,,0.0,0.5269667281716949,0.0,0.0,False,False,False
1318,1773733540.857922,1773733540857924002,-0.42,8.409937492055881e-20,0.8749994277780444,-0.13875950918708446,-0.09470003911247661,0.7762212071633074,0.3127642050305755,,0.0,0.5269667281716949,0.0,0.0,False,False,False
1319,1773733540.9080117,1773733540908014152,-0.42,8.409937492055881e-20,0.8749994277780444,-0.12932636736061398,-0.07401609239916547,0.7825194662297187,0.31388228037561844,,0.0,0.5049583306027938,0.0,0.023589783458629564,False,False,False
1320,1773733540.9580944,1773733540958097501,-0.42,8.409937492055881e-20,0.8749994277780444,-0.12932636736061398,-0.07401609239916547,0.7825194662297187,0.31388228037561844,,0.0,0.5049583306027938,0.0,0.0,False,False,False
1321,1773733541.0080538,1773733541008057111,-0.42,8.409937492055881e-20,0.8749994277780444,-0.12932636736061398,-0.07401609239916547,0.7825194662297187,0.31388228037561844,,0.0,0.5049583306027938,0.0,0.0,False,False,False
1322,1773733541.0579891,1773733541057991992,-0.42,8.409937492055881e-20,0.8749994277780444,-0.12143466836335237,-0.05294038399093907,0.7896262391231551,0.3150119408109997,,0.0,0.4830278564455336,0.0,0.02360022497627613,False,False,False
1323,1773733541.1081302,1773733541108135131,-0.42,8.409937492055881e-20,0.8749994277780444,-0.12143466836335237,-0.05294038399093907,0.7896262391231551,0.3150119408109997,,0.0,0.4830278564455336,0.0,0.0,False,False,False
1324,1773733541.158036,1773733541158039222,-0.42,8.409937492055881e-20,0.8749994277780444,-0.12143466836335237,-0.05294038399093907,0.7896262391231551,0.3150119408109997,,0.0,0.4830278564455336,0.0,0.0,False,False,False
1325,1773733541.208077,1773733541208081062,-0.42,8.409937492055881e-20,0.8749994277780444,-0.11516165683293822,-0.03157092848784351,0.797433356540838,0.31613230521033314,,0.0,0.4613018669892927,0.0,0.023599902214479152,False,False,False
1326,1773733541.257965,1773733541257967133,-0.42,8.409937492055881e-20,0.8749994277780444,-0.11516165683293822,-0.03157092848784351,0.797433356540838,0.31613230521033314,,0.0,0.4613018669892927,0.0,0.0,False,False,False
1327,1773733541.3080513,1773733541308053652,-0.42,8.409937492055881e-20,0.8749994277780444,-0.11516165683293822,-0.03157092848784351,0.797433356540838,0.31613230521033314,,0.0,0.4613018669892927,0.0,0.0,False,False,False
1328,1773733541.3579805,1773733541357983743,-0.42,8.409937492055881e-20,0.8749994277780444,-0.11057236584709884,-0.010008593895432204,0.8058270905216701,0.31722302087133414,,0.0,0.43992254152768573,0.0,0.0235892058994952,False,False,False
1329,1773733541.408017,1773733541408019903,-0.42,8.409937492055881e-20,0.8749994277780444,-0.11057236584709884,-0.010008593895432204,0.8058270905216701,0.31722302087133414,,0.0,0.43992254152768573,0.0,0.0,False,False,False
1330,1773733541.4588861,1773733541458888777,-0.42,8.409937492055881e-20,0.8749994277780444,-0.11057236584709884,-0.010008593895432204,0.8058270905216701,0.31722302087133414,,0.0,0.43992254152768573,0.0,0.0,False,False,False
1331,1773733541.50941,1773733541509412993,-0.42,8.409937492055881e-20,0.8749994277780444,-0.10771896040514228,0.011643494093743094,0.8146892722791172,0.3182645652620802,,0.0,0.41905008565388263,0.0,0.02356890117101782,False,False,False
1332,1773733541.5581007,1773733541558107693,-0.42,8.409937492055881e-20,0.8749994277780444,-0.10771896040514228,0.011643494093743094,0.8146892722791172,0.3182645652620802,,0.0,0.41905008565388263,0.0,0.0,False,False,False
1333,1773733541.6080527,1773733541608055183,-0.42,8.409937492055881e-20,0.8749994277780444,-0.10771896040514228,0.011643494093743094,0.8146892722791172,0.3182645652620802,,0.0,0.41905008565388263,0.0,0.0,False,False,False
1334,1773733541.6580594,1773733541658063104,-0.42,8.409937492055881e-20,0.8749994277780444,-0.1066402517139251,0.033280505150551434,0.8238984579115516,0.3192385205301583,,0.0,0.39886531453762236,0.0,0.0235400288854026,False,False,False
1335,1773733541.7080588,1773733541708061604,-0.42,8.409937492055881e-20,0.8749994277780444,-0.1066402517139251,0.033280505150551434,0.8238984579115516,0.3192385205301583,,0.0,0.39886531453762236,0.0,0.0,False,False,False
1336,1773733541.758066,1773733541758069304,-0.42,8.409937492055881e-20,0.8749994277780444,-0.1066402517139251,0.033280505150551434,0.8238984579115516,0.3192385205301583,,0.0,0.39886531453762236,0.0,0.0,False,False,False
1337,1773733541.8079352,1773733541807937495,-0.42,8.409937492055881e-20,0.8749994277780444,-0.10736135376254652,0.05479644510247113,0.8333311234717585,0.320127819941999,,0.0,0.3795720575283192,0.0,0.023503847339315626,False,False,False
1338,1773733541.8585584,1773733541858561461,-0.42,8.409937492055881e-20,0.8749994277780444,-0.10736135376254652,0.05479644510247113,0.8333311234717585,0.320127819941999,,0.0,0.3795720575283192,0.0,0.0,False,False,False
1339,1773733541.9079757,1773733541907978835,-0.42,8.409937492055881e-20,0.8749994277780444,-0.1098637065689938,0.07594111836455772,0.8428238891771042,0.3209156263659399,,0.0,0.3615217614344664,0.0,0.023312476866796463,False,False,False
1340,1773733541.957966,1773733541957968825,-0.42,8.409937492055881e-20,0.8749994277780444,-0.1098637065689938,0.07594111836455772,0.8428238891771042,0.3209156263659399,,0.0,0.3615217614344664,0.0,0.0,False,False,False
1341,1773733542.0083396,1773733542008341693,-0.42,8.409937492055881e-20,0.8749994277780444,-0.1098637065689938,0.07594111836455772,0.8428238891771042,0.3209156263659399,,0.0,0.3615217614344664,0.0,0.0,False,False,False
1342,1773733542.0587416,1773733542058745270,-0.42,8.409937492055881e-20,0.8749994277780444,-0.11421428366716313,0.0969712851013352,0.8523507390304318,0.3215918182251794,,0.0,0.34465289734804855,0.0,0.023493750279417417,False,False,False
1343,1773733542.1080842,1773733542108087645,-0.42,8.409937492055881e-20,0.8749994277780444,-0.11421428366716313,0.0969712851013352,0.8523507390304318,0.3215918182251794,,0.0,0.34465289734804855,0.0,0.0,False,False,False
1344,1773733542.1585202,1773733542158522503,-0.42,8.409937492055881e-20,0.8749994277780444,-0.11421428366716313,0.0969712851013352,0.8523507390304318,0.3215918182251794,,0.0,0.34465289734804855,0.0,0.0,False,False,False
1345,1773733542.207919,1773733542207920967,-0.42,8.409937492055881e-20,0.8749994277780444,-0.11421428366716313,0.0969712851013352,0.8523507390304318,0.3215918182251794,,0.0,0.34465289734804855,0.0,0.0,False,False,False
1346,1773733542.2579403,1773733542257942048,-0.42,8.409937492055881e-20,0.8749994277780444,-0.12035377116691326,0.11752052410081441,0.8617199657481391,0.32214170818232213,,0.0,0.32946989124890275,0.0,0.023403994092998464,False,False,False
1347,1773733542.3082254,1773733542308230506,-0.42,8.409937492055881e-20,0.8749994277780444,-0.12035377116691326,0.11752052410081441,0.8617199657481391,0.32214170818232213,,0.0,0.32946989124890275,0.0,0.0,False,False,False
1348,1773733542.3579543,1773733542357957118,-0.42,8.409937492055881e-20,0.8749994277780444,-0.12825146341241733,0.1375049533618154,0.870816888230356,0.3225559090097391,,0.0,0.31624137496133187,0.0,0.023334629937929365,False,False,False
1349,1773733542.4079697,1773733542407972818,-0.42,8.409937492055881e-20,0.8749994277780444,-0.12825146341241733,0.1375049533618154,0.870816888230356,0.3225559090097391,,0.0,0.31624137496133187,0.0,0.0,False,False,False
1350,1773733542.4579856,1773733542457988939,-0.42,8.409937492055881e-20,0.8749994277780444,-0.12825146341241733,0.1375049533618154,0.870816888230356,0.3225559090097391,,0.0,0.31624137496133187,0.0,0.0,False,False,False
1351,1773733542.5089974,1773733542509000081,-0.42,8.409937492055881e-20,0.8749994277780444,-0.13786395758159775,0.1568311655641357,0.8795282468153774,0.3228269987556752,,0.0,0.3052479423107653,0.0,0.023276389123712236,False,False,False
1352,1773733542.5580769,1773733542558080199,-0.42,8.409937492055881e-20,0.8749994277780444,-0.13786395758159775,0.1568311655641357,0.8795282468153774,0.3228269987556752,,0.0,0.3052479423107653,0.0,0.0,False,False,False
1353,1773733542.607962,1773733542607964190,-0.42,8.409937492055881e-20,0.8749994277780444,-0.13786395758159775,0.1568311655641357,0.8795282468153774,0.3228269987556752,,0.0,0.3052479423107653,0.0,0.0,False,False,False
1354,1773733542.6587422,1773733542658747014,-0.42,8.409937492055881e-20,0.8749994277780444,-0.14913470653151784,0.17540263224597438,0.8877445091472055,0.3229497293754711,,0.0,0.29675636929600313,0.0,0.023225764213738696,False,False,False
1355,1773733542.7096057,1773733542709608748,-0.42,8.409937492055881e-20,0.8749994277780444,-0.14913470653151784,0.17540263224597438,0.8877445091472055,0.3229497293754711,,0.0,0.29675636929600313,0.0,0.0,False,False,False
1356,1773733542.7591698,1773733542759173192,-0.42,8.409937492055881e-20,0.8749994277780444,-0.14913470653151784,0.17540263224597438,0.8877445091472055,0.3229497293754711,,0.0,0.29675636929600313,0.0,0.0,False,False,False
1357,1773733542.8080242,1773733542808029121,-0.42,8.409937492055881e-20,0.8749994277780444,-0.16199432526522206,0.19312307509422905,0.8953615752120663,0.3229211473058463,,0.0,0.29099166816547234,0.0,0.023181966787806214,False,False,False
1358,1773733542.8579628,1773733542857965051,-0.42,8.409937492055881e-20,0.8749994277780444,-0.16199432526522206,0.19312307509422905,0.8953615752120663,0.3229211473058463,,0.0,0.29099166816547234,0.0,0.0,False,False,False
1359,1773733542.9080994,1773733542908102021,-0.42,8.409937492055881e-20,0.8749994277780444,-0.16199432526522206,0.19312307509422905,0.8953615752120663,0.3229211473058463,,0.0,0.29099166816547234,0.0,0.0,False,False,False
1360,1773733542.9580424,1773733542958047241,-0.42,8.409937492055881e-20,0.8749994277780444,-0.1763612051640534,0.20989837264853645,0.9022821171731874,0.3227406611046216,,0.0,0.28810930206110297,0.0,0.023145447653882916,False,False,False
1361,1773733543.0079849,1773733543007987182,-0.42,8.409937492055881e-20,0.8749994277780444,-0.1763612051640534,0.20989837264853645,0.9022821171731874,0.3227406611046216,,0.0,0.28810930206110297,0.0,0.0,False,False,False
1362,1773733543.0579696,1773733543057973113,-0.42,8.409937492055881e-20,0.8749994277780444,-0.1763612051640534,0.20989837264853645,0.9022821171731874,0.3227406611046216,,0.0,0.28810930206110297,0.0,0.0,False,False,False
1363,1773733543.1079261,1773733543107928234,-0.42,8.409937492055881e-20,0.8749994277780444,-0.19214227367830627,0.22563775940233727,0.9084166870670887,0.3224100729366099,,0.0,0.28817299667275315,0.0,0.023117166059455123,False,False,False
1364,1773733543.1590626,1773733543159064816,-0.42,8.409937492055881e-20,0.8749994277780444,-0.19214227367830627,0.22563775940233727,0.9084166870670887,0.3224100729366099,,0.0,0.28817299667275315,0.0,0.0,False,False,False
1365,1773733543.2080622,1773733543208065084,-0.42,8.409937492055881e-20,0.8749994277780444,-0.19214227367830627,0.22563775940233727,0.9084166870670887,0.3224100729366099,,0.0,0.28817299667275315,0.0,0.0,False,False,False
1366,1773733543.2579496,1773733543257952035,-0.42,8.409937492055881e-20,0.8749994277780444,-0.2092338445580889,0.24025467988825672,0.9136846620499544,0.3219335814087202,,0.0,0.2911441446411014,0.0,0.023098218980051776,False,False,False
1367,1773733543.307952,1773733543307954246,-0.42,8.409937492055881e-20,0.8749994277780444,-0.2092338445580889,0.24025467988825672,0.9136846620499544,0.3219335814087202,,0.0,0.2911441446411014,0.0,0.0,False,False,False
1368,1773733543.3580453,1773733543358048915,-0.42,8.409937492055881e-20,0.8749994277780444,-0.2092338445580889,0.24025467988825672,0.9136846620499544,0.3219335814087202,,0.0,0.2911441446411014,0.0,0.0,False,False,False
1369,1773733543.4109473,1773733543410951395,-0.42,8.409937492055881e-20,0.8749994277780444,-0.22752254107496128,0.2536674695645241,0.9180150608357964,0.3213177586079983,,0.0,0.2968861236126395,0.0,0.023089644883160638,False,False,False
1370,1773733543.4580052,1773733543458008057,-0.42,8.409937492055881e-20,0.8749994277780444,-0.22752254107496128,0.2536674695645241,0.9180150608357964,0.3213177586079983,,0.0,0.2968861236126395,0.0,0.0,False,False,False
1371,1773733543.5079925,1773733543507996878,-0.42,8.409937492055881e-20,0.8749994277780444,-0.22752254107496128,0.2536674695645241,0.9180150608357964,0.3213177586079983,,0.0,0.2968861236126395,0.0,0.0,False,False,False
1372,1773733543.5591335,1773733543559136630,-0.42,8.409937492055881e-20,0.8749994277780444,-0.24682796452924938,0.26576602095999613,0.9213403257185734,0.32057387695806805,,0.0,0.3051550879640287,0.0,0.023024589185453134,False,False,False
1373,1773733543.6079805,1773733543607983538,-0.42,8.409937492055881e-20,0.8749994277780444,-0.24682796452924938,0.26576602095999613,0.9213403257185734,0.32057387695806805,,0.0,0.3051550879640287,0.0,0.0,False,False,False
1374,1773733543.6580691,1773733543658073299,-0.42,8.409937492055881e-20,0.8749994277780444,-0.26711367059795366,0.27654189079368613,0.9236255852429451,0.3197094779195314,,0.0,0.3157160307495212,0.0,0.02308357971529172,False,False,False
1375,1773733543.708023,1773733543708025859,-0.42,8.409937492055881e-20,0.8749994277780444,-0.26711367059795366,0.27654189079368613,0.9236255852429451,0.3197094779195314,,0.0,0.3157160307495212,0.0,0.0,False,False,False
1376,1773733543.757987,1773733543757989540,-0.42,8.409937492055881e-20,0.8749994277780444,-0.26711367059795366,0.27654189079368613,0.9236255852429451,0.3197094779195314,,0.0,0.3157160307495212,0.0,0.0,False,False,False
1377,1773733543.8079512,1773733543807955321,-0.42,8.409937492055881e-20,0.8749994277780444,-0.2882730369134301,0.28593337024403387,0.9248282459554723,0.31873624855683025,,0.0,0.32829993529451534,0.0,0.02318113590677297,False,False,False
1378,1773733543.8579392,1773733543857941481,-0.42,8.409937492055881e-20,0.8749994277780444,-0.2882730369134301,0.28593337024403387,0.9248282459554723,0.31873624855683025,,0.0,0.32829993529451534,0.0,0.0,False,False,False
1379,1773733543.9079266,1773733543907928682,-0.42,8.409937492055881e-20,0.8749994277780444,-0.2882730369134301,0.28593337024403387,0.9248282459554723,0.31873624855683025,,0.0,0.32829993529451534,0.0,0.0,False,False,False
1380,1773733543.9579883,1773733543957991262,-0.42,8.409937492055881e-20,0.8749994277780444,-0.3100790925146739,0.2938401867098869,0.9249150456407956,0.31767314984858097,,0.0,0.3425590883944212,0.0,0.023195459506002325,False,False,False
1381,1773733544.008015,1773733544008016993,-0.42,8.409937492055881e-20,0.8749994277780444,-0.3100790925146739,0.2938401867098869,0.9249150456407956,0.31767314984858097,,0.0,0.3425590883944212,0.0,0.0,False,False,False
1382,1773733544.0579934,1773733544057996033,-0.42,8.409937492055881e-20,0.8749994277780444,-0.3100790925146739,0.2938401867098869,0.9249150456407956,0.31767314984858097,,0.0,0.3425590883944212,0.0,0.0,False,False,False
1383,1773733544.107975,1773733544107978334,-0.42,8.409937492055881e-20,0.8749994277780444,-0.33239627636941804,0.300220862806681,0.9238735698487468,0.31653698144368303,,0.0,0.35820778200446174,0.0,0.023234766934145806,False,False,False
1384,1773733544.1579466,1773733544157949435,-0.42,8.409937492055881e-20,0.8749994277780444,-0.33239627636941804,0.300220862806681,0.9238735698487468,0.31653698144368303,,0.0,0.35820778200446174,0.0,0.0,False,False,False
1385,1773733544.2086468,1773733544208649101,-0.42,8.409937492055881e-20,0.8749994277780444,-0.33239627636941804,0.300220862806681,0.9238735698487468,0.31653698144368303,,0.0,0.35820778200446174,0.0,0.0,False,False,False
1386,1773733544.258261,1773733544258277014,-0.42,8.409937492055881e-20,0.8749994277780444,-0.3550809606401949,0.3050371941696689,0.921702332386575,0.31534636956397283,,0.0,0.3749826662510195,0.0,0.02329176292984433,False,False,False
1387,1773733544.3080597,1773733544308063956,-0.42,8.409937492055881e-20,0.8749994277780444,-0.3550809606401949,0.3050371941696689,0.921702332386575,0.31534636956397283,,0.0,0.3749826662510195,0.0,0.0,False,False,False
1388,1773733544.358005,1773733544358008427,-0.42,8.409937492055881e-20,0.8749994277780444,-0.3550809606401949,0.3050371941696689,0.921702332386575,0.31534636956397283,,0.0,0.3749826662510195,0.0,0.0,False,False,False
1389,1773733544.408009,1773733544408014978,-0.42,8.409937492055881e-20,0.8749994277780444,-0.377985176454818,0.3082570956226145,0.918411550276579,0.3141214650084426,,0.0,0.39264733560664744,0.0,0.023362365341398583,False,False,False
1390,1773733544.4585915,1773733544458619354,-0.42,8.409937492055881e-20,0.8749994277780444,-0.377985176454818,0.3082570956226145,0.918411550276579,0.3141214650084426,,0.0,0.39264733560664744,0.0,0.0,False,False,False
1391,1773733544.5080805,1773733544508083719,-0.42,8.409937492055881e-20,0.8749994277780444,-0.377985176454818,0.3082570956226145,0.918411550276579,0.3141214650084426,,0.0,0.39264733560664744,0.0,0.0,False,False,False
1392,1773733544.5581288,1773733544558133779,-0.42,8.409937492055881e-20,0.8749994277780444,-0.40095914358078455,0.3098560095114746,0.9140233640593418,0.31288363403418684,,0.0,0.4109934227763777,0.0,0.023443887676879268,False,False,False
1393,1773733544.608021,1773733544608024841,-0.42,8.409937492055881e-20,0.8749994277780444,-0.40095914358078455,0.3098560095114746,0.9140233640593418,0.31288363403418684,,0.0,0.4109934227763777,0.0,0.0,False,False,False
1394,1773733544.6579711,1773733544657973352,-0.42,8.409937492055881e-20,0.8749994277780444,-0.40095914358078455,0.3098560095114746,0.9140233640593418,0.31288363403418684,,0.0,0.4109934227763777,0.0,0.0,False,False,False
1395,1773733544.7080762,1773733544708078732,-0.42,8.409937492055881e-20,0.8749994277780444,-0.4238531677304605,0.30981764433867975,0.9085717546867432,0.31165513116134036,,0.0,0.42983941233411166,0.0,0.023534184889301646,False,False,False
1396,1773733544.7580557,1773733544758058703,-0.42,8.409937492055881e-20,0.8749994277780444,-0.4238531677304605,0.30981764433867975,0.9085717546867432,0.31165513116134036,,0.0,0.42983941233411166,0.0,0.0,False,False,False
1397,1773733544.8080173,1773733544808020024,-0.42,8.409937492055881e-20,0.8749994277780444,-0.4238531677304605,0.30981764433867975,0.9085717546867432,0.31165513116134036,,0.0,0.42983941233411166,0.0,0.0,False,False,False
1398,1773733544.8580863,1773733544858091184,-0.42,8.409937492055881e-20,0.8749994277780444,-0.44651919910309,0.30813438912174995,0.9021022685263407,0.3104587471100321,,0.0,0.44902823148188087,0.0,0.023631262714674958,False,False,False
1399,1773733544.909482,1773733544909484994,-0.42,8.409937492055881e-20,0.8749994277780444,-0.44651919910309,0.30813438912174995,0.9021022685263407,0.3104587471100321,,0.0,0.44902823148188087,0.0,0.0,False,False,False
1400,1773733544.958107,1773733544958111045,-0.42,8.409937492055881e-20,0.8749994277780444,-0.44651919910309,0.30813438912174995,0.9021022685263407,0.3104587471100321,,0.0,0.44902823148188087,0.0,0.0,False,False,False
1401,1773733545.008067,1773733545008070506,-0.42,8.409937492055881e-20,0.8749994277780444,-0.4688122002702874,0.3048075569312695,0.8946716002833135,0.3093174292352644,,0.0,0.4684243573426425,0.0,0.023733110710613018,False,False,False
1402,1773733545.0582273,1773733545058231086,-0.42,8.409937492055881e-20,0.8749994277780444,-0.4688122002702874,0.3048075569312695,0.8946716002833135,0.3093174292352644,,0.0,0.4684243573426425,0.0,0.0,False,False,False
1403,1773733545.1079876,1773733545107990758,-0.42,8.409937492055881e-20,0.8749994277780444,-0.4688122002702874,0.3048075569312695,0.8946716002833135,0.3093174292352644,,0.0,0.4684243573426425,0.0,0.0,False,False,False
1404,1773733545.1580963,1773733545158099928,-0.42,8.409937492055881e-20,0.8749994277780444,-0.49059139472054103,0.2998475246296802,0.886347057247108,0.30825387544961225,,0.0,0.4879108897820118,0.0,0.023837643509718065,False,False,False
1405,1773733545.2097976,1773733545209801217,-0.42,8.409937492055881e-20,0.8749994277780444,-0.49059139472054103,0.2998475246296802,0.886347057247108,0.30825387544961225,,0.0,0.4879108897820118,0.0,0.0,False,False,False
1406,1773733545.258065,1773733545258068090,-0.42,8.409937492055881e-20,0.8749994277780444,-0.49059139472054103,0.2998475246296802,0.886347057247108,0.30825387544961225,,0.0,0.4879108897820118,0.0,0.0,False,False,False
1407,1773733545.3079789,1773733545307981272,-0.42,8.409937492055881e-20,0.8749994277780444,-0.511721427586904,0.2932737973658924,0.8772059175686745,0.3072901057586891,,0.0,0.5073868281979699,0.0,0.02394269436995088,False,False,False
1408,1773733545.3578823,1773733545357884423,-0.42,8.409937492055881e-20,0.8749994277780444,-0.511721427586904,0.2932737973658924,0.8772059175686745,0.3072901057586891,,0.0,0.5073868281979699,0.0,0.0,False,False,False
1409,1773733545.4080706,1773733545408073213,-0.42,8.409937492055881e-20,0.8749994277780444,-0.511721427586904,0.2932737973658924,0.8772059175686745,0.3072901057586891,,0.0,0.5073868281979699,0.0,0.0,False,False,False
1410,1773733545.4579864,1773733545457988544,-0.42,8.409937492055881e-20,0.8749994277780444,-0.5320734498788455,0.2851150095513248,0.867334691385847,0.3064470182970622,,0.0,0.5267646562944375,0.0,0.024046033692219644,False,False,False
1411,1773733545.5099714,1773733545509974031,-0.42,8.409937492055881e-20,0.8749994277780444,-0.5320734498788455,0.2851150095513248,0.867334691385847,0.3064470182970622,,0.0,0.5267646562944375,0.0,0.0,False,False,False
1412,1773733545.558194,1773733545558198535,-0.42,8.409937492055881e-20,0.8749994277780444,-0.5320734498788455,0.2851150095513248,0.867334691385847,0.3064470182970622,,0.0,0.5267646562944375,0.0,0.0,False,False,False
1413,1773733545.6080441,1773733545608047027,-0.42,8.409937492055881e-20,0.8749994277780444,-0.5514648853985753,0.2754421124231088,0.856852263755548,0.3057461249975614,,0.0,0.5459050112390952,0.0,0.024072266187323152,False,False,False
1414,1773733545.658002,1773733545658006008,-0.42,8.409937492055881e-20,0.8749994277780444,-0.5514648853985753,0.2754421124231088,0.856852263755548,0.3057461249975614,,0.0,0.5459050112390952,0.0,0.0,False,False,False
1415,1773733545.710559,1773733545710562140,-0.42,8.409937492055881e-20,0.8749994277780444,-0.5514648853985753,0.2754421124231088,0.856852263755548,0.3057461249975614,,0.0,0.5459050112390952,0.0,0.0,False,False,False
1416,1773733545.7580204,1773733545758022699,-0.42,8.409937492055881e-20,0.8749994277780444,-0.569920018755691,0.2642320247798513,0.8458053239177085,0.30519972254767,,0.0,0.5648807394721921,0.0,0.024254749884904704,False,False,False
1417,1773733545.807994,1773733545807996650,-0.42,8.409937492055881e-20,0.8749994277780444,-0.569920018755691,0.2642320247798513,0.8458053239177085,0.30519972254767,,0.0,0.5648807394721921,0.0,0.0,False,False,False
1418,1773733545.8579822,1773733545857984661,-0.42,8.409937492055881e-20,0.8749994277780444,-0.569920018755691,0.2642320247798513,0.8458053239177085,0.30519972254767,,0.0,0.5648807394721921,0.0,0.0,False,False,False
1419,1773733545.9088082,1773733545908810096,-0.42,8.409937492055881e-20,0.8749994277780444,-0.5872701388047998,0.2515659602026268,0.8343340038813656,0.3048252095367822,,0.0,0.5835712916552734,0.0,0.02435255717515334,False,False,False
1420,1773733545.957976,1773733545957978063,-0.42,8.409937492055881e-20,0.8749994277780444,-0.5872701388047998,0.2515659602026268,0.8343340038813656,0.3048252095367822,,0.0,0.5835712916552734,0.0,0.0,False,False,False
1421,1773733546.008045,1773733546008047413,-0.42,8.409937492055881e-20,0.8749994277780444,-0.5872701388047998,0.2515659602026268,0.8343340038813656,0.3048252095367822,,0.0,0.5835712916552734,0.0,0.0,False,False,False
1422,1773733546.0579636,1773733546057965315,-0.42,8.409937492055881e-20,0.8749994277780444,-0.6033969903671409,0.23752503623583265,0.8225574337462692,0.3046354569852097,,0.0,0.6018974299899837,0.0,0.024411277953067505,False,False,False
1423,1773733546.1082754,1773733546108277654,-0.42,8.409937492055881e-20,0.8749994277780444,-0.6033969903671409,0.23752503623583265,0.8225574337462692,0.3046354569852097,,0.0,0.6018974299899837,0.0,0.0,False,False,False
1424,1773733546.1590884,1773733546159090919,-0.42,8.409937492055881e-20,0.8749994277780444,-0.6033969903671409,0.23752503623583265,0.8225574337462692,0.3046354569852097,,0.0,0.6018974299899837,0.0,0.0,False,False,False
1425,1773733546.2080226,1773733546208025938,-0.42,8.409937492055881e-20,0.8749994277780444,-0.6182252650432245,0.22217869193015993,0.8105922561850311,0.30463898404811124,,0.0,0.6198210823517483,0.0,0.024465352797161808,False,False,False
1426,1773733546.257952,1773733546257954749,-0.42,8.409937492055881e-20,0.8749994277780444,-0.6182252650432245,0.22217869193015993,0.8105922561850311,0.30463898404811124,,0.0,0.6198210823517483,0.0,0.0,False,False,False
1427,1773733546.308054,1773733546308056430,-0.42,8.409937492055881e-20,0.8749994277780444,-0.6182252650432245,0.22217869193015993,0.8105922561850311,0.30463898404811124,,0.0,0.6198210823517483,0.0,0.0,False,False,False
1428,1773733546.358075,1773733546358078570,-0.42,8.409937492055881e-20,0.8749994277780444,-0.6316868715017919,0.20560551633247237,0.7985593689555948,0.3048410118493545,,0.0,0.6373053750744405,0.0,0.02450867954242867,False,False,False
1429,1773733546.408073,1773733546408075682,-0.42,8.409937492055881e-20,0.8749994277780444,-0.6316868715017919,0.20560551633247237,0.7985593689555948,0.3048410118493545,,0.0,0.6373053750744405,0.0,0.0,False,False,False
1430,1773733546.4580505,1773733546458054413,-0.42,8.409937492055881e-20,0.8749994277780444,-0.6316868715017919,0.20560551633247237,0.7985593689555948,0.3048410118493545,,0.0,0.6373053750744405,0.0,0.0,False,False,False
1431,1773733546.5079193,1773733546507921755,-0.42,8.409937492055881e-20,0.8749994277780444,-0.6437235675750366,0.18789236802826692,0.7865822440335455,0.3052431408452615,,0.0,0.6543159507258368,0.0,0.024537505916551777,False,False,False
1432,1773733546.5579357,1773733546557939375,-0.42,8.409937492055881e-20,0.8749994277780444,-0.6437235675750366,0.18789236802826692,0.7865822440335455,0.3052431408452615,,0.0,0.6543159507258368,0.0,0.0,False,False,False
1433,1773733546.6080415,1773733546608045156,-0.42,8.409937492055881e-20,0.8749994277780444,-0.6437235675750366,0.18789236802826692,0.7865822440335455,0.3052431408452615,,0.0,0.6543159507258368,0.0,0.0,False,False,False
1434,1773733546.658081,1773733546658084687,-0.42,8.409937492055881e-20,0.8749994277780444,-0.6542883238049391,0.16913362272648166,0.7747854623931585,0.30584316220258206,,0.0,0.6708213497164438,0.0,0.024549310714671518,False,False,False
1435,1773733546.7080088,1773733546708012288,-0.42,8.409937492055881e-20,0.8749994277780444,-0.6542883238049391,0.16913362272648166,0.7747854623931585,0.30584316220258206,,0.0,0.6708213497164438,0.0,0.0,False,False,False
1436,1773733546.7579665,1773733546757970390,-0.42,8.409937492055881e-20,0.8749994277780444,-0.6542883238049391,0.16913362272648166,0.7747854623931585,0.30584316220258206,,0.0,0.6708213497164438,0.0,0.0,False,False,False
1437,1773733546.8080757,1773733546808079100,-0.42,8.409937492055881e-20,0.8749994277780444,-0.6633460322772408,0.1494304981578157,0.7632933650819554,0.3066349778610252,,0.0,0.6867929814736796,0.0,0.02454227986858056,False,False,False
1438,1773733546.857986,1773733546857988362,-0.42,8.409937492055881e-20,0.8749994277780444,-0.6633460322772408,0.1494304981578157,0.7632933650819554,0.3066349778610252,,0.0,0.6867929814736796,0.0,0.0,False,False,False
1439,1773733546.907931,1773733546907933643,-0.42,8.409937492055881e-20,0.8749994277780444,-0.6633460322772408,0.1494304981578157,0.7632933650819554,0.3066349778610252,,0.0,0.6867929814736796,0.0,0.0,False,False,False
1440,1773733546.960546,1773733546960549415,-0.42,8.409937492055881e-20,0.8749994277780444,-0.6708738498894911,0.12889041192908052,0.7522287709874458,0.3076086166127632,,0.0,0.7022049320953484,0.0,0.024515065220460673,False,False,False
1441,1773733547.008154,1773733547008158833,-0.42,8.409937492055881e-20,0.8749994277780444,-0.6708738498894911,0.12889041192908052,0.7522287709874458,0.3076086166127632,,0.0,0.7022049320953484,0.0,0.0,False,False,False
1442,1773733547.0579534,1773733547057956216,-0.42,8.409937492055881e-20,0.8749994277780444,-0.6708738498894911,0.12889041192908052,0.7522287709874458,0.3076086166127632,,0.0,0.7022049320953484,0.0,0.0,False,False,False
1443,1773733547.1079383,1773733547107940927,-0.42,8.409937492055881e-20,0.8749994277780444,-0.6768613118392309,0.10762634259844173,0.7417117399795459,0.3087503374242007,,0.0,0.7170337213964317,0.0,0.0244666770591947,False,False,False
1444,1773733547.1607342,1773733547160736828,-0.42,8.409937492055881e-20,0.8749994277780444,-0.6768613118392309,0.10762634259844173,0.7417117399795459,0.3087503374242007,,0.0,0.7170337213964317,0.0,0.0,False,False,False
1445,1773733547.2079687,1773733547207971279,-0.42,8.409937492055881e-20,0.8749994277780444,-0.6813102793908449,0.0857561767924587,0.7318583755487462,0.3100428112482073,,0.0,0.7312580587126679,0.0,0.02439643939722866,False,False,False
1446,1773733547.2579515,1773733547257953631,-0.42,8.409937492055881e-20,0.8749994277780444,-0.6813102793908449,0.0857561767924587,0.7318583755487462,0.3100428112482073,,0.0,0.7312580587126679,0.0,0.0,False,False,False
1447,1773733547.3081348,1773733547308138071,-0.42,8.409937492055881e-20,0.8749994277780444,-0.6813102793908449,0.0857561767924587,0.7318583755487462,0.3100428112482073,,0.0,0.7312580587126679,0.0,0.0,False,False,False
1448,1773733547.3580253,1773733547358028593,-0.42,8.409937492055881e-20,0.8749994277780444,-0.6842347529192789,0.06340203389564644,0.7227796691611577,0.3114653712145226,,0.0,0.7448586172170678,0.0,0.024303974155303384,False,False,False
1449,1773733547.4081373,1773733547408143273,-0.42,8.409937492055881e-20,0.8749994277780444,-0.6842347529192789,0.06340203389564644,0.7227796691611577,0.3114653712145226,,0.0,0.7448586172170678,0.0,0.0,False,False,False
1450,1773733547.4579475,1773733547457951006,-0.42,8.409937492055881e-20,0.8749994277780444,-0.6842347529192789,0.06340203389564644,0.7227796691611577,0.3114653712145226,,0.0,0.7448586172170678,0.0,0.0,False,False,False
1451,1773733547.5079699,1773733547507973947,-0.42,8.409937492055881e-20,0.8749994277780444,-0.6856605663653584,0.040689565353668675,0.714580392590839,0.31299431959801977,,0.0,0.7578178330815678,0.0,0.024189198158060685,False,False,False
1452,1773733547.5580137,1773733547558017148,-0.42,8.409937492055881e-20,0.8749994277780444,-0.6856605663653584,0.040689565353668675,0.714580392590839,0.31299431959801977,,0.0,0.7578178330815678,0.0,0.0,False,False,False
1453,1773733547.6080527,1773733547608055939,-0.42,8.409937492055881e-20,0.8749994277780444,-0.6856605663653584,0.040689565353668675,0.714580392590839,0.31299431959801977,,0.0,0.7578178330815678,0.0,0.0,False,False,False
1454,1773733547.6579432,1773733547657946651,-0.42,8.409937492055881e-20,0.8749994277780444,-0.6856249728736248,0.017747228963588862,0.70735804632039,0.3146032789514927,,0.0,0.7701197300085261,0.0,0.0240523252843151,False,False,False
1455,1773733547.7080312,1773733547708034991,-0.42,8.409937492055881e-20,0.8749994277780444,-0.6856249728736248,0.017747228963588862,0.70735804632039,0.3146032789514927,,0.0,0.7701197300085261,0.0,0.0,False,False,False
1456,1773733547.7581117,1773733547758119131,-0.42,8.409937492055881e-20,0.8749994277780444,-0.6856249728736248,0.017747228963588862,0.70735804632039,0.3146032789514927,,0.0,0.7701197300085261,0.0,0.0,False,False,False
1457,1773733547.808043,1773733547808045473,-0.42,8.409937492055881e-20,0.8749994277780444,-0.6841799425223611,-0.00525330320837775,0.7012118666873971,0.3162605818238382,,0.0,0.7817296062945327,0.0,0.023851375578585843,False,False,False
1458,1773733547.8580158,1773733547858018795,-0.42,8.409937492055881e-20,0.8749994277780444,-0.6841799425223611,-0.00525330320837775,0.7012118666873971,0.3162605818238382,,0.0,0.7817296062945327,0.0,0.0,False,False,False
1459,1773733547.9080243,1773733547908027876,-0.42,8.409937492055881e-20,0.8749994277780444,-0.6841799425223611,-0.00525330320837775,0.7012118666873971,0.3162605818238382,,0.0,0.7817296062945327,0.0,0.0,False,False,False
1460,1773733547.9580567,1773733547958060667,-0.42,8.409937492055881e-20,0.8749994277780444,-0.6813750949547244,-0.02822640618103941,0.6961852376835563,0.31794368188035427,,0.0,0.7926536180158166,0.0,0.023683277417039374,False,False,False
1461,1773733548.008091,1773733548008094508,-0.42,8.409937492055881e-20,0.8749994277780444,-0.6813750949547244,-0.02822640618103941,0.6961852376835563,0.31794368188035427,,0.0,0.7926536180158166,0.0,0.0,False,False,False
1462,1773733548.057937,1773733548057940330,-0.42,8.409937492055881e-20,0.8749994277780444,-0.6813750949547244,-0.02822640618103941,0.6961852376835563,0.31794368188035427,,0.0,0.7926536180158166,0.0,0.0,False,False,False
1463,1773733548.1080706,1773733548108073271,-0.42,8.409937492055881e-20,0.8749994277780444,-0.6773040884705652,-0.05096429633727036,0.6923862560930745,0.31960964302984646,,0.0,0.8028531359630325,0.0,0.023409762999135855,False,False,False
1464,1773733548.1580327,1773733548158036232,-0.42,8.409937492055881e-20,0.8749994277780444,-0.6773040884705652,-0.05096429633727036,0.6923862560930745,0.31960964302984646,,0.0,0.8028531359630325,0.0,0.0,False,False,False
1465,1773733548.2079718,1773733548207974974,-0.42,8.409937492055881e-20,0.8749994277780444,-0.6773040884705652,-0.05096429633727036,0.6923862560930745,0.31960964302984646,,0.0,0.8028531359630325,0.0,0.0,False,False,False
1466,1773733548.2579665,1773733548257969126,-0.42,8.409937492055881e-20,0.8749994277780444,-0.6720148176010097,-0.07343549784177288,0.6898201404339676,0.32124073386636287,,0.0,0.8123555116347034,0.0,0.023227488735620968,False,False,False
1467,1773733548.3080885,1773733548308091886,-0.42,8.409937492055881e-20,0.8749994277780444,-0.6720148176010097,-0.07343549784177288,0.6898201404339676,0.32124073386636287,,0.0,0.8123555116347034,0.0,0.0,False,False,False
1468,1773733548.3580885,1773733548358091737,-0.42,8.409937492055881e-20,0.8749994277780444,-0.6720148176010097,-0.07343549784177288,0.6898201404339676,0.32124073386636287,,0.0,0.8123555116347034,0.0,0.0,False,False,False
1469,1773733548.4079754,1773733548407978870,-0.42,8.409937492055881e-20,0.8749994277780444,-0.6655788667914313,-0.09569181415887754,0.6886497757162671,0.32278800463326734,,0.0,0.8212467623642073,0.0,0.023197733346229536,False,False,False
1470,1773733548.4579384,1773733548457942001,-0.42,8.409937492055881e-20,0.8749994277780444,-0.6655788667914313,-0.09569181415887754,0.6886497757162671,0.32278800463326734,,0.0,0.8212467623642073,0.0,0.0,False,False,False
1471,1773733548.5080886,1773733548508092342,-0.42,8.409937492055881e-20,0.8749994277780444,-0.6655788667914313,-0.09569181415887754,0.6886497757162671,0.32278800463326734,,0.0,0.8212467623642073,0.0,0.0,False,False,False
1472,1773733548.5580494,1773733548558052743,-0.42,8.409937492055881e-20,0.8749994277780444,-0.6581114319369792,-0.11732130836577256,0.6888305557032758,0.3242224426922463,,0.0,0.8293735314023414,0.0,0.02288296930809668,False,False,False
1473,1773733548.6080868,1773733548608091734,-0.42,8.409937492055881e-20,0.8749994277780444,-0.6581114319369792,-0.11732130836577256,0.6888305557032758,0.3242224426922463,,0.0,0.8293735314023414,0.0,0.0,False,False,False
1474,1773733548.6579256,1773733548657927887,-0.42,8.409937492055881e-20,0.8749994277780444,-0.6497117437106591,-0.1382322314938506,0.690388065419287,0.3255103533442792,,0.0,0.836747342800812,0.0,0.022588654339806058,False,False,False
1475,1773733548.708079,1773733548708083117,-0.42,8.409937492055881e-20,0.8749994277780444,-0.6497117437106591,-0.1382322314938506,0.690388065419287,0.3255103533442792,,0.0,0.836747342800812,0.0,0.0,False,False,False
1476,1773733548.758004,1773733548758006429,-0.42,8.409937492055881e-20,0.8749994277780444,-0.6497117437106591,-0.1382322314938506,0.690388065419287,0.3255103533442792,,0.0,0.836747342800812,0.0,0.0,False,False,False
1477,1773733548.807943,1773733548807946801,-0.42,8.409937492055881e-20,0.8749994277780444,-0.6404821156159766,-0.15832040528350091,0.6933357482980478,0.32661813556175934,,0.0,0.8433708623199673,0.0,0.0223026813482838,False,False,False
1478,1773733548.8582282,1773733548858230280,-0.42,8.409937492055881e-20,0.8749994277780444,-0.6404821156159766,-0.15832040528350091,0.6933357482980478,0.32661813556175934,,0.0,0.8433708623199673,0.0,0.0,False,False,False
1479,1773733548.908025,1773733548908028033,-0.42,8.409937492055881e-20,0.8749994277780444,-0.6404821156159766,-0.15832040528350091,0.6933357482980478,0.32661813556175934,,0.0,0.8433708623199673,0.0,0.0,False,False,False
1480,1773733548.9579613,1773733548957963605,-0.42,8.409937492055881e-20,0.8749994277780444,-0.6305287380630957,-0.17747598158661582,0.6976732900793212,0.3275127977678413,,0.0,0.8492420857804207,0.0,0.022018630677654367,False,False,False
1481,1773733549.0079887,1773733549007991806,-0.42,8.409937492055881e-20,0.8749994277780444,-0.6305287380630957,-0.17747598158661582,0.6976732900793212,0.3275127977678413,,0.0,0.8492420857804207,0.0,0.0,False,False,False
1482,1773733549.0580044,1773733549058008988,-0.42,8.409937492055881e-20,0.8749994277780444,-0.6305287380630957,-0.17747598158661582,0.6976732900793212,0.3275127977678413,,0.0,0.8492420857804207,0.0,0.0,False,False,False
1483,1773733549.1091483,1773733549109150401,-0.42,8.409937492055881e-20,0.8749994277780444,-0.6199609309169056,-0.19558938684734123,0.7033867478553925,0.32816229833835114,,0.0,0.8543573224819759,0.0,0.0217351696054411,False,False,False
1484,1773733549.1580257,1773733549158029410,-0.42,8.409937492055881e-20,0.8749994277780444,-0.6199609309169056,-0.19558938684734123,0.7033867478553925,0.32816229833835114,,0.0,0.8543573224819759,0.0,0.0,False,False,False
1485,1773733549.207999,1773733549208001252,-0.42,8.409937492055881e-20,0.8749994277780444,-0.6199609309169056,-0.19558938684734123,0.7033867478553925,0.32816229833835114,,0.0,0.8543573224819759,0.0,0.0,False,False,False
1486,1773733549.2579522,1773733549257954424,-0.42,8.409937492055881e-20,0.8749994277780444,-0.6088900630126046,-0.21255452457135965,0.7104487986927472,0.32853582963358735,,0.0,0.8587125343816373,0.0,0.021453497994005043,False,False,False
1487,1773733549.3083441,1773733549308346233,-0.42,8.409937492055881e-20,0.8749994277780444,-0.6088900630126046,-0.21255452457135965,0.7104487986927472,0.32853582963358735,,0.0,0.8587125343816373,0.0,0.0,False,False,False
1488,1773733549.3580258,1773733549358027927,-0.42,8.409937492055881e-20,0.8749994277780444,-0.6088900630126046,-0.21255452457135965,0.7104487986927472,0.32853582963358735,,0.0,0.8587125343816373,0.0,0.0,False,False,False
1489,1773733549.4080255,1773733549408028658,-0.42,8.409937492055881e-20,0.8749994277780444,-0.5974639103976719,-0.22821872523244185,0.7187753092064189,0.32860797504600375,,0.0,0.8622906473249582,0.0,0.021101064505485653,False,False,False
1490,1773733549.4580467,1773733549458049149,-0.42,8.409937492055881e-20,0.8749994277780444,-0.5974639103976719,-0.22821872523244185,0.7187753092064189,0.32860797504600375,,0.0,0.8622906473249582,0.0,0.0,False,False,False
1491,1773733549.5080206,1773733549508023631,-0.42,8.409937492055881e-20,0.8749994277780444,-0.5974639103976719,-0.22821872523244185,0.7187753092064189,0.32860797504600375,,0.0,0.8622906473249582,0.0,0.0,False,False,False
1492,1773733549.5579474,1773733549557950664,-0.42,8.409937492055881e-20,0.8749994277780444,-0.5857064528737614,-0.24261974230711325,0.7284202275390809,0.3283419403973064,,0.0,0.8651229673209718,0.0,0.020944009880041,False,False,False
1493,1773733549.6093433,1773733549609346605,-0.42,8.409937492055881e-20,0.8749994277780444,-0.5857064528737614,-0.24261974230711325,0.7284202275390809,0.3283419403973064,,0.0,0.8651229673209718,0.0,0.0,False,False,False
1494,1773733549.658049,1773733549658051046,-0.42,8.409937492055881e-20,0.8749994277780444,-0.5857064528737614,-0.24261974230711325,0.7284202275390809,0.3283419403973064,,0.0,0.8651229673209718,0.0,0.0,False,False,False
1495,1773733549.7079604,1773733549707962188,-0.42,8.409937492055881e-20,0.8749994277780444,-0.5737883549778688,-0.2555763200432285,0.7392471307315462,0.3277175607852567,,0.0,0.8671810193161813,0.0,0.020667263893101424,False,False,False
1496,1773733549.7601898,1773733549760192253,-0.42,8.409937492055881e-20,0.8749994277780444,-0.5737883549778688,-0.2555763200432285,0.7392471307315462,0.3277175607852567,,0.0,0.8671810193161813,0.0,0.0,False,False,False
1497,1773733549.8080418,1773733549808045360,-0.42,8.409937492055881e-20,0.8749994277780444,-0.5737883549778688,-0.2555763200432285,0.7392471307315462,0.3277175607852567,,0.0,0.8671810193161813,0.0,0.0,False,False,False
1498,1773733549.857981,1773733549857983152,-0.42,8.409937492055881e-20,0.8749994277780444,-0.563611033904668,-0.26539187227690575,0.7492829141178851,0.3268969512501978,,0.0,0.8683169290785812,0.0,0.017338969924899736,False,False,False
1499,1773733549.9080281,1773733549908031073,-0.42,8.409937492055881e-20,0.8749994277780444,-0.563611033904668,-0.26539187227690575,0.7492829141178851,0.3268969512501978,,0.0,0.8683169290785812,0.0,0.0,False,False,False
1500,1773733549.9579237,1773733549957925546,-0.42,8.409937492055881e-20,0.8749994277780444,-0.5516274643491883,-0.275530705230523,0.7621621653672159,0.32553833366317453,,0.0,0.8689475832274404,0.0,0.020304605036684815,False,False,False
1501,1773733550.0080938,1773733550008097236,-0.42,8.409937492055881e-20,0.8749994277780444,-0.5516274643491883,-0.275530705230523,0.7621621653672159,0.32553833366317453,,0.0,0.8689475832274404,0.0,0.0,False,False,False
1502,1773733550.0581083,1773733550058112218,-0.42,8.409937492055881e-20,0.8749994277780444,-0.5516274643491883,-0.275530705230523,0.7621621653672159,0.32553833366317453,,0.0,0.8689475832274404,0.0,0.0,False,False,False
1503,1773733550.107969,1773733550107971161,-0.42,8.409937492055881e-20,0.8749994277780444,-0.5398243860207372,-0.2839897931801606,0.7759101998168009,0.3237696113190865,,0.0,0.8687984289038497,0.0,0.01999693171949712,False,False,False
1504,1773733550.1580267,1773733550158029322,-0.42,8.409937492055881e-20,0.8749994277780444,-0.5398243860207372,-0.2839897931801606,0.7759101998168009,0.3237696113190865,,0.0,0.8687984289038497,0.0,0.0,False,False,False
1505,1773733550.2080202,1773733550208024174,-0.42,8.409937492055881e-20,0.8749994277780444,-0.5398243860207372,-0.2839897931801606,0.7759101998168009,0.3237696113190865,,0.0,0.8687984289038497,0.0,0.0,False,False,False
1506,1773733550.2580078,1773733550258011625,-0.42,8.409937492055881e-20,0.8749994277780444,-0.5282200983047163,-0.29078030776964997,0.790532747435837,0.32155776643043077,,0.0,0.8678736241667389,0.0,0.019864276494683676,False,False,False
1507,1773733550.3080075,1773733550308009687,-0.42,8.409937492055881e-20,0.8749994277780444,-0.5282200983047163,-0.29078030776964997,0.790532747435837,0.32155776643043077,,0.0,0.8678736241667389,0.0,0.0,False,False,False
1508,1773733550.358435,1773733550358436916,-0.42,8.409937492055881e-20,0.8749994277780444,-0.5282200983047163,-0.29078030776964997,0.790532747435837,0.32155776643043077,,0.0,0.8678736241667389,0.0,0.0,False,False,False
1509,1773733550.408041,1773733550408043460,-0.42,8.409937492055881e-20,0.8749994277780444,-0.5169444440402904,-0.2958324245263849,0.8058550938994128,0.3188980833102637,,0.0,0.8661751408729443,0.0,0.019683459146308632,False,False,False
1510,1773733550.4580019,1773733550458004382,-0.42,8.409937492055881e-20,0.8749994277780444,-0.5169444440402904,-0.2958324245263849,0.8058550938994128,0.3188980833102637,,0.0,0.8661751408729443,0.0,0.0,False,False,False
1511,1773733550.5079975,1773733550508001364,-0.42,8.409937492055881e-20,0.8749994277780444,-0.5169444440402904,-0.2958324245263849,0.8058550938994128,0.3188980833102637,,0.0,0.8661751408729443,0.0,0.0,False,False,False
1512,1773733550.558112,1773733550558116415,-0.42,8.409937492055881e-20,0.8749994277780444,-0.5060733041329429,-0.2991211030080098,0.8217627673131942,0.3157787041054863,,0.0,0.8637060384627443,0.0,0.019546129091975034,False,False,False
1513,1773733550.6081326,1773733550608137206,-0.42,8.409937492055881e-20,0.8749994277780444,-0.5060733041329429,-0.2991211030080098,0.8217627673131942,0.3157787041054863,,0.0,0.8637060384627443,0.0,0.0,False,False,False
1514,1773733550.6580017,1773733550658005919,-0.42,8.409937492055881e-20,0.8749994277780444,-0.5060733041329429,-0.2991211030080098,0.8217627673131942,0.3157787041054863,,0.0,0.8637060384627443,0.0,0.0,False,False,False
1515,1773733550.7079868,1773733550707991001,-0.42,8.409937492055881e-20,0.8749994277780444,-0.4957194417883297,-0.3006248206281421,0.838056523296197,0.3122074548020815,,0.0,0.8604833022905115,0.0,0.019363628693143595,False,False,False
1516,1773733550.7581177,1773733550758121282,-0.42,8.409937492055881e-20,0.8749994277780444,-0.4957194417883297,-0.3006248206281421,0.838056523296197,0.3122074548020815,,0.0,0.8604833022905115,0.0,0.0,False,False,False
1517,1773733550.8081174,1773733550808122043,-0.42,8.409937492055881e-20,0.8749994277780444,-0.4957194417883297,-0.3006248206281421,0.838056523296197,0.3122074548020815,,0.0,0.8604833022905115,0.0,0.0,False,False,False
1518,1773733550.85811,1773733550858113295,-0.42,8.409937492055881e-20,0.8749994277780444,-0.48584965678343517,-0.3003444234574319,0.8547758996253202,0.30814272844157364,,0.0,0.8564793826134519,0.0,0.019417230066387688,False,False,False
1519,1773733550.9080174,1773733550908020628,-0.42,8.409937492055881e-20,0.8749994277780444,-0.48584965678343517,-0.3003444234574319,0.8547758996253202,0.30814272844157364,,0.0,0.8564793826134519,0.0,0.0,False,False,False
1520,1773733550.9579723,1773733550957974630,-0.42,8.409937492055881e-20,0.8749994277780444,-0.48584965678343517,-0.3003444234574319,0.8547758996253202,0.30814272844157364,,0.0,0.8564793826134519,0.0,0.0,False,False,False
1521,1773733551.0079799,1773733551007982791,-0.42,8.409937492055881e-20,0.8749994277780444,-0.4765803657604772,-0.2982675154306801,0.8716795171628421,0.3036047930406786,,0.0,0.85171445339849,0.0,0.019389832100219263,False,False,False
1522,1773733551.0579615,1773733551057964333,-0.42,8.409937492055881e-20,0.8749994277780444,-0.4765803657604772,-0.2982675154306801,0.8716795171628421,0.3036047930406786,,0.0,0.85171445339849,0.0,0.0,False,False,False
1523,1773733551.1081173,1773733551108121684,-0.42,8.409937492055881e-20,0.8749994277780444,-0.4765803657604772,-0.2982675154306801,0.8716795171628421,0.3036047930406786,,0.0,0.85171445339849,0.0,0.0,False,False,False
1524,1773733551.1580098,1773733551158012367,-0.42,8.409937492055881e-20,0.8749994277780444,-0.46796445687502924,-0.29440783537608406,0.8886130194989932,0.2985998870289348,,0.0,0.8461972768617131,0.0,0.01938748352454804,False,False,False
1525,1773733551.2080069,1773733551208009129,-0.42,8.409937492055881e-20,0.8749994277780444,-0.46796445687502924,-0.29440783537608406,0.8886130194989932,0.2985998870289348,,0.0,0.8461972768617131,0.0,0.0,False,False,False
1526,1773733551.2579057,1773733551257907821,-0.42,8.409937492055881e-20,0.8749994277780444,-0.46003667527516073,-0.288788023326899,0.9054369859202065,0.2931346153728756,,0.0,0.8399335509263057,0.0,0.019428789326808093,False,False,False
1527,1773733551.3080895,1773733551308093102,-0.42,8.409937492055881e-20,0.8749994277780444,-0.46003667527516073,-0.288788023326899,0.9054369859202065,0.2931346153728756,,0.0,0.8399335509263057,0.0,0.0,False,False,False
1528,1773733551.358096,1773733551358099434,-0.42,8.409937492055881e-20,0.8749994277780444,-0.46003667527516073,-0.288788023326899,0.9054369859202065,0.2931346153728756,,0.0,0.8399335509263057,0.0,0.0,False,False,False
1529,1773733551.4079728,1773733551407975446,-0.42,8.409937492055881e-20,0.8749994277780444,-0.46003667527516073,-0.288788023326899,0.9054369859202065,0.2931346153728756,,0.0,0.8399335509263057,0.0,0.0,False,False,False
1530,1773733551.4580839,1773733551458086478,-0.42,8.409937492055881e-20,0.8749994277780444,-0.4528239787156902,-0.2814403990362463,0.9220075804491887,0.28722095711483736,,0.0,0.8329302958004137,0.0,0.019508848695387545,False,False,False
1531,1773733551.5100844,1773733551510088405,-0.42,8.409937492055881e-20,0.8749994277780444,-0.4528239787156902,-0.2814403990362463,0.9220075804491887,0.28722095711483736,,0.0,0.8329302958004137,0.0,0.0,False,False,False
1532,1773733551.5581696,1773733551558173681,-0.42,8.409937492055881e-20,0.8749994277780444,-0.4528239787156902,-0.2814403990362463,0.9220075804491887,0.28722095711483736,,0.0,0.8329302958004137,0.0,0.0,False,False,False
1533,1773733551.609649,1773733551609652711,-0.42,8.409937492055881e-20,0.8749994277780444,-0.44636826563181975,-0.27243746713187417,0.9381254064012264,0.2808956178134427,,0.0,0.8252220181199085,0.0,0.01955794794236342,False,False,False
1534,1773733551.658064,1773733551658066955,-0.42,8.409937492055881e-20,0.8749994277780444,-0.44636826563181975,-0.27243746713187417,0.9381254064012264,0.2808956178134427,,0.0,0.8252220181199085,0.0,0.0,False,False,False
1535,1773733551.7080996,1773733551708103127,-0.42,8.409937492055881e-20,0.8749994277780444,-0.44636826563181975,-0.27243746713187417,0.9381254064012264,0.2808956178134427,,0.0,0.8252220181199085,0.0,0.0,False,False,False
1536,1773733551.7580988,1773733551758103388,-0.42,8.409937492055881e-20,0.8749994277780444,-0.44062551966378605,-0.26176897199512533,0.9537659910656318,0.2741397057212316,,0.0,0.8167626595103628,0.0,0.01978443348647193,False,False,False
1537,1773733551.808083,1773733551808085371,-0.42,8.409937492055881e-20,0.8749994277780444,-0.44062551966378605,-0.26176897199512533,0.9537659910656318,0.2741397057212316,,0.0,0.8167626595103628,0.0,0.0,False,False,False
1538,1773733551.8579907,1773733551858000313,-0.42,8.409937492055881e-20,0.8749994277780444,-0.44062551966378605,-0.26176897199512533,0.9537659910656318,0.2741397057212316,,0.0,0.8167626595103628,0.0,0.0,False,False,False
1539,1773733551.911673,1773733551911676058,-0.42,8.409937492055881e-20,0.8749994277780444,-0.44062551966378605,-0.26176897199512533,0.9537659910656318,0.2741397057212316,,0.0,0.8167626595103628,0.0,0.0,False,False,False
1540,1773733551.9579866,1773733551957988877,-0.42,8.409937492055881e-20,0.8749994277780444,-0.4356204944092258,-0.24953433445468198,0.9687188553117754,0.26701070206001104,,0.0,0.8075946871945118,0.0,0.019958075626382712,False,False,False
1541,1773733552.0079548,1773733552007957339,-0.42,8.409937492055881e-20,0.8749994277780444,-0.4356204944092258,-0.24953433445468198,0.9687188553117754,0.26701070206001104,,0.0,0.8075946871945118,0.0,0.0,False,False,False
1542,1773733552.058065,1773733552058071670,-0.42,8.409937492055881e-20,0.8749994277780444,-0.4314175284251949,-0.2360558478927835,0.9826038032249474,0.25967561474855344,,0.0,0.7979092262789822,0.0,0.019802179213755756,False,False,False
1543,1773733552.1084454,1773733552108450339,-0.42,8.409937492055881e-20,0.8749994277780444,-0.4314175284251949,-0.2360558478927835,0.9826038032249474,0.25967561474855344,,0.0,0.7979092262789822,0.0,0.0,False,False,False
1544,1773733552.1580296,1773733552158033645,-0.42,8.409937492055881e-20,0.8749994277780444,-0.4314175284251949,-0.2360558478927835,0.9826038032249474,0.25967561474855344,,0.0,0.7979092262789822,0.0,0.0,False,False,False
1545,1773733552.2090259,1773733552209028119,-0.42,8.409937492055881e-20,0.8749994277780444,-0.4314175284251949,-0.2360558478927835,0.9826038032249474,0.25967561474855344,,0.0,0.7979092262789822,0.0,0.0,False,False,False
1546,1773733552.2602334,1773733552260236843,-0.42,8.409937492055881e-20,0.8749994277780444,-0.4279804483855926,-0.2216237993544997,0.9952363922995753,0.25226518514077706,,0.0,0.787847621289017,0.0,0.019485375309149643,False,False,False
1547,1773733552.308138,1773733552308141400,-0.42,8.409937492055881e-20,0.8749994277780444,-0.4279804483855926,-0.2216237993544997,0.9952363922995753,0.25226518514077706,,0.0,0.787847621289017,0.0,0.0,False,False,False
1548,1773733552.357953,1773733552357955233,-0.42,8.409937492055881e-20,0.8749994277780444,-0.4279804483855926,-0.2216237993544997,0.9952363922995753,0.25226518514077706,,0.0,0.787847621289017,0.0,0.0,False,False,False
1549,1773733552.4080846,1773733552408088185,-0.42,8.409937492055881e-20,0.8749994277780444,-0.4252617634485389,-0.20659117628551002,1.0064615165835757,0.2449283182213369,,0.0,0.7775909584499131,0.0,0.018957173294363805,False,False,False
1550,1773733552.4579356,1773733552457938438,-0.42,8.409937492055881e-20,0.8749994277780444,-0.4252617634485389,-0.20659117628551002,1.0064615165835757,0.2449283182213369,,0.0,0.7775909584499131,0.0,0.0,False,False,False
1551,1773733552.508987,1773733552508990992,-0.42,8.409937492055881e-20,0.8749994277780444,-0.4252617634485389,-0.20659117628551002,1.0064615165835757,0.2449283182213369,,0.0,0.7775909584499131,0.0,0.0,False,False,False
1552,1773733552.5585573,1773733552558560437,-0.42,8.409937492055881e-20,0.8749994277780444,-0.4231749957305534,-0.19124895657404725,1.0162491937125147,0.2377766606820221,,0.0,0.7672759685188227,0.0,0.01831766712122417,False,False,False
1553,1773733552.6080003,1773733552608004243,-0.42,8.409937492055881e-20,0.8749994277780444,-0.4231749957305534,-0.19124895657404725,1.0162491937125147,0.2377766606820221,,0.0,0.7672759685188227,0.0,0.0,False,False,False
1554,1773733552.6580858,1773733552658088765,-0.42,8.409937492055881e-20,0.8749994277780444,-0.4231749957305534,-0.19124895657404725,1.0162491937125147,0.2377766606820221,,0.0,0.7672759685188227,0.0,0.0,False,False,False
1555,1773733552.709494,1773733552709501636,-0.42,8.409937492055881e-20,0.8749994277780444,-0.4231749957305534,-0.19124895657404725,1.0162491937125147,0.2377766606820221,,0.0,0.7672759685188227,0.0,0.0,False,False,False
1556,1773733552.758021,1773733552758024999,-0.42,8.409937492055881e-20,0.8749994277780444,-0.4216152222031471,-0.17573504556013678,1.0246890428054853,0.23085145879515764,,0.0,0.7569431906845574,0.0,0.017729787960278832,False,False,False
1557,1773733552.8087935,1773733552808796816,-0.42,8.409937492055881e-20,0.8749994277780444,-0.4216152222031471,-0.17573504556013678,1.0246890428054853,0.23085145879515764,,0.0,0.7569431906845574,0.0,0.0,False,False,False
1558,1773733552.858061,1773733552858064823,-0.42,8.409937492055881e-20,0.8749994277780444,-0.4216152222031471,-0.17573504556013678,1.0246890428054853,0.23085145879515764,,0.0,0.7569431906845574,0.0,0.0,False,False,False
1559,1773733552.9080298,1773733552908034115,-0.42,8.409937492055881e-20,0.8749994277780444,-0.4205007199112707,-0.16030129627525652,1.0318113082160032,0.22424701147271905,,0.0,0.7467179470223454,0.0,0.01703435930479919,False,False,False
1560,1773733552.957996,1773733552957998908,-0.42,8.409937492055881e-20,0.8749994277780444,-0.4205007199112707,-0.16030129627525652,1.0318113082160032,0.22424701147271905,,0.0,0.7467179470223454,0.0,0.0,False,False,False
1561,1773733553.0079193,1773733553007921760,-0.42,8.409937492055881e-20,0.8749994277780444,-0.4205007199112707,-0.16030129627525652,1.0318113082160032,0.22424701147271905,,0.0,0.7467179470223454,0.0,0.0,False,False,False
1562,1773733553.0585992,1773733553058602248,-0.42,8.409937492055881e-20,0.8749994277780444,-0.41974758766078085,-0.14510850743127934,1.0377084935148564,0.21801555612815532,,0.0,0.7366726841155579,0.0,0.01631455900395152,False,False,False
1563,1773733553.110212,1773733553110215008,-0.42,8.409937492055881e-20,0.8749994277780444,-0.41974758766078085,-0.14510850743127934,1.0377084935148564,0.21801555612815532,,0.0,0.7366726841155579,0.0,0.0,False,False,False
1564,1773733553.158084,1773733553158087346,-0.42,8.409937492055881e-20,0.8749994277780444,-0.41974758766078085,-0.14510850743127934,1.0377084935148564,0.21801555612815532,,0.0,0.7366726841155579,0.0,0.0,False,False,False
1565,1773733553.2080145,1773733553208016718,-0.42,8.409937492055881e-20,0.8749994277780444,-0.4192818774479168,-0.13031282008017528,1.0424786248260487,0.21220562721354067,,0.0,0.7268848037951123,0.0,0.015552601162506672,False,False,False
1566,1773733553.2579935,1773733553257995751,-0.42,8.409937492055881e-20,0.8749994277780444,-0.4192818774479168,-0.13031282008017528,1.0424786248260487,0.21220562721354067,,0.0,0.7268848037951123,0.0,0.0,False,False,False
1567,1773733553.307987,1773733553307989993,-0.42,8.409937492055881e-20,0.8749994277780444,-0.4192818774479168,-0.13031282008017528,1.0424786248260487,0.21220562721354067,,0.0,0.7268848037951123,0.0,0.0,False,False,False
1568,1773733553.3580966,1773733553358099575,-0.42,8.409937492055881e-20,0.8749994277780444,-0.41903788835901945,-0.11599839671371842,1.0462424019088,0.2068349822639041,,0.0,0.717391446534695,0.0,0.014802981622575578,False,False,False
1569,1773733553.408085,1773733553408088527,-0.42,8.409937492055881e-20,0.8749994277780444,-0.41903788835901945,-0.11599839671371842,1.0462424019088,0.2068349822639041,,0.0,0.717391446534695,0.0,0.0,False,False,False
1570,1773733553.4579568,1773733553457958750,-0.42,8.409937492055881e-20,0.8749994277780444,-0.41903788835901945,-0.11599839671371842,1.0462424019088,0.2068349822639041,,0.0,0.717391446534695,0.0,0.0,False,False,False
1571,1773733553.5080156,1773733553508017292,-0.42,8.409937492055881e-20,0.8749994277780444,-0.4189611027408222,-0.1023064678127038,1.0491023771346382,0.20193942071445975,,0.0,0.7082741771384437,0.0,0.01398764709856557,False,False,False
1572,1773733553.5579674,1773733553557969844,-0.42,8.409937492055881e-20,0.8749994277780444,-0.4189611027408222,-0.1023064678127038,1.0491023771346382,0.20193942071445975,,0.0,0.7082741771384437,0.0,0.0,False,False,False
1573,1773733553.6080165,1773733553608018896,-0.42,8.409937492055881e-20,0.8749994277780444,-0.4189611027408222,-0.1023064678127038,1.0491023771346382,0.20193942071445975,,0.0,0.7082741771384437,0.0,0.0,False,False,False
1574,1773733553.658073,1773733553658075898,-0.42,8.409937492055881e-20,0.8749994277780444,-0.41900492221528307,-0.08928688055003353,1.0511801395908387,0.19751653204989314,,0.0,0.6995596164566329,0.0,0.013184410091506728,False,False,False
1575,1773733553.708048,1773733553708050941,-0.42,8.409937492055881e-20,0.8749994277780444,-0.41900492221528307,-0.08928688055003353,1.0511801395908387,0.19751653204989314,,0.0,0.6995596164566329,0.0,0.0,False,False,False
1576,1773733553.758003,1773733553758005313,-0.42,8.409937492055881e-20,0.8749994277780444,-0.41900492221528307,-0.08928688055003353,1.0511801395908387,0.19751653204989314,,0.0,0.6995596164566329,0.0,0.0,False,False,False
1577,1773733553.8096476,1773733553809649573,-0.42,8.409937492055881e-20,0.8749994277780444,-0.41913130683373356,-0.07703296085724302,1.0525838507190401,0.19357442743693473,,0.0,0.6913082869859036,0.0,0.012334704124565637,False,False,False
1578,1773733553.8580418,1773733553858045657,-0.42,8.409937492055881e-20,0.8749994277780444,-0.41913130683373356,-0.07703296085724302,1.0525838507190401,0.19357442743693473,,0.0,0.6913082869859036,0.0,0.0,False,False,False
1579,1773733553.9086795,1773733553908682735,-0.42,8.409937492055881e-20,0.8749994277780444,-0.41913130683373356,-0.07703296085724302,1.0525838507190401,0.19357442743693473,,0.0,0.6913082869859036,0.0,0.0,False,False,False
1580,1773733553.9579813,1773733553957984162,-0.42,8.409937492055881e-20,0.8749994277780444,-0.4193095728958892,-0.06559807646434647,1.0534238014175146,0.1901021868207875,,0.0,0.6835581516303366,0.0,0.011467077964490055,False,False,False
1581,1773733554.0080605,1773733554008065084,-0.42,8.409937492055881e-20,0.8749994277780444,-0.4193095728958892,-0.06559807646434647,1.0534238014175146,0.1901021868207875,,0.0,0.6835581516303366,0.0,0.0,False,False,False
1582,1773733554.057937,1773733554057940277,-0.42,8.409937492055881e-20,0.8749994277780444,-0.4193095728958892,-0.06559807646434647,1.0534238014175146,0.1901021868207875,,0.0,0.6835581516303366,0.0,0.0,False,False,False
1583,1773733554.1094332,1773733554109435348,-0.42,8.409937492055881e-20,0.8749994277780444,-0.4195156976543612,-0.05502631784857409,1.0538047058787063,0.18708141992562852,,0.0,0.6763441688562282,0.0,0.010580626439619179,False,False,False
1584,1773733554.158085,1773733554158088691,-0.42,8.409937492055881e-20,0.8749994277780444,-0.4195156976543612,-0.05502631784857409,1.0538047058787063,0.18708141992562852,,0.0,0.6763441688562282,0.0,0.0,False,False,False
1585,1773733554.2079763,1773733554207979434,-0.42,8.409937492055881e-20,0.8749994277780444,-0.4195156976543612,-0.05502631784857409,1.0538047058787063,0.18708141992562852,,0.0,0.6763441688562282,0.0,0.0,False,False,False
1586,1773733554.2591112,1773733554259114048,-0.42,8.409937492055881e-20,0.8749994277780444,-0.419731377203893,-0.045353087982677065,1.053824948411395,0.18448723960632063,,0.0,0.6696978929239366,0.0,0.009675655195732127,False,False,False
1587,1773733554.3081062,1773733554308111148,-0.42,8.409937492055881e-20,0.8749994277780444,-0.419731377203893,-0.045353087982677065,1.053824948411395,0.18448723960632063,,0.0,0.6696978929239366,0.0,0.0,False,False,False
1588,1773733554.3580315,1773733554358034851,-0.42,8.409937492055881e-20,0.8749994277780444,-0.419731377203893,-0.045353087982677065,1.053824948411395,0.18448723960632063,,0.0,0.6696978929239366,0.0,0.0,False,False,False
1589,1773733554.4079723,1773733554407977493,-0.42,8.409937492055881e-20,0.8749994277780444,-0.41994301839820775,-0.03661066743456266,1.0535760061286428,0.18229080764622907,,0.0,0.6636505650802558,0.0,0.008748524521047296,False,False,False
1590,1773733554.459148,1773733554459150997,-0.42,8.409937492055881e-20,0.8749994277780444,-0.41994301839820775,-0.03661066743456266,1.0535760061286428,0.18229080764622907,,0.0,0.6636505650802558,0.0,0.0,False,False,False
1591,1773733554.5079505,1773733554507954308,-0.42,8.409937492055881e-20,0.8749994277780444,-0.41994301839820775,-0.03661066743456266,1.0535760061286428,0.18229080764622907,,0.0,0.6636505650802558,0.0,0.0,False,False,False
1592,1773733554.5591705,1773733554559173402,-0.42,8.409937492055881e-20,0.8749994277780444,-0.42014161445439757,-0.02880051217382608,1.0531403774247317,0.18045411465841382,,0.0,0.6582131455207345,0.0,0.007824815522299345,False,False,False
1593,1773733554.6080596,1773733554608062632,-0.42,8.409937492055881e-20,0.8749994277780444,-0.42014161445439757,-0.02880051217382608,1.0531403774247317,0.18045411465841382,,0.0,0.6582131455207345,0.0,0.0,False,False,False
1594,1773733554.6580951,1773733554658099994,-0.42,8.409937492055881e-20,0.8749994277780444,-0.42014161445439757,-0.02880051217382608,1.0531403774247317,0.18045411465841382,,0.0,0.6582131455207345,0.0,0.0,False,False,False
1595,1773733554.7080064,1773733554708009128,-0.42,8.409937492055881e-20,0.8749994277780444,-0.42032062413392063,-0.021947734493425512,1.0525930106261128,0.17894492593544772,,0.0,0.6534134194613188,0.0,0.006876933678216579,False,False,False
1596,1773733554.758033,1773733554758035450,-0.42,8.409937492055881e-20,0.8749994277780444,-0.42032062413392063,-0.021947734493425512,1.0525930106261128,0.17894492593544772,,0.0,0.6534134194613188,0.0,0.0,False,False,False
1597,1773733554.8079805,1773733554807983383,-0.42,8.409937492055881e-20,0.8749994277780444,-0.42032062413392063,-0.021947734493425512,1.0525930106261128,0.17894492593544772,,0.0,0.6534134194613188,0.0,0.0,False,False,False
1598,1773733554.858152,1773733554858156524,-0.42,8.409937492055881e-20,0.8749994277780444,-0.42047617639473595,-0.016063466054704052,1.0520000285138025,0.17772865370127794,,0.0,0.6492694371726827,0.0,0.005916116914860475,False,False,False
1599,1773733554.908002,1773733554908004597,-0.42,8.409937492055881e-20,0.8749994277780444,-0.42047617639473595,-0.016063466054704052,1.0520000285138025,0.17772865370127794,,0.0,0.6492694371726827,0.0,0.0,False,False,False
1600,1773733554.958123,1773733554958127828,-0.42,8.409937492055881e-20,0.8749994277780444,-0.42047617639473595,-0.016063466054704052,1.0520000285138025,0.17772865370127794,,0.0,0.6492694371726827,0.0,0.0,False,False,False
1601,1773733555.0079777,1773733555007980942,-0.42,8.409937492055881e-20,0.8749994277780444,-0.4206063277484435,-0.011150483624093554,1.0514179090950122,0.17677155163819497,,0.0,0.6457928014840302,0.0,0.004949060391235095,False,False,False
1602,1773733555.0579133,1773733555057915655,-0.42,8.409937492055881e-20,0.8749994277780444,-0.4206063277484435,-0.011150483624093554,1.0514179090950122,0.17677155163819497,,0.0,0.6457928014840302,0.0,0.0,False,False,False
1603,1773733555.1099658,1773733555109968833,-0.42,8.409937492055881e-20,0.8749994277780444,-0.4206063277484435,-0.011150483624093554,1.0514179090950122,0.17677155163819497,,0.0,0.6457928014840302,0.0,0.0,False,False,False
1604,1773733555.1579971,1773733555158000730,-0.42,8.409937492055881e-20,0.8749994277780444,-0.4207102394251568,-0.007213636649648889,1.0508942614529246,0.17604412375103007,,0.0,0.6429955879621707,0.0,0.003972879131035243,False,False,False
1605,1773733555.208052,1773733555208055892,-0.42,8.409937492055881e-20,0.8749994277780444,-0.4207102394251568,-0.007213636649648889,1.0508942614529246,0.17604412375103007,,0.0,0.6429955879621707,0.0,0.0,False,False,False
1606,1773733555.2580237,1773733555258026764,-0.42,8.409937492055881e-20,0.8749994277780444,-0.4207102394251568,-0.007213636649648889,1.0508942614529246,0.17604412375103007,,0.0,0.6429955879621707,0.0,0.0,False,False,False
1607,1773733555.3079593,1773733555307963137,-0.42,8.409937492055881e-20,0.8749994277780444,-0.42078786883516195,-0.004254116824213384,1.0504670756411532,0.17552097793103652,,0.0,0.6408859672474608,0.0,0.0029911990305264563,False,False,False
1608,1773733555.3579917,1773733555357995230,-0.42,8.409937492055881e-20,0.8749994277780444,-0.42078786883516195,-0.004254116824213384,1.0504670756411532,0.17552097793103652,,0.0,0.6408859672474608,0.0,0.0,False,False,False
1609,1773733555.4080176,1773733555408021222,-0.42,8.409937492055881e-20,0.8749994277780444,-0.42078786883516195,-0.004254116824213384,1.0504670756411532,0.17552097793103652,,0.0,0.6408859672474608,0.0,0.0,False,False,False
1610,1773733555.4580832,1773733555458086044,-0.42,8.409937492055881e-20,0.8749994277780444,-0.4208394847197284,-0.002273833901050443,1.0501651460774581,0.17518248748820126,,0.0,0.6394710375869247,0.0,0.002003832856488634,False,False,False
1611,1773733555.507994,1773733555507996458,-0.42,8.409937492055881e-20,0.8749994277780444,-0.4208394847197284,-0.002273833901050443,1.0501651460774581,0.17518248748820126,,0.0,0.6394710375869247,0.0,0.0,False,False,False
1612,1773733555.5580971,1773733555558099639,-0.42,8.409937492055881e-20,0.8749994277780444,-0.4208670723439329,-0.0012104390820527442,1.0499976842918664,0.1750045906829258,,0.0,0.6387101147166157,0.0,0.0010768533176407963,False,False,False
1613,1773733555.6081958,1773733555608200501,-0.42,8.409937492055881e-20,0.8749994277780444,-0.4208670723439329,-0.0012104390820527442,1.0499976842918664,0.1750045906829258,,0.0,0.6387101147166157,0.0,0.0,False,False,False
1614,1773733555.6580305,1773733555658034195,-0.42,8.409937492055881e-20,0.8749994277780444,-0.4208670723439329,-0.0012104390820527442,1.0499976842918664,0.1750045906829258,,0.0,0.6387101147166157,0.0,0.0,False,False,False
1615,1773733555.7080312,1773733555708035098,-0.42,8.409937492055881e-20,0.8749994277780444,-0.4208802387050312,-0.0007015722806496092,1.0499162308761274,0.1749204248505484,,0.0,0.6383457114444829,0.0,0.0005155127870095675,False,False,False
1616,1773733555.7579746,1773733555757976971,-0.42,8.409937492055881e-20,0.8749994277780444,-0.4208802387050312,-0.0007015722806496092,1.0499162308761274,0.1749204248505484,,0.0,0.6383457114444829,0.0,0.0,False,False,False
1617,1773733555.8102205,1773733555810224607,-0.42,8.409937492055881e-20,0.8749994277780444,-0.4208802387050312,-0.0007015722806496092,1.0499162308761274,0.1749204248505484,,0.0,0.6383457114444829,0.0,0.0,False,False,False
1618,1773733555.858046,1773733555858049225,-0.42,8.409937492055881e-20,0.8749994277780444,-0.42088652772443635,-0.0004581829188076951,1.0498769702928248,0.17488038980686801,,0.0,0.6381713545354875,0.0,0.0002466157469103582,False,False,False
1619,1773733555.9080312,1773733555908033488,-0.42,8.409937492055881e-20,0.8749994277780444,-0.42088652772443635,-0.0004581829188076951,1.0498769702928248,0.17488038980686801,,0.0,0.6381713545354875,0.0,0.0,False,False,False
1620,1773733555.9580877,1773733555958091310,-0.42,8.409937492055881e-20,0.8749994277780444,-0.42088652772443635,-0.0004581829188076951,1.0498769702928248,0.17488038980686801,,0.0,0.6381713545354875,0.0,0.0,False,False,False
1621,1773733556.0079746,1773733556007977873,-0.42,8.409937492055881e-20,0.8749994277780444,-0.42088953377737637,-0.000341770621119873,1.049858123066268,0.1748612918727252,,0.0,0.6380879455563772,0.0,0.00011796642469837838,False,False,False
1622,1773733556.0579243,1773733556057927146,-0.42,8.409937492055881e-20,0.8749994277780444,-0.42088953377737637,-0.000341770621119873,1.049858123066268,0.1748612918727252,,0.0,0.6380879455563772,0.0,0.0,False,False,False
1623,1773733556.1080568,1773733556108060168,-0.42,8.409937492055881e-20,0.8749994277780444,-0.42088953377737637,-0.000341770621119873,1.049858123066268,0.1748612918727252,,0.0,0.6380879455563772,0.0,0.0,False,False,False
1624,1773733556.1579382,1773733556157942192,-0.42,8.409937492055881e-20,0.8749994277780444,-0.4208909711089756,-0.0002860910056270814,1.0498490927087274,0.17485216899985154,,0.0,0.6380480479601673,0.0,5.642546287681559e-05,False,False,False
1625,1773733556.207931,1773733556207933984,-0.42,8.409937492055881e-20,0.8749994277780444,-0.4208909711089756,-0.0002860910056270814,1.0498490927087274,0.17485216899985154,,0.0,0.6380480479601673,0.0,0.0,False,False,False
1626,1773733556.2580788,1773733556258081776,-0.42,8.409937492055881e-20,0.8749994277780444,-0.4208909711089756,-0.0002860910056270814,1.0498490927087274,0.17485216899985154,,0.0,0.6380480479601673,0.0,0.0,False,False,False
1627,1773733556.3080232,1773733556308026309,-0.42,8.409937492055881e-20,0.8749994277780444,-0.4208916584758231,-0.00025945962481724023,1.0498447699050408,0.17484780821514706,,0.0,0.6380289642997315,0.0,2.698869297936405e-05,False,False,False
1628,1773733556.3580842,1773733556358088821,-0.42,8.409937492055881e-20,0.8749994277780444,-0.4208916584758231,-0.00025945962481724023,1.0498447699050408,0.17484780821514706,,0.0,0.6380289642997315,0.0,0.0,False,False,False
1629,1773733556.408034,1773733556408037894,-0.42,8.409937492055881e-20,0.8749994277780444,-0.4208919872173153,-0.0002467219195460042,1.0498427014952056,0.17484572307333002,,0.0,0.6380198364693839,0.0,1.2908738350120236e-05,False,False,False
1630,1773733556.4580882,1773733556458091237,-0.42,8.409937492055881e-20,0.8749994277780444,-0.4208919872173153,-0.0002467219195460042,1.0498427014952056,0.17484572307333002,,0.0,0.6380198364693839,0.0,0.0,False,False,False
1631,1773733556.5079741,1773733556507976330,-0.42,8.409937492055881e-20,0.8749994277780444,-0.4208919872173153,-0.0002467219195460042,1.0498427014952056,0.17484572307333002,,0.0,0.6380198364693839,0.0,0.0,False,False,False
1632,1773733556.5579383,1773733556557941053,-0.42,8.409937492055881e-20,0.8749994277780444,-0.4208919872173153,-0.0002467219195460042,1.0498427014952056,0.17484572307333002,,0.0,0.6380198364693839,0.0,0.0,False,False,False
1633,1773733556.608555,1773733556608559692,-0.42,8.409937492055881e-20,0.8749994277780444,-0.42089214444787254,-0.00024062951498142867,1.049841711992176,0.1748447258955628,,0.0,0.6380154706164591,0.0,6.174239311238869e-06,False,False,False
1634,1773733556.6580005,1773733556658004548,-0.42,8.409937492055881e-20,0.8749994277780444,-0.42089214444787254,-0.00024062951498142867,1.049841711992176,0.1748447258955628,,0.0,0.6380154706164591,0.0,0.0,False,False,False
1635,1773733556.7079206,1773733556707925462,-0.42,8.409937492055881e-20,0.8749994277780444,-0.42089214444787254,-0.00024062951498142867,1.049841711992176,0.1748447258955628,,0.0,0.6380154706164591,0.0,0.0,False,False,False
1636,1773733556.7580552,1773733556758058073,-0.42,8.409937492055881e-20,0.8749994277780444,-0.4208660897870503,-0.0002964864425305079,1.0498543527643942,0.17485732128713355,,0.0,0.6380420948577914,0.0,6.291765116451267e-05,False,False,False
1637,1773733556.8080208,1773733556808023366,-0.42,8.409937492055881e-20,0.8749994277780444,-0.4208660897870503,-0.0002964864425305079,1.0498543527643942,0.17485732128713355,,0.0,0.6380420948577914,0.0,0.0,False,False,False
1638,1773733556.858041,1773733556858045489,-0.42,8.409937492055881e-20,0.8749994277780444,-0.4208660897870503,-0.0002964864425305079,1.0498543527643942,0.17485732128713355,,0.0,0.6380420948577914,0.0,0.0,False,False,False
1639,1773733556.9079273,1773733556907930432,-0.42,8.409937492055881e-20,0.8749994277780444,-0.42063865906287917,-0.0007874520064767476,1.049964595814587,0.17496810564247603,,0.0,0.6382769140004463,0.0,0.0005522005517869819,False,False,False
1640,1773733556.9585986,1773733556958603210,-0.42,8.409937492055881e-20,0.8749994277780444,-0.42063865906287917,-0.0007874520064767476,1.049964595814587,0.17496810564247603,,0.0,0.6382769140004463,0.0,0.0,False,False,False
1641,1773733557.0080266,1773733557008029797,-0.42,8.409937492055881e-20,0.8749994277780444,-0.42063865906287917,-0.0007874520064767476,1.049964595814587,0.17496810564247603,,0.0,0.6382769140004463,0.0,0.0,False,False,False
1642,1773733557.0579543,1773733557057956121,-0.42,8.409937492055881e-20,0.8749994277780444,-0.420059669432703,-0.002034996479138897,1.050239747209195,0.17525214499526973,,0.0,0.6388725027134033,0.0,0.0014026063214873418,False,False,False
1643,1773733557.1079984,1773733557108000373,-0.42,8.409937492055881e-20,0.8749994277780444,-0.420059669432703,-0.002034996479138897,1.050239747209195,0.17525214499526973,,0.0,0.6388725027134033,0.0,0.0,False,False,False
1644,1773733557.1580467,1773733557158049256,-0.42,8.409937492055881e-20,0.8749994277780444,-0.420059669432703,-0.002034996479138897,1.050239747209195,0.17525214499526973,,0.0,0.6388725027134033,0.0,0.0,False,False,False
1645,1773733557.207963,1773733557207965639,-0.42,8.409937492055881e-20,0.8749994277780444,-0.41905500187232775,-0.004195099331160159,1.0506990801439429,0.17575226804043576,,0.0,0.6399009034554722,0.0,0.0024261879529675267,False,False,False
1646,1773733557.2580101,1773733557258013082,-0.42,8.409937492055881e-20,0.8749994277780444,-0.41905500187232775,-0.004195099331160159,1.0506990801439429,0.17575226804043576,,0.0,0.6399009034554722,0.0,0.0,False,False,False
1647,1773733557.3079853,1773733557307989065,-0.42,8.409937492055881e-20,0.8749994277780444,-0.41905500187232775,-0.004195099331160159,1.0506990801439429,0.17575226804043576,,0.0,0.6399009034554722,0.0,0.0,False,False,False
1648,1773733557.3580034,1773733557358005548,-0.42,8.409937492055881e-20,0.8749994277780444,-0.4175871229171555,-0.007341856699570796,1.0513294671184723,0.1764993133397714,,0.0,0.6413928930455326,0.0,0.003529042122211154,False,False,False
1649,1773733557.407958,1773733557407960061,-0.42,8.409937492055881e-20,0.8749994277780444,-0.4175871229171555,-0.007341856699570796,1.0513294671184723,0.1764993133397714,,0.0,0.6413928930455326,0.0,0.0,False,False,False
1650,1773733557.4583876,1773733557458390021,-0.42,8.409937492055881e-20,0.8749994277780444,-0.4175871229171555,-0.007341856699570796,1.0513294671184723,0.1764993133397714,,0.0,0.6413928930455326,0.0,0.0,False,False,False
1651,1773733557.5119586,1773733557511963187,-0.42,8.409937492055881e-20,0.8749994277780444,-0.41563541644239993,-0.01151086095413786,1.0520939759304746,0.1775219099008632,,0.0,0.6433588562219988,0.0,0.004666286356604172,False,False,False
1652,1773733557.5580406,1773733557558043899,-0.42,8.409937492055881e-20,0.8749994277780444,-0.41563541644239993,-0.01151086095413786,1.0520939759304746,0.1775219099008632,,0.0,0.6433588562219988,0.0,0.0,False,False,False
1653,1773733557.60812,1773733557608123121,-0.42,8.409937492055881e-20,0.8749994277780444,-0.41563541644239993,-0.01151086095413786,1.0520939759304746,0.1775219099008632,,0.0,0.6433588562219988,0.0,0.0,False,False,False
1654,1773733557.657984,1773733557657986795,-0.42,8.409937492055881e-20,0.8749994277780444,-0.4131880587043652,-0.016718564342546212,1.0529360456685568,0.17885008505506853,,0.0,0.645798496065247,0.0,0.005815394734955842,False,False,False
1655,1773733557.7081227,1773733557708127587,-0.42,8.409937492055881e-20,0.8749994277780444,-0.4131880587043652,-0.016718564342546212,1.0529360456685568,0.17885008505506853,,0.0,0.645798496065247,0.0,0.0,False,False,False
1656,1773733557.757967,1773733557757969311,-0.42,8.409937492055881e-20,0.8749994277780444,-0.4102391700511597,-0.02297098455692173,1.0537816850705752,0.18051602548088969,,0.0,0.6487056686297159,0.0,0.006964467590877425,False,False,False
1657,1773733557.8080304,1773733557808033113,-0.42,8.409937492055881e-20,0.8749994277780444,-0.4102391700511597,-0.02297098455692173,1.0537816850705752,0.18051602548088969,,0.0,0.6487056686297159,0.0,0.0,False,False,False
1658,1773733557.858059,1773733557858062096,-0.42,8.409937492055881e-20,0.8749994277780444,-0.4102391700511597,-0.02297098455692173,1.0537816850705752,0.18051602548088969,,0.0,0.6487056686297159,0.0,0.0,False,False,False
1659,1773733557.9079301,1773733557907932340,-0.42,8.409937492055881e-20,0.8749994277780444,-0.4067886798254661,-0.030267204938446347,1.054540757233197,0.18255336660292962,,0.0,0.6520709086354214,0.0,0.008106596400552411,False,False,False
1660,1773733557.9579806,1773733557957983462,-0.42,8.409937492055881e-20,0.8749994277780444,-0.4067886798254661,-0.030267204938446347,1.054540757233197,0.18255336660292962,,0.0,0.6520709086354214,0.0,0.0,False,False,False
1661,1773733558.0078428,1773733558007845037,-0.42,8.409937492055881e-20,0.8749994277780444,-0.4067886798254661,-0.030267204938446347,1.054540757233197,0.18255336660292962,,0.0,0.6520709086354214,0.0,0.0,False,False,False
1662,1773733558.0579832,1773733558057986079,-0.42,8.409937492055881e-20,0.8749994277780444,-0.4028436722256579,-0.03860027985633794,1.0551079574784334,0.18499568551326862,,0.0,0.6558828788311115,0.0,0.009237149921265468,False,False,False
1663,1773733558.1079457,1773733558107948092,-0.42,8.409937492055881e-20,0.8749994277780444,-0.4028436722256579,-0.03860027985633794,1.0551079574784334,0.18499568551326862,,0.0,0.6558828788311115,0.0,0.0,False,False,False
1664,1773733558.158664,1773733558158666560,-0.42,8.409937492055881e-20,0.8749994277780444,-0.4028436722256579,-0.03860027985633794,1.0551079574784334,0.18499568551326862,,0.0,0.6558828788311115,0.0,0.0,False,False,False
1665,1773733558.2093465,1773733558209349918,-0.42,8.409937492055881e-20,0.8749994277780444,-0.39842060635537496,-0.04795679967679196,1.0553638571098216,0.18787456515847825,,0.0,0.6601293322382824,0.0,0.010352461517183024,False,False,False
1666,1773733558.2580705,1773733558258074580,-0.42,8.409937492055881e-20,0.8749994277780444,-0.39842060635537496,-0.04795679967679196,1.0553638571098216,0.18787456515847825,,0.0,0.6601293322382824,0.0,0.0,False,False,False
1667,1773733558.3079975,1773733558308000684,-0.42,8.409937492055881e-20,0.8749994277780444,-0.39842060635537496,-0.04795679967679196,1.0553638571098216,0.18787456515847825,,0.0,0.6601293322382824,0.0,0.0,False,False,False
1668,1773733558.3580134,1773733558358017197,-0.42,8.409937492055881e-20,0.8749994277780444,-0.3935487883110941,-0.058314233684494295,1.055176330083874,0.19121697773614546,,0.0,0.6647971939313557,0.0,0.011447541948643407,False,False,False
1669,1773733558.4079874,1773733558407990510,-0.42,8.409937492055881e-20,0.8749994277780444,-0.3935487883110941,-0.058314233684494295,1.055176330083874,0.19121697773614546,,0.0,0.6647971939313557,0.0,0.0,False,False,False
1670,1773733558.457854,1773733558457856434,-0.42,8.409937492055881e-20,0.8749994277780444,-0.3935487883110941,-0.058314233684494295,1.055176330083874,0.19121697773614546,,0.0,0.6647971939313557,0.0,0.0,False,False,False
1671,1773733558.508038,1773733558508041346,-0.42,8.409937492055881e-20,0.8749994277780444,-0.388270756017339,-0.06964517199525025,1.054402273652822,0.19504506149587184,,0.0,0.6698758491690266,0.0,0.012523855287192163,False,False,False
1672,1773733558.5579479,1773733558557953699,-0.42,8.409937492055881e-20,0.8749994277780444,-0.388270756017339,-0.06964517199525025,1.054402273652822,0.19504506149587184,,0.0,0.6698758491690266,0.0,0.0,False,False,False
1673,1773733558.6079926,1773733558607994912,-0.42,8.409937492055881e-20,0.8749994277780444,-0.3826491004656877,-0.08190808852926111,1.0528901215735007,0.19937182248644958,,0.0,0.6753544298134785,0.0,0.013574562128206017,False,False,False
1674,1773733558.6580732,1773733558658076214,-0.42,8.409937492055881e-20,0.8749994277780444,-0.3826491004656877,-0.08190808852926111,1.0528901215735007,0.19937182248644958,,0.0,0.6753544298134785,0.0,0.0,False,False,False
1675,1773733558.7116427,1773733558711646981,-0.42,8.409937492055881e-20,0.8749994277780444,-0.3826491004656877,-0.08190808852926111,1.0528901215735007,0.19937182248644958,,0.0,0.6753544298134785,0.0,0.0,False,False,False
1676,1773733558.758052,1773733558758055431,-0.42,8.409937492055881e-20,0.8749994277780444,-0.3767689286970029,-0.09504714024078521,1.0504836675944311,0.20419990895661888,,0.0,0.6812232255413876,0.0,0.014594592171784783,False,False,False
1677,1773733558.8080113,1773733558808013754,-0.42,8.409937492055881e-20,0.8749994277780444,-0.3767689286970029,-0.09504714024078521,1.0504836675944311,0.20419990895661888,,0.0,0.6812232255413876,0.0,0.0,False,False,False
1678,1773733558.8595612,1773733558859563326,-0.42,8.409937492055881e-20,0.8749994277780444,-0.3767689286970029,-0.09504714024078521,1.0504836675944311,0.20419990895661888,,0.0,0.6812232255413876,0.0,0.0,False,False,False
1679,1773733558.9080684,1773733558908072250,-0.42,8.409937492055881e-20,0.8749994277780444,-0.3707402924154976,-0.10899166167120039,1.0470264196278922,0.2095208510627706,,0.0,0.6874748812919124,0.0,0.015580330447077415,False,False,False
1680,1773733558.9590633,1773733558959068535,-0.42,8.409937492055881e-20,0.8749994277780444,-0.3707402924154976,-0.10899166167120039,1.0470264196278922,0.2095208510627706,,0.0,0.6874748812919124,0.0,0.0,False,False,False
1681,1773733559.0079682,1773733559007971097,-0.42,8.409937492055881e-20,0.8749994277780444,-0.36469891752205275,-0.12365925294516461,1.0423651830268081,0.21531631752419048,,0.0,0.6941071085295841,0.0,0.016533710141238812,False,False,False
1682,1773733559.058003,1773733559058006350,-0.42,8.409937492055881e-20,0.8749994277780444,-0.36469891752205275,-0.12365925294516461,1.0423651830268081,0.21531631752419048,,0.0,0.6941071085295841,0.0,0.0,False,False,False
1683,1773733559.1083732,1773733559108376490,-0.42,8.409937492055881e-20,0.8749994277780444,-0.36469891752205275,-0.12365925294516461,1.0423651830268081,0.21531631752419048,,0.0,0.6941071085295841,0.0,0.0,False,False,False
1684,1773733559.158225,1773733559158272004,-0.42,8.409937492055881e-20,0.8749994277780444,-0.35881485284085507,-0.13893954040843579,1.0363607562590986,0.22155201748339884,,0.0,0.7011166700902853,0.0,0.01744025638978701,False,False,False
1685,1773733559.208099,1773733559208102669,-0.42,8.409937492055881e-20,0.8749994277780444,-0.35881485284085507,-0.13893954040843579,1.0363607562590986,0.22155201748339884,,0.0,0.7011166700902853,0.0,0.0,False,False,False
1686,1773733559.258146,1773733559258150201,-0.42,8.409937492055881e-20,0.8749994277780444,-0.35881485284085507,-0.13893954040843579,1.0363607562590986,0.22155201748339884,,0.0,0.7011166700902853,0.0,0.0,False,False,False
1687,1773733559.3080266,1773733559308029016,-0.42,8.409937492055881e-20,0.8749994277780444,-0.35329623730738746,-0.15467747630523357,1.0289069723623272,0.22817108912715356,,0.0,0.7084914023977678,0.0,0.018267365384141063,False,False,False
1688,1773733559.3579707,1773733559357973609,-0.42,8.409937492055881e-20,0.8749994277780444,-0.35329623730738746,-0.15467747630523357,1.0289069723623272,0.22817108912715356,,0.0,0.7084914023977678,0.0,0.0,False,False,False
1689,1773733559.4080055,1773733559408008362,-0.42,8.409937492055881e-20,0.8749994277780444,-0.35329623730738746,-0.15467747630523357,1.0289069723623272,0.22817108912715356,,0.0,0.7084914023977678,0.0,0.0,False,False,False
1690,1773733559.4579737,1773733559457976486,-0.42,8.409937492055881e-20,0.8749994277780444,-0.34835921139518344,-0.17076249561802576,1.019895001070827,0.2351317921112762,,0.0,0.7162527234246028,0.0,0.019087108154707346,False,False,False
1691,1773733559.5080233,1773733559508026088,-0.42,8.409937492055881e-20,0.8749994277780444,-0.34835921139518344,-0.17076249561802576,1.019895001070827,0.2351317921112762,,0.0,0.7162527234246028,0.0,0.0,False,False,False
1692,1773733559.5579362,1773733559557938882,-0.42,8.409937492055881e-20,0.8749994277780444,-0.34425099490379996,-0.1870671115175645,1.0092384891450585,0.2423884105754358,,0.0,0.724428169521092,0.0,0.01990676238858574,False,False,False
1693,1773733559.6085157,1773733559608518911,-0.42,8.409937492055881e-20,0.8749994277780444,-0.34425099490379996,-0.1870671115175645,1.0092384891450585,0.2423884105754358,,0.0,0.724428169521092,0.0,0.0,False,False,False
1694,1773733559.6580267,1773733559658029518,-0.42,8.409937492055881e-20,0.8749994277780444,-0.34425099490379996,-0.1870671115175645,1.0092384891450585,0.2423884105754358,,0.0,0.724428169521092,0.0,0.0,False,False,False
1695,1773733559.7081149,1773733559708117961,-0.42,8.409937492055881e-20,0.8749994277780444,-0.34130123937352397,-0.20332543704747927,0.9969722633660266,0.24982413993860716,,0.0,0.7329991474952327,0.0,0.02057898203476691,False,False,False
1696,1773733559.7580237,1773733559758027015,-0.42,8.409937492055881e-20,0.8749994277780444,-0.34130123937352397,-0.20332543704747927,0.9969722633660266,0.24982413993860716,,0.0,0.7329991474952327,0.0,0.0,False,False,False
1697,1773733559.8080215,1773733559808023948,-0.42,8.409937492055881e-20,0.8749994277780444,-0.34003664972458125,-0.21927033651311853,0.9832174026704188,0.25726396551334607,,0.0,0.742037004521726,0.0,0.021095857382555785,False,False,False
1698,1773733559.8579524,1773733559857954722,-0.42,8.409937492055881e-20,0.8749994277780444,-0.34003664972458125,-0.21927033651311853,0.9832174026704188,0.25726396551334607,,0.0,0.742037004521726,0.0,0.0,False,False,False
1699,1773733559.9079986,1773733559908001934,-0.42,8.409937492055881e-20,0.8749994277780444,-0.34003664972458125,-0.21927033651311853,0.9832174026704188,0.25726396551334607,,0.0,0.742037004521726,0.0,0.0,False,False,False
1700,1773733559.9579241,1773733559957926168,-0.42,8.409937492055881e-20,0.8749994277780444,-0.3409422644018465,-0.23462182104419826,0.9681930065774477,0.264542184910921,,0.0,0.7515903409826784,0.0,0.021499318435944537,False,False,False
1701,1773733560.0080442,1773733560008047931,-0.42,8.409937492055881e-20,0.8749994277780444,-0.3409422644018465,-0.23462182104419826,0.9681930065774477,0.264542184910921,,0.0,0.7515903409826784,0.0,0.0,False,False,False
1702,1773733560.0602567,1773733560060259478,-0.42,8.409937492055881e-20,0.8749994277780444,-0.3409422644018465,-0.23462182104419826,0.9681930065774477,0.264542184910921,,0.0,0.7515903409826784,0.0,0.0,False,False,False
1703,1773733560.1080554,1773733560108058777,-0.42,8.409937492055881e-20,0.8749994277780444,-0.34425217543796605,-0.2490874296749766,0.9521984888498933,0.27155473772030225,,0.0,0.7615966775225977,0.0,0.021818202067606866,False,False,False
1704,1773733560.157977,1773733560157981671,-0.42,8.409937492055881e-20,0.8749994277780444,-0.34425217543796605,-0.2490874296749766,0.9521984888498933,0.27155473772030225,,0.0,0.7615966775225977,0.0,0.0,False,False,False
1705,1773733560.2079084,1773733560207910665,-0.42,8.409937492055881e-20,0.8749994277780444,-0.34425217543796605,-0.2490874296749766,0.9521984888498933,0.27155473772030225,,0.0,0.7615966775225977,0.0,0.0,False,False,False
1706,1773733560.2580404,1773733560258043058,-0.42,8.409937492055881e-20,0.8749994277780444,-0.34990955628881926,-0.26227845306766495,0.9357262498216206,0.2781913085606912,,0.0,0.7718179550862553,0.0,0.021848197061602237,False,False,False
1707,1773733560.3079894,1773733560307992041,-0.42,8.409937492055881e-20,0.8749994277780444,-0.34990955628881926,-0.26227845306766495,0.9357262498216206,0.2781913085606912,,0.0,0.7718179550862553,0.0,0.0,False,False,False
1708,1773733560.3579638,1773733560357966985,-0.42,8.409937492055881e-20,0.8749994277780444,-0.3577174320892355,-0.2739454752807245,0.919222735501824,0.2843957500357084,,0.0,0.7820440534454376,0.0,0.021666756027114008,False,False,False
1709,1773733560.4080024,1773733560408006048,-0.42,8.409937492055881e-20,0.8749994277780444,-0.3577174320892355,-0.2739454752807245,0.919222735501824,0.2843957500357084,,0.0,0.7820440534454376,0.0,0.0,False,False,False
1710,1773733560.458061,1773733560458063671,-0.42,8.409937492055881e-20,0.8749994277780444,-0.3577174320892355,-0.2739454752807245,0.919222735501824,0.2843957500357084,,0.0,0.7820440534454376,0.0,0.0,False,False,False
1711,1773733560.5080714,1773733560508075034,-0.42,8.409937492055881e-20,0.8749994277780444,-0.36743941018997245,-0.2839465259712827,0.9030824456023339,0.29013255781186925,,0.0,0.7921130761981289,0.0,0.021331826718448348,False,False,False
1712,1773733560.5582006,1773733560558204016,-0.42,8.409937492055881e-20,0.8749994277780444,-0.36743941018997245,-0.2839465259712827,0.9030824456023339,0.29013255781186925,,0.0,0.7921130761981289,0.0,0.0,False,False,False
1713,1773733560.6079535,1773733560607957862,-0.42,8.409937492055881e-20,0.8749994277780444,-0.36743941018997245,-0.2839465259712827,0.9030824456023339,0.29013255781186925,,0.0,0.7921130761981289,0.0,0.0,False,False,False
1714,1773733560.657933,1773733560657935285,-0.42,8.409937492055881e-20,0.8749994277780444,-0.37903421852092184,-0.2922950195006269,0.8875152203029945,0.29541702513496243,,0.0,0.8020412588226192,0.0,0.02112996516706424,False,False,False
1715,1773733560.7113013,1773733560711304424,-0.42,8.409937492055881e-20,0.8749994277780444,-0.37903421852092184,-0.2922950195006269,0.8875152203029945,0.29541702513496243,,0.0,0.8020412588226192,0.0,0.0,False,False,False
1716,1773733560.7580597,1773733560758063111,-0.42,8.409937492055881e-20,0.8749994277780444,-0.37903421852092184,-0.2922950195006269,0.8875152203029945,0.29541702513496243,,0.0,0.8020412588226192,0.0,0.0,False,False,False
1717,1773733560.8080745,1773733560808076934,-0.42,8.409937492055881e-20,0.8749994277780444,-0.3922338547293496,-0.29891174271995313,0.8728916527876021,0.3002059817433368,,0.0,0.8116881513518214,0.0,0.020781245128077552,False,False,False
1718,1773733560.8579736,1773733560857976199,-0.42,8.409937492055881e-20,0.8749994277780444,-0.3922338547293496,-0.29891174271995313,0.8728916527876021,0.3002059817433368,,0.0,0.8116881513518214,0.0,0.0,False,False,False
1719,1773733560.9079676,1773733560907970372,-0.42,8.409937492055881e-20,0.8749994277780444,-0.40682098974310626,-0.30380385689592465,0.8594781457846595,0.30448543474345197,,0.0,0.8209852066037848,0.0,0.02041174806669669,False,False,False
1720,1773733560.9579568,1773733560957959365,-0.42,8.409937492055881e-20,0.8749994277780444,-0.40682098974310626,-0.30380385689592465,0.8594781457846595,0.30448543474345197,,0.0,0.8209852066037848,0.0,0.0,False,False,False
1721,1773733561.008057,1773733561008061318,-0.42,8.409937492055881e-20,0.8749994277780444,-0.40682098974310626,-0.30380385689592465,0.8594781457846595,0.30448543474345197,,0.0,0.8209852066037848,0.0,0.0,False,False,False
1722,1773733561.057969,1773733561057971092,-0.42,8.409937492055881e-20,0.8749994277780444,-0.4225383473110055,-0.30699729336206305,0.8475339544450927,0.30823389424932973,,0.0,0.829854389865501,0.0,0.019997426637861283,False,False,False
1723,1773733561.1080542,1773733561108057225,-0.42,8.409937492055881e-20,0.8749994277780444,-0.4225383473110055,-0.30699729336206305,0.8475339544450927,0.30823389424932973,,0.0,0.829854389865501,0.0,0.0,False,False,False
1724,1773733561.158006,1773733561158008979,-0.42,8.409937492055881e-20,0.8749994277780444,-0.4225383473110055,-0.30699729336206305,0.8475339544450927,0.30823389424932973,,0.0,0.829854389865501,0.0,0.0,False,False,False
1725,1773733561.207932,1773733561207935413,-0.42,8.409937492055881e-20,0.8749994277780444,-0.439064891553512,-0.3085414750915959,0.837317932528948,0.31141805828476415,,0.0,0.8381989000770039,0.0,0.01949046601814584,False,False,False
1726,1773733561.259017,1773733561259019789,-0.42,8.409937492055881e-20,0.8749994277780444,-0.439064891553512,-0.3085414750915959,0.837317932528948,0.31141805828476415,,0.0,0.8381989000770039,0.0,0.0,False,False,False
1727,1773733561.3080523,1773733561308055970,-0.42,8.409937492055881e-20,0.8749994277780444,-0.45598774803221326,-0.3085167316194993,0.8291083371706389,0.3139803877549445,,0.0,0.8458922517528061,0.0,0.018809070673090213,False,False,False
1728,1773733561.358705,1773733561358707308,-0.42,8.409937492055881e-20,0.8749994277780444,-0.45598774803221326,-0.3085167316194993,0.8291083371706389,0.3139803877549445,,0.0,0.8458922517528061,0.0,0.0,False,False,False
1729,1773733561.4080238,1773733561408026567,-0.42,8.409937492055881e-20,0.8749994277780444,-0.45598774803221326,-0.3085167316194993,0.8291083371706389,0.3139803877549445,,0.0,0.8458922517528061,0.0,0.0,False,False,False
1730,1773733561.4581513,1773733561458154669,-0.42,8.409937492055881e-20,0.8749994277780444,-0.4727776174059555,-0.3070408547804569,0.8232456098768381,0.315813269307536,,0.0,0.8527665875094422,0.0,0.017845153329484876,False,False,False
1731,1773733561.5080118,1773733561508013564,-0.42,8.409937492055881e-20,0.8749994277780444,-0.4727776174059555,-0.3070408547804569,0.8232456098768381,0.315813269307536,,0.0,0.8527665875094422,0.0,0.0,False,False,False
1732,1773733561.5579367,1773733561557939908,-0.42,8.409937492055881e-20,0.8749994277780444,-0.49010341786726863,-0.30392560640682403,0.8202541882751535,0.3166738143179153,,0.0,0.859020950437454,0.0,0.017856000035105478,False,False,False
1733,1773733561.6080391,1773733561608042361,-0.42,8.409937492055881e-20,0.8749994277780444,-0.49010341786726863,-0.30392560640682403,0.8202541882751535,0.3166738143179153,,0.0,0.859020950437454,0.0,0.0,False,False,False
1734,1773733561.6584163,1773733561658419002,-0.42,8.409937492055881e-20,0.8749994277780444,-0.49010341786726863,-0.30392560640682403,0.8202541882751535,0.3166738143179153,,0.0,0.859020950437454,0.0,0.0,False,False,False
1735,1773733561.708021,1773733561708023508,-0.42,8.409937492055881e-20,0.8749994277780444,-0.49010341786726863,-0.30392560640682403,0.8202541882751535,0.3166738143179153,,0.0,0.859020950437454,0.0,0.0,False,False,False
1736,1773733561.7579646,1773733561757967512,-0.42,8.409937492055881e-20,0.8749994277780444,-0.5079315278654408,-0.2991731066909875,0.8200744750490213,0.31662793905808945,,0.0,0.8646687305212454,0.0,0.018451559730808677,False,False,False
1737,1773733561.8080118,1773733561808015825,-0.42,8.409937492055881e-20,0.8749994277780444,-0.5079315278654408,-0.2991731066909875,0.8200744750490213,0.31662793905808945,,0.0,0.8646687305212454,0.0,0.0,False,False,False
1738,1773733561.8580577,1773733561858062399,-0.42,8.409937492055881e-20,0.8749994277780444,-0.5255102500909263,-0.29298036045037684,0.8224978315800218,0.3157947467695161,,0.0,0.869500557923241,0.0,0.01879452680856101,False,False,False
1739,1773733561.9080725,1773733561908075442,-0.42,8.409937492055881e-20,0.8749994277780444,-0.5255102500909263,-0.29298036045037684,0.8224978315800218,0.3157947467695161,,0.0,0.869500557923241,0.0,0.0,False,False,False
1740,1773733561.9580386,1773733561958041846,-0.42,8.409937492055881e-20,0.8749994277780444,-0.5255102500909263,-0.29298036045037684,0.8224978315800218,0.3157947467695161,,0.0,0.869500557923241,0.0,0.0,False,False,False
1741,1773733562.007972,1773733562007974900,-0.42,8.409937492055881e-20,0.8749994277780444,-0.5423161049238111,-0.2854919931725923,0.8273891397197551,0.3142191070230859,,0.0,0.8733697427362315,0.0,0.019037786018043512,False,False,False
1742,1773733562.058,1773733562058002643,-0.42,8.409937492055881e-20,0.8749994277780444,-0.5423161049238111,-0.2854919931725923,0.8273891397197551,0.3142191070230859,,0.0,0.8733697427362315,0.0,0.0,False,False,False
1743,1773733562.1080172,1773733562108020117,-0.42,8.409937492055881e-20,0.8749994277780444,-0.557933558505086,-0.2768315720895148,0.834614137201954,0.31191722870393596,,0.0,0.8761584348113,0.0,0.019264172401566266,False,False,False
1744,1773733562.1581733,1773733562158176500,-0.42,8.409937492055881e-20,0.8749994277780444,-0.557933558505086,-0.2768315720895148,0.834614137201954,0.31191722870393596,,0.0,0.8761584348113,0.0,0.0,False,False,False
1745,1773733562.208,1773733562208002434,-0.42,8.409937492055881e-20,0.8749994277780444,-0.5720100034400729,-0.26711326772073485,0.8440079355661401,0.30889644142951933,,0.0,0.8777646702415988,0.0,0.01951499909092881,False,False,False
1746,1773733562.2580562,1773733562258058408,-0.42,8.409937492055881e-20,0.8749994277780444,-0.5720100034400729,-0.26711326772073485,0.8440079355661401,0.30889644142951933,,0.0,0.8777646702415988,0.0,0.0,False,False,False
1747,1773733562.3080034,1773733562308005452,-0.42,8.409937492055881e-20,0.8749994277780444,-0.5720100034400729,-0.26711326772073485,0.8440079355661401,0.30889644142951933,,0.0,0.8777646702415988,0.0,0.0,False,False,False
1748,1773733562.3580017,1773733562358004266,-0.42,8.409937492055881e-20,0.8749994277780444,-0.5843993557626213,-0.25640407405312393,0.855272716761875,0.3052201508644543,,0.0,0.8781563485500371,0.0,0.0198765735319349,False,False,False
1749,1773733562.4079723,1773733562407975330,-0.42,8.409937492055881e-20,0.8749994277780444,-0.5843993557626213,-0.25640407405312393,0.855272716761875,0.3052201508644543,,0.0,0.8781563485500371,0.0,0.0,False,False,False
1750,1773733562.4580798,1773733562458083063,-0.42,8.409937492055881e-20,0.8749994277780444,-0.5843993557626213,-0.25640407405312393,0.855272716761875,0.3052201508644543,,0.0,0.8781563485500371,0.0,0.0,False,False,False
1751,1773733562.50806,1773733562508063026,-0.42,8.409937492055881e-20,0.8749994277780444,-0.5951247886290905,-0.24473332347156335,0.8679880676576096,0.30101868775967866,,0.0,0.8773618125318873,0.0,0.02032046942646241,False,False,False
1752,1773733562.5584798,1773733562558482537,-0.42,8.409937492055881e-20,0.8749994277780444,-0.5951247886290905,-0.24473332347156335,0.8679880676576096,0.30101868775967866,,0.0,0.8773618125318873,0.0,0.0,False,False,False
1753,1773733562.6080117,1773733562608014764,-0.42,8.409937492055881e-20,0.8749994277780444,-0.6040635144304809,-0.2321751282561324,0.881830980548887,0.29636352278664824,,0.0,0.8753520248116413,0.0,0.02071799515727352,False,False,False
1754,1773733562.6579978,1773733562658000608,-0.42,8.409937492055881e-20,0.8749994277780444,-0.6040635144304809,-0.2321751282561324,0.881830980548887,0.29636352278664824,,0.0,0.8753520248116413,0.0,0.0,False,False,False
1755,1773733562.7089326,1773733562708934645,-0.42,8.409937492055881e-20,0.8749994277780444,-0.6040635144304809,-0.2321751282561324,0.881830980548887,0.29636352278664824,,0.0,0.8753520248116413,0.0,0.0,False,False,False
1756,1773733562.7580419,1773733562758044645,-0.42,8.409937492055881e-20,0.8749994277780444,-0.6110646629454405,-0.2188173334699806,0.8965297323758395,0.2912907222508834,,0.0,0.8720804860286656,0.0,0.021059441287645937,False,False,False
1757,1773733562.807992,1773733562807994869,-0.42,8.409937492055881e-20,0.8749994277780444,-0.6110646629454405,-0.2188173334699806,0.8965297323758395,0.2912907222508834,,0.0,0.8720804860286656,0.0,0.0,False,False,False
1758,1773733562.8579211,1773733562857923194,-0.42,8.409937492055881e-20,0.8749994277780444,-0.6156201163312552,-0.2048194400114287,0.9138565998078909,0.2858812913399654,,0.0,0.8676331099899671,0.0,0.022735732049687412,False,False,False
1759,1773733562.9079988,1773733562908001307,-0.42,8.409937492055881e-20,0.8749994277780444,-0.6156201163312552,-0.2048194400114287,0.9138565998078909,0.2858812913399654,,0.0,0.8676331099899671,0.0,0.0,False,False,False
1760,1773733562.9579785,1773733562957980651,-0.42,8.409937492055881e-20,0.8749994277780444,-0.6156201163312552,-0.2048194400114287,0.9138565998078909,0.2858812913399654,,0.0,0.8676331099899671,0.0,0.0,False,False,False
1761,1773733563.0080817,1773733563008085093,-0.42,8.409937492055881e-20,0.8749994277780444,-0.6185935072442466,-0.19007699648292772,0.9319500580614899,0.2807347858766762,,0.0,0.8623021394687614,0.0,0.023527726755622376,False,False,False
1762,1773733563.058343,1773733563058347715,-0.42,8.409937492055881e-20,0.8749994277780444,-0.6185935072442466,-0.19007699648292772,0.9319500580614899,0.2807347858766762,,0.0,0.8623021394687614,0.0,0.0,False,False,False
1763,1773733563.1079855,1773733563107987802,-0.42,8.409937492055881e-20,0.8749994277780444,-0.6185935072442466,-0.19007699648292772,0.9319500580614899,0.2807347858766762,,0.0,0.8623021394687614,0.0,0.0,False,False,False
1764,1773733563.157991,1773733563157993936,-0.42,8.409937492055881e-20,0.8749994277780444,-0.6197772578243943,-0.17496790672182053,0.9496374775310273,0.2758542361418055,,0.0,0.8560149468845387,0.0,0.023292287700794157,False,False,False
1765,1773733563.2097023,1773733563209704127,-0.42,8.409937492055881e-20,0.8749994277780444,-0.6197772578243943,-0.17496790672182053,0.9496374775310273,0.2758542361418055,,0.0,0.8560149468845387,0.0,0.0,False,False,False
1766,1773733563.258095,1773733563258099923,-0.42,8.409937492055881e-20,0.8749994277780444,-0.618928989799591,-0.1598848614597948,0.9666799871198283,0.27118487580970646,,0.0,0.8487829094542966,0.0,0.022774216695697617,False,False,False
1767,1773733563.3080149,1773733563308017097,-0.42,8.409937492055881e-20,0.8749994277780444,-0.618928989799591,-0.1598848614597948,0.9666799871198283,0.27118487580970646,,0.0,0.8487829094542966,0.0,0.0,False,False,False
1768,1773733563.3579562,1773733563357960052,-0.42,8.409937492055881e-20,0.8749994277780444,-0.618928989799591,-0.1598848614597948,0.9666799871198283,0.27118487580970646,,0.0,0.8487829094542966,0.0,0.0,False,False,False
1769,1773733563.408097,1773733563408099634,-0.42,8.409937492055881e-20,0.8749994277780444,-0.6160061687121611,-0.14509682755351433,0.9829027125808439,0.2666732577716568,,0.0,0.840654472844625,0.0,0.02214510445461732,False,False,False
1770,1773733563.4581425,1773733563458146398,-0.42,8.409937492055881e-20,0.8749994277780444,-0.6160061687121611,-0.14509682755351433,0.9829027125808439,0.2666732577716568,,0.0,0.840654472844625,0.0,0.0,False,False,False
1771,1773733563.5084574,1773733563508461260,-0.42,8.409937492055881e-20,0.8749994277780444,-0.6160061687121611,-0.14509682755351433,0.9829027125808439,0.2666732577716568,,0.0,0.840654472844625,0.0,0.0,False,False,False
1772,1773733563.5579836,1773733563557986797,-0.42,8.409937492055881e-20,0.8749994277780444,-0.6110750700980342,-0.1307940723957659,0.9981675381521359,0.26227305465861706,,0.0,0.8316959355838381,0.0,0.021491845857597055,False,False,False
1773,1773733563.6079578,1773733563607959881,-0.42,8.409937492055881e-20,0.8749994277780444,-0.6110750700980342,-0.1307940723957659,0.9981675381521359,0.26227305465861706,,0.0,0.8316959355838381,0.0,0.0,False,False,False
1774,1773733563.658017,1773733563658019444,-0.42,8.409937492055881e-20,0.8749994277780444,-0.6110750700980342,-0.1307940723957659,0.9981675381521359,0.26227305465861706,,0.0,0.8316959355838381,0.0,0.0,False,False,False
1775,1773733563.7080543,1773733563708056498,-0.42,8.409937492055881e-20,0.8749994277780444,-0.6042598202247593,-0.11711592906265197,1.0123611332027502,0.25794584762436557,,0.0,0.821981686634042,0.0,0.020856590717018116,False,False,False
1776,1773733563.7581317,1773733563758136121,-0.42,8.409937492055881e-20,0.8749994277780444,-0.6042598202247593,-0.11711592906265197,1.0123611332027502,0.25794584762436557,,0.0,0.821981686634042,0.0,0.0,False,False,False
1777,1773733563.809948,1773733563809949792,-0.42,8.409937492055881e-20,0.8749994277780444,-0.5957144589467469,-0.10416672427067541,1.0253902545041442,0.25366055722478953,,0.0,0.8115892675980106,0.0,0.020259889091570605,False,False,False
1778,1773733563.8580139,1773733563858017440,-0.42,8.409937492055881e-20,0.8749994277780444,-0.5957144589467469,-0.10416672427067541,1.0253902545041442,0.25366055722478953,,0.0,0.8115892675980106,0.0,0.0,False,False,False
1779,1773733563.908369,1773733563908372592,-0.42,8.409937492055881e-20,0.8749994277780444,-0.5957144589467469,-0.10416672427067541,1.0253902545041442,0.25366055722478953,,0.0,0.8115892675980106,0.0,0.0,False,False,False
1780,1773733563.9579716,1773733563957975118,-0.42,8.409937492055881e-20,0.8749994277780444,-0.5856074176645814,-0.09202501427007789,1.0371796372457667,0.24939294372522533,,0.0,0.8005969551505699,0.0,0.01971200016858953,False,False,False
1781,1773733564.011,1773733564011003050,-0.42,8.409937492055881e-20,0.8749994277780444,-0.5856074176645814,-0.09202501427007789,1.0371796372457667,0.24939294372522533,,0.0,0.8005969551505699,0.0,0.0,False,False,False
1782,1773733564.058212,1773733564058217305,-0.42,8.409937492055881e-20,0.8749994277780444,-0.5856074176645814,-0.09202501427007789,1.0371796372457667,0.24939294372522533,,0.0,0.8005969551505699,0.0,0.0,False,False,False
1783,1773733564.108122,1773733564108126729,-0.42,8.409937492055881e-20,0.8749994277780444,-0.5856074176645814,-0.09202501427007789,1.0371796372457667,0.24939294372522533,,0.0,0.8005969551505699,0.0,0.0,False,False,False
1784,1773733564.1580086,1773733564158012094,-0.42,8.409937492055881e-20,0.8749994277780444,-0.574112547909851,-0.0807493369898937,1.0476706072772477,0.24512541499652707,,0.0,0.7890826712865316,0.0,0.019218048314189183,False,False,False
1785,1773733564.2079542,1773733564207956748,-0.42,8.409937492055881e-20,0.8749994277780444,-0.574112547909851,-0.0807493369898937,1.0476706072772477,0.24512541499652707,,0.0,0.7890826712865316,0.0,0.0,False,False,False
1786,1773733564.259603,1773733564259605050,-0.42,8.409937492055881e-20,0.8749994277780444,-0.5614036224010632,-0.07038201870281148,1.0568198816269279,0.24084702701640173,,0.0,0.7771234971430024,0.0,0.018780503113050545,False,False,False
1787,1773733564.3079846,1773733564307987836,-0.42,8.409937492055881e-20,0.8749994277780444,-0.5614036224010632,-0.07038201870281148,1.0568198816269279,0.24084702701640173,,0.0,0.7771234971430024,0.0,0.0,False,False,False
1788,1773733564.3597217,1773733564359724768,-0.42,8.409937492055881e-20,0.8749994277780444,-0.5614036224010632,-0.07038201870281148,1.0568198816269279,0.24084702701640173,,0.0,0.7771234971430024,0.0,0.0,False,False,False
1789,1773733564.4081213,1773733564408125873,-0.42,8.409937492055881e-20,0.8749994277780444,-0.5614036224010632,-0.07038201870281148,1.0568198816269279,0.24084702701640173,,0.0,0.7771234971430024,0.0,0.0,False,False,False
1790,1773733564.4580574,1773733564458062108,-0.42,8.409937492055881e-20,0.8749994277780444,-0.5476507296523906,-0.060952034408898514,1.0645982957502036,0.2365535669054591,,0.0,0.7647955129825981,0.0,0.01840028230797324,False,False,False
1791,1773733564.5080092,1773733564508012072,-0.42,8.409937492055881e-20,0.8749994277780444,-0.5476507296523906,-0.060952034408898514,1.0645982957502036,0.2365535669054591,,0.0,0.7647955129825981,0.0,0.0,False,False,False
1792,1773733564.5579576,1773733564557961557,-0.42,8.409937492055881e-20,0.8749994277780444,-0.5330178015275242,-0.05247729600793622,1.070989433610624,0.2322476532597779,,0.0,0.7521737877724437,0.0,0.01807734548054969,False,False,False
1793,1773733564.608042,1773733564608045920,-0.42,8.409937492055881e-20,0.8749994277780444,-0.5330178015275242,-0.05247729600793622,1.070989433610624,0.2322476532597779,,0.0,0.7521737877724437,0.0,0.0,False,False,False
1794,1773733564.6579945,1773733564657998375,-0.42,8.409937492055881e-20,0.8749994277780444,-0.5330178015275242,-0.05247729600793622,1.070989433610624,0.2322476532597779,,0.0,0.7521737877724437,0.0,0.0,False,False,False
1795,1773733564.7079487,1773733564707951289,-0.42,8.409937492055881e-20,0.8749994277780444,-0.5176608635286448,-0.04496659226331644,1.0759881596118321,0.22793882733990314,,0.0,0.7393324410573109,0.0,0.01781104929744525,False,False,False
1796,1773733564.7580168,1773733564758020422,-0.42,8.409937492055881e-20,0.8749994277780444,-0.5176608635286448,-0.04496659226331644,1.0759881596118321,0.22793882733990314,,0.0,0.7393324410573109,0.0,0.0,False,False,False
1797,1773733564.8079658,1773733564807968707,-0.42,8.409937492055881e-20,0.8749994277780444,-0.5176608635286448,-0.04496659226331644,1.0759881596118321,0.22793882733990314,,0.0,0.7393324410573109,0.0,0.0,False,False,False
1798,1773733564.858922,1773733564858928284,-0.42,8.409937492055881e-20,0.8749994277780444,-0.5032772066519242,-0.03801429944212123,1.0796164829829686,0.22416136908610626,,0.0,0.7270969300454152,0.0,0.01638257278648289,False,False,False
1799,1773733564.9080725,1773733564908075184,-0.42,8.409937492055881e-20,0.8749994277780444,-0.5032772066519242,-0.03801429944212123,1.0796164829829686,0.22416136908610626,,0.0,0.7270969300454152,0.0,0.0,False,False,False
1800,1773733564.9580066,1773733564958009449,-0.42,8.409937492055881e-20,0.8749994277780444,-0.5032772066519242,-0.03801429944212123,1.0796164829829686,0.22416136908610626,,0.0,0.7270969300454152,0.0,0.0,False,False,False
1801,1773733565.0079963,1773733565008000053,-0.42,8.409937492055881e-20,0.8749994277780444,-0.4919523081211587,-0.03110440238933445,1.082192959018396,0.22152602077364722,,0.0,0.7165497227353457,0.0,0.013514371342144562,False,False,False
1802,1773733565.0579946,1773733565057998347,-0.42,8.409937492055881e-20,0.8749994277780444,-0.4919523081211587,-0.03110440238933445,1.082192959018396,0.22152602077364722,,0.0,0.7165497227353457,0.0,0.0,False,False,False
1803,1773733565.1089072,1773733565108909375,-0.42,8.409937492055881e-20,0.8749994277780444,-0.4919523081211587,-0.03110440238933445,1.082192959018396,0.22152602077364722,,0.0,0.7165497227353457,0.0,0.0,False,False,False
1804,1773733565.1580029,1773733565158004785,-0.42,8.409937492055881e-20,0.8749994277780444,-0.4825621319024454,-0.02456743694776494,1.0840295693467619,0.21957044288929112,,0.0,0.7072380763434816,0.0,0.011587944774679533,False,False,False
1805,1773733565.2080135,1773733565208015490,-0.42,8.409937492055881e-20,0.8749994277780444,-0.4825621319024454,-0.02456743694776494,1.0840295693467619,0.21957044288929112,,0.0,0.7072380763434816,0.0,0.0,False,False,False
1806,1773733565.2579918,1773733565257994704,-0.42,8.409937492055881e-20,0.8749994277780444,-0.4825621319024454,-0.02456743694776494,1.0840295693467619,0.21957044288929112,,0.0,0.7072380763434816,0.0,0.0,False,False,False
1807,1773733565.307929,1773733565307931189,-0.42,8.409937492055881e-20,0.8749994277780444,-0.47450436000674134,-0.01855189552276101,1.0853070305648294,0.21804629296815853,,0.0,0.6989112810490626,0.0,0.01013638662062586,False,False,False
1808,1773733565.357911,1773733565357913103,-0.42,8.409937492055881e-20,0.8749994277780444,-0.47450436000674134,-0.01855189552276101,1.0853070305648294,0.21804629296815853,,0.0,0.6989112810490626,0.0,0.0,False,False,False
1809,1773733565.4112315,1773733565411234443,-0.42,8.409937492055881e-20,0.8749994277780444,-0.4675318610103845,-0.013155863217329485,1.0861471220408094,0.2168310479165419,,0.0,0.6915035960550435,0.0,0.008856560313319837,False,False,False
1810,1773733565.4580655,1773733565458068190,-0.42,8.409937492055881e-20,0.8749994277780444,-0.4675318610103845,-0.013155863217329485,1.0861471220408094,0.2168310479165419,,0.0,0.6915035960550435,0.0,0.0,False,False,False
1811,1773733565.5081866,1773733565508191473,-0.42,8.409937492055881e-20,0.8749994277780444,-0.4675318610103845,-0.013155863217329485,1.0861471220408094,0.2168310479165419,,0.0,0.6915035960550435,0.0,0.0,False,False,False
1812,1773733565.557969,1773733565557972129,-0.42,8.409937492055881e-20,0.8749994277780444,-0.46152378949929584,-0.008418883886452205,1.0866547843924073,0.2158543320941892,,0.0,0.6849931886337953,0.0,0.0076676996241861065,False,False,False
1813,1773733565.6080568,1773733565608060073,-0.42,8.409937492055881e-20,0.8749994277780444,-0.46152378949929584,-0.008418883886452205,1.0866547843924073,0.2158543320941892,,0.0,0.6849931886337953,0.0,0.0,False,False,False
1814,1773733565.657924,1773733565657925708,-0.42,8.409937492055881e-20,0.8749994277780444,-0.46152378949929584,-0.008418883886452205,1.0866547843924073,0.2158543320941892,,0.0,0.6849931886337953,0.0,0.0,False,False,False
1815,1773733565.7079687,1773733565707971042,-0.42,8.409937492055881e-20,0.8749994277780444,-0.45642675578748443,-0.004360504453996057,1.0869207877645732,0.21507344177009463,,0.0,0.6793870929975682,0.0,0.006520809311054022,False,False,False
1816,1773733565.757962,1773733565757964586,-0.42,8.409937492055881e-20,0.8749994277780444,-0.45642675578748443,-0.004360504453996057,1.0869207877645732,0.21507344177009463,,0.0,0.6793870929975682,0.0,0.0,False,False,False
1817,1773733565.8079443,1773733565807946841,-0.42,8.409937492055881e-20,0.8749994277780444,-0.45642675578748443,-0.004360504453996057,1.0869207877645732,0.21507344177009463,,0.0,0.6793870929975682,0.0,0.0,False,False,False
1818,1773733565.857993,1773733565857996114,-0.42,8.409937492055881e-20,0.8749994277780444,-0.4522172808288019,-0.0009905004986956595,1.0870234231383797,0.2144600402960871,,0.0,0.6747030347274899,0.0,0.0053932494941799115,False,False,False
1819,1773733565.9080322,1773733565908035838,-0.42,8.409937492055881e-20,0.8749994277780444,-0.4522172808288019,-0.0009905004986956595,1.0870234231383797,0.2144600402960871,,0.0,0.6747030347274899,0.0,0.0,False,False,False
1820,1773733565.9579954,1773733565957998583,-0.42,8.409937492055881e-20,0.8749994277780444,-0.4522172808288019,-0.0009905004986956595,1.0870234231383797,0.2144600402960871,,0.0,0.6747030347274899,0.0,0.0,False,False,False
1821,1773733566.0079577,1773733566007959917,-0.42,8.409937492055881e-20,0.8749994277780444,-0.44888715095388343,0.0016841426731188445,1.0870284137091004,0.2139943800704304,,0.0,0.6709635470618767,0.0,0.004271241738201512,False,False,False
1822,1773733566.0580935,1773733566058098251,-0.42,8.409937492055881e-20,0.8749994277780444,-0.44888715095388343,0.0016841426731188445,1.0870284137091004,0.2139943800704304,,0.0,0.6709635470618767,0.0,0.0,False,False,False
1823,1773733566.1087046,1773733566108707301,-0.42,8.409937492055881e-20,0.8749994277780444,-0.4464261539338321,0.0036647168685271366,1.0869884135065788,0.21366118466318076,,0.0,0.668180874582368,0.0,0.0031592373276505235,False,False,False
1824,1773733566.158017,1773733566158019270,-0.42,8.409937492055881e-20,0.8749994277780444,-0.4464261539338321,0.0036647168685271366,1.0869884135065788,0.21366118466318076,,0.0,0.668180874582368,0.0,0.0,False,False,False
1825,1773733566.2080312,1773733566208033924,-0.42,8.409937492055881e-20,0.8749994277780444,-0.4464261539338321,0.0036647168685271366,1.0869884135065788,0.21366118466318076,,0.0,0.668180874582368,0.0,0.0,False,False,False
1826,1773733566.258049,1773733566258053599,-0.42,8.409937492055881e-20,0.8749994277780444,-0.44483154110794376,0.004949541106315151,1.0869425264875145,0.21345018266923738,,0.0,0.666369171361779,0.0,0.002048333226067916,False,False,False
1827,1773733566.3080628,1773733566308066593,-0.42,8.409937492055881e-20,0.8749994277780444,-0.44483154110794376,0.004949541106315151,1.0869425264875145,0.21345018266923738,,0.0,0.666369171361779,0.0,0.0,False,False,False
1828,1773733566.3580792,1773733566358083427,-0.42,8.409937492055881e-20,0.8749994277780444,-0.44483154110794376,0.004949541106315151,1.0869425264875145,0.21345018266923738,,0.0,0.666369171361779,0.0,0.0,False,False,False
1829,1773733566.4080548,1773733566408058772,-0.42,8.409937492055881e-20,0.8749994277780444,-0.4440108042800713,0.0056110951049850085,1.0869127409704107,0.21334304633294005,,0.0,0.6654341280442193,0.0,0.0010545851368246213,False,False,False
1830,1773733566.4579823,1773733566457985177,-0.42,8.409937492055881e-20,0.8749994277780444,-0.4440108042800713,0.0056110951049850085,1.0869127409704107,0.21334304633294005,,0.0,0.6654341280442193,0.0,0.0,False,False,False
1831,1773733566.508017,1773733566508019561,-0.42,8.409937492055881e-20,0.8749994277780444,-0.4440108042800713,0.0056110951049850085,1.0869127409704107,0.21334304633294005,,0.0,0.6654341280442193,0.0,0.0,False,False,False
1832,1773733566.558009,1773733566558012085,-0.42,8.409937492055881e-20,0.8749994277780444,-0.44361828683247234,0.0059275170240972504,1.0868970089798151,0.21329215609143462,,0.0,0.6649863391453132,0.0,0.0005044207302365349,False,False,False
1833,1773733566.6080415,1773733566608043929,-0.42,8.409937492055881e-20,0.8749994277780444,-0.44361828683247234,0.0059275170240972504,1.0868970089798151,0.21329215609143462,,0.0,0.6649863391453132,0.0,0.0,False,False,False
1834,1773733566.6587899,1773733566658794118,-0.42,8.409937492055881e-20,0.8749994277780444,-0.44361828683247234,0.0059275170240972504,1.0868970089798151,0.21329215609143462,,0.0,0.6649863391453132,0.0,0.0,False,False,False
1835,1773733566.7079232,1773733566707925939,-0.42,8.409937492055881e-20,0.8749994277780444,-0.44361828683247234,0.0059275170240972504,1.0868970089798151,0.21329215609143462,,0.0,0.6649863391453132,0.0,0.0,False,False,False
1836,1773733566.7580278,1773733566758030543,-0.42,8.409937492055881e-20,0.8749994277780444,-0.44343055747675053,0.006078855225962977,1.0868891459949377,0.21326789770278123,,0.0,0.6647720400969729,0.0,0.00024126207508611903,False,False,False
1837,1773733566.8080034,1773733566808007807,-0.42,8.409937492055881e-20,0.8749994277780444,-0.44343055747675053,0.006078855225962977,1.0868891459949377,0.21326789770278123,,0.0,0.6647720400969729,0.0,0.0,False,False,False
1838,1773733566.8580468,1773733566858050081,-0.42,8.409937492055881e-20,0.8749994277780444,-0.4433407676290525,0.00615123037709219,1.0868853063873305,0.2132563120348249,,0.0,0.6646695166706533,0.0,0.00011539116880068843,False,False,False
1839,1773733566.9084952,1773733566908497692,-0.42,8.409937492055881e-20,0.8749994277780444,-0.4433407676290525,0.00615123037709219,1.0868853063873305,0.2132563120348249,,0.0,0.6646695166706533,0.0,0.0,False,False,False
1840,1773733566.9581354,1773733566958141529,-0.42,8.409937492055881e-20,0.8749994277780444,-0.4433407676290525,0.00615123037709219,1.0868853063873305,0.2132563120348249,,0.0,0.6646695166706533,0.0,0.0,False,False,False
1841,1773733567.007981,1773733567007983765,-0.42,8.409937492055881e-20,0.8749994277780444,-0.44329782359103115,0.006185838564153575,1.0868834532496814,0.21325077592563615,,0.0,0.6646204802942093,0.0,5.5184700165914015e-05,False,False,False
1842,1773733567.0580764,1773733567058080149,-0.42,8.409937492055881e-20,0.8749994277780444,-0.44329782359103115,0.006185838564153575,1.0868834532496814,0.21325077592563615,,0.0,0.6646204802942093,0.0,0.0,False,False,False
1843,1773733567.1079438,1773733567107946124,-0.42,8.409937492055881e-20,0.8749994277780444,-0.44329782359103115,0.006185838564153575,1.0868834532496814,0.21325077592563615,,0.0,0.6646204802942093,0.0,0.0,False,False,False
1844,1773733567.158046,1773733567158048718,-0.42,8.409937492055881e-20,0.8749994277780444,-0.44329782359103115,0.006185838564153575,1.0868834532496814,0.21325077592563615,,0.0,0.6646204802942093,0.0,0.0,False,False,False
1845,1773733567.2080457,1773733567208049032,-0.42,8.409937492055881e-20,0.8749994277780444,-0.4432772334754057,0.006202368627440924,1.086882533895464,0.21324809408954842,,0.0,0.6645969942945945,0.0,2.6420466799998935e-05,False,False,False
1846,1773733567.258022,1773733567258025467,-0.42,8.409937492055881e-20,0.8749994277780444,-0.4432772334754057,0.006202368627440924,1.086882533895464,0.21324809408954842,,0.0,0.6645969942945945,0.0,0.0,False,False,False
1847,1773733567.3080835,1773733567308088561,-0.42,8.409937492055881e-20,0.8749994277780444,-0.4432772334754057,0.006202368627440924,1.086882533895464,0.21324809408954842,,0.0,0.6645969942945945,0.0,0.0,False,False,False
1848,1773733567.3580565,1773733567358059786,-0.42,8.409937492055881e-20,0.8749994277780444,-0.4432674360048865,0.006210278886391396,1.086882123520207,0.2132468473320394,,0.0,0.6645858039486924,0.0,1.2598850467000213e-05,False,False,False
1849,1773733567.408065,1773733567408068200,-0.42,8.409937492055881e-20,0.8749994277780444,-0.4432674360048865,0.006210278886391396,1.086882123520207,0.2132468473320394,,0.0,0.6645858039486924,0.0,0.0,False,False,False
1850,1773733567.4580286,1773733567458031805,-0.42,8.409937492055881e-20,0.8749994277780444,-0.44326275011215877,0.006214053432011186,1.0868819276407042,0.2132462514345485,,0.0,0.6645804575434918,0.0,6.020228739117724e-06,False,False,False
1851,1773733567.5079825,1773733567507986030,-0.42,8.409937492055881e-20,0.8749994277780444,-0.44326275011215877,0.006214053432011186,1.0868819276407042,0.2132462514345485,,0.0,0.6645804575434918,0.0,0.0,False,False,False
1852,1773733567.5589008,1773733567558904418,-0.42,8.409937492055881e-20,0.8749994277780444,-0.44326275011215877,0.006214053432011186,1.0868819276407042,0.2132462514345485,,0.0,0.6645804575434918,0.0,0.0,False,False,False
1853,1773733567.608029,1773733567608032349,-0.42,8.409937492055881e-20,0.8749994277780444,-0.44326051214735435,0.006215850740535765,1.0868818254986514,0.21324595820230527,,0.0,0.6645779033960847,0.0,2.872148568109805e-06,False,False,False
1854,1773733567.6580634,1773733567658066873,-0.42,8.409937492055881e-20,0.8749994277780444,-0.44326051214735435,0.006215850740535765,1.0868818254986514,0.21324595820230527,,0.0,0.6645779033960847,0.0,0.0,False,False,False
1855,1773733567.7079701,1773733567707972178,-0.42,8.409937492055881e-20,0.8749994277780444,-0.44326051214735435,0.006215850740535765,1.0868818254986514,0.21324595820230527,,0.0,0.6645779033960847,0.0,0.0,False,False,False
1856,1773733567.7580183,1773733567758021333,-0.42,8.409937492055881e-20,0.8749994277780444,-0.4432594433045688,0.006216687590812618,1.086881780812494,0.2132458216117149,,0.0,0.6645766989594296,0.0,1.3582121111122477e-06,False,False,False
1857,1773733567.8079283,1773733567807930778,-0.42,8.409937492055881e-20,0.8749994277780444,-0.4432594433045688,0.006216687590812618,1.086881780812494,0.2132458216117149,,0.0,0.6645766989594296,0.0,0.0,False,False,False
1858,1773733567.8581195,1773733567858124021,-0.42,8.409937492055881e-20,0.8749994277780444,-0.4432594433045688,0.006216687590812618,1.086881780812494,0.2132458216117149,,0.0,0.6645766989594296,0.0,0.0,False,False,False
1859,1773733567.9080205,1773733567908022816,-0.42,8.409937492055881e-20,0.8749994277780444,-0.44325892742664336,0.006217091935070257,1.086881764768017,0.21324576118999236,,0.0,0.6645761200014267,0.0,6.556536722077859e-07,False,False,False
1860,1773733567.9579914,1773733567957993981,-0.42,8.409937492055881e-20,0.8749994277780444,-0.44325892742664336,0.006217091935070257,1.086881764768017,0.21324576118999236,,0.0,0.6645761200014267,0.0,0.0,False,False,False
1861,1773733568.0080686,1773733568008071705,-0.42,8.409937492055881e-20,0.8749994277780444,-0.44325892742664336,0.006217091935070257,1.086881764768017,0.21324576118999236,,0.0,0.6645761200014267,0.0,0.0,False,False,False
1862,1773733568.057961,1773733568057963541,-0.42,8.409937492055881e-20,0.8749994277780444,-0.4432586810957568,0.006217276833035126,1.0868817580828802,0.21324573307088765,,0.0,0.6645758491243792,0.0,3.080760525375695e-07,False,False,False
1863,1773733568.1079555,1773733568107959705,-0.42,8.409937492055881e-20,0.8749994277780444,-0.4432586810957568,0.006217276833035126,1.0868817580828802,0.21324573307088765,,0.0,0.6645758491243792,0.0,0.0,False,False,False
1864,1773733568.1580336,1773733568158037479,-0.42,8.409937492055881e-20,0.8749994277780444,-0.4432586810957568,0.006217276833035126,1.0868817580828802,0.21324573307088765,,0.0,0.6645758491243792,0.0,0.0,False,False,False
1865,1773733568.20804,1773733568208042614,-0.42,8.409937492055881e-20,0.8749994277780444,-0.44325856321385476,0.006217355888999179,1.086881755032791,0.213245719487897,,0.0,0.6645757254572608,0.0,1.419693323232144e-07,False,False,False
1866,1773733568.2586262,1773733568258630794,-0.42,8.409937492055881e-20,0.8749994277780444,-0.44325856321385476,0.006217355888999179,1.086881755032791,0.213245719487897,,0.0,0.6645757254572608,0.0,0.0,False,False,False
1867,1773733568.3079145,1773733568307917504,-0.42,8.409937492055881e-20,0.8749994277780444,-0.44325850739686323,0.006217382911539745,1.086881753507943,0.21324571267275097,,0.0,0.6645756733669764,0.0,6.20328896915472e-08,False,False,False
1868,1773733568.358062,1773733568358065438,-0.42,8.409937492055881e-20,0.8749994277780444,-0.44325850739686323,0.006217382911539745,1.086881753507943,0.21324571267275097,,0.0,0.6645756733669764,0.0,0.0,False,False,False
1869,1773733568.4079442,1773733568407946184,-0.42,8.409937492055881e-20,0.8749994277780444,-0.44325850739686323,0.006217382911539745,1.086881753507943,0.21324571267275097,,0.0,0.6645756733669764,0.0,0.0,False,False,False
1870,1773733568.4579833,1773733568457985978,-0.42,8.409937492055881e-20,0.8749994277780444,-0.44325850739686323,0.006217382911539745,1.086881753507943,0.21324571267275097,,0.0,0.6645756733669764,0.0,0.0,False,False,False
1871,1773733568.5080614,1773733568508065672,-0.42,8.409937492055881e-20,0.8749994277780444,-0.4432584801251004,0.0062173875262793565,1.0868817533611113,0.21324570968690174,,0.0,0.6645756535677545,0.0,2.7659834237632864e-08,False,False,False
1872,1773733568.5579915,1773733568557994247,-0.42,8.409937492055881e-20,0.8749994277780444,-0.4432584801251004,0.0062173875262793565,1.0868817533611113,0.21324570968690174,,0.0,0.6645756535677545,0.0,0.0,False,False,False
1873,1773733568.607933,1773733568607936473,-0.42,8.409937492055881e-20,0.8749994277780444,-0.4432584801251004,0.0062173875262793565,1.0868817533611113,0.21324570968690174,,0.0,0.6645756535677545,0.0,0.0,False,False,False
1874,1773733568.6599088,1773733568659912153,-0.42,8.409937492055881e-20,0.8749994277780444,-0.44325846748048786,0.006217380875588213,1.0868817542675262,0.21324570901448028,,0.0,0.6645756503454496,0.0,1.4315708386656477e-08,False,False,False
1875,1773733568.7080352,1773733568708038011,-0.42,8.409937492055881e-20,0.8749994277780444,-0.44325846748048786,0.006217380875588213,1.0868817542675262,0.21324570901448028,,0.0,0.6645756503454496,0.0,0.0,False,False,False
1876,1773733568.757994,1773733568757996746,-0.42,8.409937492055881e-20,0.8749994277780444,-0.44325846178342615,0.006217368993437699,1.086881755483416,0.21324570925478936,,0.0,0.6645756548311011,0.0,1.32333065049661e-08,False,False,False
1877,1773733568.8079488,1773733568807951581,-0.42,8.409937492055881e-20,0.8749994277780444,-0.44325846178342615,0.006217368993437699,1.086881755483416,0.21324570925478936,,0.0,0.6645756548311011,0.0,0.0,False,False,False
1878,1773733568.8580015,1773733568858003435,-0.42,8.409937492055881e-20,0.8749994277780444,-0.44325846178342615,0.006217368993437699,1.086881755483416,0.21324570925478936,,0.0,0.6645756548311011,0.0,0.0,False,False,False
1879,1773733568.908048,1773733568908051960,-0.42,8.409937492055881e-20,0.8749994277780444,-0.4432584588323334,0.006217353259503155,1.0868817559623016,0.21324570895000464,,0.0,0.6645756630676048,0.0,1.601546053434636e-08,False,False,False
1880,1773733568.957936,1773733568957938126,-0.42,8.409937492055881e-20,0.8749994277780444,-0.4432584588323334,0.006217353259503155,1.0868817559623016,0.21324570895000464,,0.0,0.6645756630676048,0.0,0.0,False,False,False
1881,1773733569.0080256,1773733569008028269,-0.42,8.409937492055881e-20,0.8749994277780444,-0.4432584588323334,0.006217353259503155,1.0868817559623016,0.21324570895000464,,0.0,0.6645756630676048,0.0,0.0,False,False,False
1882,1773733569.0579245,1773733569057927295,-0.42,8.409937492055881e-20,0.8749994277780444,-0.44325845732664126,0.006217336134481407,1.0868817563586497,0.21324570868030124,,0.0,0.66457567302668,0.0,1.719565556861839e-08,False,False,False
1883,1773733569.1079698,1773733569107972710,-0.42,8.409937492055881e-20,0.8749994277780444,-0.44325845732664126,0.006217336134481407,1.0868817563586497,0.21324570868030124,,0.0,0.66457567302668,0.0,0.0,False,False,False
1884,1773733569.1580882,1773733569158091894,-0.42,8.409937492055881e-20,0.8749994277780444,-0.44325845732664126,0.006217336134481407,1.0868817563586497,0.21324570868030124,,0.0,0.66457567302668,0.0,0.0,False,False,False
1885,1773733569.2079918,1773733569207994329,-0.42,8.409937492055881e-20,0.8749994277780444,-0.4432584574375766,0.006217319886263192,1.0868817582441475,0.21324571009211554,,0.0,0.6645756841476655,0.0,1.6357628300355935e-08,False,False,False
1886,1773733569.2580688,1773733569258072973,-0.42,8.409937492055881e-20,0.8749994277780444,-0.4432584574375766,0.006217319886263192,1.0868817582441475,0.21324571009211554,,0.0,0.6645756841476655,0.0,0.0,False,False,False
1887,1773733569.3079293,1773733569307931319,-0.42,8.409937492055881e-20,0.8749994277780444,-0.4432584574375766,0.006217319886263192,1.0868817582441475,0.21324571009211554,,0.0,0.6645756841476655,0.0,0.0,False,False,False
1888,1773733569.3579829,1773733569357985284,-0.42,8.409937492055881e-20,0.8749994277780444,-0.4432584574173912,0.006217302525536933,1.0868817592879196,0.21324571062085004,,0.0,0.664575695480791,0.0,1.7392086823149648e-08,False,False,False
1889,1773733569.4080157,1773733569408020278,-0.42,8.409937492055881e-20,0.8749994277780444,-0.4432584574173912,0.006217302525536933,1.0868817592879196,0.21324571062085004,,0.0,0.664575695480791,0.0,0.0,False,False,False
1890,1773733569.4579954,1773733569457998293,-0.42,8.409937492055881e-20,0.8749994277780444,-0.4432584574173912,0.006217302525536933,1.0868817592879196,0.21324571062085004,,0.0,0.664575695480791,0.0,0.0,False,False,False
1891,1773733569.507942,1773733569507943959,-0.42,8.409937492055881e-20,0.8749994277780444,-0.44325845761180127,0.00621728545092756,1.0868817604434153,0.2132457112923427,,0.0,0.6645757068210583,0.0,1.7114767038725115e-08,False,False,False
1892,1773733569.5579157,1773733569557917394,-0.42,8.409937492055881e-20,0.8749994277780444,-0.44325845761180127,0.00621728545092756,1.0868817604434153,0.2132457112923427,,0.0,0.6645757068210583,0.0,0.0,False,False,False
1893,1773733569.6080678,1773733569608070927,-0.42,8.409937492055881e-20,0.8749994277780444,-0.4432584574536644,0.006217267011639651,1.0868817607345291,0.2132457110267416,,0.0,0.6645757183834291,0.0,1.8442263774130544e-08,False,False,False
1894,1773733569.657976,1773733569657977913,-0.42,8.409937492055881e-20,0.8749994277780444,-0.4432584574536644,0.006217267011639651,1.0868817607345291,0.2132457110267416,,0.0,0.6645757183834291,0.0,0.0,False,False,False
1895,1773733569.7081616,1773733569708165197,-0.42,8.409937492055881e-20,0.8749994277780444,-0.4432584574536644,0.006217267011639651,1.0868817607345291,0.2132457110267416,,0.0,0.6645757183834291,0.0,0.0,False,False,False
1896,1773733569.7579722,1773733569757975293,-0.42,8.409937492055881e-20,0.8749994277780444,-0.4432584577255365,0.006217249473806424,1.0868817618410307,0.2132457116444995,,0.0,0.6645757300375741,0.0,1.7574807380559176e-08,False,False,False
1897,1773733569.8080132,1773733569808015778,-0.42,8.409937492055881e-20,0.8749994277780444,-0.4432584577255365,0.006217249473806424,1.0868817618410307,0.2132457116444995,,0.0,0.6645757300375741,0.0,0.0,False,False,False
1898,1773733569.8580208,1773733569858023052,-0.42,8.409937492055881e-20,0.8749994277780444,-0.4432584577255365,0.006217249473806424,1.0868817618410307,0.2132457116444995,,0.0,0.6645757300375741,0.0,0.0,False,False,False
1899,1773733569.9079924,1773733569907995227,-0.42,8.409937492055881e-20,0.8749994277780444,-0.4432584579120808,0.006217231475177177,1.0868817627053535,0.21324571199888726,,0.0,0.6645757418112676,0.0,1.8020335942863025e-08,False,False,False
1900,1773733569.9579008,1773733569957902783,-0.42,8.409937492055881e-20,0.8749994277780444,-0.4432584579120808,0.006217231475177177,1.0868817627053535,0.21324571199888726,,0.0,0.6645757418112676,0.0,0.0,False,False,False
1901,1773733570.0080447,1773733570008047677,-0.42,8.409937492055881e-20,0.8749994277780444,-0.4432584579120808,0.006217231475177177,1.0868817627053535,0.21324571199888726,,0.0,0.6645757418112676,0.0,0.0,False,False,False
1902,1773733570.058001,1773733570058003452,-0.42,8.409937492055881e-20,0.8749994277780444,-0.4432584582803671,0.0062172138570082535,1.0868817638924222,0.21324571270487366,,0.0,0.664575753613638,0.0,1.766195467762994e-08,False,False,False
1903,1773733570.1080418,1773733570108045417,-0.42,8.409937492055881e-20,0.8749994277780444,-0.4432584582803671,0.0062172138570082535,1.0868817638924222,0.21324571270487366,,0.0,0.664575753613638,0.0,0.0,False,False,False
1904,1773733570.1579792,1773733570157982422,-0.42,8.409937492055881e-20,0.8749994277780444,-0.4432584582803671,0.0062172138570082535,1.0868817638924222,0.21324571270487366,,0.0,0.664575753613638,0.0,0.0,False,False,False
1905,1773733570.2094414,1773733570209443917,-0.42,8.409937492055881e-20,0.8749994277780444,-0.4432584586953724,0.0062171966639555706,1.0868817651649438,0.21324571351325805,,0.0,0.6645757652200591,0.0,1.7245074696776443e-08,False,False,False
1906,1773733570.2580361,1773733570258040162,-0.42,8.409937492055881e-20,0.8749994277780444,-0.4432584586953724,0.0062171966639555706,1.0868817651649438,0.21324571351325805,,0.0,0.6645757652200591,0.0,0.0,False,False,False
1907,1773733570.3080006,1773733570308002967,-0.42,8.409937492055881e-20,0.8749994277780444,-0.4432584586953724,0.0062171966639555706,1.0868817651649438,0.21324571351325805,,0.0,0.6645757652200591,0.0,0.0,False,False,False
1908,1773733570.3580544,1773733570358057932,-0.42,8.409937492055881e-20,0.8749994277780444,-0.44325845878351094,0.006217178868214246,1.0868817658392564,0.21324571367403705,,0.0,0.6645757767154614,0.0,1.780873030849005e-08,False,False,False
1909,1773733570.4091914,1773733570409194449,-0.42,8.409937492055881e-20,0.8749994277780444,-0.44325845878351094,0.006217178868214246,1.0868817658392564,0.21324571367403705,,0.0,0.6645757767154614,0.0,0.0,False,False,False
1910,1773733570.4580693,1773733570458072542,-0.42,8.409937492055881e-20,0.8749994277780444,-0.44325845878351094,0.006217178868214246,1.0868817658392564,0.21324571367403705,,0.0,0.6645757767154614,0.0,0.0,False,False,False
1911,1773733570.5086787,1773733570508682632,-0.42,8.409937492055881e-20,0.8749994277780444,-0.44325845910139783,0.006217161228913233,1.0868817668920383,0.21324571424048647,,0.0,0.6645757884357747,0.0,1.7673549217474927e-08,False,False,False
1912,1773733570.5579395,1773733570557941783,-0.42,8.409937492055881e-20,0.8749994277780444,-0.44325845910139783,0.006217161228913233,1.0868817668920383,0.21324571424048647,,0.0,0.6645757884357747,0.0,0.0,False,False,False
1913,1773733570.6086009,1773733570608605863,-0.42,8.409937492055881e-20,0.8749994277780444,-0.443258459281035,0.0062171431355631575,1.0868817676860347,0.21324571452148997,,0.0,0.6645758002308007,0.0,1.811165417029458e-08,False,False,False
1914,1773733570.658002,1773733570658005313,-0.42,8.409937492055881e-20,0.8749994277780444,-0.443258459281035,0.0062171431355631575,1.0868817676860347,0.21324571452148997,,0.0,0.6645758002308007,0.0,0.0,False,False,False
1915,1773733570.7079287,1773733570707930958,-0.42,8.409937492055881e-20,0.8749994277780444,-0.443258459281035,0.0062171431355631575,1.0868817676860347,0.21324571452148997,,0.0,0.6645758002308007,0.0,0.0,False,False,False
1916,1773733570.7579217,1773733570757924383,-0.42,8.409937492055881e-20,0.8749994277780444,-0.4432584597890308,0.00621712596132575,1.0868817691323838,0.21324571551328703,,0.0,0.6645758119659196,0.0,1.7242517674489655e-08,False,False,False
1917,1773733570.808089,1773733570808092517,-0.42,8.409937492055881e-20,0.8749994277780444,-0.4432584597890308,0.00621712596132575,1.0868817691323838,0.21324571551328703,,0.0,0.6645758119659196,0.0,0.0,False,False,False
1918,1773733570.8580148,1773733570858018342,-0.42,8.409937492055881e-20,0.8749994277780444,-0.4432584597890308,0.00621712596132575,1.0868817691323838,0.21324571551328703,,0.0,0.6645758119659196,0.0,0.0,False,False,False
1919,1773733570.9079163,1773733570907918538,-0.42,8.409937492055881e-20,0.8749994277780444,-0.4432584598769486,0.006217107990648776,1.086881769813341,0.21324571567554987,,0.0,0.6645758235736612,0.0,1.7983788902572966e-08,False,False,False
1920,1773733570.959935,1773733570959937269,-0.42,8.409937492055881e-20,0.8749994277780444,-0.4432584598769486,0.006217107990648776,1.086881769813341,0.21324571567554987,,0.0,0.6645758235736612,0.0,0.0,False,False,False
1921,1773733571.0080101,1773733571008013278,-0.42,8.409937492055881e-20,0.8749994277780444,-0.4432584598769486,0.006217107990648776,1.086881769813341,0.21324571567554987,,0.0,0.6645758235736612,0.0,0.0,False,False,False
1922,1773733571.057998,1773733571058000413,-0.42,8.409937492055881e-20,0.8749994277780444,-0.4432584603021456,0.006217090549825581,1.0868817710575727,0.2132457164497216,,0.0,0.6645758353276785,0.0,1.7490317850247654e-08,False,False,False
1923,1773733571.1079648,1773733571107967818,-0.42,8.409937492055881e-20,0.8749994277780444,-0.4432584603021456,0.006217090549825581,1.0868817710575727,0.2132457164497216,,0.0,0.6645758353276785,0.0,0.0,False,False,False
1924,1773733571.157937,1773733571157940844,-0.42,8.409937492055881e-20,0.8749994277780444,-0.4432584603021456,0.006217090549825581,1.0868817710575727,0.2132457164497216,,0.0,0.6645758353276785,0.0,0.0,False,False,False
1925,1773733571.208009,1773733571208011278,-0.42,8.409937492055881e-20,0.8749994277780444,-0.44325846075178915,0.006217073533659715,1.0868817723726583,0.2132457173093428,,0.0,0.6645758468653038,0.0,1.7072830175326915e-08,False,False,False
1926,1773733571.2580245,1773733571258027654,-0.42,8.409937492055881e-20,0.8749994277780444,-0.44325846075178915,0.006217073533659715,1.0868817723726583,0.2132457173093428,,0.0,0.6645758468653038,0.0,0.0,False,False,False
1927,1773733571.3080435,1773733571308046179,-0.42,8.409937492055881e-20,0.8749994277780444,-0.44325846075178915,0.006217073533659715,1.0868817723726583,0.2132457173093428,,0.0,0.6645758468653038,0.0,0.0,False,False,False
1928,1773733571.3581483,1773733571358152133,-0.42,8.409937492055881e-20,0.8749994277780444,-0.4432584610306649,0.006217056301890648,1.086881773372019,0.2132457178303479,,0.0,0.6645758582813803,0.0,1.7262976536909214e-08,False,False,False
1929,1773733571.4079983,1773733571408001339,-0.42,8.409937492055881e-20,0.8749994277780444,-0.4432584610306649,0.006217056301890648,1.086881773372019,0.2132457178303479,,0.0,0.6645758582813803,0.0,0.0,False,False,False
1930,1773733571.4580317,1773733571458035164,-0.42,8.409937492055881e-20,0.8749994277780444,-0.4432584610306649,0.006217056301890648,1.086881773372019,0.2132457178303479,,0.0,0.6645758582813803,0.0,0.0,False,False,False
1931,1773733571.5079942,1773733571507997470,-0.42,8.409937492055881e-20,0.8749994277780444,-0.44325846133884034,0.006217038831182601,1.0868817743896588,0.21324571836574605,,0.0,0.6645758698735761,0.0,1.7503034091761222e-08,False,False,False
1932,1773733571.558019,1773733571558022755,-0.42,8.409937492055881e-20,0.8749994277780444,-0.44325846133884034,0.006217038831182601,1.0868817743896588,0.21324571836574605,,0.0,0.6645758698735761,0.0,0.0,False,False,False
1933,1773733571.6079276,1773733571607930081,-0.42,8.409937492055881e-20,0.8749994277780444,-0.44325846133884034,0.006217038831182601,1.0868817743896588,0.21324571836574605,,0.0,0.6645758698735761,0.0,0.0,False,False,False
1934,1773733571.6595192,1773733571659521924,-0.42,8.409937492055881e-20,0.8749994277780444,-0.443258461784072,0.006217021986413411,1.0868817756944136,0.21324571921962232,,0.0,0.6645758812964532,0.0,1.6901090653935474e-08,False,False,False
1935,1773733571.7080941,1773733571708097750,-0.42,8.409937492055881e-20,0.8749994277780444,-0.443258461784072,0.006217021986413411,1.0868817756944136,0.21324571921962232,,0.0,0.6645758812964532,0.0,0.0,False,False,False
1936,1773733571.7579238,1773733571757926106,-0.42,8.409937492055881e-20,0.8749994277780444,-0.443258461784072,0.006217021986413411,1.0868817756944136,0.21324571921962232,,0.0,0.6645758812964532,0.0,0.0,False,False,False
1937,1773733571.8080618,1773733571808065830,-0.42,8.409937492055881e-20,0.8749994277780444,-0.44325846143619585,0.006217003313807671,1.0868817755564688,0.21324571850023177,,0.0,0.6645758926825055,0.0,1.8676355417720527e-08,False,False,False
1938,1773733571.8584266,1773733571858430563,-0.42,8.409937492055881e-20,0.8749994277780444,-0.44325846143619585,0.006217003313807671,1.0868817755564688,0.21324571850023177,,0.0,0.6645758926825055,0.0,0.0,False,False,False
1939,1773733571.9080048,1773733571908009341,-0.42,8.409937492055881e-20,0.8749994277780444,-0.44325846143619585,0.006217003313807671,1.0868817755564688,0.21324571850023177,,0.0,0.6645758926825055,0.0,0.0,False,False,False
1940,1773733571.9579387,1773733571957940777,-0.42,8.409937492055881e-20,0.8749994277780444,-0.4432584619012524,0.006216986128790144,1.0868817769081773,0.2132457193930071,,0.0,0.6645759043526422,0.0,1.724436780314157e-08,False,False,False
1941,1773733572.0080194,1773733572008022321,-0.42,8.409937492055881e-20,0.8749994277780444,-0.4432584619012524,0.006216986128790144,1.0868817769081773,0.2132457193930071,,0.0,0.6645759043526422,0.0,0.0,False,False,False
1942,1773733572.058065,1773733572058067506,-0.42,8.409937492055881e-20,0.8749994277780444,-0.44325846179065187,0.006216967688991789,1.0868817771932688,0.21324571912661797,,0.0,0.664575915941824,0.0,1.8442333719293693e-08,False,False,False
1943,1773733572.1080053,1773733572108007702,-0.42,8.409937492055881e-20,0.8749994277780444,-0.44325846179065187,0.006216967688991789,1.0868817771932688,0.21324571912661797,,0.0,0.664575915941824,0.0,0.0,False,False,False
1944,1773733572.157932,1773733572157934148,-0.42,8.409937492055881e-20,0.8749994277780444,-0.44325846179065187,0.006216967688991789,1.0868817771932688,0.21324571912661797,,0.0,0.664575915941824,0.0,0.0,False,False,False
1945,1773733572.2099097,1773733572209912539,-0.42,8.409937492055881e-20,0.8749994277780444,-0.44325846240426064,0.006216950541511437,1.0868817788177925,0.21324572030776381,,0.0,0.6645759278105531,0.0,1.7235187123302548e-08,False,False,False
1946,1773733572.2580328,1773733572258036328,-0.42,8.409937492055881e-20,0.8749994277780444,-0.44325846240426064,0.006216950541511437,1.0868817788177925,0.21324572030776381,,0.0,0.6645759278105531,0.0,0.0,False,False,False
1947,1773733572.3079839,1773733572307986454,-0.42,8.409937492055881e-20,0.8749994277780444,-0.44325846240426064,0.006216950541511437,1.0868817788177925,0.21324572030776381,,0.0,0.6645759278105531,0.0,0.0,False,False,False
1948,1773733572.3579645,1773733572357967419,-0.42,8.409937492055881e-20,0.8749994277780444,-0.4432584622303444,0.006216931837997422,1.0868817789844551,0.213245719909112,,0.0,0.6645759394688407,0.0,1.8705065085189487e-08,False,False,False
1949,1773733572.4080129,1773733572408015944,-0.42,8.409937492055881e-20,0.8749994277780444,-0.4432584622303444,0.006216931837997422,1.0868817789844551,0.213245719909112,,0.0,0.6645759394688407,0.0,0.0,False,False,False
1950,1773733572.4579945,1773733572457996990,-0.42,8.409937492055881e-20,0.8749994277780444,-0.4432584622303444,0.006216931837997422,1.0868817789844551,0.213245719909112,,0.0,0.6645759394688407,0.0,0.0,False,False,False
1951,1773733572.5079281,1773733572507931186,-0.42,8.409937492055881e-20,0.8749994277780444,-0.44325846264412994,0.006216914294534198,1.0868817802616344,0.21324572071179823,,0.0,0.6645759512956766,0.0,1.7594757947055883e-08,False,False,False
1952,1773733572.5579376,1773733572557940481,-0.42,8.409937492055881e-20,0.8749994277780444,-0.44325846264412994,0.006216914294534198,1.0868817802616344,0.21324572071179823,,0.0,0.6645759512956766,0.0,0.0,False,False,False
1953,1773733572.6085062,1773733572608509002,-0.42,8.409937492055881e-20,0.8749994277780444,-0.44325846264412994,0.006216914294534198,1.0868817802616344,0.21324572071179823,,0.0,0.6645759512956766,0.0,0.0,False,False,False
1954,1773733572.6580098,1773733572658012591,-0.42,8.409937492055881e-20,0.8749994277780444,-0.4432584627905004,0.006216896338577018,1.086881781045368,0.2132457209830026,,0.0,0.6645759629794121,0.0,1.7973649066893044e-08,False,False,False
1955,1773733572.7084677,1773733572708471893,-0.42,8.409937492055881e-20,0.8749994277780444,-0.4432584627905004,0.006216896338577018,1.086881781045368,0.2132457209830026,,0.0,0.6645759629794121,0.0,0.0,False,False,False
1956,1773733572.7579443,1773733572757946472,-0.42,8.409937492055881e-20,0.8749994277780444,-0.4432584627905004,0.006216896338577018,1.086881781045368,0.2132457209830026,,0.0,0.6645759629794121,0.0,0.0,False,False,False
1957,1773733572.8079953,1773733572807998317,-0.42,8.409937492055881e-20,0.8749994277780444,-0.44325846323283047,0.006216878802966534,1.0868817823499073,0.21324572181621917,,0.0,0.66457597483204,0.0,1.7589630863200095e-08,False,False,False
1958,1773733572.8581111,1773733572858114642,-0.42,8.409937492055881e-20,0.8749994277780444,-0.44325846323283047,0.006216878802966534,1.0868817823499073,0.21324572181621917,,0.0,0.66457597483204,0.0,0.0,False,False,False
1959,1773733572.9079611,1773733572907964598,-0.42,8.409937492055881e-20,0.8749994277780444,-0.44325846323283047,0.006216878802966534,1.0868817823499073,0.21324572181621917,,0.0,0.66457597483204,0.0,0.0,False,False,False
1960,1773733572.9579916,1773733572957994533,-0.42,8.409937492055881e-20,0.8749994277780444,-0.4432584638256643,0.006216861823394404,1.0868817839099432,0.21324572293592595,,0.0,0.6645759865522305,0.0,1.7061390143453402e-08,False,False,False
1961,1773733573.0079622,1773733573007964309,-0.42,8.409937492055881e-20,0.8749994277780444,-0.4432584638256643,0.006216861823394404,1.0868817839099432,0.21324572293592595,,0.0,0.6645759865522305,0.0,0.0,False,False,False
1962,1773733573.0580957,1773733573058099964,-0.42,8.409937492055881e-20,0.8749994277780444,-0.4432584638256643,0.006216861823394404,1.0868817839099432,0.21324572293592595,,0.0,0.6645759865522305,0.0,0.0,False,False,False
1963,1773733573.107936,1773733573107938040,-0.42,8.409937492055881e-20,0.8749994277780444,-0.44325846427062054,0.006216844731678042,1.086881785176913,0.21324572374504353,,0.0,0.6645759981111903,0.0,1.714438587041833e-08,False,False,False
1964,1773733573.1580126,1773733573158015595,-0.42,8.409937492055881e-20,0.8749994277780444,-0.44325846427062054,0.006216844731678042,1.086881785176913,0.21324572374504353,,0.0,0.6645759981111903,0.0,0.0,False,False,False
1965,1773733573.208055,1773733573208057060,-0.42,8.409937492055881e-20,0.8749994277780444,-0.44325846427062054,0.006216844731678042,1.086881785176913,0.21324572374504353,,0.0,0.6645759981111903,0.0,0.0,False,False,False
1966,1773733573.2580113,1773733573258013526,-0.42,8.409937492055881e-20,0.8749994277780444,-0.4432584645082003,0.006216827316691971,1.0868817861104212,0.21324572419079005,,0.0,0.664576009584789,0.0,1.744160604636669e-08,False,False,False
1967,1773733573.3079987,1773733573308002032,-0.42,8.409937492055881e-20,0.8749994277780444,-0.4432584645082003,0.006216827316691971,1.0868817861104212,0.21324572419079005,,0.0,0.664576009584789,0.0,0.0,False,False,False
1968,1773733573.3580897,1773733573358093657,-0.42,8.409937492055881e-20,0.8749994277780444,-0.4432584645082003,0.006216827316691971,1.0868817861104212,0.21324572419079005,,0.0,0.664576009584789,0.0,0.0,False,False,False
1969,1773733573.4086733,1773733573408675158,-0.42,8.409937492055881e-20,0.8749994277780444,-0.4432584646577015,0.006216809706974335,1.086881786881447,0.21324572445981088,,0.0,0.6645760210480574,0.0,1.762722288896034e-08,False,False,False
1970,1773733573.4580133,1773733573458015438,-0.42,8.409937492055881e-20,0.8749994277780444,-0.4432584646577015,0.006216809706974335,1.086881786881447,0.21324572445981088,,0.0,0.6645760210480574,0.0,0.0,False,False,False
1971,1773733573.5099602,1773733573509962640,-0.42,8.409937492055881e-20,0.8749994277780444,-0.4432584650136873,0.006216792667455761,1.0868817880102202,0.21324572512343723,,0.0,0.6645760324534505,0.0,1.7080575159299282e-08,False,False,False
1972,1773733573.5579877,1773733573557990540,-0.42,8.409937492055881e-20,0.8749994277780444,-0.4432584650136873,0.006216792667455761,1.0868817880102202,0.21324572512343723,,0.0,0.6645760324534505,0.0,0.0,False,False,False
1973,1773733573.6080725,1773733573608075765,-0.42,8.409937492055881e-20,0.8749994277780444,-0.4432584650136873,0.006216792667455761,1.0868817880102202,0.21324572512343723,,0.0,0.6645760324534505,0.0,0.0,False,False,False
1974,1773733573.6579845,1773733573657986801,-0.42,8.409937492055881e-20,0.8749994277780444,-0.4432584654617443,0.006216775576044093,1.0868817892807454,0.21324572593644012,,0.0,0.6645760440158343,0.0,1.714442598181526e-08,False,False,False
1975,1773733573.707969,1773733573707971586,-0.42,8.409937492055881e-20,0.8749994277780444,-0.4432584654617443,0.006216775576044093,1.0868817892807454,0.21324572593644012,,0.0,0.6645760440158343,0.0,0.0,False,False,False
1976,1773733573.758448,1773733573758450668,-0.42,8.409937492055881e-20,0.8749994277780444,-0.4432584654617443,0.006216775576044093,1.0868817892807454,0.21324572593644012,,0.0,0.6645760440158343,0.0,0.0,False,False,False
1977,1773733573.8079977,1773733573807999347,-0.42,8.409937492055881e-20,0.8749994277780444,-0.44325846543957564,0.00621675767486164,1.0868817897277303,0.213245725856275,,0.0,0.6645760554004249,0.0,1.7906775817029853e-08,False,False,False
1978,1773733573.8579755,1773733573857978253,-0.42,8.409937492055881e-20,0.8749994277780444,-0.44325846543957564,0.00621675767486164,1.0868817897277303,0.213245725856275,,0.0,0.6645760554004249,0.0,0.0,False,False,False
1979,1773733573.908066,1773733573908068967,-0.42,8.409937492055881e-20,0.8749994277780444,-0.44325846564671834,0.006216740079353874,1.0868817906179602,0.21324572625044458,,0.0,0.6645760669473477,0.0,1.7619231279995705e-08,False,False,False
1980,1773733573.9580243,1773733573958026673,-0.42,8.409937492055881e-20,0.8749994277780444,-0.44325846564671834,0.006216740079353874,1.0868817906179602,0.21324572625044458,,0.0,0.6645760669473477,0.0,0.0,False,False,False
1981,1773733574.0094762,1773733574009479089,-0.42,8.409937492055881e-20,0.8749994277780444,-0.44325846564671834,0.006216740079353874,1.0868817906179602,0.21324572625044458,,0.0,0.6645760669473477,0.0,0.0,False,False,False
1982,1773733574.0580115,1773733574058013715,-0.42,8.409937492055881e-20,0.8749994277780444,-0.4432584656924342,0.006216722023439888,1.086881791180877,0.2132457262883664,,0.0,0.6645760785259129,0.0,1.806474453649137e-08,False,False,False
1983,1773733574.1079907,1773733574107995531,-0.42,8.409937492055881e-20,0.8749994277780444,-0.4432584656924342,0.006216722023439888,1.086881791180877,0.2132457262883664,,0.0,0.6645760785259129,0.0,0.0,False,False,False
1984,1773733574.1591408,1773733574159144188,-0.42,8.409937492055881e-20,0.8749994277780444,-0.4432584656924342,0.006216722023439888,1.086881791180877,0.2132457262883664,,0.0,0.6645760785259129,0.0,0.0,False,False,False
1985,1773733574.2089455,1773733574208948025,-0.42,8.409937492055881e-20,0.8749994277780444,-0.4432584659400829,0.00621670426552688,1.0868817921515719,0.21324572676217285,,0.0,0.6645760902377558,0.0,1.778614777795836e-08,False,False,False
1986,1773733574.258086,1773733574258089037,-0.42,8.409937492055881e-20,0.8749994277780444,-0.4432584659400829,0.00621670426552688,1.0868817921515719,0.21324572676217285,,0.0,0.6645760902377558,0.0,0.0,False,False,False
1987,1773733574.3080387,1773733574308041823,-0.42,8.409937492055881e-20,0.8749994277780444,-0.4432584665850964,0.0062166874715717715,1.0868817938091588,0.2132457279899234,,0.0,0.664576101920791,0.0,1.688788219711656e-08,False,False,False
1988,1773733574.3580656,1773733574358069688,-0.42,8.409937492055881e-20,0.8749994277780444,-0.4432584665850964,0.0062166874715717715,1.0868817938091588,0.2132457279899234,,0.0,0.664576101920791,0.0,0.0,False,False,False
1989,1773733574.4079905,1773733574407993825,-0.42,8.409937492055881e-20,0.8749994277780444,-0.4432584665850964,0.0062166874715717715,1.0868817938091588,0.2132457279899234,,0.0,0.664576101920791,0.0,0.0,False,False,False
1990,1773733574.4580333,1773733574458036860,-0.42,8.409937492055881e-20,0.8749994277780444,-0.44325846664168966,0.006216669665746874,1.0868817944146958,0.21324572807867448,,0.0,0.6645761133701715,0.0,1.781620829737829e-08,False,False,False
1991,1773733574.5079668,1773733574507969316,-0.42,8.409937492055881e-20,0.8749994277780444,-0.44325846664168966,0.006216669665746874,1.0868817944146958,0.21324572807867448,,0.0,0.6645761133701715,0.0,0.0,False,False,False
1992,1773733574.5580084,1773733574558011331,-0.42,8.409937492055881e-20,0.8749994277780444,-0.44325846664168966,0.006216669665746874,1.0868817944146958,0.21324572807867448,,0.0,0.6645761133701715,0.0,0.0,False,False,False
1993,1773733574.608026,1773733574608029537,-0.42,8.409937492055881e-20,0.8749994277780444,-0.4432584667786271,0.006216651880323823,1.086881795163635,0.2132457283192702,,0.0,0.6645761249249165,0.0,1.7801711569265926e-08,False,False,False
1994,1773733574.6579628,1773733574657965233,-0.42,8.409937492055881e-20,0.8749994277780444,-0.4432584667786271,0.006216651880323823,1.086881795163635,0.2132457283192702,,0.0,0.6645761249249165,0.0,0.0,False,False,False
1995,1773733574.7079327,1773733574707934799,-0.42,8.409937492055881e-20,0.8749994277780444,-0.4432584667786271,0.006216651880323823,1.086881795163635,0.2132457283192702,,0.0,0.6645761249249165,0.0,0.0,False,False,False
1996,1773733574.758682,1773733574758685539,-0.42,8.409937492055881e-20,0.8749994277780444,-0.44325846719069617,0.006216634435162736,1.0868817963654733,0.21324572904979885,,0.0,0.6645761366532965,0.0,1.7491365349482262e-08,False,False,False
1997,1773733574.807926,1773733574807928310,-0.42,8.409937492055881e-20,0.8749994277780444,-0.44325846719069617,0.006216634435162736,1.0868817963654733,0.21324572904979885,,0.0,0.6645761366532965,0.0,0.0,False,False,False
1998,1773733574.85797,1773733574857972316,-0.42,8.409937492055881e-20,0.8749994277780444,-0.4432584672161645,0.00621661644844875,1.086881796934889,0.2132457290939959,,0.0,0.6645761481792233,0.0,1.7995742908146184e-08,False,False,False
1999,1773733574.9081101,1773733574908113321,-0.42,8.409937492055881e-20,0.8749994277780444,-0.4432584672161645,0.00621661644844875,1.086881796934889,0.2132457290939959,,0.0,0.6645761481792233,0.0,0.0,False,False,False
2000,1773733574.958187,1773733574958191446,-0.42,8.409937492055881e-20,0.8749994277780444,-0.4432584672161645,0.00621661644844875,1.086881796934889,0.2132457290939959,,0.0,0.6645761481792233,0.0,0.0,False,False,False
2001,1773733575.008026,1773733575008030013,-0.42,8.409937492055881e-20,0.8749994277780444,-0.44325846737565183,0.006216598495933706,1.0868817977372156,0.2132457293852306,,0.0,0.6645761598777942,0.0,1.797114244171026e-08,False,False,False
2002,1773733575.059531,1773733575059534317,-0.42,8.409937492055881e-20,0.8749994277780444,-0.44325846737565183,0.006216598495933706,1.0868817977372156,0.2132457293852306,,0.0,0.6645761598777942,0.0,0.0,False,False,False
2003,1773733575.1086538,1773733575108656050,-0.42,8.409937492055881e-20,0.8749994277780444,-0.44325846737565183,0.006216598495933706,1.0868817977372156,0.2132457293852306,,0.0,0.6645761598777942,0.0,0.0,False,False,False
2004,1773733575.158056,1773733575158059060,-0.42,8.409937492055881e-20,0.8749994277780444,-0.44325813560120086,0.006216370628846423,1.0868787427634996,0.21324265111404136,,0.0,0.6645746383965521,0.0,3.081373411520693e-06,False,False,False
2005,1773733575.208026,1773733575208028576,-0.42,8.409937492055881e-20,0.8749994277780444,-0.44325813560120086,0.006216370628846423,1.0868787427634996,0.21324265111404136,,0.0,0.6645746383965521,0.0,0.0,False,False,False
2006,1773733575.2579906,1773733575257995192,-0.42,8.409937492055881e-20,0.8749994277780444,-0.44325813560120086,0.006216370628846423,1.0868787427634996,0.21324265111404136,,0.0,0.6645746383965521,0.0,0.0,False,False,False
2007,1773733575.3113205,1773733575311326504,-0.42,8.409937492055881e-20,0.8749994277780444,-0.44325629369053404,0.006215382278825473,1.0868629555064466,0.21322673508407844,,0.0,0.6645665790662343,0.0,1.5925041787239092e-05,False,False,False
2008,1773733575.3581572,1773733575358161203,-0.42,8.409937492055881e-20,0.8749994277780444,-0.44325629369053404,0.006215382278825473,1.0868629555064466,0.21322673508407844,,0.0,0.6645665790662343,0.0,0.0,False,False,False
2009,1773733575.4079561,1773733575407959170,-0.42,8.409937492055881e-20,0.8749994277780444,-0.44325276724626483,0.006212813576708108,1.0868292503915629,0.213192785960554,,0.0,0.6645499110200465,0.0,3.39863032570377e-05,False,False,False
2010,1773733575.4579961,1773733575458000195,-0.42,8.409937492055881e-20,0.8749994277780444,-0.44325276724626483,0.006212813576708108,1.0868292503915629,0.213192785960554,,0.0,0.6645499110200465,0.0,0.0,False,False,False
2011,1773733575.507937,1773733575507939532,-0.42,8.409937492055881e-20,0.8749994277780444,-0.44325276724626483,0.006212813576708108,1.0868292503915629,0.213192785960554,,0.0,0.6645499110200465,0.0,0.0,False,False,False
2012,1773733575.5588844,1773733575558888811,-0.42,8.409937492055881e-20,0.8749994277780444,-0.4432469634038297,0.006208461003560482,1.0867742046561546,0.21313733229377035,,0.0,0.6645227631767125,0.0,5.552172967995726e-05,False,False,False
2013,1773733575.6079853,1773733575607987583,-0.42,8.409937492055881e-20,0.8749994277780444,-0.4432469634038297,0.006208461003560482,1.0867742046561546,0.21313733229377035,,0.0,0.6645227631767125,0.0,0.0,False,False,False
2014,1773733575.6580212,1773733575658024649,-0.42,8.409937492055881e-20,0.8749994277780444,-0.4432387851314336,0.006202255539267806,1.0866964334660707,0.2130589855543191,,0.0,0.6644844617971062,0.0,7.844584076633876e-05,False,False,False
2015,1773733575.7079914,1773733575707994405,-0.42,8.409937492055881e-20,0.8749994277780444,-0.4432387851314336,0.006202255539267806,1.0866964334660707,0.2130589855543191,,0.0,0.6644844617971062,0.0,0.0,False,False,False
2016,1773733575.75806,1773733575758063640,-0.42,8.409937492055881e-20,0.8749994277780444,-0.4432387851314336,0.006202255539267806,1.0866964334660707,0.2130589855543191,,0.0,0.6644844617971062,0.0,0.0,False,False,False
2017,1773733575.808012,1773733575808014416,-0.42,8.409937492055881e-20,0.8749994277780444,-0.44322824053532583,0.006194280735357173,1.086595217309685,0.2129570342104568,,0.0,0.6644346224914158,0.0,0.0001020759340785357,False,False,False
2018,1773733575.857992,1773733575857995062,-0.42,8.409937492055881e-20,0.8749994277780444,-0.44322824053532583,0.006194280735357173,1.086595217309685,0.2129570342104568,,0.0,0.6644346224914158,0.0,0.0,False,False,False
2019,1773733575.9079552,1773733575907957448,-0.42,8.409937492055881e-20,0.8749994277780444,-0.4432153380345311,0.006184476725079565,1.0864701203901213,0.21283104450773174,,0.0,0.6643730882644983,0.0,0.00012614211203477082,False,False,False
2020,1773733575.9580917,1773733575958096223,-0.42,8.409937492055881e-20,0.8749994277780444,-0.4432153380345311,0.006184476725079565,1.0864701203901213,0.21283104450773174,,0.0,0.6643730882644983,0.0,0.0,False,False,False
2021,1773733576.0080442,1773733576008047479,-0.42,8.409937492055881e-20,0.8749994277780444,-0.4432153380345311,0.006184476725079565,1.0864701203901213,0.21283104450773174,,0.0,0.6643730882644983,0.0,0.0,False,False,False
2022,1773733576.057975,1773733576057977786,-0.42,8.409937492055881e-20,0.8749994277780444,-0.4432001018364467,0.006172669504127723,1.086320829865629,0.2126807032955536,,0.0,0.6642998441115724,0.0,0.00015052977413730498,False,False,False
2023,1773733576.107925,1773733576107927332,-0.42,8.409937492055881e-20,0.8749994277780444,-0.4432001018364467,0.006172669504127723,1.086320829865629,0.2126807032955536,,0.0,0.6642998441115724,0.0,0.0,False,False,False
2024,1773733576.157956,1773733576157959308,-0.42,8.409937492055881e-20,0.8749994277780444,-0.4432001018364467,0.006172669504127723,1.086320829865629,0.2126807032955536,,0.0,0.6642998441115724,0.0,0.0,False,False,False
2025,1773733576.2081645,1773733576208170742,-0.42,8.409937492055881e-20,0.8749994277780444,-0.44318274290441034,0.00615929451698898,1.0861474177631252,0.21250611791724672,,0.0,0.6642147951789713,0.0,0.0001747912471985369,False,False,False
2026,1773733576.2581644,1773733576258167919,-0.42,8.409937492055881e-20,0.8749994277780444,-0.44318274290441034,0.00615929451698898,1.0861474177631252,0.21250611791724672,,0.0,0.6642147951789713,0.0,0.0,False,False,False
2027,1773733576.3080394,1773733576308042505,-0.42,8.409937492055881e-20,0.8749994277780444,-0.44318274290441034,0.00615929451698898,1.0861474177631252,0.21250611791724672,,0.0,0.6642147951789713,0.0,0.0,False,False,False
2028,1773733576.357991,1773733576357994542,-0.42,8.409937492055881e-20,0.8749994277780444,-0.4431631664490674,0.0061438257620577055,1.0859488330012168,0.21230621855930626,,0.0,0.6641177256234027,0.0,0.00020014601581126452,False,False,False
2029,1773733576.4079692,1773733576407972378,-0.42,8.409937492055881e-20,0.8749994277780444,-0.4431631664490674,0.0061438257620577055,1.0859488330012168,0.21230621855930626,,0.0,0.6641177256234027,0.0,0.0,False,False,False
2030,1773733576.458035,1773733576458037983,-0.42,8.409937492055881e-20,0.8749994277780444,-0.4431416237372869,0.006126587010828443,1.0857253756164542,0.21208134031544507,,0.0,0.6640087487685117,0.0,0.00022515431548104968,False,False,False
2031,1773733576.5089483,1773733576508950643,-0.42,8.409937492055881e-20,0.8749994277780444,-0.4431416237372869,0.006126587010828443,1.0857253756164542,0.21208134031544507,,0.0,0.6640087487685117,0.0,0.0,False,False,False
2032,1773733576.5605948,1773733576560597597,-0.42,8.409937492055881e-20,0.8749994277780444,-0.4431416237372869,0.006126587010828443,1.0857253756164542,0.21208134031544507,,0.0,0.6640087487685117,0.0,0.0,False,False,False
2033,1773733576.6079412,1773733576607943682,-0.42,8.409937492055881e-20,0.8749994277780444,-0.4431183189750629,0.006108059870807666,1.0854767278713504,0.2118312038444424,,0.0,0.663887557894601,0.0,0.00025042377683613166,False,False,False
2034,1773733576.658047,1773733576658049187,-0.42,8.409937492055881e-20,0.8749994277780444,-0.4431183189750629,0.006108059870807666,1.0854767278713504,0.2118312038444424,,0.0,0.663887557894601,0.0,0.0,False,False,False
2035,1773733576.7080314,1773733576708034463,-0.42,8.409937492055881e-20,0.8749994277780444,-0.44308646591889017,0.006091678532918058,1.0851815325974241,0.21153394678461707,,0.0,0.6637376728298225,0.0,0.00029736041291169896,False,False,False
2036,1773733576.7580242,1773733576758026850,-0.42,8.409937492055881e-20,0.8749994277780444,-0.44308646591889017,0.006091678532918058,1.0851815325974241,0.21153394678461707,,0.0,0.6637376728298225,0.0,0.0,False,False,False
2037,1773733576.8079967,1773733576808000016,-0.42,8.409937492055881e-20,0.8749994277780444,-0.44308646591889017,0.006091678532918058,1.0851815325974241,0.21153394678461707,,0.0,0.6637376728298225,0.0,0.0,False,False,False
2038,1773733576.857864,1773733576857865943,-0.42,8.409937492055881e-20,0.8749994277780444,-0.443062061496085,0.006078765851294186,1.0848896999870572,0.21124094404896404,,0.0,0.6635919197172169,0.0,0.00029313578026699563,False,False,False
2039,1773733576.9091072,1773733576909109700,-0.42,8.409937492055881e-20,0.8749994277780444,-0.443062061496085,0.006078765851294186,1.0848896999870572,0.21124094404896404,,0.0,0.6635919197172169,0.0,0.0,False,False,False
2040,1773733576.959386,1773733576959389743,-0.42,8.409937492055881e-20,0.8749994277780444,-0.443062061496085,0.006078765851294186,1.0848896999870572,0.21124094404896404,,0.0,0.6635919197172169,0.0,0.0,False,False,False
2041,1773733577.0086389,1773733577008641845,-0.42,8.409937492055881e-20,0.8749994277780444,-0.4430355724057243,0.006060227616827505,1.0845680713342116,0.21091794688171747,,0.0,0.6634343466968111,0.0,0.00032324963785987365,False,False,False
2042,1773733577.0579708,1773733577057974446,-0.42,8.409937492055881e-20,0.8749994277780444,-0.4430355724057243,0.006060227616827505,1.0845680713342116,0.21091794688171747,,0.0,0.6634343466968111,0.0,0.0,False,False,False
2043,1773733577.1081004,1773733577108103311,-0.42,8.409937492055881e-20,0.8749994277780444,-0.44300737087377695,0.006037805607492936,1.0842177271893298,0.21056612030340416,,0.0,0.6632646414498059,0.0,0.0003521918408477376,False,False,False
2044,1773733577.157969,1773733577157970828,-0.42,8.409937492055881e-20,0.8749994277780444,-0.44300737087377695,0.006037805607492936,1.0842177271893298,0.21056612030340416,,0.0,0.6632646414498059,0.0,0.0,False,False,False
2045,1773733577.2081616,1773733577208165183,-0.42,8.409937492055881e-20,0.8749994277780444,-0.44300737087377695,0.006037805607492936,1.0842177271893298,0.21056612030340416,,0.0,0.6632646414498059,0.0,0.0,False,False,False
2046,1773733577.2579658,1773733577257969121,-0.42,8.409937492055881e-20,0.8749994277780444,-0.44297788051534415,0.006013129535893334,1.0838396741576148,0.2101865581517347,,0.0,0.6630825589861231,0.0,0.00038000353227173224,False,False,False
2047,1773733577.3080392,1773733577308041486,-0.42,8.409937492055881e-20,0.8749994277780444,-0.44297788051534415,0.006013129535893334,1.0838396741576148,0.2101865581517347,,0.0,0.6630825589861231,0.0,0.0,False,False,False
2048,1773733577.358043,1773733577358046293,-0.42,8.409937492055881e-20,0.8749994277780444,-0.44297788051534415,0.006013129535893334,1.0838396741576148,0.2101865581517347,,0.0,0.6630825589861231,0.0,0.0,False,False,False
2049,1773733577.4080706,1773733577408074129,-0.42,8.409937492055881e-20,0.8749994277780444,-0.44294732613350324,0.005985615233014737,1.0834324643166333,0.20977783030409053,,0.0,0.6628879564809211,0.0,0.0004092804194006537,False,False,False
2050,1773733577.4579728,1773733577457975085,-0.42,8.409937492055881e-20,0.8749994277780444,-0.44294732613350324,0.005985615233014737,1.0834324643166333,0.20977783030409053,,0.0,0.6628879564809211,0.0,0.0,False,False,False
2051,1773733577.509364,1773733577509367422,-0.42,8.409937492055881e-20,0.8749994277780444,-0.44294732613350324,0.005985615233014737,1.0834324643166333,0.20977783030409053,,0.0,0.6628879564809211,0.0,0.0,False,False,False
2052,1773733577.558418,1773733577558421944,-0.42,8.409937492055881e-20,0.8749994277780444,-0.4429161588764918,0.0059563117583625366,1.0829974319404487,0.20934134260331616,,0.0,0.6626811298343633,0.0,0.0004371307125621781,False,False,False
2053,1773733577.6080427,1773733577608046193,-0.42,8.409937492055881e-20,0.8749994277780444,-0.4429161588764918,0.0059563117583625366,1.0829974319404487,0.20934134260331616,,0.0,0.6626811298343633,0.0,0.0,False,False,False
2054,1773733577.6579978,1773733577658001570,-0.42,8.409937492055881e-20,0.8749994277780444,-0.4429161588764918,0.0059563117583625366,1.0829974319404487,0.20934134260331616,,0.0,0.6626811298343633,0.0,0.0,False,False,False
2055,1773733577.7099159,1773733577709918092,-0.42,8.409937492055881e-20,0.8749994277780444,-0.44288459247266093,0.005925383302861803,1.0825329240071984,0.2088754815602393,,0.0,0.6624613709845527,0.0,0.00046660542995447625,False,False,False
2056,1773733577.7603595,1773733577760362025,-0.42,8.409937492055881e-20,0.8749994277780444,-0.44288459247266093,0.005925383302861803,1.0825329240071984,0.2088754815602393,,0.0,0.6624613709845527,0.0,0.0,False,False,False
2057,1773733577.8079784,1773733577807980919,-0.42,8.409937492055881e-20,0.8749994277780444,-0.44285298762927877,0.00589306504641404,1.0820393061329179,0.20838065766386774,,0.0,0.6622289777137335,0.0,0.0004956833078026907,False,False,False
2058,1773733577.8586445,1773733577858648070,-0.42,8.409937492055881e-20,0.8749994277780444,-0.44285298762927877,0.00589306504641404,1.0820393061329179,0.20838065766386774,,0.0,0.6622289777137335,0.0,0.0,False,False,False
2059,1773733577.9082057,1773733577908209459,-0.42,8.409937492055881e-20,0.8749994277780444,-0.44285298762927877,0.00589306504641404,1.0820393061329179,0.20838065766386774,,0.0,0.6622289777137335,0.0,0.0,False,False,False
2060,1773733577.960922,1773733577960927525,-0.42,8.409937492055881e-20,0.8749994277780444,-0.442821673917277,0.00585952336738403,1.0815165666360664,0.20785690139272014,,0.0,0.6619840962416474,0.0,0.0005247496301665985,False,False,False
2061,1773733578.0081377,1773733578008141052,-0.42,8.409937492055881e-20,0.8749994277780444,-0.442821673917277,0.00585952336738403,1.0815165666360664,0.20785690139272014,,0.0,0.6619840962416474,0.0,0.0,False,False,False
2062,1773733578.0580244,1773733578058028929,-0.42,8.409937492055881e-20,0.8749994277780444,-0.442821673917277,0.00585952336738403,1.0815165666360664,0.20785690139272014,,0.0,0.6619840962416474,0.0,0.0,False,False,False
2063,1773733578.1079462,1773733578107949126,-0.42,8.409937492055881e-20,0.8749994277780444,-0.4427908415825576,0.005826044377705999,1.0809624672702807,0.2073020474814774,,0.0,0.661725038478298,0.0,0.0005559654510653498,False,False,False
2064,1773733578.1579742,1773733578157977202,-0.42,8.409937492055881e-20,0.8749994277780444,-0.4427908415825576,0.005826044377705999,1.0809624672702807,0.2073020474814774,,0.0,0.661725038478298,0.0,0.0,False,False,False
2065,1773733578.207944,1773733578207945859,-0.42,8.409937492055881e-20,0.8749994277780444,-0.4427908415825576,0.005826044377705999,1.0809624672702807,0.2073020474814774,,0.0,0.661725038478298,0.0,0.0,False,False,False
2066,1773733578.2604072,1773733578260410897,-0.42,8.409937492055881e-20,0.8749994277780444,-0.44276093055493043,0.005790260823569362,1.0803777244135933,0.2067167913089085,,0.0,0.6614539634674053,0.0,0.0005865998131327025,False,False,False
2067,1773733578.3079767,1773733578307978991,-0.42,8.409937492055881e-20,0.8749994277780444,-0.44276093055493043,0.005790260823569362,1.0803777244135933,0.2067167913089085,,0.0,0.6614539634674053,0.0,0.0,False,False,False
2068,1773733578.358253,1773733578358256046,-0.42,8.409937492055881e-20,0.8749994277780444,-0.44273245679195183,0.0057538350819569175,1.0797665179869296,0.20610539159022995,,0.0,0.6611721741675927,0.0,0.0006129525967194869,False,False,False
2069,1773733578.4100733,1773733578410076949,-0.42,8.409937492055881e-20,0.8749994277780444,-0.44273245679195183,0.0057538350819569175,1.0797665179869296,0.20610539159022995,,0.0,0.6611721741675927,0.0,0.0,False,False,False
2070,1773733578.4580293,1773733578458034120,-0.42,8.409937492055881e-20,0.8749994277780444,-0.44273245679195183,0.0057538350819569175,1.0797665179869296,0.20610539159022995,,0.0,0.6611721741675927,0.0,0.0,False,False,False
2071,1773733578.507977,1773733578507979366,-0.42,8.409937492055881e-20,0.8749994277780444,-0.4427060852047009,0.005717648179040592,1.079138723961886,0.2054777604814122,,0.0,0.6608842153727916,0.0,0.000629388822936438,False,False,False
2072,1773733578.5579488,1773733578557951823,-0.42,8.409937492055881e-20,0.8749994277780444,-0.4427060852047009,0.005717648179040592,1.079138723961886,0.2054777604814122,,0.0,0.6608842153727916,0.0,0.0,False,False,False
2073,1773733578.6086626,1773733578608666194,-0.42,8.409937492055881e-20,0.8749994277780444,-0.4427060852047009,0.005717648179040592,1.079138723961886,0.2054777604814122,,0.0,0.6608842153727916,0.0,0.0,False,False,False
2074,1773733578.6580544,1773733578658058185,-0.42,8.409937492055881e-20,0.8749994277780444,-0.44268225836287933,0.0056817163704428655,1.0785009620880368,0.20484052629271285,,0.0,0.660593486779053,0.0,0.0006392175067970467,False,False,False
2075,1773733578.7080755,1773733578708079451,-0.42,8.409937492055881e-20,0.8749994277780444,-0.44268225836287933,0.0056817163704428655,1.0785009620880368,0.20484052629271285,,0.0,0.660593486779053,0.0,0.0,False,False,False
2076,1773733578.7585456,1773733578758550574,-0.42,8.409937492055881e-20,0.8749994277780444,-0.44266101533751184,0.005646284505596627,1.077853719418132,0.20419418645408777,,0.0,0.6603001108042056,0.0,0.0006485597558582181,False,False,False
2077,1773733578.80801,1773733578808012544,-0.42,8.409937492055881e-20,0.8749994277780444,-0.44266101533751184,0.005646284505596627,1.077853719418132,0.20419418645408777,,0.0,0.6603001108042056,0.0,0.0,False,False,False
2078,1773733578.85802,1773733578858024020,-0.42,8.409937492055881e-20,0.8749994277780444,-0.44266101533751184,0.005646284505596627,1.077853719418132,0.20419418645408777,,0.0,0.6603001108042056,0.0,0.0,False,False,False
2079,1773733578.9079258,1773733578907928137,-0.42,8.409937492055881e-20,0.8749994277780444,-0.4426424857188399,0.005611518468554564,1.077199785754205,0.20354153400409047,,0.0,0.6600053880311062,0.0,0.0006551192722829457,False,False,False
2080,1773733578.9580245,1773733578958027773,-0.42,8.409937492055881e-20,0.8749994277780444,-0.4426424857188399,0.005611518468554564,1.077199785754205,0.20354153400409047,,0.0,0.6600053880311062,0.0,0.0,False,False,False
2081,1773733579.0079057,1773733579007907750,-0.42,8.409937492055881e-20,0.8749994277780444,-0.4426266979440509,0.005577449373527858,1.076539671151139,0.20288308234116464,,0.0,0.6597095716528538,0.0,0.0006611817044124487,False,False,False
2082,1773733579.0579877,1773733579057990706,-0.42,8.409937492055881e-20,0.8749994277780444,-0.4426266979440509,0.005577449373527858,1.076539671151139,0.20288308234116464,,0.0,0.6597095716528538,0.0,0.0,False,False,False
2083,1773733579.1079757,1773733579107979043,-0.42,8.409937492055881e-20,0.8749994277780444,-0.4426266979440509,0.005577449373527858,1.076539671151139,0.20288308234116464,,0.0,0.6597095716528538,0.0,0.0,False,False,False
2084,1773733579.1579976,1773733579157999909,-0.42,8.409937492055881e-20,0.8749994277780444,-0.442613664896565,0.005544087987571339,1.0758736240511935,0.20221908287807974,,0.0,0.659412795098815,0.0,0.0006670094315267164,False,False,False
2085,1773733579.2080102,1773733579208014435,-0.42,8.409937492055881e-20,0.8749994277780444,-0.442613664896565,0.005544087987571339,1.0758736240511935,0.20221908287807974,,0.0,0.659412795098815,0.0,0.0,False,False,False
2086,1773733579.258112,1773733579258116231,-0.42,8.409937492055881e-20,0.8749994277780444,-0.4426034163551918,0.005511534960627012,1.075203621522754,0.20155150865601976,,0.0,0.659115946739132,0.0,0.0006708711651865161,False,False,False
2087,1773733579.3101387,1773733579310141733,-0.42,8.409937492055881e-20,0.8749994277780444,-0.4426034163551918,0.005511534960627012,1.075203621522754,0.20155150865601976,,0.0,0.659115946739132,0.0,0.0,False,False,False
2088,1773733579.3580685,1773733579358071664,-0.42,8.409937492055881e-20,0.8749994277780444,-0.44259590237622054,0.005479624387932423,1.0745262740829815,0.20087698594916867,,0.0,0.6588175427163933,0.0,0.0006781403237502549,False,False,False
2089,1773733579.4079957,1773733579407998421,-0.42,8.409937492055881e-20,0.8749994277780444,-0.44259590237622054,0.005479624387932423,1.0745262740829815,0.20087698594916867,,0.0,0.6588175427163933,0.0,0.0,False,False,False
2090,1773733579.4580464,1773733579458049987,-0.42,8.409937492055881e-20,0.8749994277780444,-0.44259590237622054,0.005479624387932423,1.0745262740829815,0.20087698594916867,,0.0,0.6588175427163933,0.0,0.0,False,False,False
2091,1773733579.5080872,1773733579508090314,-0.42,8.409937492055881e-20,0.8749994277780444,-0.4425911455022604,0.005448380860000225,1.0738418665825016,0.20019580459840866,,0.0,0.6585177335321648,0.0,0.0006851367838619617,False,False,False
2092,1773733579.5580516,1773733579558054510,-0.42,8.409937492055881e-20,0.8749994277780444,-0.4425911455022604,0.005448380860000225,1.0738418665825016,0.20019580459840866,,0.0,0.6585177335321648,0.0,0.0,False,False,False
2093,1773733579.607956,1773733579607958218,-0.42,8.409937492055881e-20,0.8749994277780444,-0.44258916897065453,0.00541788743186882,1.073152334861495,0.19950989610701475,,0.0,0.6582173941308885,0.0,0.000690208483076365,False,False,False
2094,1773733579.658093,1773733579658097113,-0.42,8.409937492055881e-20,0.8749994277780444,-0.44258916897065453,0.00541788743186882,1.073152334861495,0.19950989610701475,,0.0,0.6582173941308885,0.0,0.0,False,False,False
2095,1773733579.7080002,1773733579708002740,-0.42,8.409937492055881e-20,0.8749994277780444,-0.44258916897065453,0.00541788743186882,1.073152334861495,0.19950989610701475,,0.0,0.6582173941308885,0.0,0.0,False,False,False
2096,1773733579.75793,1773733579757932257,-0.42,8.409937492055881e-20,0.8749994277780444,-0.44258996335000533,0.005388169099336098,1.0724582142035353,0.1988197956618637,,0.0,0.6579167645665766,0.0,0.0006947570065380047,False,False,False
2097,1773733579.8089848,1773733579808987006,-0.42,8.409937492055881e-20,0.8749994277780444,-0.44258996335000533,0.005388169099336098,1.0724582142035353,0.1988197956618637,,0.0,0.6579167645665766,0.0,0.0,False,False,False
2098,1773733579.8591385,1773733579859141491,-0.42,8.409937492055881e-20,0.8749994277780444,-0.4425935198545809,0.005359202850240127,1.0717589719775384,0.19812497679041383,,0.0,0.6576156231567805,0.0,0.0006998509719422239,False,False,False
2099,1773733579.9079604,1773733579907963966,-0.42,8.409937492055881e-20,0.8749994277780444,-0.4425935198545809,0.005359202850240127,1.0717589719775384,0.19812497679041383,,0.0,0.6576156231567805,0.0,0.0,False,False,False
2100,1773733579.9579527,1773733579957956203,-0.42,8.409937492055881e-20,0.8749994277780444,-0.4425935198545809,0.005359202850240127,1.0717589719775384,0.19812497679041383,,0.0,0.6576156231567805,0.0,0.0,False,False,False
2101,1773733580.0080242,1773733580008028009,-0.42,8.409937492055881e-20,0.8749994277780444,-0.44259986878557317,0.005330870240139179,1.071051840837731,0.197422696043713,,0.0,0.6573128098371149,0.0,0.0007077269915760525,False,False,False
2102,1773733580.0580328,1773733580058036296,-0.42,8.409937492055881e-20,0.8749994277780444,-0.44259986878557317,0.005330870240139179,1.071051840837731,0.197422696043713,,0.0,0.6573128098371149,0.0,0.0,False,False,False
2103,1773733580.1080036,1773733580108008052,-0.42,8.409937492055881e-20,0.8749994277780444,-0.44260897395761645,0.005303339596022491,1.0703409145196798,0.19671702406431288,,0.0,0.6570100930063731,0.0,0.0007115174419655292,False,False,False
2104,1773733580.1580355,1773733580158038849,-0.42,8.409937492055881e-20,0.8749994277780444,-0.44260897395761645,0.005303339596022491,1.0703409145196798,0.19671702406431288,,0.0,0.6570100930063731,0.0,0.0,False,False,False
2105,1773733580.2080348,1773733580208038075,-0.42,8.409937492055881e-20,0.8749994277780444,-0.44262087941848266,0.005276478251624401,1.0696226864821876,0.19600448524721378,,0.0,0.6567059942114295,0.0,0.0007188287596230649,False,False,False
2106,1773733580.2579618,1773733580257964283,-0.42,8.409937492055881e-20,0.8749994277780444,-0.44262087941848266,0.005276478251624401,1.0696226864821876,0.19600448524721378,,0.0,0.6567059942114295,0.0,0.0,False,False,False
2107,1773733580.307857,1773733580307859790,-0.42,8.409937492055881e-20,0.8749994277780444,-0.4426355612878048,0.005250363510712853,1.0688993007774559,0.19528721335765045,,0.0,0.6564014495604724,0.0,0.0007240058112956712,False,False,False
2108,1773733580.3579974,1773733580357999646,-0.42,8.409937492055881e-20,0.8749994277780444,-0.4426355612878048,0.005250363510712853,1.0688993007774559,0.19528721335765045,,0.0,0.6564014495604724,0.0,0.0,False,False,False
2109,1773733580.4080174,1773733580408020692,-0.42,8.409937492055881e-20,0.8749994277780444,-0.4426355612878048,0.005250363510712853,1.0688993007774559,0.19528721335765045,,0.0,0.6564014495604724,0.0,0.0,False,False,False
2110,1773733580.4579315,1773733580457934370,-0.42,8.409937492055881e-20,0.8749994277780444,-0.4426530199665391,0.0052249869435749535,1.0681705165968245,0.19456497464240055,,0.0,0.6560963715695567,0.0,0.0007294348206395181,False,False,False
2111,1773733580.510682,1773733580510686476,-0.42,8.409937492055881e-20,0.8749994277780444,-0.4426530199665391,0.0052249869435749535,1.0681705165968245,0.19456497464240055,,0.0,0.6560963715695567,0.0,0.0,False,False,False
2112,1773733580.5579963,1773733580557999172,-0.42,8.409937492055881e-20,0.8749994277780444,-0.4426732579696745,0.005200344221059859,1.067436222332622,0.19383766431067415,,0.0,0.6557907312447877,0.0,0.0007349863311549826,False,False,False
2113,1773733580.6079998,1773733580608002849,-0.42,8.409937492055881e-20,0.8749994277780444,-0.4426732579696745,0.005200344221059859,1.067436222332622,0.19383766431067415,,0.0,0.6557907312447877,0.0,0.0,False,False,False
2114,1773733580.6579435,1773733580657946526,-0.42,8.409937492055881e-20,0.8749994277780444,-0.4426732579696745,0.005200344221059859,1.067436222332622,0.19383766431067415,,0.0,0.6557907312447877,0.0,0.0,False,False,False
2115,1773733580.7082596,1773733580708261470,-0.42,8.409937492055881e-20,0.8749994277780444,-0.44269625168193355,0.00517645815237335,1.066697151117578,0.1931060141294758,,0.0,0.6554848496297784,0.0,0.0007398145145826933,False,False,False
2116,1773733580.7580132,1773733580758015889,-0.42,8.409937492055881e-20,0.8749994277780444,-0.44269625168193355,0.00517645815237335,1.066697151117578,0.1931060141294758,,0.0,0.6554848496297784,0.0,0.0,False,False,False
2117,1773733580.8079624,1773733580807965136,-0.42,8.409937492055881e-20,0.8749994277780444,-0.44269625168193355,0.00517645815237335,1.066697151117578,0.1931060141294758,,0.0,0.6554848496297784,0.0,0.0,False,False,False
2118,1773733580.8580244,1773733580858027112,-0.42,8.409937492055881e-20,0.8749994277780444,-0.44272206407281006,0.005153266754534395,1.0659513089898769,0.1923680568397728,,0.0,0.6551779193540784,0.0,0.0007466489134193033,False,False,False
2119,1773733580.9080005,1773733580908003159,-0.42,8.409937492055881e-20,0.8749994277780444,-0.44272206407281006,0.005153266754534395,1.0659513089898769,0.1923680568397728,,0.0,0.6551779193540784,0.0,0.0,False,False,False
2120,1773733580.9580266,1773733580958029455,-0.42,8.409937492055881e-20,0.8749994277780444,-0.44275065902716626,0.005130812867221153,1.0652000937046264,0.19162518374619783,,0.0,0.6548705436134977,0.0,0.0007520945773398724,False,False,False
2121,1773733581.0079262,1773733581007929122,-0.42,8.409937492055881e-20,0.8749994277780444,-0.44275065902716626,0.005130812867221153,1.0652000937046264,0.19162518374619783,,0.0,0.6548705436134977,0.0,0.0,False,False,False
2122,1773733581.058123,1773733581058126578,-0.42,8.409937492055881e-20,0.8749994277780444,-0.4427820365668961,0.005109093358208408,1.0644433944861094,0.1908772918583159,,0.0,0.6545626926613313,0.0,0.0007576608702946114,False,False,False
2123,1773733581.1079552,1773733581107957846,-0.42,8.409937492055881e-20,0.8749994277780444,-0.4427820365668961,0.005109093358208408,1.0644433944861094,0.1908772918583159,,0.0,0.6545626926613313,0.0,0.0,False,False,False
2124,1773733581.1579347,1773733581157936543,-0.42,8.409937492055881e-20,0.8749994277780444,-0.4427820365668961,0.005109093358208408,1.0644433944861094,0.1908772918583159,,0.0,0.6545626926613313,0.0,0.0,False,False,False
2125,1773733581.2079892,1773733581207992379,-0.42,8.409937492055881e-20,0.8749994277780444,-0.44281619967227526,0.005088106992508326,1.0636811635529677,0.19012434145918908,,0.0,0.6542543663518064,0.0,0.000763284704911894,False,False,False
2126,1773733581.2581263,1773733581258131545,-0.42,8.409937492055881e-20,0.8749994277780444,-0.44281619967227526,0.005088106992508326,1.0636811635529677,0.19012434145918908,,0.0,0.6542543663518064,0.0,0.0,False,False,False
2127,1773733581.307945,1773733581307947143,-0.42,8.409937492055881e-20,0.8749994277780444,-0.44285315036823775,0.005067854040597118,1.0629133816373475,0.18936632140210777,,0.0,0.6539455761744217,0.0,0.0007689373225085872,False,False,False
2128,1773733581.3580213,1773733581358024569,-0.42,8.409937492055881e-20,0.8749994277780444,-0.44285315036823775,0.005067854040597118,1.0629133816373475,0.18936632140210777,,0.0,0.6539455761744217,0.0,0.0,False,False,False
2129,1773733581.407995,1773733581407997047,-0.42,8.409937492055881e-20,0.8749994277780444,-0.44285315036823775,0.005067854040597118,1.0629133816373475,0.18936632140210777,,0.0,0.6539455761744217,0.0,0.0,False,False,False
2130,1773733581.4593103,1773733581459313274,-0.42,8.409937492055881e-20,0.8749994277780444,-0.4428927692711703,0.005048389045523535,1.0621423400388372,0.18860550025465536,,0.0,0.6536372575912803,0.0,0.0007723041435445383,False,False,False
2131,1773733581.5079553,1773733581507957270,-0.42,8.409937492055881e-20,0.8749994277780444,-0.4428927692711703,0.005048389045523535,1.0621423400388372,0.18860550025465536,,0.0,0.6536372575912803,0.0,0.0,False,False,False
2132,1773733581.5579355,1773733581557937777,-0.42,8.409937492055881e-20,0.8749994277780444,-0.4429352820752409,0.005030104747204963,1.0613634875160844,0.18783740809456054,,0.0,0.6533272814561554,0.0,0.0007802261891742188,False,False,False
2133,1773733581.60796,1773733581607962264,-0.42,8.409937492055881e-20,0.8749994277780444,-0.4429352820752409,0.005030104747204963,1.0613634875160844,0.18783740809456054,,0.0,0.6533272814561554,0.0,0.0,False,False,False
2134,1773733581.6579807,1773733581657983521,-0.42,8.409937492055881e-20,0.8749994277780444,-0.4429352820752409,0.005030104747204963,1.0613634875160844,0.18783740809456054,,0.0,0.6533272814561554,0.0,0.0,False,False,False
2135,1773733581.7080665,1773733581708069737,-0.42,8.409937492055881e-20,0.8749994277780444,-0.4429806707595,0.005012018945571245,1.0605778230949763,0.18706301711154652,,0.0,0.6530167341595128,0.0,0.0007871821971276638,False,False,False
2136,1773733581.7580106,1773733581758012874,-0.42,8.409937492055881e-20,0.8749994277780444,-0.4429806707595,0.005012018945571245,1.0605778230949763,0.18706301711154652,,0.0,0.6530167341595128,0.0,0.0,False,False,False
2137,1773733581.8079343,1773733581807937491,-0.42,8.409937492055881e-20,0.8749994277780444,-0.443028768426969,0.004994701653592023,1.0597880858877304,0.1862850487447927,,0.0,0.652706389630443,0.0,0.0007913899991318547,False,False,False
2138,1773733581.8579552,1773733581857957438,-0.42,8.409937492055881e-20,0.8749994277780444,-0.443028768426969,0.004994701653592023,1.0597880858877304,0.1862850487447927,,0.0,0.652706389630443,0.0,0.0,False,False,False
2139,1773733581.9080133,1773733581908015195,-0.42,8.409937492055881e-20,0.8749994277780444,-0.443028768426969,0.004994701653592023,1.0597880858877304,0.1862850487447927,,0.0,0.652706389630443,0.0,0.0,False,False,False
2140,1773733581.95797,1773733581957972702,-0.42,8.409937492055881e-20,0.8749994277780444,-0.44307971974043503,0.004978098337849913,1.0589918483659115,0.1855011206438951,,0.0,0.6523953121322219,0.0,0.0007980387820086499,False,False,False
2141,1773733582.007996,1773733582007998618,-0.42,8.409937492055881e-20,0.8749994277780444,-0.44307971974043503,0.004978098337849913,1.0589918483659115,0.1855011206438951,,0.0,0.6523953121322219,0.0,0.0,False,False,False
2142,1773733582.0579808,1773733582057983565,-0.42,8.409937492055881e-20,0.8749994277780444,-0.44313344816918626,0.0049622362985844,1.0581904573015046,0.18471256998684388,,0.0,0.6520840556642405,0.0,0.0008033467411130608,False,False,False
2143,1773733582.10797,1773733582107973202,-0.42,8.409937492055881e-20,0.8749994277780444,-0.44313344816918626,0.0049622362985844,1.0581904573015046,0.18471256998684388,,0.0,0.6520840556642405,0.0,0.0,False,False,False
2144,1773733582.1599941,1773733582159997965,-0.42,8.409937492055881e-20,0.8749994277780444,-0.44313344816918626,0.0049622362985844,1.0581904573015046,0.18471256998684388,,0.0,0.6520840556642405,0.0,0.0,False,False,False
2145,1773733582.2082229,1773733582208227934,-0.42,8.409937492055881e-20,0.8749994277780444,-0.4431899641505406,0.004947112408516507,1.0573837266519195,0.18391922366680666,,0.0,0.6517725660123201,0.0,0.0008088492623346433,False,False,False
2146,1773733582.2580907,1773733582258094482,-0.42,8.409937492055881e-20,0.8749994277780444,-0.4431899641505406,0.004947112408516507,1.0573837266519195,0.18391922366680666,,0.0,0.6517725660123201,0.0,0.0,False,False,False
2147,1773733582.3080325,1773733582308035670,-0.42,8.409937492055881e-20,0.8749994277780444,-0.44324916309481216,0.004932749351827843,1.0565730252052656,0.18312243686517427,,0.0,0.6514613860954366,0.0,0.0008129868682869058,False,False,False
2148,1773733582.3579345,1773733582357936977,-0.42,8.409937492055881e-20,0.8749994277780444,-0.44324916309481216,0.004932749351827843,1.0565730252052656,0.18312243686517427,,0.0,0.6514613860954366,0.0,0.0,False,False,False
2149,1773733582.4092102,1773733582409212895,-0.42,8.409937492055881e-20,0.8749994277780444,-0.44324916309481216,0.004932749351827843,1.0565730252052656,0.18312243686517427,,0.0,0.6514613860954366,0.0,0.0,False,False,False
2150,1773733582.4580176,1773733582458020711,-0.42,8.409937492055881e-20,0.8749994277780444,-0.44331131978695126,0.004919083969784526,1.0557546516742604,0.18231858375679227,,0.0,0.6511491184312068,0.0,0.0008208443416958066,False,False,False
2151,1773733582.5080302,1773733582508032948,-0.42,8.409937492055881e-20,0.8749994277780444,-0.44331131978695126,0.004919083969784526,1.0557546516742604,0.18231858375679227,,0.0,0.6511491184312068,0.0,0.0,False,False,False
2152,1773733582.558157,1773733582558160463,-0.42,8.409937492055881e-20,0.8749994277780444,-0.44337616145386594,0.004906176542941161,1.0549322697428376,0.1815112754352053,,0.0,0.6508371872121731,0.0,0.0008250352020166794,False,False,False
2153,1773733582.6080356,1773733582608039441,-0.42,8.409937492055881e-20,0.8749994277780444,-0.44337616145386594,0.004906176542941161,1.0549322697428376,0.1815112754352053,,0.0,0.6508371872121731,0.0,0.0,False,False,False
2154,1773733582.6580586,1773733582658061808,-0.42,8.409937492055881e-20,0.8749994277780444,-0.4434439189258348,0.00489398219225908,1.0541029663892914,0.1806976644546622,,0.0,0.6505245089437806,0.0,0.0008321561328255812,False,False,False
2155,1773733582.7084637,1773733582708466052,-0.42,8.409937492055881e-20,0.8749994277780444,-0.4434439189258348,0.00489398219225908,1.0541029663892914,0.1806976644546622,,0.0,0.6505245089437806,0.0,0.0,False,False,False
2156,1773733582.757998,1773733582758000553,-0.42,8.409937492055881e-20,0.8749994277780444,-0.4434439189258348,0.00489398219225908,1.0541029663892914,0.1806976644546622,,0.0,0.6505245089437806,0.0,0.0,False,False,False
2157,1773733582.8079774,1773733582807980159,-0.42,8.409937492055881e-20,0.8749994277780444,-0.4435144486423276,0.004882529727500277,1.0532685688517254,0.17987955706705683,,0.0,0.6502117981775568,0.0,0.0008374514019056713,False,False,False
2158,1773733582.857943,1773733582857945337,-0.42,8.409937492055881e-20,0.8749994277780444,-0.4435144486423276,0.004882529727500277,1.0532685688517254,0.17987955706705683,,0.0,0.6502117981775568,0.0,0.0,False,False,False
2159,1773733582.908089,1773733582908093113,-0.42,8.409937492055881e-20,0.8749994277780444,-0.44358776628279684,0.004871814943430855,1.0524288865642792,0.17905677910716225,,0.0,0.6498990049995239,0.0,0.0008429452098757067,False,False,False
2160,1773733582.958001,1773733582958003500,-0.42,8.409937492055881e-20,0.8749994277780444,-0.44358776628279684,0.004871814943430855,1.0524288865642792,0.17905677910716225,,0.0,0.6498990049995239,0.0,0.0,False,False,False
2161,1773733583.0091882,1773733583009190329,-0.42,8.409937492055881e-20,0.8749994277780444,-0.44358776628279684,0.004871814943430855,1.0524288865642792,0.17905677910716225,,0.0,0.6498990049995239,0.0,0.0,False,False,False
2162,1773733583.058031,1773733583058034704,-0.42,8.409937492055881e-20,0.8749994277780444,-0.44366387957551506,0.004861837532118175,1.0515838313126054,0.17822925750956226,,0.0,0.6495861174722091,0.0,0.0008485347137545582,False,False,False
2163,1773733583.1080644,1773733583108067461,-0.42,8.409937492055881e-20,0.8749994277780444,-0.44366387957551506,0.004861837532118175,1.0515838313126054,0.17822925750956226,,0.0,0.6495861174722091,0.0,0.0,False,False,False
2164,1773733583.1579545,1773733583157958669,-0.42,8.409937492055881e-20,0.8749994277780444,-0.4437427931604023,0.004852596432838833,1.050733365897587,0.1773969698901334,,0.0,0.6492731448931629,0.0,0.0008541687034409147,False,False,False
2165,1773733583.2079492,1773733583207951326,-0.42,8.409937492055881e-20,0.8749994277780444,-0.4437427931604023,0.004852596432838833,1.050733365897587,0.1773969698901334,,0.0,0.6492731448931629,0.0,0.0,False,False,False
2166,1773733583.2579315,1773733583257933784,-0.42,8.409937492055881e-20,0.8749994277780444,-0.4438245096023583,0.004844091906827197,1.049877476584684,0.17655991741788993,,0.0,0.6489601049228629,0.0,0.00085982348176243,False,False,False
2167,1773733583.3080919,1773733583308094999,-0.42,8.409937492055881e-20,0.8749994277780444,-0.4438245096023583,0.004844091906827197,1.049877476584684,0.17655991741788993,,0.0,0.6489601049228629,0.0,0.0,False,False,False
2168,1773733583.357994,1773733583357999567,-0.42,8.409937492055881e-20,0.8749994277780444,-0.4438245096023583,0.004844091906827197,1.049877476584684,0.17655991741788993,,0.0,0.6489601049228629,0.0,0.0,False,False,False
2169,1773733583.408068,1773733583408071674,-0.42,8.409937492055881e-20,0.8749994277780444,-0.4439090305227571,0.004836323600414643,1.04901616121761,0.17571811313431215,,0.0,0.6486470202903037,0.0,0.0008654873159829767,False,False,False
2170,1773733583.4581964,1773733583458202760,-0.42,8.409937492055881e-20,0.8749994277780444,-0.4439090305227571,0.004836323600414643,1.04901616121761,0.17571811313431215,,0.0,0.6486470202903037,0.0,0.0,False,False,False
2171,1773733583.5080492,1773733583508051968,-0.42,8.409937492055881e-20,0.8749994277780444,-0.44399626352014415,0.004829298671969113,1.0481503400442647,0.1748724712675371,,0.0,0.6483342459193592,0.0,0.0008702328709409141,False,False,False
2172,1773733583.5579648,1773733583557968126,-0.42,8.409937492055881e-20,0.8749994277780444,-0.44399626352014415,0.004829298671969113,1.0481503400442647,0.1748724712675371,,0.0,0.6483342459193592,0.0,0.0,False,False,False
2173,1773733583.610473,1773733583610476595,-0.42,8.409937492055881e-20,0.8749994277780444,-0.44408635692670845,0.004823005897722428,1.0472785398671736,0.1740215688876209,,0.0,0.6480212712852305,0.0,0.0008764656123831377,False,False,False
2174,1773733583.657967,1773733583657970080,-0.42,8.409937492055881e-20,0.8749994277780444,-0.44408635692670845,0.004823005897722428,1.0472785398671736,0.1740215688876209,,0.0,0.6480212712852305,0.0,0.0,False,False,False
2175,1773733583.7079535,1773733583707956567,-0.42,8.409937492055881e-20,0.8749994277780444,-0.44408635692670845,0.004823005897722428,1.0472785398671736,0.1740215688876209,,0.0,0.6480212712852305,0.0,0.0,False,False,False
2176,1773733583.7580004,1773733583758004614,-0.42,8.409937492055881e-20,0.8749994277780444,-0.44417909036728265,0.004817458215532968,1.0464028776765515,0.1731674881487794,,0.0,0.64770887811154,0.0,0.0008805762544285711,False,False,False
2177,1773733583.8094072,1773733583809412671,-0.42,8.409937492055881e-20,0.8749994277780444,-0.44417909036728265,0.004817458215532968,1.0464028776765515,0.1731674881487794,,0.0,0.64770887811154,0.0,0.0,False,False,False
2178,1773733583.8580449,1773733583858047548,-0.42,8.409937492055881e-20,0.8749994277780444,-0.44427473555796365,0.004812638404343794,1.045520783745705,0.17230773957042572,,0.0,0.6473961722433118,0.0,0.0008872772598892107,False,False,False
2179,1773733583.9081018,1773733583908105775,-0.42,8.409937492055881e-20,0.8749994277780444,-0.44427473555796365,0.004812638404343794,1.045520783745705,0.17230773957042572,,0.0,0.6473961722433118,0.0,0.0,False,False,False
2180,1773733583.9580069,1773733583958010683,-0.42,8.409937492055881e-20,0.8749994277780444,-0.444373517954562,0.004808541768930389,1.0446303312414256,0.17144046739678426,,0.0,0.6470825080076468,0.0,0.0008959243308879058,False,False,False
2181,1773733584.0080366,1773733584008039470,-0.42,8.409937492055881e-20,0.8749994277780444,-0.444373517954562,0.004808541768930389,1.0446303312414256,0.17144046739678426,,0.0,0.6470825080076468,0.0,0.0,False,False,False
2182,1773733584.0579576,1773733584057960347,-0.42,8.409937492055881e-20,0.8749994277780444,-0.444373517954562,0.004808541768930389,1.0446303312414256,0.17144046739678426,,0.0,0.6470825080076468,0.0,0.0,False,False,False
2183,1773733584.1080704,1773733584108073534,-0.42,8.409937492055881e-20,0.8749994277780444,-0.4444748465143271,0.004805194712769042,1.0437368795046338,0.17057091083567144,,0.0,0.6467697990187423,0.0,0.0008991855680477077,False,False,False
2184,1773733584.160914,1773733584160917700,-0.42,8.409937492055881e-20,0.8749994277780444,-0.4444748465143271,0.004805194712769042,1.0437368795046338,0.17057091083567144,,0.0,0.6467697990187423,0.0,0.0,False,False,False
2185,1773733584.2080796,1773733584208082158,-0.42,8.409937492055881e-20,0.8749994277780444,-0.44457915275032234,0.004802581403388987,1.042836607446729,0.16969536946304156,,0.0,0.6464567297860861,0.0,0.0009062981840969889,False,False,False
2186,1773733584.25836,1773733584258363004,-0.42,8.409937492055881e-20,0.8749994277780444,-0.44457915275032234,0.004802581403388987,1.042836607446729,0.16969536946304156,,0.0,0.6464567297860861,0.0,0.0,False,False,False
2187,1773733584.3079858,1773733584307989364,-0.42,8.409937492055881e-20,0.8749994277780444,-0.44468620340305126,0.004800708123336444,1.0419315714824942,0.16881586429807285,,0.0,0.6461440439741923,0.0,0.0009113470513401365,False,False,False
2188,1773733584.3580468,1773733584358050770,-0.42,8.409937492055881e-20,0.8749994277780444,-0.44468620340305126,0.004800708123336444,1.0419315714824942,0.16881586429807285,,0.0,0.6461440439741923,0.0,0.0,False,False,False
2189,1773733584.4081352,1773733584408137967,-0.42,8.409937492055881e-20,0.8749994277780444,-0.44468620340305126,0.004800708123336444,1.0419315714824942,0.16881586429807285,,0.0,0.6461440439741923,0.0,0.0,False,False,False
2190,1773733584.4580045,1773733584458007555,-0.42,8.409937492055881e-20,0.8749994277780444,-0.44479603288569564,0.00479957220804649,1.0410214688085184,0.16793212095419133,,0.0,0.6458316598999618,0.0,0.0009167064321467669,False,False,False
2191,1773733584.5082262,1773733584508229011,-0.42,8.409937492055881e-20,0.8749994277780444,-0.44479603288569564,0.00479957220804649,1.0410214688085184,0.16793212095419133,,0.0,0.6458316598999618,0.0,0.0,False,False,False
2192,1773733584.5584877,1773733584558489866,-0.42,8.409937492055881e-20,0.8749994277780444,-0.44490865690831516,0.004799175695455972,1.0401061574092836,0.16704402247867214,,0.0,0.6455195500296906,0.0,0.0009222143380269474,False,False,False
2193,1773733584.6079972,1773733584607999577,-0.42,8.409937492055881e-20,0.8749994277780444,-0.44490865690831516,0.004799175695455972,1.0401061574092836,0.16704402247867214,,0.0,0.6455195500296906,0.0,0.0,False,False,False
2194,1773733584.6581454,1773733584658148843,-0.42,8.409937492055881e-20,0.8749994277780444,-0.44490865690831516,0.004799175695455972,1.0401061574092836,0.16704402247867214,,0.0,0.6455195500296906,0.0,0.0,False,False,False
2195,1773733584.708083,1773733584708086301,-0.42,8.409937492055881e-20,0.8749994277780444,-0.44502408501209095,0.004799517585022934,1.039185574638749,0.16615153029902005,,0.0,0.6452077189497557,0.0,0.00092779114106289,False,False,False
2196,1773733584.757992,1773733584757994139,-0.42,8.409937492055881e-20,0.8749994277780444,-0.44502408501209095,0.004799517585022934,1.039185574638749,0.16615153029902005,,0.0,0.6452077189497557,0.0,0.0,False,False,False
2197,1773733584.807964,1773733584807967136,-0.42,8.409937492055881e-20,0.8749994277780444,-0.4451423210914182,0.004800598644194907,1.0382596947520855,0.1652546423845387,,0.0,0.644896182411677,0.0,0.0009333994341501422,False,False,False
2198,1773733584.85811,1773733584858113193,-0.42,8.409937492055881e-20,0.8749994277780444,-0.4451423210914182,0.004800598644194907,1.0382596947520855,0.1652546423845387,,0.0,0.644896182411677,0.0,0.0,False,False,False
2199,1773733584.9080403,1773733584908043881,-0.42,8.409937492055881e-20,0.8749994277780444,-0.4452631494716012,0.00480241346601276,1.03733017870995,0.16435498956356448,,0.0,0.6445855208047345,0.0,0.0009373381799665408,False,False,False
2200,1773733584.9580328,1773733584958035398,-0.42,8.409937492055881e-20,0.8749994277780444,-0.4452631494716012,0.00480241346601276,1.03733017870995,0.16435498956356448,,0.0,0.6445855208047345,0.0,0.0,False,False,False
2201,1773733585.0079951,1773733585007997735,-0.42,8.409937492055881e-20,0.8749994277780444,-0.4452631494716012,0.00480241346601276,1.03733017870995,0.16435498956356448,,0.0,0.6445855208047345,0.0,0.0,False,False,False
2202,1773733585.0579252,1773733585057927074,-0.42,8.409937492055881e-20,0.8749994277780444,-0.445387120428795,0.004804971210423564,1.036392827259157,0.16344853326986178,,0.0,0.6442743595993219,0.0,0.0009455173623937041,False,False,False
2203,1773733585.1079664,1773733585107968890,-0.42,8.409937492055881e-20,0.8749994277780444,-0.445387120428795,0.004804971210423564,1.036392827259157,0.16344853326986178,,0.0,0.6442743595993219,0.0,0.0,False,False,False
2204,1773733585.1579504,1773733585157953048,-0.42,8.409937492055881e-20,0.8749994277780444,-0.4455138472439997,0.004808266725725678,1.035450627205178,0.1625381900591417,,0.0,0.6439637230400643,0.0,0.0009506900061697001,False,False,False
2205,1773733585.2080524,1773733585208054745,-0.42,8.409937492055881e-20,0.8749994277780444,-0.4455138472439997,0.004808266725725678,1.035450627205178,0.1625381900591417,,0.0,0.6439637230400643,0.0,0.0,False,False,False
2206,1773733585.2601151,1773733585260117727,-0.42,8.409937492055881e-20,0.8749994277780444,-0.4455138472439997,0.004808266725725678,1.035450627205178,0.1625381900591417,,0.0,0.6439637230400643,0.0,0.0,False,False,False
2207,1773733585.3093226,1773733585309325220,-0.42,8.409937492055881e-20,0.8749994277780444,-0.44564335889592394,0.004812302254980713,1.034503352296621,0.1616237669567388,,0.0,0.6436535588072156,0.0,0.0009560958664602067,False,False,False
2208,1773733585.3581355,1773733585358138427,-0.42,8.409937492055881e-20,0.8749994277780444,-0.44564335889592394,0.004812302254980713,1.034503352296621,0.1616237669567388,,0.0,0.6436535588072156,0.0,0.0,False,False,False
2209,1773733585.408029,1773733585408032555,-0.42,8.409937492055881e-20,0.8749994277780444,-0.4457756711152494,0.004817074629648891,1.0335509010179404,0.1607051931207283,,0.0,0.6433438621836087,0.0,0.0009616094514941615,False,False,False
2210,1773733585.458043,1773733585458045922,-0.42,8.409937492055881e-20,0.8749994277780444,-0.4457756711152494,0.004817074629648891,1.0335509010179404,0.1607051931207283,,0.0,0.6433438621836087,0.0,0.0,False,False,False
2211,1773733585.5080216,1773733585508024980,-0.42,8.409937492055881e-20,0.8749994277780444,-0.4459107905382878,0.004822585958648212,1.0325932269481166,0.1597824519104167,,0.0,0.6430346424968296,0.0,0.0009671748845180545,False,False,False
2212,1773733585.558923,1773733585558926320,-0.42,8.409937492055881e-20,0.8749994277780444,-0.4459107905382878,0.004822585958648212,1.0325932269481166,0.1597824519104167,,0.0,0.6430346424968296,0.0,0.0,False,False,False
2213,1773733585.608067,1773733585608071074,-0.42,8.409937492055881e-20,0.8749994277780444,-0.44604872184622396,0.004828834611602986,1.0316303144250272,0.1588555576785028,,0.0,0.6427259232504761,0.0,0.0009727613368628532,False,False,False
2214,1773733585.6580336,1773733585658037052,-0.42,8.409937492055881e-20,0.8749994277780444,-0.44604872184622396,0.004828834611602986,1.0316303144250272,0.1588555576785028,,0.0,0.6427259232504761,0.0,0.0,False,False,False
2215,1773733585.710325,1773733585710327953,-0.42,8.409937492055881e-20,0.8749994277780444,-0.44604872184622396,0.004828834611602986,1.0316303144250272,0.1588555576785028,,0.0,0.6427259232504761,0.0,0.0,False,False,False
2216,1773733585.7581072,1773733585758109476,-0.42,8.409937492055881e-20,0.8749994277780444,-0.4461885944123797,0.00483577677464926,1.030668105675395,0.15793025198681682,,0.0,0.642419614296853,0.0,0.0009723467520691475,False,False,False
2217,1773733585.807936,1773733585807938215,-0.42,8.409937492055881e-20,0.8749994277780444,-0.4461885944123797,0.00483577677464926,1.030668105675395,0.15793025198681682,,0.0,0.642419614296853,0.0,0.0,False,False,False
2218,1773733585.8581111,1773733585858114591,-0.42,8.409937492055881e-20,0.8749994277780444,-0.4461885944123797,0.00483577677464926,1.030668105675395,0.15793025198681682,,0.0,0.642419614296853,0.0,0.0,False,False,False
2219,1773733585.9080863,1773733585908089689,-0.42,8.409937492055881e-20,0.8749994277780444,-0.4463325972782536,0.004843525399509746,1.0296916252696973,0.15699216981273595,,0.0,0.6421109856989967,0.0,0.0009870718561881798,False,False,False
2220,1773733585.9580517,1773733585958054636,-0.42,8.409937492055881e-20,0.8749994277780444,-0.4463325972782536,0.004843525399509746,1.0296916252696973,0.15699216981273595,,0.0,0.6421109856989967,0.0,0.0,False,False,False
2221,1773733586.008022,1773733586008026094,-0.42,8.409937492055881e-20,0.8749994277780444,-0.446479138293444,0.004851999385710702,1.0287118362158119,0.15605188614861826,,0.0,0.6418035558515095,0.0,0.0009907233053122477,False,False,False
2222,1773733586.05795,1773733586057953012,-0.42,8.409937492055881e-20,0.8749994277780444,-0.446479138293444,0.004851999385710702,1.0287118362158119,0.15605188614861826,,0.0,0.6418035558515095,0.0,0.0,False,False,False
2223,1773733586.1079283,1773733586107930850,-0.42,8.409937492055881e-20,0.8749994277780444,-0.4466267888727093,0.004861106035670568,1.0277380250197863,0.15511832685062366,,0.0,0.6415002200443675,0.0,0.0009849831826664011,False,False,False
2224,1773733586.1611812,1773733586161184814,-0.42,8.409937492055881e-20,0.8749994277780444,-0.4466267888727093,0.004861106035670568,1.0277380250197863,0.15511832685062366,,0.0,0.6415002200443675,0.0,0.0,False,False,False
2225,1773733586.208655,1773733586208657860,-0.42,8.409937492055881e-20,0.8749994277780444,-0.4466267888727093,0.004861106035670568,1.0277380250197863,0.15511832685062366,,0.0,0.6415002200443675,0.0,0.0,False,False,False
2226,1773733586.2580056,1773733586258007832,-0.42,8.409937492055881e-20,0.8749994277780444,-0.4467729948970166,0.004870654687258558,1.0267862681763829,0.1542068787406997,,0.0,0.6412058826750734,0.0,0.0009629685702327769,False,False,False
2227,1773733586.3081136,1773733586308117999,-0.42,8.409937492055881e-20,0.8749994277780444,-0.4467729948970166,0.004870654687258558,1.0267862681763829,0.1542068787406997,,0.0,0.6412058826750734,0.0,0.0,False,False,False
2228,1773733586.3580377,1773733586358041527,-0.42,8.409937492055881e-20,0.8749994277780444,-0.4469164170169783,0.004880508444911745,1.0258641481141586,0.1533247426536457,,0.0,0.6409227131688735,0.0,0.0009332590263108403,False,False,False
2229,1773733586.4079874,1773733586407991165,-0.42,8.409937492055881e-20,0.8749994277780444,-0.4469164170169783,0.004880508444911745,1.0258641481141586,0.1533247426536457,,0.0,0.6409227131688735,0.0,0.0,False,False,False
2230,1773733586.4579964,1773733586457998873,-0.42,8.409937492055881e-20,0.8749994277780444,-0.44705613913358105,0.004890550613402274,1.0249762574602959,0.15247623287469103,,0.0,0.6406519112928203,0.0,0.0008988731435707443,False,False,False
2231,1773733586.5079935,1773733586507996200,-0.42,8.409937492055881e-20,0.8749994277780444,-0.44705613913358105,0.004890550613402274,1.0249762574602959,0.15247623287469103,,0.0,0.6406519112928203,0.0,0.0,False,False,False
2232,1773733586.5579486,1773733586557950768,-0.42,8.409937492055881e-20,0.8749994277780444,-0.44705613913358105,0.004890550613402274,1.0249762574602959,0.15247623287469103,,0.0,0.6406519112928203,0.0,0.0,False,False,False
2233,1773733586.608027,1773733586608029165,-0.42,8.409937492055881e-20,0.8749994277780444,-0.4471916135983841,0.004900683725783082,1.0241246904191306,0.151663260247289,,0.0,0.6403938895631601,0.0,0.0008623354545530435,False,False,False
2234,1773733586.658023,1773733586658026343,-0.42,8.409937492055881e-20,0.8749994277780444,-0.4471916135983841,0.004900683725783082,1.0241246904191306,0.151663260247289,,0.0,0.6403938895631601,0.0,0.0,False,False,False
2235,1773733586.7080333,1773733586708036350,-0.42,8.409937492055881e-20,0.8749994277780444,-0.4473223898705386,0.004910819884897867,1.023311078304645,0.1508872917846435,,0.0,0.6401489279669388,0.0,0.0008241176177693196,False,False,False
2236,1773733586.7580874,1773733586758090947,-0.42,8.409937492055881e-20,0.8749994277780444,-0.4473223898705386,0.004910819884897867,1.023311078304645,0.1508872917846435,,0.0,0.6401489279669388,0.0,0.0,False,False,False
2237,1773733586.8094761,1773733586809478255,-0.42,8.409937492055881e-20,0.8749994277780444,-0.4474479742931949,0.004920867357296493,1.0225371720261767,0.1501498991214289,,0.0,0.639917325967402,0.0,0.0007840939527686321,False,False,False
2238,1773733586.8588803,1773733586858883907,-0.42,8.409937492055881e-20,0.8749994277780444,-0.4474479742931949,0.004920867357296493,1.0225371720261767,0.1501498991214289,,0.0,0.639917325967402,0.0,0.0,False,False,False
2239,1773733586.9107535,1773733586910756831,-0.42,8.409937492055881e-20,0.8749994277780444,-0.4474479742931949,0.004920867357296493,1.0225371720261767,0.1501498991214289,,0.0,0.639917325967402,0.0,0.0,False,False,False
2240,1773733586.959488,1773733586959493318,-0.42,8.409937492055881e-20,0.8749994277780444,-0.4475684508583467,0.004930785321379978,1.0218013318755357,0.14944942680807993,,0.0,0.6396983852593983,0.0,0.0007457034907104075,False,False,False
2241,1773733587.008149,1773733587008154745,-0.42,8.409937492055881e-20,0.8749994277780444,-0.4475684508583467,0.004930785321379978,1.0218013318755357,0.14944942680807993,,0.0,0.6396983852593983,0.0,0.0,False,False,False
2242,1773733587.0580173,1773733587058020064,-0.42,8.409937492055881e-20,0.8749994277780444,-0.4476832583384802,0.004940481018006974,1.021105895063513,0.14878800666573913,,0.0,0.6394926003440174,0.0,0.0007049163947192201,False,False,False
2243,1773733587.1080568,1773733587108060471,-0.42,8.409937492055881e-20,0.8749994277780444,-0.4476832583384802,0.004940481018006974,1.021105895063513,0.14878800666573913,,0.0,0.6394926003440174,0.0,0.0,False,False,False
2244,1773733587.1579638,1773733587157966860,-0.42,8.409937492055881e-20,0.8749994277780444,-0.44779204220618696,0.004949881340864298,1.0204519736419484,0.14816660228799947,,0.0,0.6393001029822076,0.0,0.000662974751799909,False,False,False
2245,1773733587.2078981,1773733587207900148,-0.42,8.409937492055881e-20,0.8749994277780444,-0.44779204220618696,0.004949881340864298,1.0204519736419484,0.14816660228799947,,0.0,0.6393001029822076,0.0,0.0,False,False,False
2246,1773733587.257965,1773733587257968595,-0.42,8.409937492055881e-20,0.8749994277780444,-0.4478947737031889,0.00495894228875686,1.0198387949095031,0.14758438867175902,,0.0,0.6391204820038799,0.0,0.0006217909770784355,False,False,False
2247,1773733587.3080666,1773733587308069992,-0.42,8.409937492055881e-20,0.8749994277780444,-0.4478947737031889,0.00495894228875686,1.0198387949095031,0.14758438867175902,,0.0,0.6391204820038799,0.0,0.0,False,False,False
2248,1773733587.3601313,1773733587360134015,-0.42,8.409937492055881e-20,0.8749994277780444,-0.4478947737031889,0.00495894228875686,1.0198387949095031,0.14758438867175902,,0.0,0.6391204820038799,0.0,0.0,False,False,False
2249,1773733587.40804,1773733587408043028,-0.42,8.409937492055881e-20,0.8749994277780444,-0.4479914187857821,0.004967625184551537,1.01926569694187,0.1470406516717898,,0.0,0.6389533723874503,0.0,0.0005812546302387229,False,False,False
2250,1773733587.4580123,1773733587458014666,-0.42,8.409937492055881e-20,0.8749994277780444,-0.4479914187857821,0.004967625184551537,1.01926569694187,0.1470406516717898,,0.0,0.6389533723874503,0.0,0.0,False,False,False
2251,1773733587.5079796,1773733587507983284,-0.42,8.409937492055881e-20,0.8749994277780444,-0.44808146669766535,0.004975851141881989,1.018734906678149,0.14653742102657832,,0.0,0.6387992614793944,0.0,0.0005384371800587326,False,False,False
2252,1773733587.5581012,1773733587558105671,-0.42,8.409937492055881e-20,0.8749994277780444,-0.44808146669766535,0.004975851141881989,1.018734906678149,0.14653742102657832,,0.0,0.6387992614793944,0.0,0.0,False,False,False
2253,1773733587.6079366,1773733587607939340,-0.42,8.409937492055881e-20,0.8749994277780444,-0.44816480901144756,0.004983578262612698,1.0182463177110972,0.1460745152120761,,0.0,0.6386579657481262,0.0,0.0004957063933278878,False,False,False
2254,1773733587.6579878,1773733587657990777,-0.42,8.409937492055881e-20,0.8749994277780444,-0.44816480901144756,0.004983578262612698,1.0182463177110972,0.1460745152120761,,0.0,0.6386579657481262,0.0,0.0,False,False,False
2255,1773733587.7085488,1773733587708552121,-0.42,8.409937492055881e-20,0.8749994277780444,-0.44816480901144756,0.004983578262612698,1.0182463177110972,0.1460745152120761,,0.0,0.6386579657481262,0.0,0.0,False,False,False
2256,1773733587.75802,1773733587758024002,-0.42,8.409937492055881e-20,0.8749994277780444,-0.44824126789716295,0.004990761283886008,1.0178002934005133,0.14565220263751066,,0.0,0.6385294492816155,0.0,0.0004525872762587656,False,False,False
2257,1773733587.8093557,1773733587809359650,-0.42,8.409937492055881e-20,0.8749994277780444,-0.44824126789716295,0.004990761283886008,1.0178002934005133,0.14565220263751066,,0.0,0.6385294492816155,0.0,0.0,False,False,False
2258,1773733587.8580685,1773733587858071347,-0.42,8.409937492055881e-20,0.8749994277780444,-0.4483107072766384,0.0049973630730098945,1.0173970131121068,0.1452705823391597,,0.0,0.6384136333842568,0.0,0.0004092681297862496,False,False,False
2259,1773733587.908687,1773733587908691421,-0.42,8.409937492055881e-20,0.8749994277780444,-0.4483107072766384,0.0049973630730098945,1.0173970131121068,0.1452705823391597,,0.0,0.6384136333842568,0.0,0.0,False,False,False
2260,1773733587.95904,1773733587959043726,-0.42,8.409937492055881e-20,0.8749994277780444,-0.44837300399770963,0.005003347499351787,1.0170366461646978,0.14492974935833977,,0.0,0.6383104506878817,0.0,0.00036576089402747447,False,False,False
2261,1773733588.0116735,1773733588011678115,-0.42,8.409937492055881e-20,0.8749994277780444,-0.44837300399770963,0.005003347499351787,1.0170366461646978,0.14492974935833977,,0.0,0.6383104506878817,0.0,0.0,False,False,False
2262,1773733588.0590696,1773733588059073112,-0.42,8.409937492055881e-20,0.8749994277780444,-0.44837300399770963,0.005003347499351787,1.0170366461646978,0.14492974935833977,,0.0,0.6383104506878817,0.0,0.0,False,False,False
2263,1773733588.108014,1773733588108017177,-0.42,8.409937492055881e-20,0.8749994277780444,-0.4484280090810741,0.005008679546516029,1.0167195686490529,0.14462999999865797,,0.0,0.6382199040118034,0.0,0.00032185732996227695,False,False,False
2264,1773733588.1598067,1773733588159812892,-0.42,8.409937492055881e-20,0.8749994277780444,-0.4484280090810741,0.005008679546516029,1.0167195686490529,0.14462999999865797,,0.0,0.6382199040118034,0.0,0.0,False,False,False
2265,1773733588.2080297,1773733588208033653,-0.42,8.409937492055881e-20,0.8749994277780444,-0.44847565682811114,0.005013336058228589,1.0164457271842218,0.14437123046482309,,0.0,0.6381418839591433,0.0,0.0002779948538370531,False,False,False
2266,1773733588.258008,1773733588258011381,-0.42,8.409937492055881e-20,0.8749994277780444,-0.44847565682811114,0.005013336058228589,1.0164457271842218,0.14437123046482309,,0.0,0.6381418839591433,0.0,0.0,False,False,False
2267,1773733588.307938,1773733588307942389,-0.42,8.409937492055881e-20,0.8749994277780444,-0.4485158039213499,0.005017287667267389,1.0162155798149177,0.144153827021409,,0.0,0.6380764406757636,0.0,0.00023365619167291165,False,False,False
2268,1773733588.3580232,1773733588358025656,-0.42,8.409937492055881e-20,0.8749994277780444,-0.4485158039213499,0.005017287667267389,1.0162155798149177,0.144153827021409,,0.0,0.6380764406757636,0.0,0.0,False,False,False
2269,1773733588.4079533,1773733588407956775,-0.42,8.409937492055881e-20,0.8749994277780444,-0.4485158039213499,0.005017287667267389,1.0162155798149177,0.144153827021409,,0.0,0.6380764406757636,0.0,0.0,False,False,False
2270,1773733588.4581974,1773733588458199521,-0.42,8.409937492055881e-20,0.8749994277780444,-0.44854842492063596,0.005020517871210078,1.0160289707031844,0.14397760292079545,,0.0,0.63802346329764,0.0,0.00018946642022749766,False,False,False
2271,1773733588.508045,1773733588508049340,-0.42,8.409937492055881e-20,0.8749994277780444,-0.44854842492063596,0.005020517871210078,1.0160289707031844,0.14397760292079545,,0.0,0.63802346329764,0.0,0.0,False,False,False
2272,1773733588.5579767,1773733588557980018,-0.42,8.409937492055881e-20,0.8749994277780444,-0.44857341102525666,0.005023006353590466,1.0158862741875332,0.14384287921776787,,0.0,0.6379830024698173,0.0,0.0001448889007056075,False,False,False
2273,1773733588.6082366,1773733588608241534,-0.42,8.409937492055881e-20,0.8749994277780444,-0.44857341102525666,0.005023006353590466,1.0158862741875332,0.14384287921776787,,0.0,0.6379830024698173,0.0,0.0,False,False,False
2274,1773733588.6580017,1773733588658005254,-0.42,8.409937492055881e-20,0.8749994277780444,-0.44857341102525666,0.005023006353590466,1.0158862741875332,0.14384287921776787,,0.0,0.6379830024698173,0.0,0.0,False,False,False
2275,1773733588.7082586,1773733588708260540,-0.42,8.409937492055881e-20,0.8749994277780444,-0.44859074737830484,0.005024744669510264,1.015787381956127,0.14374952847329164,,0.0,0.6379549842162685,0.0,0.0001004153589435123,False,False,False
2276,1773733588.7579637,1773733588757967460,-0.42,8.409937492055881e-20,0.8749994277780444,-0.44859074737830484,0.005024744669510264,1.015787381956127,0.14374952847329164,,0.0,0.6379549842162685,0.0,0.0,False,False,False
2277,1773733588.807988,1773733588807990338,-0.42,8.409937492055881e-20,0.8749994277780444,-0.44860056896732337,0.005025738606013269,1.0157314015399883,0.14369669109872732,,0.0,0.6379391289287123,0.0,5.68441598730727e-05,False,False,False
2278,1773733588.858075,1773733588858078405,-0.42,8.409937492055881e-20,0.8749994277780444,-0.44860056896732337,0.005025738606013269,1.0157314015399883,0.14369669109872732,,0.0,0.6379391289287123,0.0,0.0,False,False,False
2279,1773733588.9080675,1773733588908070383,-0.42,8.409937492055881e-20,0.8749994277780444,-0.44860529895155093,0.00502622722034924,1.0157044537519027,0.1436712581641934,,0.0,0.6379314929210296,0.0,2.7364114775953604e-05,False,False,False
2280,1773733588.9580433,1773733588958045701,-0.42,8.409937492055881e-20,0.8749994277780444,-0.44860529895155093,0.00502622722034924,1.0157044537519027,0.1436712581641934,,0.0,0.6379314929210296,0.0,0.0,False,False,False
2281,1773733589.0080159,1773733589008018809,-0.42,8.409937492055881e-20,0.8749994277780444,-0.44860529895155093,0.00502622722034924,1.0157044537519027,0.1436712581641934,,0.0,0.6379314929210296,0.0,0.0,False,False,False
2282,1773733589.0579305,1773733589057932668,-0.42,8.409937492055881e-20,0.8749994277780444,-0.4486075613440835,0.005026471213908576,1.0156915627003111,0.14365909232591254,,0.0,0.6379278335686771,0.0,1.3090346212528308e-05,False,False,False
2283,1773733589.108001,1773733589108003455,-0.42,8.409937492055881e-20,0.8749994277780444,-0.4486075613440835,0.005026471213908576,1.0156915627003111,0.14365909232591254,,0.0,0.6379278335686771,0.0,0.0,False,False,False
2284,1773733589.1586695,1773733589158672589,-0.42,8.409937492055881e-20,0.8749994277780444,-0.4486086433618416,0.005026598576088309,1.0156853957204826,0.1436532726538136,,0.0,0.6379260759150408,0.0,6.26247744584429e-06,False,False,False
2285,1773733589.21005,1773733589210052487,-0.42,8.409937492055881e-20,0.8749994277780444,-0.4486086433618416,0.005026598576088309,1.0156853957204826,0.1436532726538136,,0.0,0.6379260759150408,0.0,0.0,False,False,False
2286,1773733589.258022,1773733589258024809,-0.42,8.409937492055881e-20,0.8749994277780444,-0.4486091607048706,0.005026668385101164,1.0156824458295808,0.1436504891720867,,0.0,0.637925229237129,0.0,2.995725862009225e-06,False,False,False
2287,1773733589.3079505,1773733589307952698,-0.42,8.409937492055881e-20,0.8749994277780444,-0.4486091607048706,0.005026668385101164,1.0156824458295808,0.1436504891720867,,0.0,0.637925229237129,0.0,0.0,False,False,False
2288,1773733589.357958,1773733589357960576,-0.42,8.409937492055881e-20,0.8749994277780444,-0.4486093757175364,0.005026703847000366,1.0156810369130502,0.1436491534236355,,0.0,0.6379248025584603,0.0,1.4256695910381746e-06,False,False,False
2289,1773733589.4080324,1773733589408035724,-0.42,8.409937492055881e-20,0.8749994277780444,-0.4486093757175364,0.005026703847000366,1.0156810369130502,0.1436491534236355,,0.0,0.6379248025584603,0.0,0.0,False,False,False
2290,1773733589.4581082,1773733589458111621,-0.42,8.409937492055881e-20,0.8749994277780444,-0.4486094952533915,0.005026734949280021,1.0156803610978233,0.14364851646511437,,0.0,0.6379245993868593,0.0,6.87009747640746e-07,False,False,False
2291,1773733589.5079708,1773733589507972730,-0.42,8.409937492055881e-20,0.8749994277780444,-0.4486094952533915,0.005026734949280021,1.0156803610978233,0.14364851646511437,,0.0,0.6379245993868593,0.0,0.0,False,False,False
2292,1773733589.5601766,1773733589560179522,-0.42,8.409937492055881e-20,0.8749994277780444,-0.4486094952533915,0.005026734949280021,1.0156803610978233,0.14364851646511437,,0.0,0.6379245993868593,0.0,0.0,False,False,False
2293,1773733589.6080017,1773733589608004866,-0.42,8.409937492055881e-20,0.8749994277780444,-0.44860956065040053,0.005026761231563634,1.015680037108364,0.14364821311327935,,0.0,0.6379244998367504,0.0,3.3156703233932053e-07,False,False,False
2294,1773733589.658159,1773733589658164423,-0.42,8.409937492055881e-20,0.8749994277780444,-0.44860956065040053,0.005026761231563634,1.015680037108364,0.14364821311327935,,0.0,0.6379244998367504,0.0,0.0,False,False,False
2295,1773733589.7079413,1773733589707943333,-0.42,8.409937492055881e-20,0.8749994277780444,-0.4486095992769584,0.005026786558244893,1.0156798803133062,0.143648068136736,,0.0,0.6379244479782855,0.0,1.634568503223259e-07,False,False,False
2296,1773733589.7579522,1773733589757954201,-0.42,8.409937492055881e-20,0.8749994277780444,-0.4486095992769584,0.005026786558244893,1.0156798803133062,0.143648068136736,,0.0,0.6379244479782855,0.0,0.0,False,False,False
2297,1773733589.8079531,1773733589807955419,-0.42,8.409937492055881e-20,0.8749994277780444,-0.4486095992769584,0.005026786558244893,1.0156798803133062,0.143648068136736,,0.0,0.6379244479782855,0.0,0.0,False,False,False
2298,1773733589.860262,1773733589860264640,-0.42,8.409937492055881e-20,0.8749994277780444,-0.44860961409168426,0.005026808154231642,1.0156798051011589,0.14364799818468896,,0.0,0.6379244145146642,0.0,7.964125728287437e-08,False,False,False
2299,1773733589.9080367,1773733589908039714,-0.42,8.409937492055881e-20,0.8749994277780444,-0.44860961409168426,0.005026808154231642,1.0156798051011589,0.14364799818468896,,0.0,0.6379244145146642,0.0,0.0,False,False,False
2300,1773733589.9579873,1773733589957990003,-0.42,8.409937492055881e-20,0.8749994277780444,-0.4486096247446734,0.005026829066332554,1.0156797684325856,0.14364796512715,,0.0,0.6379243936581692,0.0,4.353603575874301e-08,False,False,False
2301,1773733590.0079815,1773733590007984771,-0.42,8.409937492055881e-20,0.8749994277780444,-0.4486096247446734,0.005026829066332554,1.0156797684325856,0.14364796512715,,0.0,0.6379243936581692,0.0,0.0,False,False,False
2302,1773733590.0581284,1773733590058131718,-0.42,8.409937492055881e-20,0.8749994277780444,-0.4486096247446734,0.005026829066332554,1.0156797684325856,0.14364796512715,,0.0,0.6379243936581692,0.0,0.0,False,False,False
2303,1773733590.1097696,1773733590109772585,-0.42,8.409937492055881e-20,0.8749994277780444,-0.4486096296986289,0.00502684943688126,1.015679750175726,0.14364794894696328,,0.0,0.6379243765449761,0.0,2.7799529691754182e-08,False,False,False
2304,1773733590.1580079,1773733590158010335,-0.42,8.409937492055881e-20,0.8749994277780444,-0.4486096296986289,0.00502684943688126,1.015679750175726,0.14364794894696328,,0.0,0.6379243765449761,0.0,0.0,False,False,False
2305,1773733590.2080603,1773733590208065163,-0.42,8.409937492055881e-20,0.8749994277780444,-0.4486096296986289,0.00502684943688126,1.015679750175726,0.14364794894696328,,0.0,0.6379243765449761,0.0,0.0,False,False,False
2306,1773733590.258041,1773733590258043722,-0.42,8.409937492055881e-20,0.8749994277780444,-0.448609632027222,0.005026869210399361,1.015679741002492,0.14364794111897394,,0.0,0.6379243616153624,0.0,2.1921737727436228e-08,False,False,False
2307,1773733590.3079576,1773733590307960530,-0.42,8.409937492055881e-20,0.8749994277780444,-0.448609632027222,0.005026869210399361,1.015679741002492,0.14364794111897394,,0.0,0.6379243616153624,0.0,0.0,False,False,False
2308,1773733590.3580337,1773733590358038758,-0.42,8.409937492055881e-20,0.8749994277780444,-0.448609633098892,0.0050268884157313246,1.0156797361800711,0.1436479372816985,,0.0,0.6379243479162163,0.0,1.983050669783307e-08,False,False,False
2309,1773733590.4080002,1773733590408002687,-0.42,8.409937492055881e-20,0.8749994277780444,-0.448609633098892,0.0050268884157313246,1.0156797361800711,0.1436479372816985,,0.0,0.6379243479162163,0.0,0.0,False,False,False
2310,1773733590.4579637,1773733590457966615,-0.42,8.409937492055881e-20,0.8749994277780444,-0.4486096335991204,0.0050269073486519655,1.0156797335174383,0.14364793543625057,,0.0,0.6379243348558227,0.0,1.9125776475482024e-08,False,False,False
2311,1773733590.508855,1773733590508857427,-0.42,8.409937492055881e-20,0.8749994277780444,-0.4486096335991204,0.0050269073486519655,1.0156797335174383,0.14364793543625057,,0.0,0.6379243348558227,0.0,0.0,False,False,False
2312,1773733590.5579753,1773733590557978741,-0.42,8.409937492055881e-20,0.8749994277780444,-0.44860963379276964,0.005026925860675116,1.0156797318093553,0.14364793444984578,,0.0,0.637924322238679,0.0,1.8591666108879956e-08,False,False,False
2313,1773733590.6079636,1773733590607966390,-0.42,8.409937492055881e-20,0.8749994277780444,-0.44860963379276964,0.005026925860675116,1.0156797318093553,0.14364793444984578,,0.0,0.637924322238679,0.0,0.0,False,False,False
2314,1773733590.6579564,1773733590657959638,-0.42,8.409937492055881e-20,0.8749994277780444,-0.44860963379276964,0.005026925860675116,1.0156797318093553,0.14364793444984578,,0.0,0.637924322238679,0.0,0.0,False,False,False
2315,1773733590.7080455,1773733590708048946,-0.42,8.409937492055881e-20,0.8749994277780444,-0.44860963359757844,0.005026945587331452,1.0156797298692368,0.14364793320126412,,0.0,0.6379243084856254,0.0,1.9822793184713595e-08,False,False,False
2316,1773733590.757997,1773733590757999854,-0.42,8.409937492055881e-20,0.8749994277780444,-0.44860963359757844,0.005026945587331452,1.0156797298692368,0.14364793320126412,,0.0,0.6379243084856254,0.0,0.0,False,False,False
2317,1773733590.8079388,1773733590807941193,-0.42,8.409937492055881e-20,0.8749994277780444,-0.4486096335656011,0.005026964432979564,1.0156797287916794,0.14364793279910218,,0.0,0.6379242957469301,0.0,1.887645637280226e-08,False,False,False
2318,1773733590.8580167,1773733590858019680,-0.42,8.409937492055881e-20,0.8749994277780444,-0.4486096335656011,0.005026964432979564,1.0156797287916794,0.14364793279910218,,0.0,0.6379242957469301,0.0,0.0,False,False,False
2319,1773733590.9079335,1773733590907935639,-0.42,8.409937492055881e-20,0.8749994277780444,-0.4486096335656011,0.005026964432979564,1.0156797287916794,0.14364793279910218,,0.0,0.6379242957469301,0.0,0.0,False,False,False
2320,1773733590.958022,1773733590958024637,-0.42,8.409937492055881e-20,0.8749994277780444,-0.4486096335058558,0.005026983089081595,1.0156797278386374,0.14364793250672206,,0.0,0.6379242831619145,0.0,1.8680524664012686e-08,False,False,False
2321,1773733591.0079424,1773733591007944976,-0.42,8.409937492055881e-20,0.8749994277780444,-0.44860963338413606,0.005027001916684905,1.015679726807448,0.1436479321314701,,0.0,0.6379242703943895,0.0,1.88562141898456e-08,False,False,False
2322,1773733591.0580301,1773733591058032363,-0.42,8.409937492055881e-20,0.8749994277780444,-0.44860963338413606,0.005027001916684905,1.015679726807448,0.1436479321314701,,0.0,0.6379242703943895,0.0,0.0,False,False,False
2323,1773733591.108019,1773733591108021572,-0.42,8.409937492055881e-20,0.8749994277780444,-0.44860963338413606,0.005027001916684905,1.015679726807448,0.1436479321314701,,0.0,0.6379242703943895,0.0,0.0,False,False,False
2324,1773733591.158185,1773733591158189029,-0.42,8.409937492055881e-20,0.8749994277780444,-0.4486096330948521,0.005027021445383174,1.0156797253529883,0.14364793133285692,,0.0,0.6379242568966338,0.0,1.9584922625404938e-08,False,False,False
2325,1773733591.2098365,1773733591209839055,-0.42,8.409937492055881e-20,0.8749994277780444,-0.4486096330948521,0.005027021445383174,1.0156797253529883,0.14364793133285692,,0.0,0.6379242568966338,0.0,0.0,False,False,False
2326,1773733591.257952,1773733591257955177,-0.42,8.409937492055881e-20,0.8749994277780444,-0.44860963301127993,0.0050270400979250465,1.015679724493517,0.14364793112725174,,0.0,0.6379242443345188,0.0,1.86725197457426e-08,False,False,False
2327,1773733591.3080902,1773733591308093505,-0.42,8.409937492055881e-20,0.8749994277780444,-0.44860963301127993,0.0050270400979250465,1.015679724493517,0.14364793112725174,,0.0,0.6379242443345188,0.0,0.0,False,False,False
2328,1773733591.3585584,1773733591358561030,-0.42,8.409937492055881e-20,0.8749994277780444,-0.44860963301127993,0.0050270400979250465,1.015679724493517,0.14364793112725174,,0.0,0.6379242443345188,0.0,0.0,False,False,False
2329,1773733591.4098284,1773733591409832499,-0.42,8.409937492055881e-20,0.8749994277780444,-0.4486096329263637,0.0050270587502865074,1.0156797236405302,0.14364793092772563,,0.0,0.6379242317741479,0.0,1.8672048235391262e-08,False,False,False
2330,1773733591.4580588,1773733591458062450,-0.42,8.409937492055881e-20,0.8749994277780444,-0.4486096329263637,0.0050270587502865074,1.0156797236405302,0.14364793092772563,,0.0,0.6379242317741479,0.0,0.0,False,False,False
2331,1773733591.5079906,1773733591507994109,-0.42,8.409937492055881e-20,0.8749994277780444,-0.44860963283217886,0.005027077214870272,1.0156797227740189,0.14364793070653942,,0.0,0.6379242193250934,0.0,1.8485144474215564e-08,False,False,False
2332,1773733591.560535,1773733591560538829,-0.42,8.409937492055881e-20,0.8749994277780444,-0.44860963283217886,0.005027077214870272,1.0156797227740189,0.14364793070653942,,0.0,0.6379242193250934,0.0,0.0,False,False,False
2333,1773733591.6080346,1773733591608037586,-0.42,8.409937492055881e-20,0.8749994277780444,-0.44860963283217886,0.005027077214870272,1.0156797227740189,0.14364793070653942,,0.0,0.6379242193250934,0.0,0.0,False,False,False
2334,1773733591.658129,1773733591658133963,-0.42,8.409937492055881e-20,0.8749994277780444,-0.44860963256425324,0.0050270963783922845,1.0156797214263555,0.14364793000400067,,0.0,0.6379242061208534,0.0,1.921271861205782e-08,False,False,False
2335,1773733591.7080145,1773733591708017752,-0.42,8.409937492055881e-20,0.8749994277780444,-0.44860963256425324,0.0050270963783922845,1.0156797214263555,0.14364793000400067,,0.0,0.6379242061208534,0.0,0.0,False,False,False
2336,1773733591.7582123,1773733591758218679,-0.42,8.409937492055881e-20,0.8749994277780444,-0.44860963236046625,0.005027115557881386,1.0156797202491623,0.1436479294817458,,0.0,0.6379241930137858,0.0,1.9216662437044828e-08,False,False,False
2337,1773733591.8105698,1773733591810573021,-0.42,8.409937492055881e-20,0.8749994277780444,-0.44860963236046625,0.005027115557881386,1.0156797202491623,0.1436479294817458,,0.0,0.6379241930137858,0.0,0.0,False,False,False
2338,1773733591.8582335,1773733591858236746,-0.42,8.409937492055881e-20,0.8749994277780444,-0.4486096322104344,0.005027134379691094,1.0156797192267615,0.14364792910927668,,0.0,0.6379241802349797,0.0,1.8850154739614402e-08,False,False,False
2339,1773733591.9080482,1773733591908051566,-0.42,8.409937492055881e-20,0.8749994277780444,-0.4486096322104344,0.005027134379691094,1.0156797192267615,0.14364792910927668,,0.0,0.6379241802349797,0.0,0.0,False,False,False
2340,1773733591.959471,1773733591959475524,-0.42,8.409937492055881e-20,0.8749994277780444,-0.4486096322104344,0.005027134379691094,1.0156797192267615,0.14364792910927668,,0.0,0.6379241802349797,0.0,0.0,False,False,False
2341,1773733592.0081275,1773733592008131282,-0.42,8.409937492055881e-20,0.8749994277780444,-0.448609631935939,0.0050271540981942225,1.015679717845168,0.1436479283916302,,0.0,0.637924166651085,0.0,1.9768750946146965e-08,False,False,False
2342,1773733592.0580313,1773733592058035481,-0.42,8.409937492055881e-20,0.8749994277780444,-0.448609631935939,0.0050271540981942225,1.015679717845168,0.1436479283916302,,0.0,0.637924166651085,0.0,0.0,False,False,False
2343,1773733592.1079795,1773733592107981620,-0.42,8.409937492055881e-20,0.8749994277780444,-0.4486096319236275,0.005027172583209512,1.015679717199223,0.14364792840348714,,0.0,0.6379241543271825,0.0,1.8496301977905016e-08,False,False,False
2344,1773733592.158085,1773733592158089028,-0.42,8.409937492055881e-20,0.8749994277780444,-0.4486096319236275,0.005027172583209512,1.015679717199223,0.14364792840348714,,0.0,0.6379241543271825,0.0,0.0,False,False,False
2345,1773733592.2079413,1773733592207944517,-0.42,8.409937492055881e-20,0.8749994277780444,-0.44860963169274726,0.005027191755974179,1.0156797159514734,0.14364792780651248,,0.0,0.6379241411796166,0.0,1.9214710234742794e-08,False,False,False
2346,1773733592.2580233,1773733592258026015,-0.42,8.409937492055881e-20,0.8749994277780444,-0.44860963169274726,0.005027191755974179,1.0156797159514734,0.14364792780651248,,0.0,0.6379241411796166,0.0,0.0,False,False,False
2347,1773733592.3080947,1773733592308098014,-0.42,8.409937492055881e-20,0.8749994277780444,-0.44860963169274726,0.005027191755974179,1.0156797159514734,0.14364792780651248,,0.0,0.6379241411796166,0.0,0.0,False,False,False
2348,1773733592.3580272,1773733592358029683,-0.42,8.409937492055881e-20,0.8749994277780444,-0.4486096315197042,0.005027210943132562,1.0156797148564587,0.1436479273711426,,0.0,0.637924128119298,0.0,1.921915835859724e-08,False,False,False
2349,1773733592.4079812,1773733592407983461,-0.42,8.409937492055881e-20,0.8749994277780444,-0.4486096315197042,0.005027210943132562,1.0156797148564587,0.1436479273711426,,0.0,0.637924128119298,0.0,0.0,False,False,False
2350,1773733592.4579306,1773733592457934300,-0.42,8.409937492055881e-20,0.8749994277780444,-0.44860963150544353,0.005027226813020327,1.0156797142921385,0.14364792737103602,,0.0,0.6379241175327219,0.0,1.587992437853854e-08,False,False,False
2351,1773733592.5080755,1773733592508078318,-0.42,8.409937492055881e-20,0.8749994277780444,-0.44860963150544353,0.005027226813020327,1.0156797142921385,0.14364792737103602,,0.0,0.6379241175327219,0.0,0.0,False,False,False
2352,1773733592.5580661,1773733592558069466,-0.42,8.409937492055881e-20,0.8749994277780444,-0.44860963150544353,0.005027226813020327,1.0156797142921385,0.14364792737103602,,0.0,0.6379241175327219,0.0,0.0,False,False,False
2353,1773733592.6085865,1773733592608589521,-0.42,8.409937492055881e-20,0.8749994277780444,-0.44860963127815096,0.005027245986679987,1.0156797130538617,0.14364792678409144,,0.0,0.6379241043905667,0.0,1.9214947726699258e-08,False,False,False
2354,1773733592.6580818,1773733592658086223,-0.42,8.409937492055881e-20,0.8749994277780444,-0.44860963127815096,0.005027245986679987,1.0156797130538617,0.14364792678409144,,0.0,0.6379241043905667,0.0,0.0,False,False,False
2355,1773733592.7080007,1773733592708002752,-0.42,8.409937492055881e-20,0.8749994277780444,-0.44860963097546447,0.005027265883715715,1.0156797115918599,0.1436479259883466,,0.0,0.6379240906407251,0.0,1.9952972191205708e-08,False,False,False
2356,1773733592.758028,1773733592758030661,-0.42,8.409937492055881e-20,0.8749994277780444,-0.44860963097546447,0.005027265883715715,1.0156797115918599,0.1436479259883466,,0.0,0.6379240906407251,0.0,0.0,False,False,False
2357,1773733592.8091934,1773733592809195821,-0.42,8.409937492055881e-20,0.8749994277780444,-0.4486096307151417,0.005027285791285141,1.015679710241732,0.1436479253109734,,0.0,0.6379240769547957,0.0,1.9954997705963962e-08,False,False,False
2358,1773733592.8580217,1773733592858024418,-0.42,8.409937492055881e-20,0.8749994277780444,-0.4486096307151417,0.005027285791285141,1.015679710241732,0.1436479253109734,,0.0,0.6379240769547957,0.0,0.0,False,False,False
2359,1773733592.9079883,1773733592907990287,-0.42,8.409937492055881e-20,0.8749994277780444,-0.4486096307151417,0.005027285791285141,1.015679710241732,0.1436479253109734,,0.0,0.6379240769547957,0.0,0.0,False,False,False
2360,1773733592.9580696,1773733592958074315,-0.42,8.409937492055881e-20,0.8749994277780444,-0.4486096306533578,0.005027304820592424,1.0156797094466914,0.1436479251860275,,0.0,0.6379240641858077,0.0,1.9046008574654048e-08,False,False,False
2361,1773733593.0090141,1773733593009016446,-0.42,8.409937492055881e-20,0.8749994277780444,-0.4486096306533578,0.005027304820592424,1.0156797094466914,0.1436479251860275,,0.0,0.6379240641858077,0.0,0.0,False,False,False
2362,1773733593.0580704,1773733593058073152,-0.42,8.409937492055881e-20,0.8749994277780444,-0.44860963042158236,0.005027324549738678,1.015679708178099,0.14364792458795198,,0.0,0.6379240506664235,0.0,1.977124827372953e-08,False,False,False
2363,1773733593.1080053,1773733593108007991,-0.42,8.409937492055881e-20,0.8749994277780444,-0.44860963042158236,0.005027324549738678,1.015679708178099,0.14364792458795198,,0.0,0.6379240506664235,0.0,0.0,False,False,False
2364,1773733593.1604414,1773733593160444102,-0.42,8.409937492055881e-20,0.8749994277780444,-0.44860963042158236,0.005027324549738678,1.015679708178099,0.14364792458795198,,0.0,0.6379240506664235,0.0,0.0,False,False,False
2365,1773733593.2081308,1773733593208134957,-0.42,8.409937492055881e-20,0.8749994277780444,-0.44860963027828565,0.0050273439298286066,1.015679707155482,0.14364792423617845,,0.0,0.637924037527495,0.0,1.940758009974633e-08,False,False,False
2366,1773733593.2600374,1773733593260041382,-0.42,8.409937492055881e-20,0.8749994277780444,-0.44860963027828565,0.0050273439298286066,1.015679707155482,0.14364792423617845,,0.0,0.637924037527495,0.0,0.0,False,False,False
2367,1773733593.3080018,1773733593308004456,-0.42,8.409937492055881e-20,0.8749994277780444,-0.44860963005731536,0.005027363661662482,1.0156797059154277,0.14364792366830284,,0.0,0.6379240240244137,0.0,1.9771996120025378e-08,False,False,False
2368,1773733593.357981,1773733593357982774,-0.42,8.409937492055881e-20,0.8749994277780444,-0.44860963005731536,0.005027363661662482,1.0156797059154277,0.14364792366830284,,0.0,0.6379240240244137,0.0,0.0,False,False,False
2369,1773733593.4082038,1773733593408206502,-0.42,8.409937492055881e-20,0.8749994277780444,-0.44860962995033565,0.005027383050786836,1.0156797049887012,0.14364792341799348,,0.0,0.6379240109402669,0.0,1.9411553514704198e-08,False,False,False
2370,1773733593.4579449,1773733593457946982,-0.42,8.409937492055881e-20,0.8749994277780444,-0.44860962995033565,0.005027383050786836,1.0156797049887012,0.14364792341799348,,0.0,0.6379240109402669,0.0,0.0,False,False,False
2371,1773733593.507982,1773733593507984961,-0.42,8.409937492055881e-20,0.8749994277780444,-0.4486096297333573,0.0050274027836063676,1.0156797037591816,0.14364792286126987,,0.0,0.6379239974432102,0.0,1.9772277681303912e-08,False,False,False
2372,1773733593.558108,1773733593558112288,-0.42,8.409937492055881e-20,0.8749994277780444,-0.4486096297333573,0.0050274027836063676,1.0156797037591816,0.14364792286126987,,0.0,0.6379239974432102,0.0,0.0,False,False,False
2373,1773733593.6081128,1773733593608115857,-0.42,8.409937492055881e-20,0.8749994277780444,-0.4486096297333573,0.0050274027836063676,1.0156797037591816,0.14364792286126987,,0.0,0.6379239974432102,0.0,0.0,False,False,False
2374,1773733593.6580842,1773733593658086696,-0.42,8.409937492055881e-20,0.8749994277780444,-0.44860962960826795,0.005027422168226804,1.0156797027846345,0.14364792256036868,,0.0,0.6379239843317447,0.0,1.9409505374430366e-08,False,False,False
2375,1773733593.707993,1773733593707995555,-0.42,8.409937492055881e-20,0.8749994277780444,-0.44860962960826795,0.005027422168226804,1.0156797027846345,0.14364792256036868,,0.0,0.6379239843317447,0.0,0.0,False,False,False
2376,1773733593.7580638,1773733593758066594,-0.42,8.409937492055881e-20,0.8749994277780444,-0.4486096296751888,0.005027440301895114,1.0156797023602406,0.14364792279271807,,0.0,0.6379239723743445,0.0,1.8138757259550244e-08,False,False,False
2377,1773733593.8079324,1773733593807934333,-0.42,8.409937492055881e-20,0.8749994277780444,-0.4486096296751888,0.005027440301895114,1.0156797023602406,0.14364792279271807,,0.0,0.6379239723743445,0.0,0.0,False,False,False
2378,1773733593.8579807,1773733593857983532,-0.42,8.409937492055881e-20,0.8749994277780444,-0.4486096296498141,0.0050274584126035055,1.0156797016921089,0.14364792276718163,,0.0,0.6379239602777081,0.0,1.812304616711437e-08,False,False,False
2379,1773733593.9081256,1773733593908130209,-0.42,8.409937492055881e-20,0.8749994277780444,-0.4486096296498141,0.0050274584126035055,1.0156797016921089,0.14364792276718163,,0.0,0.6379239602777081,0.0,0.0,False,False,False
2380,1773733593.9591672,1773733593959169800,-0.42,8.409937492055881e-20,0.8749994277780444,-0.4486096296498141,0.0050274584126035055,1.0156797016921089,0.14364792276718163,,0.0,0.6379239602777081,0.0,0.0,False,False,False
2381,1773733594.008062,1773733594008065707,-0.42,8.409937492055881e-20,0.8749994277780444,-0.4486096293233346,0.005027477932650633,1.0156797001795619,0.14364792190403264,,0.0,0.6379239467389443,0.0,1.9581282569808923e-08,False,False,False
2382,1773733594.05801,1773733594058012446,-0.42,8.409937492055881e-20,0.8749994277780444,-0.4486096293233346,0.005027477932650633,1.0156797001795619,0.14364792190403264,,0.0,0.6379239467389443,0.0,0.0,False,False,False
2383,1773733594.1081192,1773733594108123834,-0.42,8.409937492055881e-20,0.8749994277780444,-0.44860962917922936,0.005027496755943592,1.015679699173255,0.14364792154860495,,0.0,0.6379239339692498,0.0,1.8850723528448645e-08,False,False,False
2384,1773733594.1580045,1773733594158007344,-0.42,8.409937492055881e-20,0.8749994277780444,-0.44860962917922936,0.005027496755943592,1.015679699173255,0.14364792154860495,,0.0,0.6379239339692498,0.0,0.0,False,False,False
2385,1773733594.208055,1773733594208057783,-0.42,8.409937492055881e-20,0.8749994277780444,-0.4486096290095236,0.005027515758397612,1.0156796980931837,0.14364792112211083,,0.0,0.6379239210374493,0.0,1.9033880660019383e-08,False,False,False
2386,1773733594.2602541,1773733594260257125,-0.42,8.409937492055881e-20,0.8749994277780444,-0.4486096290095236,0.005027515758397612,1.0156796980931837,0.14364792112211083,,0.0,0.6379239210374493,0.0,0.0,False,False,False
2387,1773733594.3080347,1773733594308038240,-0.42,8.409937492055881e-20,0.8749994277780444,-0.4486096290095236,0.005027515758397612,1.0156796980931837,0.14364792112211083,,0.0,0.6379239210374493,0.0,0.0,False,False,False
2388,1773733594.3581965,1773733594358202618,-0.42,8.409937492055881e-20,0.8749994277780444,-0.4486096287972838,0.005027535121333589,1.0156796968884727,0.1436479205776998,,0.0,0.6379239077945091,0.0,1.9401537670466195e-08,False,False,False
2389,1773733594.4081,1773733594408103518,-0.42,8.409937492055881e-20,0.8749994277780444,-0.4486096287972838,0.005027535121333589,1.0156796968884727,0.1436479205776998,,0.0,0.6379239077945091,0.0,0.0,False,False,False
2390,1773733594.457936,1773733594457939508,-0.42,8.409937492055881e-20,0.8749994277780444,-0.44860962860590964,0.00502755430393069,1.0156796957450178,0.14364792009112592,,0.0,0.637923894706531,0.0,1.921759986780237e-08,False,False,False
2391,1773733594.5080757,1773733594508079105,-0.42,8.409937492055881e-20,0.8749994277780444,-0.44860962860590964,0.00502755430393069,1.0156796957450178,0.14364792009112592,,0.0,0.637923894706531,0.0,0.0,False,False,False
2392,1773733594.5579638,1773733594557967225,-0.42,8.409937492055881e-20,0.8749994277780444,-0.4486096284757062,0.005027573316211523,1.0156796947692575,0.14364791977500688,,0.0,0.637923881834321,0.0,1.9037748913588125e-08,False,False,False
2393,1773733594.6083205,1773733594608323981,-0.42,8.409937492055881e-20,0.8749994277780444,-0.4486096284757062,0.005027573316211523,1.0156796947692575,0.14364791977500688,,0.0,0.637923881834321,0.0,0.0,False,False,False
2394,1773733594.658562,1773733594658565358,-0.42,8.409937492055881e-20,0.8749994277780444,-0.4486096283600286,0.005027592146579815,1.015679693838011,0.14364791949901087,,0.0,0.6379238691075068,0.0,1.8853736266659587e-08,False,False,False
2395,1773733594.70808,1773733594708083191,-0.42,8.409937492055881e-20,0.8749994277780444,-0.4486096283600286,0.005027592146579815,1.015679693838011,0.14364791949901087,,0.0,0.6379238691075068,0.0,0.0,False,False,False
2396,1773733594.757989,1773733594757991820,-0.42,8.409937492055881e-20,0.8749994277780444,-0.44860962796854786,0.005027612392579761,1.0156796921291655,0.14364791845609898,,0.0,0.6379238549767349,0.0,2.0321759863645938e-08,False,False,False
2397,1773733594.8080661,1773733594808069018,-0.42,8.409937492055881e-20,0.8749994277780444,-0.44860962796854786,0.005027612392579761,1.0156796921291655,0.14364791845609898,,0.0,0.6379238549767349,0.0,0.0,False,False,False
2398,1773733594.859357,1773733594859360838,-0.42,8.409937492055881e-20,0.8749994277780444,-0.44860962796854786,0.005027612392579761,1.0156796921291655,0.14364791845609898,,0.0,0.6379238549767349,0.0,0.0,False,False,False
2399,1773733594.9080253,1773733594908028447,-0.42,8.409937492055881e-20,0.8749994277780444,-0.4486096278729252,0.005027631413462866,1.01567969124472,0.14364791823660422,,0.0,0.6379238421566912,0.0,1.904167486979058e-08,False,False,False
2400,1773733594.957934,1773733594957936616,-0.42,8.409937492055881e-20,0.8749994277780444,-0.4486096278729252,0.005027631413462866,1.01567969124472,0.14364791823660422,,0.0,0.6379238421566912,0.0,0.0,False,False,False
2401,1773733595.0079339,1773733595007936805,-0.42,8.409937492055881e-20,0.8749994277780444,-0.4486096276919664,0.005027650784180562,1.0156796901226015,0.14364791777959754,,0.0,0.6379238289609371,0.0,1.9404035659286845e-08,False,False,False
2402,1773733595.0580668,1773733595058070603,-0.42,8.409937492055881e-20,0.8749994277780444,-0.4486096276919664,0.005027650784180562,1.0156796901226015,0.14364791777959754,,0.0,0.6379238289609371,0.0,0.0,False,False,False
2403,1773733595.1080463,1773733595108051292,-0.42,8.409937492055881e-20,0.8749994277780444,-0.4486096276919664,0.005027650784180562,1.0156796901226015,0.14364791777959754,,0.0,0.6379238289609371,0.0,0.0,False,False,False
2404,1773733595.1579685,1773733595157971762,-0.42,8.409937492055881e-20,0.8749994277780444,-0.44860962753679545,0.005027670161313572,1.0156796890685822,0.14364791739464625,,0.0,0.6379238158040855,0.0,1.940639890334e-08,False,False,False
2405,1773733595.2080774,1773733595208081400,-0.42,8.409937492055881e-20,0.8749994277780444,-0.44860962753679545,0.005027670161313572,1.0156796890685822,0.14364791739464625,,0.0,0.6379238158040855,0.0,0.0,False,False,False
2406,1773733595.2579284,1773733595257931410,-0.42,8.409937492055881e-20,0.8749994277780444,-0.4486096274317118,0.005027689365375218,1.0156796881529884,0.14364791714918143,,0.0,0.6379238028462805,0.0,1.9226162860700474e-08,False,False,False
2407,1773733595.308091,1773733595308093808,-0.42,8.409937492055881e-20,0.8749994277780444,-0.4486096274317118,0.005027689365375218,1.0156796881529884,0.14364791714918143,,0.0,0.6379238028462805,0.0,0.0,False,False,False
2408,1773733595.3580017,1773733595358004758,-0.42,8.409937492055881e-20,0.8749994277780444,-0.4486096272828311,0.005027708558539297,1.0156796871217308,0.14364791678134076,,0.0,0.6379237898224046,0.0,1.9221425672882934e-08,False,False,False
2409,1773733595.4080684,1773733595408072486,-0.42,8.409937492055881e-20,0.8749994277780444,-0.4486096272828311,0.005027708558539297,1.0156796871217308,0.14364791678134076,,0.0,0.6379237898224046,0.0,0.0,False,False,False
2410,1773733595.4579618,1773733595457964506,-0.42,8.409937492055881e-20,0.8749994277780444,-0.44860962721212033,0.005027727400091157,1.0156796863092177,0.14364791663099008,,0.0,0.6379237771634242,0.0,1.8859195480414773e-08,False,False,False
2411,1773733595.5081007,1773733595508105474,-0.42,8.409937492055881e-20,0.8749994277780444,-0.44860962721212033,0.005027727400091157,1.0156796863092177,0.14364791663099008,,0.0,0.6379237771634242,0.0,0.0,False,False,False
2412,1773733595.5580614,1773733595558064753,-0.42,8.409937492055881e-20,0.8749994277780444,-0.44860962721212033,0.005027727400091157,1.0156796863092177,0.14364791663099008,,0.0,0.6379237771634242,0.0,0.0,False,False,False
2413,1773733595.6080449,1773733595608048272,-0.42,8.409937492055881e-20,0.8749994277780444,-0.448609626950769,0.0050277469363401925,1.0156796849686276,0.14364791594982046,,0.0,0.6379237637229022,0.0,1.9583935065588707e-08,False,False,False
2414,1773733595.6581225,1773733595658127810,-0.42,8.409937492055881e-20,0.8749994277780444,-0.448609626950769,0.0050277469363401925,1.0156796849686276,0.14364791594982046,,0.0,0.6379237637229022,0.0,0.0,False,False,False
2415,1773733595.7079678,1773733595707970581,-0.42,8.409937492055881e-20,0.8749994277780444,-0.4486096266888523,0.0050277666579778835,1.015679683620387,0.14364791526753712,,0.0,0.6379237501580421,0.0,1.976940429994658e-08,False,False,False
2416,1773733595.7579894,1773733595757993070,-0.42,8.409937492055881e-20,0.8749994277780444,-0.4486096266888523,0.0050277666579778835,1.015679683620387,0.14364791526753712,,0.0,0.6379237501580421,0.0,0.0,False,False,False
2417,1773733595.8080158,1773733595808018568,-0.42,8.409937492055881e-20,0.8749994277780444,-0.44860962662586745,0.0050277855014513526,1.0156796828282693,0.14364791513877417,,0.0,0.6379237375107151,0.0,1.8860220304345108e-08,False,False,False
2418,1773733595.8580308,1773733595858033937,-0.42,8.409937492055881e-20,0.8749994277780444,-0.44860962662586745,0.0050277855014513526,1.0156796828282693,0.14364791513877417,,0.0,0.6379237375107151,0.0,0.0,False,False,False
2419,1773733595.908208,1773733595908210935,-0.42,8.409937492055881e-20,0.8749994277780444,-0.44860962662586745,0.0050277855014513526,1.0156796828282693,0.14364791513877417,,0.0,0.6379237375107151,0.0,0.0,False,False,False
2420,1773733595.95799,1773733595957992595,-0.42,8.409937492055881e-20,0.8749994277780444,-0.4486096265605553,0.005027804158814597,1.0156796820361587,0.1436479150030431,,0.0,0.6379237249833627,0.0,1.8674284674922106e-08,False,False,False
2421,1773733596.00804,1773733596008043894,-0.42,8.409937492055881e-20,0.8749994277780444,-0.4486096265605553,0.005027804158814597,1.0156796820361587,0.1436479150030431,,0.0,0.6379237249833627,0.0,0.0,False,False,False
2422,1773733596.05808,1773733596058084863,-0.42,8.409937492055881e-20,0.8749994277780444,-0.4486096264184526,0.005027822982601418,1.0156796810350994,0.14364791465321358,,0.0,0.6379237122166815,0.0,1.885092207442103e-08,False,False,False
2423,1773733596.1082406,1773733596108243221,-0.42,8.409937492055881e-20,0.8749994277780444,-0.4486096264184526,0.005027822982601418,1.0156796810350994,0.14364791465321358,,0.0,0.6379237122166815,0.0,0.0,False,False,False
2424,1773733596.1607149,1773733596160719512,-0.42,8.409937492055881e-20,0.8749994277780444,-0.4486096261170292,0.005027842694410742,1.015679679582518,0.14364791386054324,,0.0,0.6379236985922198,0.0,1.9767556135288946e-08,False,False,False
2425,1773733596.2081106,1773733596208114270,-0.42,8.409937492055881e-20,0.8749994277780444,-0.4486096261170292,0.005027842694410742,1.015679679582518,0.14364791386054324,,0.0,0.6379236985922198,0.0,0.0,False,False,False
2426,1773733596.2594404,1773733596259445060,-0.42,8.409937492055881e-20,0.8749994277780444,-0.4486096261170292,0.005027842694410742,1.015679679582518,0.14364791386054324,,0.0,0.6379236985922198,0.0,0.0,False,False,False
2427,1773733596.3080373,1773733596308040949,-0.42,8.409937492055881e-20,0.8749994277780444,-0.44860962615649336,0.0050278610067779755,1.0156796790794096,0.14364791401664367,,0.0,0.6379236864699012,0.0,1.831931956236016e-08,False,False,False
2428,1773733596.3579853,1773733596357988649,-0.42,8.409937492055881e-20,0.8749994277780444,-0.44860962615649336,0.0050278610067779755,1.0156796790794096,0.14364791401664367,,0.0,0.6379236864699012,0.0,0.0,False,False,False
2429,1773733596.407944,1773733596407946058,-0.42,8.409937492055881e-20,0.8749994277780444,-0.44860962608325616,0.005027879476638755,1.0156796782725186,0.14364791385830614,,0.0,0.6379236740540772,0.0,1.848762272416746e-08,False,False,False
2430,1773733596.4580667,1773733596458069746,-0.42,8.409937492055881e-20,0.8749994277780444,-0.44860962608325616,0.005027879476638755,1.0156796782725186,0.14364791385830614,,0.0,0.6379236740540772,0.0,0.0,False,False,False
2431,1773733596.5079834,1773733596507985496,-0.42,8.409937492055881e-20,0.8749994277780444,-0.4486096257271585,0.005027899174845182,1.0156796766755445,0.14364791291286857,,0.0,0.637923660347134,0.0,1.9766043313865217e-08,False,False,False
2432,1773733596.5580587,1773733596558062305,-0.42,8.409937492055881e-20,0.8749994277780444,-0.4486096257271585,0.005027899174845182,1.0156796766755445,0.14364791291286857,,0.0,0.637923660347134,0.0,0.0,False,False,False
2433,1773733596.6079335,1773733596607935435,-0.42,8.409937492055881e-20,0.8749994277780444,-0.44860962551312644,0.005027918537329576,1.0156796754660506,0.14364791236345253,,0.0,0.6379236471014809,0.0,1.9401404252389338e-08,False,False,False
2434,1773733596.65807,1773733596658072403,-0.42,8.409937492055881e-20,0.8749994277780444,-0.44860962551312644,0.005027918537329576,1.0156796754660506,0.14364791236345253,,0.0,0.6379236471014809,0.0,0.0,False,False,False
2435,1773733596.7080839,1773733596708087202,-0.42,8.409937492055881e-20,0.8749994277780444,-0.4486096253796796,0.005027937734331835,1.0156796744755228,0.143647912038739,,0.0,0.6379236341008816,0.0,1.922300312827684e-08,False,False,False
2436,1773733596.7580624,1773733596758065921,-0.42,8.409937492055881e-20,0.8749994277780444,-0.4486096253796796,0.005027937734331835,1.0156796744755228,0.143647912038739,,0.0,0.6379236341008816,0.0,0.0,False,False,False
2437,1773733596.8080719,1773733596808075050,-0.42,8.409937492055881e-20,0.8749994277780444,-0.4486096253796796,0.005027937734331835,1.0156796744755228,0.143647912038739,,0.0,0.6379236341008816,0.0,0.0,False,False,False
2438,1773733596.8579535,1773733596857955761,-0.42,8.409937492055881e-20,0.8749994277780444,-0.4486096253028352,0.005027956574355008,1.0156796736467832,0.1436479118712522,,0.0,0.6379236214326427,0.0,1.8858398326159817e-08,False,False,False
2439,1773733596.9102087,1773733596910213053,-0.42,8.409937492055881e-20,0.8749994277780444,-0.4486096253028352,0.005027956574355008,1.0156796736467832,0.1436479118712522,,0.0,0.6379236214326427,0.0,0.0,False,False,False
2440,1773733596.959768,1773733596959770916,-0.42,8.409937492055881e-20,0.8749994277780444,-0.4486096253028352,0.005027956574355008,1.0156796736467832,0.1436479118712522,,0.0,0.6379236214326427,0.0,0.0,False,False,False
2441,1773733597.0079234,1773733597007925228,-0.42,8.409937492055881e-20,0.8749994277780444,-0.44860962519677916,0.00502797522157853,1.0156796727470547,0.14364791162167917,,0.0,0.637923608843822,0.0,1.8669218097537902e-08,False,False,False
2442,1773733597.0612202,1773733597061223174,-0.42,8.409937492055881e-20,0.8749994277780444,-0.44860962519677916,0.00502797522157853,1.0156796727470547,0.14364791162167917,,0.0,0.637923608843822,0.0,0.0,False,False,False
2443,1773733597.108014,1773733597108017266,-0.42,8.409937492055881e-20,0.8749994277780444,-0.4486096250179045,0.005027994221743666,1.0156796716427094,0.14364791116956982,,0.0,0.637923595898179,0.0,1.9033072527061787e-08,False,False,False
2444,1773733597.1596344,1773733597159636654,-0.42,8.409937492055881e-20,0.8749994277780444,-0.4486096250179045,0.005027994221743666,1.0156796716427094,0.14364791116956982,,0.0,0.637923595898179,0.0,0.0,False,False,False
2445,1773733597.208672,1773733597208677690,-0.42,8.409937492055881e-20,0.8749994277780444,-0.4486096248193012,0.005028013217003649,1.0156796704862625,0.14364791066233681,,0.0,0.6379235829227716,0.0,1.9031466433611025e-08,False,False,False
2446,1773733597.2580643,1773733597258067124,-0.42,8.409937492055881e-20,0.8749994277780444,-0.4486096248193012,0.005028013217003649,1.0156796704862625,0.14364791066233681,,0.0,0.6379235829227716,0.0,0.0,False,False,False
2447,1773733597.3080003,1773733597308002623,-0.42,8.409937492055881e-20,0.8749994277780444,-0.4486096248193012,0.005028013217003649,1.0156796704862625,0.14364791066233681,,0.0,0.6379235829227716,0.0,0.0,False,False,False
2448,1773733597.3579433,1773733597357946423,-0.42,8.409937492055881e-20,0.8749994277780444,-0.4486096246964317,0.005028031860044899,1.015679669542125,0.14364791036578461,,0.0,0.6379235703085843,0.0,1.866733723534554e-08,False,False,False
2449,1773733597.4080577,1773733597408061712,-0.42,8.409937492055881e-20,0.8749994277780444,-0.4486096246964317,0.005028031860044899,1.015679669542125,0.14364791036578461,,0.0,0.6379235703085843,0.0,0.0,False,False,False
2450,1773733597.4580486,1773733597458051161,-0.42,8.409937492055881e-20,0.8749994277780444,-0.4486096246884601,0.0050280499750711,1.0156796689198813,0.1436479103888801,,0.0,0.6379235582381916,0.0,1.8125711715169714e-08,False,False,False
2451,1773733597.5079732,1773733597507975241,-0.42,8.409937492055881e-20,0.8749994277780444,-0.4486096246884601,0.0050280499750711,1.0156796689198813,0.1436479103888801,,0.0,0.6379235582381916,0.0,0.0,False,False,False
2452,1773733597.5580158,1773733597558019100,-0.42,8.409937492055881e-20,0.8749994277780444,-0.4486096246884601,0.0050280499750711,1.0156796689198813,0.1436479103888801,,0.0,0.6379235582381916,0.0,0.0,False,False,False
2453,1773733597.6081152,1773733597608119129,-0.42,8.409937492055881e-20,0.8749994277780444,-0.4486096167800089,0.00502806663603262,1.015679656959004,0.14364789768319858,,0.0,0.6379235375911837,0.0,2.198167014688253e-08,False,False,False
2454,1773733597.6581323,1773733597658135128,-0.42,8.409937492055881e-20,0.8749994277780444,-0.4486096167800089,0.00502806663603262,1.015679656959004,0.14364789768319858,,0.0,0.6379235375911837,0.0,0.0,False,False,False
2455,1773733597.7079482,1773733597707950168,-0.42,8.409937492055881e-20,0.8749994277780444,-0.4486093081476167,0.005028239850727818,1.0156792362395601,0.14364743025007612,,0.0,0.6379230609715372,0.0,5.497837162596814e-07,False,False,False
2456,1773733597.7581012,1773733597758104767,-0.42,8.409937492055881e-20,0.8749994277780444,-0.4486093081476167,0.005028239850727818,1.0156792362395601,0.14364743025007612,,0.0,0.6379230609715372,0.0,0.0,False,False,False
2457,1773733597.8101046,1773733597810107092,-0.42,8.409937492055881e-20,0.8749994277780444,-0.4486093081476167,0.005028239850727818,1.0156792362395601,0.14364743025007612,,0.0,0.6379230609715372,0.0,0.0,False,False,False
2458,1773733597.8580565,1773733597858060125,-0.42,8.409937492055881e-20,0.8749994277780444,-0.44860821241271925,0.00502886779802806,1.0156777457413557,0.1436457742983337,,0.0,0.6379213615843012,0.0,1.9535960879067637e-06,False,False,False
2459,1773733597.9079196,1773733597907921826,-0.42,8.409937492055881e-20,0.8749994277780444,-0.4486060659885676,0.005030099522574029,1.015674826253155,0.143642530779294,,0.0,0.6379180316923463,0.0,3.827230506539552e-06,False,False,False
2460,1773733597.958014,1773733597958016505,-0.42,8.409937492055881e-20,0.8749994277780444,-0.4486060659885676,0.005030099522574029,1.015674826253155,0.143642530779294,,0.0,0.6379180316923463,0.0,0.0,False,False,False
2461,1773733598.0080445,1773733598008047644,-0.42,8.409937492055881e-20,0.8749994277780444,-0.4486060659885676,0.005030099522574029,1.015674826253155,0.143642530779294,,0.0,0.6379180316923463,0.0,0.0,False,False,False
2462,1773733598.0580952,1773733598058098653,-0.42,8.409937492055881e-20,0.8749994277780444,-0.44860274494760916,0.0050320027066577955,1.0156703081911602,0.14363751134706743,,0.0,0.6379128808942985,0.0,5.921512213352785e-06,False,False,False
2463,1773733598.108118,1773733598108121762,-0.42,8.409937492055881e-20,0.8749994277780444,-0.44860274494760916,0.0050320027066577955,1.0156703081911602,0.14363751134706743,,0.0,0.6379128808942985,0.0,0.0,False,False,False
2464,1773733598.157971,1773733598157973732,-0.42,8.409937492055881e-20,0.8749994277780444,-0.44859819101123377,0.005034604831633892,1.0156641129911588,0.1436306284920813,,0.0,0.6379058229570039,0.0,8.117259017685427e-06,False,False,False
2465,1773733598.2088153,1773733598208818576,-0.42,8.409937492055881e-20,0.8749994277780444,-0.44859819101123377,0.005034604831633892,1.0156641129911588,0.1436306284920813,,0.0,0.6379058229570039,0.0,0.0,False,False,False
2466,1773733598.2580397,1773733598258042421,-0.42,8.409937492055881e-20,0.8749994277780444,-0.4485923755500031,0.0050379245620527854,1.0156562006675511,0.1436218381137619,,0.0,0.6378968116241837,0.0,1.0365571101089223e-05,False,False,False
2467,1773733598.3079727,1773733598307975071,-0.42,8.409937492055881e-20,0.8749994277780444,-0.4485923755500031,0.0050379245620527854,1.0156562006675511,0.1436218381137619,,0.0,0.6378968116241837,0.0,0.0,False,False,False
2468,1773733598.3580172,1773733598358020150,-0.42,8.409937492055881e-20,0.8749994277780444,-0.4485923755500031,0.0050379245620527854,1.0156562006675511,0.1436218381137619,,0.0,0.6378968116241837,0.0,0.0,False,False,False
2469,1773733598.4081326,1773733598408135899,-0.42,8.409937492055881e-20,0.8749994277780444,-0.4485852859130085,0.005041966770062779,1.0156465547152707,0.14361112183718605,,0.0,0.6378858291263481,0.0,1.2635141222333608e-05,False,False,False
2470,1773733598.4580567,1773733598458059809,-0.42,8.409937492055881e-20,0.8749994277780444,-0.4485852859130085,0.005041966770062779,1.0156465547152707,0.14361112183718605,,0.0,0.6378858291263481,0.0,0.0,False,False,False
2471,1773733598.5080657,1773733598508069248,-0.42,8.409937492055881e-20,0.8749994277780444,-0.44857691567822544,0.005046735458566494,1.0156351658732192,0.14359846962291684,,0.0,0.6378728651235265,0.0,1.4916666639750554e-05,False,False,False
2472,1773733598.5580792,1773733598558082048,-0.42,8.409937492055881e-20,0.8749994277780444,-0.44857691567822544,0.005046735458566494,1.0156351658732192,0.14359846962291684,,0.0,0.6378728651235265,0.0,0.0,False,False,False
2473,1773733598.6081066,1773733598608109987,-0.42,8.409937492055881e-20,0.8749994277780444,-0.44856726170143424,0.005052233082421392,1.0156220291222944,0.14358387621547625,,0.0,0.637857914066127,0.0,1.7204573833619964e-05,False,False,False
2474,1773733598.6579704,1773733598657973147,-0.42,8.409937492055881e-20,0.8749994277780444,-0.44856726170143424,0.005052233082421392,1.0156220291222944,0.14358387621547625,,0.0,0.637857914066127,0.0,0.0,False,False,False
2475,1773733598.7084956,1773733598708498223,-0.42,8.409937492055881e-20,0.8749994277780444,-0.44855634635361413,0.0050584473646334074,1.0156071744612474,0.1435673752429016,,0.0,0.6378410101721304,0.0,1.9453099399988405e-05,False,False,False
2476,1773733598.7580605,1773733598758065715,-0.42,8.409937492055881e-20,0.8749994277780444,-0.44855634635361413,0.0050584473646334074,1.0156071744612474,0.1435673752429016,,0.0,0.6378410101721304,0.0,0.0,False,False,False
2477,1773733598.8079696,1773733598807973126,-0.42,8.409937492055881e-20,0.8749994277780444,-0.44854410981205495,0.005065411250848133,1.0155905202421998,0.14354887626299118,,0.0,0.6378220614851148,0.0,2.180806439433259e-05,False,False,False
2478,1773733598.858017,1773733598858019605,-0.42,8.409937492055881e-20,0.8749994277780444,-0.44854410981205495,0.005065411250848133,1.0155905202421998,0.14354887626299118,,0.0,0.6378220614851148,0.0,0.0,False,False,False
2479,1773733598.9092486,1773733598909251205,-0.42,8.409937492055881e-20,0.8749994277780444,-0.44854410981205495,0.005065411250848133,1.0155905202421998,0.14354887626299118,,0.0,0.6378220614851148,0.0,0.0,False,False,False
2480,1773733598.9580734,1773733598958077993,-0.42,8.409937492055881e-20,0.8749994277780444,-0.44853059406461304,0.0050731022709229814,1.0155721225792662,0.1435284420873035,,0.0,0.6378011317541534,0.0,2.4089442088214282e-05,False,False,False
2481,1773733599.0080206,1773733599008024293,-0.42,8.409937492055881e-20,0.8749994277780444,-0.44853059406461304,0.0050731022709229814,1.0155721225792662,0.1435284420873035,,0.0,0.6378011317541534,0.0,0.0,False,False,False
2482,1773733599.0580094,1773733599058011773,-0.42,8.409937492055881e-20,0.8749994277780444,-0.44851579591280466,0.00508152226092063,1.0155519765055074,0.14350606760278406,,0.0,0.6377782158428275,0.0,2.637699407435281e-05,False,False,False
2483,1773733599.1080709,1773733599108075582,-0.42,8.409937492055881e-20,0.8749994277780444,-0.44851579591280466,0.00508152226092063,1.0155519765055074,0.14350606760278406,,0.0,0.6377782158428275,0.0,0.0,False,False,False
2484,1773733599.1579978,1773733599158001442,-0.42,8.409937492055881e-20,0.8749994277780444,-0.44849971410331907,0.00509067194879962,1.0155300797485993,0.14348175071461336,,0.0,0.6377533116520107,0.0,2.866721729967465e-05,False,False,False
2485,1773733599.2080512,1773733599208054511,-0.42,8.409937492055881e-20,0.8749994277780444,-0.44849971410331907,0.00509067194879962,1.0155300797485993,0.14348175071461336,,0.0,0.6377533116520107,0.0,0.0,False,False,False
2486,1773733599.257931,1773733599257933342,-0.42,8.409937492055881e-20,0.8749994277780444,-0.4484823657620733,0.005100541089948771,1.0155064548555215,0.14345551692760256,,0.0,0.6377264458076167,0.0,3.0927341688884866e-05,False,False,False
2487,1773733599.3079603,1773733599307963251,-0.42,8.409937492055881e-20,0.8749994277780444,-0.4484823657620733,0.005100541089948771,1.0155064548555215,0.14345551692760256,,0.0,0.6377264458076167,0.0,0.0,False,False,False
2488,1773733599.357975,1773733599357978951,-0.42,8.409937492055881e-20,0.8749994277780444,-0.4484823657620733,0.005100541089948771,1.0155064548555215,0.14345551692760256,,0.0,0.6377264458076167,0.0,0.0,False,False,False
2489,1773733599.4079921,1773733599407995430,-0.42,8.409937492055881e-20,0.8749994277780444,-0.4484637265152387,0.005111147596223012,1.0154810688540745,0.14342733015816486,,0.0,0.6376975780890412,0.0,3.3232041276034155e-05,False,False,False
2490,1773733599.458036,1773733599458038740,-0.42,8.409937492055881e-20,0.8749994277780444,-0.4484637265152387,0.005111147596223012,1.0154810688540745,0.14342733015816486,,0.0,0.6376975780890412,0.0,0.0,False,False,False
2491,1773733599.5100708,1773733599510073014,-0.42,8.409937492055881e-20,0.8749994277780444,-0.4484437768507326,0.005122497228940974,1.0154538903889023,0.14339715648052323,,0.0,0.6376666800097153,0.0,3.557347671867375e-05,False,False,False
2492,1773733599.5582747,1773733599558279067,-0.42,8.409937492055881e-20,0.8749994277780444,-0.4484437768507326,0.005122497228940974,1.0154538903889023,0.14339715648052323,,0.0,0.6376666800097153,0.0,0.0,False,False,False
2493,1773733599.6081295,1773733599608131858,-0.42,8.409937492055881e-20,0.8749994277780444,-0.4484437768507326,0.005122497228940974,1.0154538903889023,0.14339715648052323,,0.0,0.6376666800097153,0.0,0.0,False,False,False
2494,1773733599.658015,1773733599658017348,-0.42,8.409937492055881e-20,0.8749994277780444,-0.44842261820537455,0.005134535811232431,1.0154250597415528,0.14336515195819394,,0.0,0.6376339072676559,0.0,3.773356547647029e-05,False,False,False
2495,1773733599.70861,1773733599708615374,-0.42,8.409937492055881e-20,0.8749994277780444,-0.44842261820537455,0.005134535811232431,1.0154250597415528,0.14336515195819394,,0.0,0.6376339072676559,0.0,0.0,False,False,False
2496,1773733599.758013,1773733599758016087,-0.42,8.409937492055881e-20,0.8749994277780444,-0.44840011337238284,0.0051473414641917195,1.0153943884914258,0.14333110812878375,,0.0,0.6375990468423067,0.0,4.0139479817907984e-05,False,False,False
2497,1773733599.8080049,1773733599808007147,-0.42,8.409937492055881e-20,0.8749994277780444,-0.44840011337238284,0.0051473414641917195,1.0153943884914258,0.14333110812878375,,0.0,0.6375990468423067,0.0,0.0,False,False,False
2498,1773733599.8580418,1773733599858046007,-0.42,8.409937492055881e-20,0.8749994277780444,-0.44837629225587666,0.005160897728404251,1.015361915982875,0.14329506942880205,,0.0,0.6375621442588313,0.0,4.249331362202754e-05,False,False,False
2499,1773733599.9080517,1773733599908055226,-0.42,8.409937492055881e-20,0.8749994277780444,-0.44837629225587666,0.005160897728404251,1.015361915982875,0.14329506942880205,,0.0,0.6375621442588313,0.0,0.0,False,False,False
2500,1773733599.958092,1773733599958095615,-0.42,8.409937492055881e-20,0.8749994277780444,-0.44837629225587666,0.005160897728404251,1.015361915982875,0.14329506942880205,,0.0,0.6375621442588313,0.0,0.0,False,False,False
2501,1773733600.0080984,1773733600008104175,-0.42,8.409937492055881e-20,0.8749994277780444,-0.4483512099149441,0.005175172878744541,1.01532771627687,0.1432571187444998,,0.0,0.6375232847981144,0.0,4.474956574911784e-05,False,False,False
2502,1773733600.0580466,1773733600058050185,-0.42,8.409937492055881e-20,0.8749994277780444,-0.4483512099149441,0.005175172878744541,1.01532771627687,0.1432571187444998,,0.0,0.6375232847981144,0.0,0.0,False,False,False
2503,1773733600.1086762,1773733600108680910,-0.42,8.409937492055881e-20,0.8749994277780444,-0.44832487479493144,0.005190163087370067,1.0152917993435842,0.14321726796900403,,0.0,0.637482480426473,0.0,4.699224401293083e-05,False,False,False
2504,1773733600.1585913,1773733600158595071,-0.42,8.409937492055881e-20,0.8749994277780444,-0.44832487479493144,0.005190163087370067,1.0152917993435842,0.14321726796900403,,0.0,0.637482480426473,0.0,0.0,False,False,False
2505,1773733600.2079937,1773733600207996485,-0.42,8.409937492055881e-20,0.8749994277780444,-0.44829726164492373,0.0052058828207871555,1.015254129559634,0.14317547836269895,,0.0,0.6374396916252869,0.0,4.928091613295392e-05,False,False,False
2506,1773733600.2580857,1773733600258089464,-0.42,8.409937492055881e-20,0.8749994277780444,-0.44829726164492373,0.0052058828207871555,1.015254129559634,0.14317547836269895,,0.0,0.6374396916252869,0.0,0.0,False,False,False
2507,1773733600.307966,1773733600307969225,-0.42,8.409937492055881e-20,0.8749994277780444,-0.44826835429305484,0.005222341681624221,1.0152146833188076,0.1431317246225966,,0.0,0.6373948926128342,0.0,5.15997578236667e-05,False,False,False
2508,1773733600.3586628,1773733600358666129,-0.42,8.409937492055881e-20,0.8749994277780444,-0.44826835429305484,0.005222341681624221,1.0152146833188076,0.1431317246225966,,0.0,0.6373948926128342,0.0,0.0,False,False,False
2509,1773733600.407917,1773733600407920104,-0.42,8.409937492055881e-20,0.8749994277780444,-0.44826835429305484,0.005222341681624221,1.0152146833188076,0.1431317246225966,,0.0,0.6373948926128342,0.0,0.0,False,False,False
2510,1773733600.4592042,1773733600459206455,-0.42,8.409937492055881e-20,0.8749994277780444,-0.4482385709819412,0.005239302674397907,1.0151740298909608,0.14308663900284513,,0.0,0.6373487303716526,0.0,5.317350931105273e-05,False,False,False
2511,1773733600.5080183,1773733600508020473,-0.42,8.409937492055881e-20,0.8749994277780444,-0.4482385709819412,0.005239302674397907,1.0151740298909608,0.14308663900284513,,0.0,0.6373487303716526,0.0,0.0,False,False,False
2512,1773733600.5579991,1773733600558003283,-0.42,8.409937492055881e-20,0.8749994277780444,-0.44820836957449517,0.005256505172770355,1.0151327937182952,0.14304091446305467,,0.0,0.6373019143519923,0.0,5.3930259577371296e-05,False,False,False
2513,1773733600.6080186,1773733600608021713,-0.42,8.409937492055881e-20,0.8749994277780444,-0.44820836957449517,0.005256505172770355,1.0151327937182952,0.14304091446305467,,0.0,0.6373019143519923,0.0,0.0,False,False,False
2514,1773733600.6586015,1773733600658604698,-0.42,8.409937492055881e-20,0.8749994277780444,-0.44820836957449517,0.005256505172770355,1.0151327937182952,0.14304091446305467,,0.0,0.6373019143519923,0.0,0.0,False,False,False
2515,1773733600.708052,1773733600708054672,-0.42,8.409937492055881e-20,0.8749994277780444,-0.4481779719869094,0.005273824116621029,1.0150912770623675,0.14299488648902656,,0.0,0.6372547874275616,0.0,5.429172926480469e-05,False,False,False
2516,1773733600.758034,1773733600758036352,-0.42,8.409937492055881e-20,0.8749994277780444,-0.4481779719869094,0.005273824116621029,1.0150912770623675,0.14299488648902656,,0.0,0.6372547874275616,0.0,0.0,False,False,False
2517,1773733600.808074,1773733600808078171,-0.42,8.409937492055881e-20,0.8749994277780444,-0.44814748325713644,0.0052911983774169905,1.0150496236823636,0.14294871446367802,,0.0,0.6372075134151867,0.0,5.446495797408321e-05,False,False,False
2518,1773733600.8581173,1773733600858122001,-0.42,8.409937492055881e-20,0.8749994277780444,-0.44814748325713644,0.0052911983774169905,1.0150496236823636,0.14294871446367802,,0.0,0.6372075134151867,0.0,0.0,False,False,False
2519,1773733600.908017,1773733600908019891,-0.42,8.409937492055881e-20,0.8749994277780444,-0.4481169892358234,0.0053085788936336475,1.015007950756437,0.1429025283196501,,0.0,0.6371602254848446,0.0,5.448486427524733e-05,False,False,False
2520,1773733600.9581246,1773733600958127361,-0.42,8.409937492055881e-20,0.8749994277780444,-0.4481169892358234,0.0053085788936336475,1.015007950756437,0.1429025283196501,,0.0,0.6371602254848446,0.0,0.0,False,False,False
2521,1773733601.008082,1773733601008084681,-0.42,8.409937492055881e-20,0.8749994277780444,-0.4481169892358234,0.0053085788936336475,1.015007950756437,0.1429025283196501,,0.0,0.6371602254848446,0.0,0.0,False,False,False
2522,1773733601.0580893,1773733601058092031,-0.42,8.409937492055881e-20,0.8749994277780444,-0.44808645234991124,0.00532598799269892,1.0149662065977414,0.1428562708699348,,0.0,0.6371128646484474,0.0,5.457245565916928e-05,False,False,False
2523,1773733601.1080499,1773733601108053511,-0.42,8.409937492055881e-20,0.8749994277780444,-0.44808645234991124,0.00532598799269892,1.0149662065977414,0.1428562708699348,,0.0,0.6371128646484474,0.0,0.0,False,False,False
2524,1773733601.1580956,1773733601158099480,-0.42,8.409937492055881e-20,0.8749994277780444,-0.4480559243295392,0.005343396091468194,1.014924461972595,0.1428100205382007,,0.0,0.6370655112190922,0.0,5.4567533013755625e-05,False,False,False
2525,1773733601.2081742,1773733601208176200,-0.42,8.409937492055881e-20,0.8749994277780444,-0.4480559243295392,0.005343396091468194,1.014924461972595,0.1428100205382007,,0.0,0.6370655112190922,0.0,0.0,False,False,False
2526,1773733601.2581065,1773733601258109920,-0.42,8.409937492055881e-20,0.8749994277780444,-0.44802533386886156,0.005360843183158208,1.0148826195244172,0.142763669437459,,0.0,0.6370180550887616,0.0,5.4689740924844425e-05,False,False,False
2527,1773733601.3080695,1773733601308072260,-0.42,8.409937492055881e-20,0.8749994277780444,-0.44802533386886156,0.005360843183158208,1.0148826195244172,0.142763669437459,,0.0,0.6370180550887616,0.0,0.0,False,False,False
2528,1773733601.358022,1773733601358025891,-0.42,8.409937492055881e-20,0.8749994277780444,-0.44799485329099337,0.005378232171291658,1.0148409146320527,0.14271747838864146,,0.0,0.6369707626853045,0.0,5.450450057209662e-05,False,False,False
2529,1773733601.4084098,1773733601408412908,-0.42,8.409937492055881e-20,0.8749994277780444,-0.44799485329099337,0.005378232171291658,1.0148409146320527,0.14271747838864146,,0.0,0.6369707626853045,0.0,0.0,False,False,False
2530,1773733601.4579833,1773733601457986371,-0.42,8.409937492055881e-20,0.8749994277780444,-0.44796425108702886,0.005395694082698008,1.0147990308539758,0.1426710968405319,,0.0,0.6369232756184477,0.0,5.473266029934336e-05,False,False,False
2531,1773733601.5081415,1773733601508145649,-0.42,8.409937492055881e-20,0.8749994277780444,-0.44796425108702886,0.005395694082698008,1.0147990308539758,0.1426710968405319,,0.0,0.6369232756184477,0.0,0.0,False,False,False
2532,1773733601.5579815,1773733601557984641,-0.42,8.409937492055881e-20,0.8749994277780444,-0.44796425108702886,0.005395694082698008,1.0147990308539758,0.1426710968405319,,0.0,0.6369232756184477,0.0,0.0,False,False,False
2533,1773733601.608011,1773733601608041820,-0.42,8.409937492055881e-20,0.8749994277780444,-0.4479336816041813,0.0054131405957169865,1.0147571794237704,0.14262475873473443,,0.0,0.6368758335611016,0.0,5.4684699032981714e-05,False,False,False
2534,1773733601.6579387,1773733601657940481,-0.42,8.409937492055881e-20,0.8749994277780444,-0.447907558205302,0.005428052916603032,1.0147214048836903,0.14258515508200148,,0.0,0.6368352864822897,0.0,4.6739993593891985e-05,False,False,False
2535,1773733601.707979,1773733601707981800,-0.42,8.409937492055881e-20,0.8749994277780444,-0.447907558205302,0.005428052916603032,1.0147214048836903,0.14258515508200148,,0.0,0.6368352864822897,0.0,0.0,False,False,False
2536,1773733601.7580173,1773733601758019640,-0.42,8.409937492055881e-20,0.8749994277780444,-0.447907558205302,0.005428052916603032,1.0147214048836903,0.14258515508200148,,0.0,0.6368352864822897,0.0,0.0,False,False,False
2537,1773733601.8080356,1773733601808039280,-0.42,8.409937492055881e-20,0.8749994277780444,-0.44787732091576277,0.005445317455462069,1.0146799851137098,0.1425393089685554,,0.0,0.6367883482142158,0.0,5.4110584232032634e-05,False,False,False
2538,1773733601.85804,1773733601858043650,-0.42,8.409937492055881e-20,0.8749994277780444,-0.44787732091576277,0.005445317455462069,1.0146799851137098,0.1425393089685554,,0.0,0.6367883482142158,0.0,0.0,False,False,False
2539,1773733601.9079788,1773733601907981540,-0.42,8.409937492055881e-20,0.8749994277780444,-0.44784659452163655,0.0054628657278036966,1.0146378823841178,0.14249271466704838,,0.0,0.6367406439457253,0.0,5.499720899532876e-05,False,False,False
2540,1773733601.9598207,1773733601959823767,-0.42,8.409937492055881e-20,0.8749994277780444,-0.44784659452163655,0.0054628657278036966,1.0146378823841178,0.14249271466704838,,0.0,0.6367406439457253,0.0,0.0,False,False,False
2541,1773733602.0079865,1773733602007991420,-0.42,8.409937492055881e-20,0.8749994277780444,-0.4478160039464891,0.0054803405057627305,1.0145959532665958,0.1424463201914531,,0.0,0.6366931442409531,0.0,5.476497100100209e-05,False,False,False
2542,1773733602.0586479,1773733602058651085,-0.42,8.409937492055881e-20,0.8749994277780444,-0.4478160039464891,0.0054803405057627305,1.0145959532665958,0.1424463201914531,,0.0,0.6366931442409531,0.0,0.0,False,False,False
2543,1773733602.108102,1773733602108105549,-0.42,8.409937492055881e-20,0.8749994277780444,-0.4478160039464891,0.0054803405057627305,1.0145959532665958,0.1424463201914531,,0.0,0.6366931442409531,0.0,0.0,False,False,False
2544,1773733602.1580176,1773733602158020310,-0.42,8.409937492055881e-20,0.8749994277780444,-0.4477854228577263,0.0054978133105231045,1.014554024659838,0.1423999339375546,,0.0,0.6366456533732512,0.0,5.4758651926161356e-05,False,False,False
2545,1773733602.2080138,1773733602208016420,-0.42,8.409937492055881e-20,0.8749994277780444,-0.4477854228577263,0.0054978133105231045,1.014554024659838,0.1423999339375546,,0.0,0.6366456533732512,0.0,0.0,False,False,False
2546,1773733602.258111,1773733602258116059,-0.42,8.409937492055881e-20,0.8749994277780444,-0.44775487790245194,0.005515268115304291,1.0145121333400628,0.14235359652287738,,0.0,0.6365982133397248,0.0,5.4704178772368345e-05,False,False,False
2547,1773733602.3091936,1773733602309196532,-0.42,8.409937492055881e-20,0.8749994277780444,-0.44775487790245194,0.005515268115304291,1.0145121333400628,0.14235359652287738,,0.0,0.6365982133397248,0.0,0.0,False,False,False
2548,1773733602.3579564,1773733602357959191,-0.42,8.409937492055881e-20,0.8749994277780444,-0.4477243521439844,0.005532717204022659,1.0144702551576428,0.14230728144200167,,0.0,0.6365507957768719,0.0,5.468157632994452e-05,False,False,False
2549,1773733602.4080057,1773733602408008350,-0.42,8.409937492055881e-20,0.8749994277780444,-0.4477243521439844,0.005532717204022659,1.0144702551576428,0.14230728144200167,,0.0,0.6365507957768719,0.0,0.0,False,False,False
2550,1773733602.4581723,1773733602458177219,-0.42,8.409937492055881e-20,0.8749994277780444,-0.4477243521439844,0.005532717204022659,1.0144702551576428,0.14230728144200167,,0.0,0.6365507957768719,0.0,0.0,False,False,False
2551,1773733602.5079706,1773733602507973291,-0.42,8.409937492055881e-20,0.8749994277780444,-0.4476938381959901,0.005550164010469288,1.014428380556924,0.14226097802132479,,0.0,0.6365033899480603,0.0,5.4671512350906274e-05,False,False,False
2552,1773733602.5580535,1773733602558056710,-0.42,8.409937492055881e-20,0.8749994277780444,-0.4476938381959901,0.005550164010469288,1.014428380556924,0.14226097802132479,,0.0,0.6365033899480603,0.0,0.0,False,False,False
2553,1773733602.6079512,1773733602607953581,-0.42,8.409937492055881e-20,0.8749994277780444,-0.44766352827009476,0.005567573976902496,1.014386770464129,0.14221497803475758,,0.0,0.6364562441314557,0.0,5.434333778309313e-05,False,False,False
2554,1773733602.657964,1773733602657966891,-0.42,8.409937492055881e-20,0.8749994277780444,-0.44766352827009476,0.005567573976902496,1.014386770464129,0.14221497803475758,,0.0,0.6364562441314557,0.0,0.0,False,False,False
2555,1773733602.708018,1773733602708021121,-0.42,8.409937492055881e-20,0.8749994277780444,-0.44766352827009476,0.005567573976902496,1.014386770464129,0.14221497803475758,,0.0,0.6364562441314557,0.0,0.0,False,False,False
2556,1773733602.7634518,1773733602763457702,-0.42,8.409937492055881e-20,0.8749994277780444,-0.44763297554887077,0.005585049922794252,1.0143448176851653,0.14216860345622073,,0.0,0.6364087662301644,0.0,5.476233305638002e-05,False,False,False
2557,1773733602.8105383,1773733602810541353,-0.42,8.409937492055881e-20,0.8749994277780444,-0.44763297554887077,0.005585049922794252,1.0143448176851653,0.14216860345622073,,0.0,0.6364087662301644,0.0,0.0,False,False,False
2558,1773733602.8580635,1773733602858066491,-0.42,8.409937492055881e-20,0.8749994277780444,-0.447602407179882,0.005602538265141219,1.0143028309177466,0.14212219898185777,,0.0,0.6363612581228391,0.0,5.480105782688112e-05,False,False,False
2559,1773733602.9080215,1773733602908024271,-0.42,8.409937492055881e-20,0.8749994277780444,-0.447602407179882,0.005602538265141219,1.0143028309177466,0.14212219898185777,,0.0,0.6363612581228391,0.0,0.0,False,False,False
2560,1773733602.9580421,1773733602958045771,-0.42,8.409937492055881e-20,0.8749994277780444,-0.44757188277343496,0.0056200050651488,1.0142608919701182,0.14207585504062462,,0.0,0.6363138123191977,0.0,5.473302311797968e-05,False,False,False
2561,1773733603.0080585,1773733603008062271,-0.42,8.409937492055881e-20,0.8749994277780444,-0.44757188277343496,0.0056200050651488,1.0142608919701182,0.14207585504062462,,0.0,0.6363138123191977,0.0,0.0,False,False,False
2562,1773733603.0580006,1773733603058003352,-0.42,8.409937492055881e-20,0.8749994277780444,-0.44757188277343496,0.0056200050651488,1.0142608919701182,0.14207585504062462,,0.0,0.6363138123191977,0.0,0.0,False,False,False
2563,1773733603.1081104,1773733603108114291,-0.42,8.409937492055881e-20,0.8749994277780444,-0.4475413816572305,0.005637463082647003,1.0142189721802206,0.14202954001596624,,0.0,0.636266395976733,0.0,5.470255249747184e-05,False,False,False
2564,1773733603.1580546,1773733603158058211,-0.42,8.409937492055881e-20,0.8749994277780444,-0.4475413816572305,0.005637463082647003,1.0142189721802206,0.14202954001596624,,0.0,0.636266395976733,0.0,0.0,False,False,False
2565,1773733603.2079604,1773733603207963242,-0.42,8.409937492055881e-20,0.8749994277780444,-0.44751089413554984,0.005654917565508323,1.0141770583785799,0.1419832393220736,,0.0,0.6362189942791568,0.0,5.468925596647004e-05,False,False,False
2566,1773733603.2579541,1773733603257956483,-0.42,8.409937492055881e-20,0.8749994277780444,-0.44751089413554984,0.005654917565508323,1.0141770583785799,0.1419832393220736,,0.0,0.6362189942791568,0.0,0.0,False,False,False
2567,1773733603.308011,1773733603308013183,-0.42,8.409937492055881e-20,0.8749994277780444,-0.4474804156891164,0.005672370674408497,1.0141351445935816,0.14193694631521378,,0.0,0.6361716005717336,0.0,5.468374603262776e-05,False,False,False
2568,1773733603.3580148,1773733603358017553,-0.42,8.409937492055881e-20,0.8749994277780444,-0.4474804156891164,0.005672370674408497,1.0141351445935816,0.14193694631521378,,0.0,0.6361716005717336,0.0,0.0,False,False,False
2569,1773733603.407986,1773733603407990353,-0.42,8.409937492055881e-20,0.8749994277780444,-0.44744994392719506,0.005689824207696655,1.0140932273236625,0.14189065717360402,,0.0,0.6361242107745768,0.0,5.468282743513896e-05,False,False,False
2570,1773733603.4580684,1773733603458070553,-0.42,8.409937492055881e-20,0.8749994277780444,-0.44744994392719506,0.005689824207696655,1.0140932273236625,0.14189065717360402,,0.0,0.6361242107745768,0.0,0.0,False,False,False
2571,1773733603.5079362,1773733603507938454,-0.42,8.409937492055881e-20,0.8749994277780444,-0.44744994392719506,0.005689824207696655,1.0140932273236625,0.14189065717360402,,0.0,0.6361242107745768,0.0,0.0,False,False,False
2572,1773733603.5580356,1773733603558039454,-0.42,8.409937492055881e-20,0.8749994277780444,-0.4474194777984958,0.005707278597137856,1.0140513051564866,0.14184437032958647,,0.0,0.6360768233777873,0.0,5.468371612657037e-05,False,False,False
2573,1773733603.6109128,1773733603610917843,-0.42,8.409937492055881e-20,0.8749994277780444,-0.4474194777984958,0.005707278597137856,1.0140513051564866,0.14184437032958647,,0.0,0.6360768233777873,0.0,0.0,False,False,False
2574,1773733603.6580455,1773733603658048564,-0.42,8.409937492055881e-20,0.8749994277780444,-0.4473890169437979,0.005724733432156862,1.0140093778253907,0.14179808543905878,,0.0,0.6360294383138015,0.0,5.4684879329560995e-05,False,False,False
2575,1773733603.7082505,1773733603708253723,-0.42,8.409937492055881e-20,0.8749994277780444,-0.4473890169437979,0.005724733432156862,1.0140093778253907,0.14179808543905878,,0.0,0.6360294383138015,0.0,0.0,False,False,False
2576,1773733603.7579882,1773733603757991245,-0.42,8.409937492055881e-20,0.8749994277780444,-0.44735856100663396,0.0057421893809948485,1.013967444673719,0.14175180181979144,,0.0,0.6359820546618543,0.0,5.468695884292375e-05,False,False,False
2577,1773733603.8079293,1773733603807931606,-0.42,8.409937492055881e-20,0.8749994277780444,-0.44735856100663396,0.0057421893809948485,1.013967444673719,0.14175180181979144,,0.0,0.6359820546618543,0.0,0.0,False,False,False
2578,1773733603.8580039,1773733603858006486,-0.42,8.409937492055881e-20,0.8749994277780444,-0.44732814953847716,0.005759623256591476,1.0139255602429866,0.1417055796322852,,0.0,0.6359347343264199,0.0,5.461778969847404e-05,False,False,False
2579,1773733603.9079788,1773733603907981456,-0.42,8.409937492055881e-20,0.8749994277780444,-0.44732814953847716,0.005759623256591476,1.0139255602429866,0.1417055796322852,,0.0,0.6359347343264199,0.0,0.0,False,False,False
2580,1773733603.9584947,1773733603958498093,-0.42,8.409937492055881e-20,0.8749994277780444,-0.44732814953847716,0.005759623256591476,1.0139255602429866,0.1417055796322852,,0.0,0.6359347343264199,0.0,0.0,False,False,False
2581,1773733604.0080545,1773733604008058236,-0.42,8.409937492055881e-20,0.8749994277780444,-0.4472976824756755,0.005777092889880368,1.013883586621743,0.14165926672308743,,0.0,0.6358873212667865,0.0,5.472855637882518e-05,False,False,False
2582,1773733604.0580504,1773733604058053496,-0.42,8.409937492055881e-20,0.8749994277780444,-0.4472976824756755,0.005777092889880368,1.013883586621743,0.14165926672308743,,0.0,0.6358873212667865,0.0,0.0,False,False,False
2583,1773733604.1105397,1773733604110543559,-0.42,8.409937492055881e-20,0.8749994277780444,-0.4472717237135743,0.005791981311957323,1.013847813733801,0.14161980173812674,,0.0,0.6358469185558329,0.0,4.663927479585945e-05,False,False,False
2584,1773733604.1580446,1773733604158047737,-0.42,8.409937492055881e-20,0.8749994277780444,-0.4472717237135743,0.005791981311957323,1.013847813733801,0.14161980173812674,,0.0,0.6358469185558329,0.0,0.0,False,False,False
2585,1773733604.2080028,1773733604208005878,-0.42,8.409937492055881e-20,0.8749994277780444,-0.4472412058962373,0.005809487631987513,1.0138057466464472,0.1415734000546152,,0.0,0.6357994146889868,0.0,5.4840206549994214e-05,False,False,False
2586,1773733604.2581217,1773733604258125667,-0.42,8.409937492055881e-20,0.8749994277780444,-0.4472412058962373,0.005809487631987513,1.0138057466464472,0.1415734000546152,,0.0,0.6357994146889868,0.0,0.0,False,False,False
2587,1773733604.3087447,1773733604308748953,-0.42,8.409937492055881e-20,0.8749994277780444,-0.44721073433348807,0.0058269724853516475,1.0137637303119298,0.1415270621790348,,0.0,0.6357519756905227,0.0,5.476868265552724e-05,False,False,False
2588,1773733604.3579926,1773733604357995189,-0.42,8.409937492055881e-20,0.8749994277780444,-0.44721073433348807,0.0058269724853516475,1.0137637303119298,0.1415270621790348,,0.0,0.6357519756905227,0.0,0.0,False,False,False
2589,1773733604.408041,1773733604408043439,-0.42,8.409937492055881e-20,0.8749994277780444,-0.44721073433348807,0.0058269724853516475,1.0137637303119298,0.1415270621790348,,0.0,0.6357519756905227,0.0,0.0,False,False,False
2590,1773733604.4580536,1773733604458056740,-0.42,8.409937492055881e-20,0.8749994277780444,-0.4471802878379789,0.00584444536778949,1.01372173649058,0.14148075672383323,,0.0,0.6357045706873453,0.0,5.473364359365864e-05,False,False,False
2591,1773733604.50801,1773733604508012330,-0.42,8.409937492055881e-20,0.8749994277780444,-0.4471802878379789,0.00584444536778949,1.01372173649058,0.14148075672383323,,0.0,0.6357045706873453,0.0,0.0,False,False,False
2592,1773733604.5580592,1773733604558062590,-0.42,8.409937492055881e-20,0.8749994277780444,-0.4471498554442691,0.005861914531141113,1.0136797492855596,0.14143446632996814,,0.0,0.6356571810280409,0.0,5.4719536187142594e-05,False,False,False
2593,1773733604.6080685,1773733604608071461,-0.42,8.409937492055881e-20,0.8749994277780444,-0.4471498554442691,0.005861914531141113,1.0136797492855596,0.14143446632996814,,0.0,0.6356571810280409,0.0,0.0,False,False,False
2594,1773733604.6579406,1773733604657943762,-0.42,8.409937492055881e-20,0.8749994277780444,-0.4471194641890486,0.005879364791437108,1.0136378059492075,0.1413882320781412,,0.0,0.6356098485738628,0.0,5.465696152022081e-05,False,False,False
2595,1773733604.7080336,1773733604708037182,-0.42,8.409937492055881e-20,0.8749994277780444,-0.4471194641890486,0.005879364791437108,1.0136378059492075,0.1413882320781412,,0.0,0.6356098485738628,0.0,0.0,False,False,False
2596,1773733604.757927,1773733604757929233,-0.42,8.409937492055881e-20,0.8749994277780444,-0.4471194641890486,0.005879364791437108,1.0136378059492075,0.1413882320781412,,0.0,0.6356098485738628,0.0,0.0,False,False,False
2597,1773733604.8084018,1773733604808403830,-0.42,8.409937492055881e-20,0.8749994277780444,-0.4470890311655895,0.0058968425222091225,1.0135957925831636,0.1413419283100938,,0.0,0.6355624452093334,0.0,5.4742697377273894e-05,False,False,False
2598,1773733604.8581724,1773733604858175562,-0.42,8.409937492055881e-20,0.8749994277780444,-0.4470890311655895,0.0058968425222091225,1.0135957925831636,0.1413419283100938,,0.0,0.6355624452093334,0.0,0.0,False,False,False
2599,1773733604.9089217,1773733604908923377,-0.42,8.409937492055881e-20,0.8749994277780444,-0.4470586126120775,0.005914315700973408,1.013553786577182,0.14129564037485876,,0.0,0.6355150582604875,0.0,5.472755167569306e-05,False,False,False
2600,1773733604.9580426,1773733604958045253,-0.42,8.409937492055881e-20,0.8749994277780444,-0.4470586126120775,0.005914315700973408,1.013553786577182,0.14129564037485876,,0.0,0.6355150582604875,0.0,0.0,False,False,False
2601,1773733605.0081575,1773733605008161843,-0.42,8.409937492055881e-20,0.8749994277780444,-0.44702820338944876,0.00593178761401883,1.01351178077959,0.1412493604119466,,0.0,0.6354676794819082,0.0,5.472180184987719e-05,False,False,False
2602,1773733605.0580525,1773733605058054494,-0.42,8.409937492055881e-20,0.8749994277780444,-0.44702820338944876,0.00593178761401883,1.01351178077959,0.1412493604119466,,0.0,0.6354676794819082,0.0,0.0,False,False,False
2603,1773733605.1080894,1773733605108093485,-0.42,8.409937492055881e-20,0.8749994277780444,-0.44702820338944876,0.00593178761401883,1.01351178077959,0.1412493604119466,,0.0,0.6354676794819082,0.0,0.0,False,False,False
2604,1773733605.1580114,1773733605158014506,-0.42,8.409937492055881e-20,0.8749994277780444,-0.44699780124501076,0.005949258594448406,1.0134697723712498,0.14120308524125727,,0.0,0.6354203061051619,0.0,5.471957524387586e-05,False,False,False
2605,1773733605.208052,1773733605208055416,-0.42,8.409937492055881e-20,0.8749994277780444,-0.44699780124501076,0.005949258594448406,1.0134697723712498,0.14120308524125727,,0.0,0.6354203061051619,0.0,0.0,False,False,False
2606,1773733605.2579734,1773733605257976027,-0.42,8.409937492055881e-20,0.8749994277780444,-0.4469674441402213,0.005966708891433359,1.0134278131636303,0.14115687209240418,,0.0,0.6353729956848365,0.0,5.465017639603033e-05,False,False,False
2607,1773733605.3080175,1773733605308019787,-0.42,8.409937492055881e-20,0.8749994277780444,-0.4469674441402213,0.005966708891433359,1.0134278131636303,0.14115687209240418,,0.0,0.6353729956848365,0.0,0.0,False,False,False
2608,1773733605.3579378,1773733605357940548,-0.42,8.409937492055881e-20,0.8749994277780444,-0.4469370319833742,0.0059841952554078315,1.013385765153798,0.14111056890681184,,0.0,0.6353255928789969,0.0,5.476045416166066e-05,False,False,False
2609,1773733605.407965,1773733605407968029,-0.42,8.409937492055881e-20,0.8749994277780444,-0.4469370319833742,0.0059841952554078315,1.013385765153798,0.14111056890681184,,0.0,0.6353255928789969,0.0,0.0,False,False,False
2610,1773733605.4580588,1773733605458063039,-0.42,8.409937492055881e-20,0.8749994277780444,-0.4469370319833742,0.0059841952554078315,1.013385765153798,0.14111056890681184,,0.0,0.6353255928789969,0.0,0.0,False,False,False
2611,1773733605.50803,1773733605508032060,-0.42,8.409937492055881e-20,0.8749994277780444,-0.44690667538960105,0.006001652583121207,1.0133437817980495,0.14106434455050063,,0.0,0.6352782712839937,0.0,5.46706798595999e-05,False,False,False
2612,1773733605.5579138,1773733605557915831,-0.42,8.409937492055881e-20,0.8749994277780444,-0.44690667538960105,0.006001652583121207,1.0133437817980495,0.14106434455050063,,0.0,0.6352782712839937,0.0,0.0,False,False,False
2613,1773733605.6079803,1773733605607982161,-0.42,8.409937492055881e-20,0.8749994277780444,-0.4468762685768574,0.006019142156109082,1.0133017163897406,0.14101803757017664,,0.0,0.6352308655511626,0.0,5.477187234992282e-05,False,False,False
2614,1773733605.6583533,1773733605658356389,-0.42,8.409937492055881e-20,0.8749994277780444,-0.4468762685768574,0.006019142156109082,1.0133017163897406,0.14101803757017664,,0.0,0.6352308655511626,0.0,0.0,False,False,False
2615,1773733605.7081003,1773733605708104031,-0.42,8.409937492055881e-20,0.8749994277780444,-0.44684593382984206,0.006036594725174559,1.01325973784099,0.14097183398741084,,0.0,0.6351835655181458,0.0,5.465334023353112e-05,False,False,False
2616,1773733605.7582166,1773733605758221861,-0.42,8.409937492055881e-20,0.8749994277780444,-0.44684593382984206,0.006036594725174559,1.01325973784099,0.14097183398741084,,0.0,0.6351835655181458,0.0,0.0,False,False,False
2617,1773733605.8081865,1773733605808190322,-0.42,8.409937492055881e-20,0.8749994277780444,-0.44684593382984206,0.006036594725174559,1.01325973784099,0.14097183398741084,,0.0,0.6351835655181458,0.0,0.0,False,False,False
2618,1773733605.8580127,1773733605858015233,-0.42,8.409937492055881e-20,0.8749994277780444,-0.44681555963210906,0.006054073819365485,1.013217692104577,0.14092556418773977,,0.0,0.6351361978175379,0.0,5.473531375782879e-05,False,False,False
2619,1773733605.9079983,1773733605908000534,-0.42,8.409937492055881e-20,0.8749994277780444,-0.44681555963210906,0.006054073819365485,1.013217692104577,0.14092556418773977,,0.0,0.6351361978175379,0.0,0.0,False,False,False
2620,1773733605.9579232,1773733605957927075,-0.42,8.409937492055881e-20,0.8749994277780444,-0.4467851592251588,0.00607157180942669,1.013175597469922,0.14087924832874665,,0.0,0.6350887830950199,0.0,5.4793454587827385e-05,False,False,False
2621,1773733606.0079925,1773733606007995155,-0.42,8.409937492055881e-20,0.8749994277780444,-0.4467851592251588,0.00607157180942669,1.013175597469922,0.14087924832874665,,0.0,0.6350887830950199,0.0,0.0,False,False,False
2622,1773733606.0600784,1773733606060080371,-0.42,8.409937492055881e-20,0.8749994277780444,-0.4467851592251588,0.00607157180942669,1.013175597469922,0.14087924832874665,,0.0,0.6350887830950199,0.0,0.0,False,False,False
2623,1773733606.1080356,1773733606108039586,-0.42,8.409937492055881e-20,0.8749994277780444,-0.4467547807469763,0.006089061133946097,1.0131335205480552,0.14083295972074733,,0.0,0.6350413963193077,0.0,5.4764913609110266e-05,False,False,False
2624,1773733606.1579866,1773733606157990347,-0.42,8.409937492055881e-20,0.8749994277780444,-0.4467547807469763,0.006089061133946097,1.0131335205480552,0.14083295972074733,,0.0,0.6350413963193077,0.0,0.0,False,False,False
2625,1773733606.2084754,1773733606208480674,-0.42,8.409937492055881e-20,0.8749994277780444,-0.4467244151928536,0.006106546770842866,1.0130914488732803,0.14078668463683483,,0.0,0.6349940235809696,0.0,5.475253595246173e-05,False,False,False
2626,1773733606.2604883,1773733606260490410,-0.42,8.409937492055881e-20,0.8749994277780444,-0.4467244151928536,0.006106546770842866,1.0130914488732803,0.14078668463683483,,0.0,0.6349940235809696,0.0,0.0,False,False,False
2627,1773733606.3079906,1773733606307993389,-0.42,8.409937492055881e-20,0.8749994277780444,-0.44669405818688995,0.006124031729283816,1.0130493762677393,0.1407404163171111,,0.0,0.6349466576892298,0.0,5.47482942178893e-05,False,False,False
2628,1773733606.3579345,1773733606357937350,-0.42,8.409937492055881e-20,0.8749994277780444,-0.44669405818688995,0.006124031729283816,1.0130493762677393,0.1407404163171111,,0.0,0.6349466576892298,0.0,0.0,False,False,False
2629,1773733606.4080763,1773733606408081830,-0.42,8.409937492055881e-20,0.8749994277780444,-0.4466637078786143,0.00614151613009449,1.0130073004861067,0.14069415221542436,,0.0,0.6348992964979655,0.0,5.474684359970703e-05,False,False,False
2630,1773733606.4579785,1773733606457980801,-0.42,8.409937492055881e-20,0.8749994277780444,-0.4466637078786143,0.00614151613009449,1.0130073004861067,0.14069415221542436,,0.0,0.6348992964979655,0.0,0.0,False,False,False
2631,1773733606.5080063,1773733606508008952,-0.42,8.409937492055881e-20,0.8749994277780444,-0.44663363301013537,0.006159008831253761,1.0129655858973658,0.14064830103242498,,0.0,0.6348522491463904,0.0,5.431941845866827e-05,False,False,False
2632,1773733606.5579503,1773733606557952833,-0.42,8.409937492055881e-20,0.8749994277780444,-0.44663363301013537,0.006159008831253761,1.0129655858973658,0.14064830103242498,,0.0,0.6348522491463904,0.0,0.0,False,False,False
2633,1773733606.6080809,1773733606608085943,-0.42,8.409937492055881e-20,0.8749994277780444,-0.44663363301013537,0.006159008831253761,1.0129655858973658,0.14064830103242498,,0.0,0.6348522491463904,0.0,0.0,False,False,False
2634,1773733606.6580272,1773733606658030504,-0.42,8.409937492055881e-20,0.8749994277780444,-0.44660315200067596,0.006176576792123377,1.01292330346305,0.14060182531252202,,0.0,0.6348046712051824,0.0,5.5004812866252516e-05,False,False,False
2635,1773733606.7080033,1773733606708006865,-0.42,8.409937492055881e-20,0.8749994277780444,-0.44660315200067596,0.006176576792123377,1.01292330346305,0.14060182531252202,,0.0,0.6348046712051824,0.0,0.0,False,False,False
2636,1773733606.758315,1773733606758320073,-0.42,8.409937492055881e-20,0.8749994277780444,-0.4465727783036994,0.006194087812067033,1.0128811569729066,0.1405555068873734,,0.0,0.6347572537982525,0.0,5.482265880913321e-05,False,False,False
2637,1773733606.8079703,1773733606807972766,-0.42,8.409937492055881e-20,0.8749994277780444,-0.4465727783036994,0.006194087812067033,1.0128811569729066,0.1405555068873734,,0.0,0.6347572537982525,0.0,0.0,False,False,False
2638,1773733606.8579326,1773733606857935037,-0.42,8.409937492055881e-20,0.8749994277780444,-0.4465424498514448,0.006211575814827397,1.0128390609706681,0.1405092516416512,,0.0,0.6347099014948939,0.0,5.475142611081029e-05,False,False,False
2639,1773733606.9079747,1773733606907976998,-0.42,8.409937492055881e-20,0.8749994277780444,-0.4465424498514448,0.006211575814827397,1.0128390609706681,0.1405092516416512,,0.0,0.6347099014948939,0.0,0.0,False,False,False
2640,1773733606.9579508,1773733606957953108,-0.42,8.409937492055881e-20,0.8749994277780444,-0.4465424498514448,0.006211575814827397,1.0128390609706681,0.1405092516416512,,0.0,0.6347099014948939,0.0,0.0,False,False,False
2641,1773733607.0079472,1773733607007950249,-0.42,8.409937492055881e-20,0.8749994277780444,-0.4465120765955255,0.006229093689765382,1.0127968899882391,0.1404629218163033,,0.0,0.634662472886558,0.0,5.484343512680714e-05,False,False,False
2642,1773733607.0579674,1773733607057970350,-0.42,8.409937492055881e-20,0.8749994277780444,-0.4465120765955255,0.006229093689765382,1.0127968899882391,0.1404629218163033,,0.0,0.634662472886558,0.0,0.0,False,False,False
2643,1773733607.1085637,1773733607108568056,-0.42,8.409937492055881e-20,0.8749994277780444,-0.4464817331119624,0.006246598335505525,1.0127547476225918,0.14041663122597656,,0.0,0.6346150845070423,0.0,5.480071714485035e-05,False,False,False
2644,1773733607.158047,1773733607158050011,-0.42,8.409937492055881e-20,0.8749994277780444,-0.4464817331119624,0.006246598335505525,1.0127547476225918,0.14041663122597656,,0.0,0.6346150845070423,0.0,0.0,False,False,False
2645,1773733607.2079606,1773733607207964042,-0.42,8.409937492055881e-20,0.8749994277780444,-0.44645140625877955,0.006264097655838213,1.012712615573561,0.14037035978194298,,0.0,0.6345677156014836,0.0,5.4781874663101796e-05,False,False,False
2646,1773733607.2580802,1773733607258084502,-0.42,8.409937492055881e-20,0.8749994277780444,-0.44645140625877955,0.006264097655838213,1.012712615573561,0.14037035978194298,,0.0,0.6345677156014836,0.0,0.0,False,False,False
2647,1773733607.307962,1773733607307964654,-0.42,8.409937492055881e-20,0.8749994277780444,-0.44645140625877955,0.006264097655838213,1.012712615573561,0.14037035978194298,,0.0,0.6345677156014836,0.0,0.0,False,False,False
2648,1773733607.358087,1773733607358091024,-0.42,8.409937492055881e-20,0.8749994277780444,-0.4464210898636327,0.006281594910918918,1.0126704854139508,0.14032409819698147,,0.0,0.6345203567827399,0.0,5.477397282329887e-05,False,False,False
2649,1773733607.4080136,1773733607408016455,-0.42,8.409937492055881e-20,0.8749994277780444,-0.4464210898636327,0.006281594910918918,1.0126704854139508,0.14032409819698147,,0.0,0.6345203567827399,0.0,0.0,False,False,False
2650,1773733607.4581451,1773733607458149885,-0.42,8.409937492055881e-20,0.8749994277780444,-0.4463907808847838,0.00629909218580392,1.0126283528455495,0.14027784177592292,,0.0,0.6344730030566763,0.0,5.477172762795911e-05,False,False,False
2651,1773733607.5079956,1773733607507998387,-0.42,8.409937492055881e-20,0.8749994277780444,-0.4463907808847838,0.00629909218580392,1.0126283528455495,0.14027784177592292,,0.0,0.6344730030566763,0.0,0.0,False,False,False
2652,1773733607.5582578,1773733607558260766,-0.42,8.409937492055881e-20,0.8749994277780444,-0.44636052203258225,0.006316563233046225,1.0125862777660468,0.14023165613558305,,0.0,0.634425722393053,0.0,5.4691388201954525e-05,False,False,False
2653,1773733607.6079936,1773733607607997399,-0.42,8.409937492055881e-20,0.8749994277780444,-0.44636052203258225,0.006316563233046225,1.0125862777660468,0.14023165613558305,,0.0,0.634425722393053,0.0,0.0,False,False,False
2654,1773733607.6579492,1773733607657951500,-0.42,8.409937492055881e-20,0.8749994277780444,-0.4463302439193329,0.006334050350572086,1.0125441627675529,0.14018543455733648,,0.0,0.6343784045543747,0.0,5.4737889249110756e-05,False,False,False
2655,1773733607.707953,1773733607707955361,-0.42,8.409937492055881e-20,0.8749994277780444,-0.4463302439193329,0.006334050350572086,1.0125441627675529,0.14018543455733648,,0.0,0.6343784045543747,0.0,0.0,False,False,False
2656,1773733607.7580621,1773733607758064461,-0.42,8.409937492055881e-20,0.8749994277780444,-0.4463001856766524,0.006351414632139514,1.0125023411217229,0.14013954264394796,,0.0,0.6343314240102459,0.0,5.43513227743513e-05,False,False,False
2657,1773733607.807927,1773733607807929113,-0.42,8.409937492055881e-20,0.8749994277780444,-0.4463001856766524,0.006351414632139514,1.0125023411217229,0.14013954264394796,,0.0,0.6343314240102459,0.0,0.0,False,False,False
2658,1773733607.8580337,1773733607858037123,-0.42,8.409937492055881e-20,0.8749994277780444,-0.4463001856766524,0.006351414632139514,1.0125023411217229,0.14013954264394796,,0.0,0.6343314240102459,0.0,0.0,False,False,False
2659,1773733607.9096997,1773733607909702402,-0.42,8.409937492055881e-20,0.8749994277780444,-0.44627090894445354,0.006368331940633775,1.0124615948254483,0.14009483815559456,,0.0,0.6342856585446193,0.0,5.2948871895745864e-05,False,False,False
2660,1773733607.9580278,1773733607958030894,-0.42,8.409937492055881e-20,0.8749994277780444,-0.44627090894445354,0.006368331940633775,1.0124615948254483,0.14009483815559456,,0.0,0.6342856585446193,0.0,0.0,False,False,False
2661,1773733608.0080793,1773733608008082705,-0.42,8.409937492055881e-20,0.8749994277780444,-0.44624274993560425,0.006384607307378399,1.012422393021721,0.14005183508621677,,0.0,0.634241634536458,0.0,5.093720406059475e-05,False,False,False
2662,1773733608.057993,1773733608057995907,-0.42,8.409937492055881e-20,0.8749994277780444,-0.44624274993560425,0.006384607307378399,1.012422393021721,0.14005183508621677,,0.0,0.634241634536458,0.0,0.0,False,False,False
2663,1773733608.1080782,1773733608108083007,-0.42,8.409937492055881e-20,0.8749994277780444,-0.44624274993560425,0.006384607307378399,1.012422393021721,0.14005183508621677,,0.0,0.634241634536458,0.0,0.0,False,False,False
2664,1773733608.1580203,1773733608158024568,-0.42,8.409937492055881e-20,0.8749994277780444,-0.44621563095918915,0.006400286160237778,1.0123846285117253,0.1400104151488564,,0.0,0.6341992304297394,0.0,4.906550238215793e-05,False,False,False
2665,1773733608.2084663,1773733608208470596,-0.42,8.409937492055881e-20,0.8749994277780444,-0.44621563095918915,0.006400286160237778,1.0123846285117253,0.1400104151488564,,0.0,0.6341992304297394,0.0,0.0,False,False,False
2666,1773733608.2580109,1773733608258013860,-0.42,8.409937492055881e-20,0.8749994277780444,-0.44618975198971816,0.00641525119733617,1.0123485815138724,0.13997088479093067,,0.0,0.6341587605628395,0.0,4.683011264604182e-05,False,False,False
2667,1773733608.3079696,1773733608307972032,-0.42,8.409937492055881e-20,0.8749994277780444,-0.44618975198971816,0.00641525119733617,1.0123485815138724,0.13997088479093067,,0.0,0.6341587605628395,0.0,0.0,False,False,False
2668,1773733608.3579786,1773733608357980783,-0.42,8.409937492055881e-20,0.8749994277780444,-0.44616513510769157,0.006429490318728087,1.0123142837061847,0.1399332780275239,,0.0,0.6341202592549805,0.0,4.4554271073694755e-05,False,False,False
2669,1773733608.4080377,1773733608408039673,-0.42,8.409937492055881e-20,0.8749994277780444,-0.44616513510769157,0.006429490318728087,1.0123142837061847,0.1399332780275239,,0.0,0.6341202592549805,0.0,0.0,False,False,False
2670,1773733608.457966,1773733608457968535,-0.42,8.409937492055881e-20,0.8749994277780444,-0.44614181848467127,0.006442980152323674,1.01228178992229,0.13989765410053356,,0.0,0.634083787562267,0.0,4.220765939142262e-05,False,False,False
2671,1773733608.5079532,1773733608507955416,-0.42,8.409937492055881e-20,0.8749994277780444,-0.44614181848467127,0.006442980152323674,1.01228178992229,0.13989765410053356,,0.0,0.634083787562267,0.0,0.0,False,False,False
2672,1773733608.5580099,1773733608558012556,-0.42,8.409937492055881e-20,0.8749994277780444,-0.44614181848467127,0.006442980152323674,1.01228178992229,0.13989765410053356,,0.0,0.634083787562267,0.0,0.0,False,False,False
2673,1773733608.607962,1773733608607963748,-0.42,8.409937492055881e-20,0.8749994277780444,-0.44611974865449794,0.0064557522599718985,1.0122510264935487,0.13986393157986837,,0.0,0.6340492616476497,0.0,3.995738587018927e-05,False,False,False
2674,1773733608.6580424,1773733608658044498,-0.42,8.409937492055881e-20,0.8749994277780444,-0.44611974865449794,0.0064557522599718985,1.0122510264935487,0.13986393157986837,,0.0,0.6340492616476497,0.0,0.0,False,False,False
2675,1773733608.7079597,1773733608707961810,-0.42,8.409937492055881e-20,0.8749994277780444,-0.44609891743820174,0.006467811425954094,1.0122219831228585,0.13983209850191172,,0.0,0.6340166689978834,0.0,3.772108743944252e-05,False,False,False
2676,1773733608.7595105,1773733608759513720,-0.42,8.409937492055881e-20,0.8749994277780444,-0.44609891743820174,0.006467811425954094,1.0122219831228585,0.13983209850191172,,0.0,0.6340166689978834,0.0,0.0,False,False,False
2677,1773733608.810057,1773733608810061177,-0.42,8.409937492055881e-20,0.8749994277780444,-0.44609891743820174,0.006467811425954094,1.0122219831228585,0.13983209850191172,,0.0,0.6340166689978834,0.0,0.0,False,False,False
2678,1773733608.8580363,1773733608858039122,-0.42,8.409937492055881e-20,0.8749994277780444,-0.4460793674432705,0.006479131404934174,1.0121947207400752,0.1398022208727064,,0.0,0.6339860777922964,0.0,3.540595629189442e-05,False,False,False
2679,1773733608.9080038,1773733608908006833,-0.42,8.409937492055881e-20,0.8749994277780444,-0.4460793674432705,0.006479131404934174,1.0121947207400752,0.1398022208727064,,0.0,0.6339860777922964,0.0,0.0,False,False,False
2680,1773733608.958312,1773733608958316742,-0.42,8.409937492055881e-20,0.8749994277780444,-0.44606110007080446,0.00648971033055353,1.0121692424396977,0.1397743013983161,,0.0,0.6339574912523009,0.0,3.308707231225864e-05,False,False,False
2681,1773733609.008023,1773733609008025155,-0.42,8.409937492055881e-20,0.8749994277780444,-0.44606110007080446,0.00648971033055353,1.0121692424396977,0.1397743013983161,,0.0,0.6339574912523009,0.0,0.0,False,False,False
2682,1773733609.058084,1773733609058089126,-0.42,8.409937492055881e-20,0.8749994277780444,-0.4460441030551666,0.006499555971178612,1.0121455317091228,0.13974832147558977,,0.0,0.6339308898842589,0.0,3.079015953691909e-05,False,False,False
2683,1773733609.108077,1773733609108080747,-0.42,8.409937492055881e-20,0.8749994277780444,-0.4460441030551666,0.006499555971178612,1.0121455317091228,0.13974832147558977,,0.0,0.6339308898842589,0.0,0.0,False,False,False
2684,1773733609.1580453,1773733609158048848,-0.42,8.409937492055881e-20,0.8749994277780444,-0.4460441030551666,0.006499555971178612,1.0121455317091228,0.13974832147558977,,0.0,0.6339308898842589,0.0,0.0,False,False,False
2685,1773733609.2079682,1773733609207971740,-0.42,8.409937492055881e-20,0.8749994277780444,-0.44602838298462766,0.006508665502185365,1.0121235982928827,0.1397242913268707,,0.0,0.6339062834771045,0.0,2.8481202939404895e-05,False,False,False
2686,1773733609.258791,1773733609258793145,-0.42,8.409937492055881e-20,0.8749994277780444,-0.44602838298462766,0.006508665502185365,1.0121235982928827,0.1397242913268707,,0.0,0.6339062834771045,0.0,0.0,False,False,False
2687,1773733609.3080351,1773733609308038162,-0.42,8.409937492055881e-20,0.8749994277780444,-0.44601393213076057,0.006517041920247808,1.0121034327217333,0.1397021999536627,,0.0,0.6338836613277633,0.0,2.61847630660447e-05,False,False,False
2688,1773733609.3580265,1773733609358029653,-0.42,8.409937492055881e-20,0.8749994277780444,-0.44601393213076057,0.006517041920247808,1.0121034327217333,0.1397021999536627,,0.0,0.6338836613277633,0.0,0.0,False,False,False
2689,1773733609.4079282,1773733609407931165,-0.42,8.409937492055881e-20,0.8749994277780444,-0.44600075450973625,0.006524682482242012,1.0120850413808244,0.13968205387028199,,0.0,0.6338630302216616,0.0,2.388031205562154e-05,False,False,False
2690,1773733609.4580224,1773733609458024455,-0.42,8.409937492055881e-20,0.8749994277780444,-0.44600075450973625,0.006524682482242012,1.0120850413808244,0.13968205387028199,,0.0,0.6338630302216616,0.0,0.0,False,False,False
2691,1773733609.5079741,1773733609507976337,-0.42,8.409937492055881e-20,0.8749994277780444,-0.44598884809554096,0.006531588620614535,1.0120684220021037,0.13966385020053412,,0.0,0.6338443869662584,0.0,2.1579184305131213e-05,False,False,False
2692,1773733609.558085,1773733609558088647,-0.42,8.409937492055881e-20,0.8749994277780444,-0.44598884809554096,0.006531588620614535,1.0120684220021037,0.13966385020053412,,0.0,0.6338443869662584,0.0,0.0,False,False,False
2693,1773733609.6079903,1773733609607992619,-0.42,8.409937492055881e-20,0.8749994277780444,-0.44597821081851113,0.00653776136009406,1.0120535723325057,0.13964758608901096,,0.0,0.6338277286196281,0.0,1.928126195196311e-05,False,False,False
2694,1773733609.657983,1773733609657986030,-0.42,8.409937492055881e-20,0.8749994277780444,-0.44597821081851113,0.00653776136009406,1.0120535723325057,0.13964758608901096,,0.0,0.6338277286196281,0.0,0.0,False,False,False
2695,1773733609.70802,1773733609708022621,-0.42,8.409937492055881e-20,0.8749994277780444,-0.44597821081851113,0.00653776136009406,1.0120535723325057,0.13964758608901096,,0.0,0.6338277286196281,0.0,0.0,False,False,False
2696,1773733609.7579072,1773733609757910673,-0.42,8.409937492055881e-20,0.8749994277780444,-0.445968847243545,0.006543197863757099,1.0120404992869223,0.13963326876408874,,0.0,0.6338130626078015,0.0,1.6974587743151772e-05,False,False,False
2697,1773733609.8079495,1773733609807952224,-0.42,8.409937492055881e-20,0.8749994277780444,-0.445968847243545,0.006543197863757099,1.0120404992869223,0.13963326876408874,,0.0,0.6338130626078015,0.0,0.0,False,False,False
2698,1773733609.858079,1773733609858083074,-0.42,8.409937492055881e-20,0.8749994277780444,-0.4459607566634549,0.006547897901692223,1.0120292025221609,0.13962089750425402,,0.0,0.6338003884418806,0.0,1.4668494703299305e-05,False,False,False
2699,1773733609.9080243,1773733609908026905,-0.42,8.409937492055881e-20,0.8749994277780444,-0.4459607566634549,0.006547897901692223,1.0120292025221609,0.13962089750425402,,0.0,0.6338003884418806,0.0,0.0,False,False,False
2700,1773733609.957979,1773733609957981677,-0.42,8.409937492055881e-20,0.8749994277780444,-0.4459607566634549,0.006547897901692223,1.0120292025221609,0.13962089750425402,,0.0,0.6338003884418806,0.0,0.0,False,False,False
2701,1773733610.0080028,1773733610008006118,-0.42,8.409937492055881e-20,0.8749994277780444,-0.445953939075905,0.00655186111718827,1.0120196824931715,0.139610472529295,,0.0,0.633789706487315,0.0,1.2361938724432241e-05,False,False,False
2702,1773733610.0580134,1773733610058015839,-0.42,8.409937492055881e-20,0.8749994277780444,-0.445953939075905,0.00655186111718827,1.0120196824931715,0.139610472529295,,0.0,0.633789706487315,0.0,0.0,False,False,False
2703,1773733610.1080277,1773733610108029960,-0.42,8.409937492055881e-20,0.8749994277780444,-0.44594837653997105,0.006555098985088171,1.012011914138886,0.13960196627033664,,0.0,0.6337809879122281,0.0,1.0088256680959272e-05,False,False,False
2704,1773733610.1580386,1773733610158041921,-0.42,8.409937492055881e-20,0.8749994277780444,-0.44594837653997105,0.006555098985088171,1.012011914138886,0.13960196627033664,,0.0,0.6337809879122281,0.0,0.0,False,False,False
2705,1773733610.208206,1773733610208210572,-0.42,8.409937492055881e-20,0.8749994277780444,-0.44594409343556807,0.00655759718557424,1.012005931970811,0.139595416315022,,0.0,0.6337742711629518,0.0,7.769962926025334e-06,False,False,False
2706,1773733610.2581453,1773733610258149733,-0.42,8.409937492055881e-20,0.8749994277780444,-0.44594409343556807,0.00655759718557424,1.012005931970811,0.139595416315022,,0.0,0.6337742711629518,0.0,0.0,False,False,False
2707,1773733610.3079367,1773733610307940326,-0.42,8.409937492055881e-20,0.8749994277780444,-0.4459410750113244,0.006559363836500581,1.0120017156820649,0.13959080026140283,,0.0,0.6337695335165104,0.0,5.478049945106986e-06,False,False,False
2708,1773733610.3604372,1773733610360440559,-0.42,8.409937492055881e-20,0.8749994277780444,-0.4459410750113244,0.006559363836500581,1.0120017156820649,0.13959080026140283,,0.0,0.6337695335165104,0.0,0.0,False,False,False
2709,1773733610.4080935,1773733610408097867,-0.42,8.409937492055881e-20,0.8749994277780444,-0.4459410750113244,0.006559363836500581,1.0120017156820649,0.13959080026140283,,0.0,0.6337695335165104,0.0,0.0,False,False,False
2710,1773733610.4580202,1773733610458022360,-0.42,8.409937492055881e-20,0.8749994277780444,-0.4459393136394406,0.006560402338567651,1.0119992550740566,0.13958810676438854,,0.0,0.6337667638564548,0.0,3.1992982396950893e-06,False,False,False
2711,1773733610.5094314,1773733610509435550,-0.42,8.409937492055881e-20,0.8749994277780444,-0.4459393136394406,0.006560402338567651,1.0119992550740566,0.13958810676438854,,0.0,0.6337667638564548,0.0,0.0,False,False,False
2712,1773733610.558039,1773733610558041722,-0.42,8.409937492055881e-20,0.8749994277780444,-0.44593845964511447,0.006560915833063138,1.0119980615004285,0.1395868007625711,,0.0,0.6337654142518708,0.0,1.5548636312583879e-06,False,False,False
2713,1773733610.6079674,1773733610607969814,-0.42,8.409937492055881e-20,0.8749994277780444,-0.44593845964511447,0.006560915833063138,1.0119980615004285,0.1395868007625711,,0.0,0.6337654142518708,0.0,0.0,False,False,False
2714,1773733610.6579359,1773733610657938945,-0.42,8.409937492055881e-20,0.8749994277780444,-0.44593845964511447,0.006560915833063138,1.0119980615004285,0.1395868007625711,,0.0,0.6337654142518708,0.0,0.0,False,False,False
2715,1773733610.7080314,1773733610708034216,-0.42,8.409937492055881e-20,0.8749994277780444,-0.4459380510952423,0.006561171848141671,1.0119974899124977,0.1395861758887168,,0.0,0.633764761597594,0.0,7.477763576562166e-07,False,False,False
2716,1773733610.7579093,1773733610757911558,-0.42,8.409937492055881e-20,0.8749994277780444,-0.4459378556819901,0.006561304366693698,1.0119972160617272,0.13958587703271746,,0.0,0.6337644426645368,0.0,3.615822869960728e-07,False,False,False
2717,1773733610.8079605,1773733610807963129,-0.42,8.409937492055881e-20,0.8749994277780444,-0.4459378556819901,0.006561304366693698,1.0119972160617272,0.13958587703271746,,0.0,0.6337644426645368,0.0,0.0,False,False,False
2718,1773733610.857973,1773733610857976110,-0.42,8.409937492055881e-20,0.8749994277780444,-0.4459378556819901,0.006561304366693698,1.0119972160617272,0.13958587703271746,,0.0,0.6337644426645368,0.0,0.0,False,False,False
2719,1773733610.908069,1773733610908071961,-0.42,8.409937492055881e-20,0.8749994277780444,-0.44593776213160413,0.006561378074261144,1.011997084389385,0.13958573388290038,,0.0,0.6337642830416527,0.0,1.7754460257366416e-07,False,False,False
2720,1773733610.958055,1773733610958058082,-0.42,8.409937492055881e-20,0.8749994277780444,-0.44593776213160413,0.006561378074261144,1.011997084389385,0.13958573388290038,,0.0,0.6337642830416527,0.0,0.0,False,False,False
2721,1773733611.0079741,1773733611007977034,-0.42,8.409937492055881e-20,0.8749994277780444,-0.44593771736539806,0.006561423578915938,1.011997020897554,0.1395856653888497,,0.0,0.633764199773748,0.0,9.00327686681835e-08,False,False,False
2722,1773733611.0581615,1773733611058164804,-0.42,8.409937492055881e-20,0.8749994277780444,-0.44593771736539806,0.006561423578915938,1.011997020897554,0.1395856653888497,,0.0,0.633764199773748,0.0,0.0,False,False,False
2723,1773733611.1101174,1773733611110120541,-0.42,8.409937492055881e-20,0.8749994277780444,-0.44593771736539806,0.006561423578915938,1.011997020897554,0.1395856653888497,,0.0,0.633764199773748,0.0,0.0,False,False,False
2724,1773733611.1580245,1773733611158027257,-0.42,8.409937492055881e-20,0.8749994277780444,-0.44593769605559386,0.006561454694280882,1.0119969903926338,0.13958563295237736,,0.0,0.6337641538395717,0.0,4.850591555365824e-08,False,False,False
2725,1773733611.2079694,1773733611207972079,-0.42,8.409937492055881e-20,0.8749994277780444,-0.44593769605559386,0.006561454694280882,1.0119969903926338,0.13958563295237736,,0.0,0.6337641538395717,0.0,0.0,False,False,False
2726,1773733611.257971,1773733611257973369,-0.42,8.409937492055881e-20,0.8749994277780444,-0.44593768571603454,0.006561480054827927,1.0119969749349993,0.13958561705217257,,0.0,0.6337641245822058,0.0,3.1448406920360155e-08,False,False,False
2727,1773733611.3089998,1773733611309002413,-0.42,8.409937492055881e-20,0.8749994277780444,-0.44593768571603454,0.006561480054827927,1.0119969749349993,0.13958561705217257,,0.0,0.6337641245822058,0.0,0.0,False,False,False
2728,1773733611.3579552,1773733611357957523,-0.42,8.409937492055881e-20,0.8749994277780444,-0.44593768076804513,0.006561501784624826,1.0119969671084514,0.13958560947275717,,0.0,0.6337641041365308,0.0,2.3620362481861885e-08,False,False,False
2729,1773733611.408004,1773733611408007335,-0.42,8.409937492055881e-20,0.8749994277780444,-0.44593768076804513,0.006561501784624826,1.0119969671084514,0.13958560947275717,,0.0,0.6337641041365308,0.0,0.0,False,False,False
2730,1773733611.4580986,1773733611458101395,-0.42,8.409937492055881e-20,0.8749994277780444,-0.44593767833285214,0.006561522400570416,1.0119969627238663,0.139585605686057,,0.0,0.6337640873752163,0.0,2.121725628593201e-08,False,False,False
2731,1773733611.5080113,1773733611508013798,-0.42,8.409937492055881e-20,0.8749994277780444,-0.44593767833285214,0.006561522400570416,1.0119969627238663,0.139585605686057,,0.0,0.6337640873752163,0.0,0.0,False,False,False
2732,1773733611.5579348,1773733611557937149,-0.42,8.409937492055881e-20,0.8749994277780444,-0.44593767833285214,0.006561522400570416,1.0119969627238663,0.139585605686057,,0.0,0.6337640873752163,0.0,0.0,False,False,False
2733,1773733611.6079645,1773733611607968051,-0.42,8.409937492055881e-20,0.8749994277780444,-0.44593767723828975,0.00656154178202841,1.0119969603959826,0.1395856041090128,,0.0,0.6337640730830101,0.0,1.9551419977646733e-08,False,False,False
2734,1773733611.6579783,1773733611657982382,-0.42,8.409937492055881e-20,0.8749994277780444,-0.44593767723828975,0.00656154178202841,1.0119969603959826,0.1395856041090128,,0.0,0.6337640730830101,0.0,0.0,False,False,False
2735,1773733611.7100399,1773733611710042679,-0.42,8.409937492055881e-20,0.8749994277780444,-0.4459376765414247,0.006561561523842808,1.0119969583440283,0.13958560289362376,,0.0,0.6337640589197568,0.0,1.98603971123376e-08,False,False,False
2736,1773733611.758017,1773733611758019425,-0.42,8.409937492055881e-20,0.8749994277780444,-0.4459376765414247,0.006561561523842808,1.0119969583440283,0.13958560289362376,,0.0,0.6337640589197568,0.0,0.0,False,False,False
2737,1773733611.807953,1773733611807955167,-0.42,8.409937492055881e-20,0.8749994277780444,-0.4459376761739275,0.00656158093049789,1.0119969568268952,0.13958560224859048,,0.0,0.633764045395278,0.0,1.9469335079700458e-08,False,False,False
2738,1773733611.8580108,1773733611858013717,-0.42,8.409937492055881e-20,0.8749994277780444,-0.4459376761739275,0.00656158093049789,1.0119969568268952,0.13958560224859048,,0.0,0.633764045395278,0.0,0.0,False,False,False
2739,1773733611.9080973,1773733611908101178,-0.42,8.409937492055881e-20,0.8749994277780444,-0.4459376761739275,0.00656158093049789,1.0119969568268952,0.13958560224859048,,0.0,0.633764045395278,0.0,0.0,False,False,False
2740,1773733611.9580076,1773733611958010341,-0.42,8.409937492055881e-20,0.8749994277780444,-0.44593767588993394,0.006561600805685427,1.0119969553353123,0.13958560166617764,,0.0,0.6337640316282955,0.0,1.9933101901235538e-08,False,False,False
2741,1773733612.0104127,1773733612010416215,-0.42,8.409937492055881e-20,0.8749994277780444,-0.44593767588993394,0.006561600805685427,1.0119969553353123,0.13958560166617764,,0.0,0.6337640316282955,0.0,0.0,False,False,False
2742,1773733612.0581186,1773733612058123563,-0.42,8.409937492055881e-20,0.8749994277780444,-0.4459376758118232,0.006561620120965254,1.011996954344293,0.1395856015869871,,0.0,0.6337640185536026,0.0,1.9340844223257775e-08,False,False,False
2743,1773733612.108079,1773733612108081995,-0.42,8.409937492055881e-20,0.8749994277780444,-0.4459376758118232,0.006561620120965254,1.011996954344293,0.1395856015869871,,0.0,0.6337640185536026,0.0,0.0,False,False,False
2744,1773733612.1579676,1773733612157969987,-0.42,8.409937492055881e-20,0.8749994277780444,-0.4459376755754569,0.006561640302047004,1.0119969528407027,0.1395856010160245,,0.0,0.6337640046128263,0.0,2.023839701218464e-08,False,False,False
2745,1773733612.2080002,1773733612208003849,-0.42,8.409937492055881e-20,0.8749994277780444,-0.4459376755754569,0.006561640302047004,1.0119969528407027,0.1395856010160245,,0.0,0.6337640046128263,0.0,0.0,False,False,False
2746,1773733612.257923,1773733612257925750,-0.42,8.409937492055881e-20,0.8749994277780444,-0.4459376755720437,0.006561659412455156,1.0119969520014225,0.13958560109001472,,0.0,0.6337639917790091,0.0,1.912882909727733e-08,False,False,False
2747,1773733612.3079584,1773733612307960532,-0.42,8.409937492055881e-20,0.8749994277780444,-0.4459376755720437,0.006561659412455156,1.0119969520014225,0.13958560109001472,,0.0,0.6337639917790091,0.0,0.0,False,False,False
2748,1773733612.3580368,1773733612358038893,-0.42,8.409937492055881e-20,0.8749994277780444,-0.4459376755720437,0.006561659412455156,1.0119969520014225,0.13958560109001472,,0.0,0.6337639917790091,0.0,0.0,False,False,False
2749,1773733612.40964,1773733612409642433,-0.42,8.409937492055881e-20,0.8749994277780444,-0.44593767554166897,0.006561678510387732,1.0119969510794835,0.13958560107728493,,0.0,0.6337639789041548,0.0,1.912019672371993e-08,False,False,False
2750,1773733612.4580634,1773733612458066286,-0.42,8.409937492055881e-20,0.8749994277780444,-0.44593767554166897,0.006561678510387732,1.0119969510794835,0.13958560107728493,,0.0,0.6337639789041548,0.0,0.0,False,False,False
2751,1773733612.50803,1773733612508033468,-0.42,8.409937492055881e-20,0.8749994277780444,-0.4459376754224955,0.006561697955652255,1.0119969498948747,0.1395856008065851,,0.0,0.6337639656435283,0.0,1.9481678902065973e-08,False,False,False
2752,1773733612.5580883,1773733612558093549,-0.42,8.409937492055881e-20,0.8749994277780444,-0.4459376754224955,0.006561697955652255,1.0119969498948747,0.1395856008065851,,0.0,0.6337639656435283,0.0,0.0,False,False,False
2753,1773733612.6079729,1773733612607975132,-0.42,8.409937492055881e-20,0.8749994277780444,-0.44593767541516643,0.0065617170552222225,1.011996949029115,0.13958560085335756,,0.0,0.6337639528041228,0.0,1.911918320650705e-08,False,False,False
2754,1773733612.6613493,1773733612661351709,-0.42,8.409937492055881e-20,0.8749994277780444,-0.44593767541516643,0.0065617170552222225,1.011996949029115,0.13958560085335756,,0.0,0.6337639528041228,0.0,0.0,False,False,False
2755,1773733612.7079632,1773733612707965285,-0.42,8.409937492055881e-20,0.8749994277780444,-0.44593767541516643,0.0065617170552222225,1.011996949029115,0.13958560085335756,,0.0,0.6337639528041228,0.0,0.0,False,False,False
2756,1773733612.7580914,1773733612758094065,-0.42,8.409937492055881e-20,0.8749994277780444,-0.4459376754059986,0.006561735781552369,1.0119969481738535,0.13958560089254904,,0.0,0.6337639402118737,0.0,1.874585279169821e-08,False,False,False
2757,1773733612.8080542,1773733612808058177,-0.42,8.409937492055881e-20,0.8749994277780444,-0.4459376754059986,0.006561735781552369,1.0119969481738535,0.13958560089254904,,0.0,0.6337639402118737,0.0,0.0,False,False,False
2758,1773733612.8580208,1773733612858023169,-0.42,8.409937492055881e-20,0.8749994277780444,-0.4459376752316899,0.006561755396938039,1.0119969468272738,0.1395856004606415,,0.0,0.6337639267419614,0.0,1.9662324773075816e-08,False,False,False
2759,1773733612.9080315,1773733612908034351,-0.42,8.409937492055881e-20,0.8749994277780444,-0.4459376752316899,0.006561755396938039,1.0119969468272738,0.1395856004606415,,0.0,0.6337639267419614,0.0,0.0,False,False,False
2760,1773733612.9579978,1773733612958000592,-0.42,8.409937492055881e-20,0.8749994277780444,-0.4459376751054366,0.0065617750241151445,1.0119969456112734,0.13958560016637886,,0.0,0.6337639133456219,0.0,1.966521492506891e-08,False,False,False
2761,1773733613.0080564,1773733613008060624,-0.42,8.409937492055881e-20,0.8749994277780444,-0.4459376751054366,0.0065617750241151445,1.0119969456112734,0.13958560016637886,,0.0,0.6337639133456219,0.0,0.0,False,False,False
2762,1773733613.0579717,1773733613057975186,-0.42,8.409937492055881e-20,0.8749994277780444,-0.44593767507362114,0.006561794116453001,1.0119969446770336,0.13958560014106147,,0.0,0.6337639004687863,0.0,1.911520810891814e-08,False,False,False
2763,1773733613.1083102,1773733613108313575,-0.42,8.409937492055881e-20,0.8749994277780444,-0.44593767507362114,0.006561794116453001,1.0119969446770336,0.13958560014106147,,0.0,0.6337639004687863,0.0,0.0,False,False,False
2764,1773733613.1603818,1773733613160384312,-0.42,8.409937492055881e-20,0.8749994277780444,-0.44593767507362114,0.006561794116453001,1.0119969446770336,0.13958560014106147,,0.0,0.6337639004687863,0.0,0.0,False,False,False
2765,1773733613.2080374,1773733613208041331,-0.42,8.409937492055881e-20,0.8749994277780444,-0.44593767511773535,0.00656181266939714,1.0119969439742178,0.13958560033163248,,0.0,0.63376388808311,0.0,1.856630368051917e-08,False,False,False
2766,1773733613.2580078,1773733613258010103,-0.42,8.409937492055881e-20,0.8749994277780444,-0.44593767511773535,0.00656181266939714,1.0119969439742178,0.13958560033163248,,0.0,0.63376388808311,0.0,0.0,False,False,False
2767,1773733613.3080473,1773733613308049914,-0.42,8.409937492055881e-20,0.8749994277780444,-0.4459376749341717,0.006561832282231913,1.0119969426020563,0.13958559987278868,,0.0,0.6337638745990469,0.0,1.9661632959103995e-08,False,False,False
2768,1773733613.3579795,1773733613357982136,-0.42,8.409937492055881e-20,0.8749994277780444,-0.4459376749341717,0.006561832282231913,1.0119969426020563,0.13958559987278868,,0.0,0.6337638745990469,0.0,0.0,False,False,False
2769,1773733613.4080043,1773733613408006818,-0.42,8.409937492055881e-20,0.8749994277780444,-0.4459376748743946,0.006561851553652553,1.0119969415833545,0.13958559976780596,,0.0,0.633763861554431,0.0,1.9298419109146353e-08,False,False,False
2770,1773733613.4610431,1773733613461047558,-0.42,8.409937492055881e-20,0.8749994277780444,-0.4459376748743946,0.006561851553652553,1.0119969415833545,0.13958559976780596,,0.0,0.633763861554431,0.0,0.0,False,False,False
2771,1773733613.5080326,1773733613508036111,-0.42,8.409937492055881e-20,0.8749994277780444,-0.4459376746914285,0.006561871352700614,1.0119969402045235,0.13958559931128658,,0.0,0.6337638479463034,0.0,1.9847845116895858e-08,False,False,False
2772,1773733613.5607643,1773733613560767193,-0.42,8.409937492055881e-20,0.8749994277780444,-0.4459376746914285,0.006561871352700614,1.0119969402045235,0.13958559931128658,,0.0,0.6337638479463034,0.0,0.0,False,False,False
2773,1773733613.6079738,1773733613607976375,-0.42,8.409937492055881e-20,0.8749994277780444,-0.4459376746914285,0.006561871352700614,1.0119969402045235,0.13958559931128658,,0.0,0.6337638479463034,0.0,0.0,False,False,False
2774,1773733613.658062,1773733613658065576,-0.42,8.409937492055881e-20,0.8749994277780444,-0.4459376746372279,0.006561890811567333,1.011996939192712,0.1395855992229198,,0.0,0.6337638347852499,0.0,1.9485230156804287e-08,False,False,False
2775,1773733613.7080142,1773733613708017698,-0.42,8.409937492055881e-20,0.8749994277780444,-0.4459376746372279,0.006561890811567333,1.011996939192712,0.1395855992229198,,0.0,0.6337638347852499,0.0,0.0,False,False,False
2776,1773733613.7581048,1773733613758108299,-0.42,8.409937492055881e-20,0.8749994277780444,-0.44593767450938404,0.0065619104382196505,1.0119969379721683,0.13958559892389702,,0.0,0.633763821386481,0.0,1.966498289021125e-08,False,False,False
2777,1773733613.808045,1773733613808048522,-0.42,8.409937492055881e-20,0.8749994277780444,-0.44593767450938404,0.0065619104382196505,1.0119969379721683,0.13958559892389702,,0.0,0.633763821386481,0.0,0.0,False,False,False
2778,1773733613.8579822,1773733613857985154,-0.42,8.409937492055881e-20,0.8749994277780444,-0.4459376745263629,0.0065619295426165,1.0119969371706183,0.13958559903846163,,0.0,0.6337638085843345,0.0,1.9121212031571907e-08,False,False,False
2779,1773733613.9080813,1773733613908084085,-0.42,8.409937492055881e-20,0.8749994277780444,-0.4459376745263629,0.0065619295426165,1.0119969371706183,0.13958559903846163,,0.0,0.6337638085843345,0.0,0.0,False,False,False
2780,1773733613.9579947,1773733613957997567,-0.42,8.409937492055881e-20,0.8749994277780444,-0.44593767458972156,0.00656194547803683,1.0119969366364838,0.13958559927513012,,0.0,0.6337637979892866,0.0,1.5944495448536556e-08,False,False,False
2781,1773733614.0080202,1773733614008024219,-0.42,8.409937492055881e-20,0.8749994277780444,-0.44593767458972156,0.00656194547803683,1.0119969366364838,0.13958559927513012,,0.0,0.6337637979892866,0.0,0.0,False,False,False
2782,1773733614.0580547,1773733614058057550,-0.42,8.409937492055881e-20,0.8749994277780444,-0.44593767430912273,0.006561965624970306,1.0119969349753273,0.13958559853974548,,0.0,0.6337637839817457,0.0,2.0217247716781145e-08,False,False,False
2783,1773733614.1080399,1773733614108043152,-0.42,8.409937492055881e-20,0.8749994277780444,-0.44593767430912273,0.006561965624970306,1.0119969349753273,0.13958559853974548,,0.0,0.6337637839817457,0.0,0.0,False,False,False
2784,1773733614.158044,1773733614158047894,-0.42,8.409937492055881e-20,0.8749994277780444,-0.4459376743745497,0.006561984369243356,1.0119969343221633,0.13958559879202534,,0.0,0.6337637715037129,0.0,1.875576380849266e-08,False,False,False
2785,1773733614.207973,1773733614207976517,-0.42,8.409937492055881e-20,0.8749994277780444,-0.4459376743745497,0.006561984369243356,1.0119969343221633,0.13958559879202534,,0.0,0.6337637715037129,0.0,0.0,False,False,False
2786,1773733614.2580457,1773733614258048718,-0.42,8.409937492055881e-20,0.8749994277780444,-0.4459376743247332,0.006562003270968701,1.0119969333470282,0.13958559871429388,,0.0,0.6337637587242805,0.0,1.8926927672438e-08,False,False,False
2787,1773733614.307926,1773733614307928601,-0.42,8.409937492055881e-20,0.8749994277780444,-0.4459376743247332,0.006562003270968701,1.0119969333470282,0.13958559871429388,,0.0,0.6337637587242805,0.0,0.0,False,False,False
2788,1773733614.3579993,1773733614358002142,-0.42,8.409937492055881e-20,0.8749994277780444,-0.44593767428709996,0.006562022175719355,1.0119969324050555,0.13958559867151857,,0.0,0.6337637459634994,0.0,1.8928241496545305e-08,False,False,False
2789,1773733614.40806,1773733614408063824,-0.42,8.409937492055881e-20,0.8749994277780444,-0.44593767428709996,0.006562022175719355,1.0119969324050555,0.13958559867151857,,0.0,0.6337637459634994,0.0,0.0,False,False,False
2790,1773733614.4600434,1773733614460046811,-0.42,8.409937492055881e-20,0.8749994277780444,-0.44593767428709996,0.006562022175719355,1.0119969324050555,0.13958559867151857,,0.0,0.6337637459634994,0.0,0.0,False,False,False
2791,1773733614.5080457,1773733614508048847,-0.42,8.409937492055881e-20,0.8749994277780444,-0.4459376741756866,0.006562041434293215,1.011996931245722,0.13958559841833895,,0.0,0.6337637328398239,0.0,1.929375894669225e-08,False,False,False
2792,1773733614.5580142,1773733614558016889,-0.42,8.409937492055881e-20,0.8749994277780444,-0.4459376741756866,0.006562041434293215,1.011996931245722,0.13958559841833895,,0.0,0.6337637328398239,0.0,0.0,False,False,False
2793,1773733614.6079664,1773733614607969282,-0.42,8.409937492055881e-20,0.8749994277780444,-0.4459376739729206,0.006562061228405252,1.0119969298129363,0.13958559790498115,,0.0,0.6337637192013782,0.0,1.9846935787178973e-08,False,False,False
2794,1773733614.6580164,1773733614658019673,-0.42,8.409937492055881e-20,0.8749994277780444,-0.4459376739729206,0.006562061228405252,1.0119969298129363,0.13958559790498115,,0.0,0.6337637192013782,0.0,0.0,False,False,False
2795,1773733614.708008,1773733614708011545,-0.42,8.409937492055881e-20,0.8749994277780444,-0.4459376738560815,0.00656208085777747,1.0119969286223105,0.1395855976375183,,0.0,0.6337637058194533,0.0,1.9665795048461676e-08,False,False,False
2796,1773733614.7596192,1773733614759621486,-0.42,8.409937492055881e-20,0.8749994277780444,-0.4459376738560815,0.00656208085777747,1.0119969286223105,0.1395855976375183,,0.0,0.6337637058194533,0.0,0.0,False,False,False
2797,1773733614.8079746,1773733614807977879,-0.42,8.409937492055881e-20,0.8749994277780444,-0.44593767380382765,0.006562100131043238,1.0119969276240104,0.1395855975540781,,0.0,0.6337636927863443,0.0,1.9299173737264596e-08,False,False,False
2798,1773733614.8582306,1773733614858235629,-0.42,8.409937492055881e-20,0.8749994277780444,-0.44593767380382765,0.006562100131043238,1.0119969276240104,0.1395855975540781,,0.0,0.6337636927863443,0.0,0.0,False,False,False
2799,1773733614.9079173,1773733614907919583,-0.42,8.409937492055881e-20,0.8749994277780444,-0.4459376737555316,0.006562119405289743,1.0119969266364806,0.1395855974819927,,0.0,0.6337636797592949,0.0,1.9299588751967904e-08,False,False,False
2800,1773733614.9579475,1773733614957949755,-0.42,8.409937492055881e-20,0.8749994277780444,-0.4459376737555316,0.006562119405289743,1.0119969266364806,0.1395855974819927,,0.0,0.6337636797592949,0.0,0.0,False,False,False
2801,1773733615.0081327,1773733615008136066,-0.42,8.409937492055881e-20,0.8749994277780444,-0.4459376737555316,0.006562119405289743,1.0119969266364806,0.1395855974819927,,0.0,0.6337636797592949,0.0,0.0,False,False,False
2802,1773733615.0581467,1773733615058150878,-0.42,8.409937492055881e-20,0.8749994277780444,-0.44593767382342614,0.006562137964099086,1.0119969259982706,0.13958559774070964,,0.0,0.6337636674100072,0.0,1.8569903764639428e-08,False,False,False
2803,1773733615.108056,1773733615108060690,-0.42,8.409937492055881e-20,0.8749994277780444,-0.44593767382342614,0.006562137964099086,1.0119969259982706,0.13958559774070964,,0.0,0.6337636674100072,0.0,0.0,False,False,False
2804,1773733615.158022,1773733615158025783,-0.42,8.409937492055881e-20,0.8749994277780444,-0.4459376736153893,0.006562154948554005,1.011996924675779,0.1395855972025484,,0.0,0.6337636556496444,0.0,1.7037135101025777e-08,False,False,False
2805,1773733615.2079685,1773733615207971825,-0.42,8.409937492055881e-20,0.8749994277780444,-0.4459376736153893,0.006562154948554005,1.011996924675779,0.1395855972025484,,0.0,0.6337636556496444,0.0,0.0,False,False,False
2806,1773733615.2580898,1773733615258093856,-0.42,8.409937492055881e-20,0.8749994277780444,-0.44593767352518004,0.006562174398470453,1.01199692356589,0.13958559701085055,,0.0,0.633763642433453,0.0,1.9481766880929945e-08,False,False,False
2807,1773733615.3100545,1773733615310057324,-0.42,8.409937492055881e-20,0.8749994277780444,-0.44593767352518004,0.006562174398470453,1.01199692356589,0.13958559701085055,,0.0,0.633763642433453,0.0,0.0,False,False,False
2808,1773733615.3579986,1773733615358003281,-0.42,8.409937492055881e-20,0.8749994277780444,-0.44593767341346474,0.006562194029114432,1.0119969223891967,0.13958559675808963,,0.0,0.6337636290593687,0.0,1.9666196142014317e-08,False,False,False
2809,1773733615.4079876,1773733615407990853,-0.42,8.409937492055881e-20,0.8749994277780444,-0.44593767341346474,0.006562194029114432,1.0119969223891967,0.13958559675808963,,0.0,0.6337636290593687,0.0,0.0,False,False,False
2810,1773733615.4580574,1773733615458059995,-0.42,8.409937492055881e-20,0.8749994277780444,-0.44593767336686674,0.006562210495439388,1.0119969215309341,0.13958559668119697,,0.0,0.6337636179210687,0.0,1.648874293523152e-08,False,False,False
2811,1773733615.5081518,1773733615508155766,-0.42,8.409937492055881e-20,0.8749994277780444,-0.44593767336686674,0.006562210495439388,1.0119969215309341,0.13958559668119697,,0.0,0.6337636179210687,0.0,0.0,False,False,False
2812,1773733615.557943,1773733615557946050,-0.42,8.409937492055881e-20,0.8749994277780444,-0.44593767340389456,0.006562229232651482,1.01199692080043,0.1395855968519946,,0.0,0.6337636053995558,0.0,1.8751483257931203e-08,False,False,False
2813,1773733615.6080432,1773733615608047321,-0.42,8.409937492055881e-20,0.8749994277780444,-0.44593767340389456,0.006562229232651482,1.01199692080043,0.1395855968519946,,0.0,0.6337636053995558,0.0,0.0,False,False,False
2814,1773733615.6580076,1773733615658010033,-0.42,8.409937492055881e-20,0.8749994277780444,-0.44593767340389456,0.006562229232651482,1.01199692080043,0.1395855968519946,,0.0,0.6337636053995558,0.0,0.0,False,False,False
2815,1773733615.7079566,1773733615707959016,-0.42,8.409937492055881e-20,0.8749994277780444,-0.44593767326433015,0.006562248670303033,1.0119969195561809,0.13958559651869032,,0.0,0.6337635921078087,0.0,1.9477934489571818e-08,False,False,False
2816,1773733615.7579503,1773733615757952458,-0.42,8.409937492055881e-20,0.8749994277780444,-0.44593767326433015,0.006562248670303033,1.0119969195561809,0.13958559651869032,,0.0,0.6337635921078087,0.0,0.0,False,False,False
2817,1773733615.8080041,1773733615808006769,-0.42,8.409937492055881e-20,0.8749994277780444,-0.44593767325622374,0.006562267396305136,1.0119969187028117,0.1395855965599923,,0.0,0.6337635795171991,0.0,1.8745438362208044e-08,False,False,False
2818,1773733615.8580623,1773733615858065391,-0.42,8.409937492055881e-20,0.8749994277780444,-0.44593767325622374,0.006562267396305136,1.0119969187028117,0.1395855965599923,,0.0,0.6337635795171991,0.0,0.0,False,False,False
2819,1773733615.9079263,1773733615907928534,-0.42,8.409937492055881e-20,0.8749994277780444,-0.4459376732750285,0.006562285942919797,1.011996917930955,0.13958559667786496,,0.0,0.633763567092757,0.0,1.8562678468154093e-08,False,False,False
2820,1773733615.9580052,1773733615958007795,-0.42,8.409937492055881e-20,0.8749994277780444,-0.4459376732750285,0.006562285942919797,1.011996917930955,0.13958559667786496,,0.0,0.633763567092757,0.0,0.0,False,False,False
2821,1773733616.0079167,1773733616007920598,-0.42,8.409937492055881e-20,0.8749994277780444,-0.44593767307040033,0.006562305550485715,1.0119969165013263,0.13958559615852437,,0.0,0.6337635535764301,0.0,1.9660680353286372e-08,False,False,False
2822,1773733616.0580719,1773733616058075249,-0.42,8.409937492055881e-20,0.8749994277780444,-0.44593767307040033,0.006562305550485715,1.0119969165013263,0.13958559615852437,,0.0,0.6337635535764301,0.0,0.0,False,False,False
2823,1773733616.1083517,1773733616108355350,-0.42,8.409937492055881e-20,0.8749994277780444,-0.44593767307040033,0.006562305550485715,1.0119969165013263,0.13958559615852437,,0.0,0.6337635535764301,0.0,0.0,False,False,False
2824,1773733616.158482,1773733616158485501,-0.42,8.409937492055881e-20,0.8749994277780444,-0.44593767290843056,0.006562325168648726,1.0119969151878174,0.13958559576157825,,0.0,0.6337635401254068,0.0,1.9662753104331582e-08,False,False,False
2825,1773733616.2099044,1773733616209910613,-0.42,8.409937492055881e-20,0.8749994277780444,-0.44593767290843056,0.006562325168648726,1.0119969151878174,0.13958559576157825,,0.0,0.6337635401254068,0.0,0.0,False,False,False
2826,1773733616.2580094,1773733616258011958,-0.42,8.409937492055881e-20,0.8749994277780444,-0.4459376729094252,0.006562344082982291,1.0119969143509524,0.13958559582963384,,0.0,0.6337635274237572,0.0,1.8932838092822188e-08,False,False,False
2827,1773733616.3079836,1773733616307986341,-0.42,8.409937492055881e-20,0.8749994277780444,-0.4459376729094252,0.006562344082982291,1.0119969143509524,0.13958559582963384,,0.0,0.6337635274237572,0.0,0.0,False,False,False
2828,1773733616.358021,1773733616358024713,-0.42,8.409937492055881e-20,0.8749994277780444,-0.4459376729977911,0.006562362274724743,1.0119969137849596,0.1395855961458058,,0.0,0.6337635153557482,0.0,1.8200759595459015e-08,False,False,False
2829,1773733616.4079561,1773733616407960065,-0.42,8.409937492055881e-20,0.8749994277780444,-0.4459376729977911,0.006562362274724743,1.0119969137849596,0.1395855961458058,,0.0,0.6337635153557482,0.0,0.0,False,False,False
2830,1773733616.4579737,1773733616457976667,-0.42,8.409937492055881e-20,0.8749994277780444,-0.44593767281546803,0.006562381701755401,1.0119969124242985,0.13958559568982187,,0.0,0.6337635019985383,0.0,1.947547587626382e-08,False,False,False
2831,1773733616.5079339,1773733616507937460,-0.42,8.409937492055881e-20,0.8749994277780444,-0.44593767281546803,0.006562381701755401,1.0119969124242985,0.13958559568982187,,0.0,0.6337635019985383,0.0,0.0,False,False,False
2832,1773733616.5580144,1773733616558017902,-0.42,8.409937492055881e-20,0.8749994277780444,-0.44593767281546803,0.006562381701755401,1.0119969124242985,0.13958559568982187,,0.0,0.6337635019985383,0.0,0.0,False,False,False
2833,1773733616.6081285,1773733616608131763,-0.42,8.409937492055881e-20,0.8749994277780444,-0.4459376725084903,0.006562402028196133,1.0119969106830116,0.1395855948793934,,0.0,0.6337634878256349,0.0,2.0403198479482476e-08,False,False,False
2834,1773733616.6580396,1773733616658043216,-0.42,8.409937492055881e-20,0.8749994277780444,-0.4459376725084903,0.006562402028196133,1.0119969106830116,0.1395855948793934,,0.0,0.6337634878256349,0.0,0.0,False,False,False
2835,1773733616.7079165,1773733616707919239,-0.42,8.409937492055881e-20,0.8749994277780444,-0.4459376726389655,0.0065624206025400155,1.0119969102151183,0.13958559531766576,,0.0,0.633763475572148,0.0,1.8580694243155357e-08,False,False,False
2836,1773733616.757975,1773733616757977221,-0.42,8.409937492055881e-20,0.8749994277780444,-0.4459376726389655,0.0065624206025400155,1.0119969102151183,0.13958559531766576,,0.0,0.633763475572148,0.0,0.0,False,False,False
2837,1773733616.8081212,1773733616808124432,-0.42,8.409937492055881e-20,0.8749994277780444,-0.44593767254413463,0.006562439679150494,1.0119969091091332,0.13958559511142712,,0.0,0.6337634625988229,0.0,1.9108879173106473e-08,False,False,False
2838,1773733616.8610501,1773733616861054113,-0.42,8.409937492055881e-20,0.8749994277780444,-0.44593767254413463,0.006562439679150494,1.0119969091091332,0.13958559511142712,,0.0,0.6337634625988229,0.0,0.0,False,False,False
2839,1773733616.908056,1773733616908059547,-0.42,8.409937492055881e-20,0.8749994277780444,-0.44593767254413463,0.006562439679150494,1.0119969091091332,0.13958559511142712,,0.0,0.6337634625988229,0.0,0.0,False,False,False
2840,1773733616.9580023,1773733616958005159,-0.42,8.409937492055881e-20,0.8749994277780444,-0.44593767256438754,0.0065624582261210995,1.0119969083411973,0.1395855952334567,,0.0,0.633763450176595,0.0,1.8562873010729848e-08,False,False,False
2841,1773733617.0081995,1773733617008203870,-0.42,8.409937492055881e-20,0.8749994277780444,-0.44593767256438754,0.0065624582261210995,1.0119969083411973,0.1395855952334567,,0.0,0.633763450176595,0.0,0.0,False,False,False
2842,1773733617.0580907,1773733617058094223,-0.42,8.409937492055881e-20,0.8749994277780444,-0.44593767248748367,0.006562477307187181,1.0119969072840065,0.1395855950786535,,0.0,0.6337634372307107,0.0,1.9110485324814447e-08,False,False,False
2843,1773733617.1089942,1773733617108996159,-0.42,8.409937492055881e-20,0.8749994277780444,-0.44593767248748367,0.006562477307187181,1.0119969072840065,0.1395855950786535,,0.0,0.6337634372307107,0.0,0.0,False,False,False
2844,1773733617.158029,1773733617158031348,-0.42,8.409937492055881e-20,0.8749994277780444,-0.4459376723556254,0.006562496560671099,1.0119969060689615,0.13958559476682006,,0.0,0.6337634240757296,0.0,1.9292235843162427e-08,False,False,False
2845,1773733617.2083194,1773733617208322278,-0.42,8.409937492055881e-20,0.8749994277780444,-0.4459376723556254,0.006562496560671099,1.0119969060689615,0.13958559476682006,,0.0,0.6337634240757296,0.0,0.0,False,False,False
2846,1773733617.258662,1773733617258664408,-0.42,8.409937492055881e-20,0.8749994277780444,-0.4459376723556254,0.006562496560671099,1.0119969060689615,0.13958559476682006,,0.0,0.6337634240757296,0.0,0.0,False,False,False
2847,1773733617.3079834,1773733617307986585,-0.42,8.409937492055881e-20,0.8749994277780444,-0.44593767233233833,0.006562515282902892,1.011996905174237,0.1395855947645687,,0.0,0.6337634114618718,0.0,1.8743613246861113e-08,False,False,False
2848,1773733617.358028,1773733617358031598,-0.42,8.409937492055881e-20,0.8749994277780444,-0.44593767233233833,0.006562515282902892,1.011996905174237,0.1395855947645687,,0.0,0.6337634114618718,0.0,0.0,False,False,False
2849,1773733617.4080167,1773733617408019560,-0.42,8.409937492055881e-20,0.8749994277780444,-0.4459376722503631,0.006562534176629753,1.011996904111495,0.13958559459457492,,0.0,0.6337633986331982,0.0,1.8923769588309156e-08,False,False,False
2850,1773733617.457987,1773733617457989713,-0.42,8.409937492055881e-20,0.8749994277780444,-0.4459376722503631,0.006562534176629753,1.011996904111495,0.13958559459457492,,0.0,0.6337633986331982,0.0,0.0,False,False,False
2851,1773733617.507927,1773733617507929175,-0.42,8.409937492055881e-20,0.8749994277780444,-0.44593767203867163,0.006562553782434524,1.011996902662607,0.13958559405497187,,0.0,0.6337633851060543,0.0,1.9660408697801557e-08,False,False,False
2852,1773733617.5580382,1773733617558040677,-0.42,8.409937492055881e-20,0.8749994277780444,-0.44593767203867163,0.006562553782434524,1.011996902662607,0.13958559405497187,,0.0,0.6337633851060543,0.0,0.0,False,False,False
2853,1773733617.607908,1773733617607910300,-0.42,8.409937492055881e-20,0.8749994277780444,-0.44593767203867163,0.006562553782434524,1.011996902662607,0.13958559405497187,,0.0,0.6337633851060543,0.0,0.0,False,False,False
2854,1773733617.6579866,1773733617657989422,-0.42,8.409937492055881e-20,0.8749994277780444,-0.4459376719968397,0.006562572872204379,1.0119969017008743,0.13958559400079612,,0.0,0.6337633722138631,0.0,1.911402607527979e-08,False,False,False
2855,1773733617.7079508,1773733617707953225,-0.42,8.409937492055881e-20,0.8749994277780444,-0.4459376719968397,0.006562572872204379,1.0119969017008743,0.13958559400079612,,0.0,0.6337633722138631,0.0,0.0,False,False,False
2856,1773733617.7579947,1773733617757997437,-0.42,8.409937492055881e-20,0.8749994277780444,-0.44593767181740157,0.006562592672097368,1.0119969003315186,0.1395855935543744,,0.0,0.63376335861112,0.0,1.9847999787471347e-08,False,False,False
2857,1773733617.807976,1773733617807979189,-0.42,8.409937492055881e-20,0.8749994277780444,-0.44593767181740157,0.006562592672097368,1.0119969003315186,0.1395855935543744,,0.0,0.63376335861112,0.0,0.0,False,False,False
2858,1773733617.8580022,1773733617858005521,-0.42,8.409937492055881e-20,0.8749994277780444,-0.44593767181740157,0.006562592672097368,1.0119969003315186,0.1395855935543744,,0.0,0.63376335861112,0.0,0.0,False,False,False
2859,1773733617.9080732,1773733617908077273,-0.42,8.409937492055881e-20,0.8749994277780444,-0.4459376717100704,0.006562612117748957,1.011996899174965,0.1395855933135562,,0.0,0.6337633453687103,0.0,1.9480310617063902e-08,False,False,False
2860,1773733617.958081,1773733617958084585,-0.42,8.409937492055881e-20,0.8749994277780444,-0.4459376717100704,0.006562612117748957,1.011996899174965,0.1395855933135562,,0.0,0.6337633453687103,0.0,0.0,False,False,False
2861,1773733618.0080059,1773733618008008808,-0.42,8.409937492055881e-20,0.8749994277780444,-0.44593767158634307,0.006562631931473951,1.0119968979572556,0.13958559302697696,,0.0,0.6337633318512562,0.0,1.9851494225845128e-08,False,False,False
2862,1773733618.0579226,1773733618057924801,-0.42,8.409937492055881e-20,0.8749994277780444,-0.44593767158634307,0.006562631931473951,1.0119968979572556,0.13958559302697696,,0.0,0.6337633318512562,0.0,0.0,False,False,False
2863,1773733618.110586,1773733618110589425,-0.42,8.409937492055881e-20,0.8749994277780444,-0.4459376714183349,0.00656265210635038,1.011996896602486,0.13958559261463313,,0.0,0.6337633180160672,0.0,2.022101051940286e-08,False,False,False
2864,1773733618.1580834,1773733618158086365,-0.42,8.409937492055881e-20,0.8749994277780444,-0.4459376714183349,0.00656265210635038,1.011996896602486,0.13958559261463313,,0.0,0.6337633180160672,0.0,0.0,False,False,False
2865,1773733618.2080243,1773733618208028388,-0.42,8.409937492055881e-20,0.8749994277780444,-0.44593767130954265,0.006562672109858432,1.0119968954171668,0.1395855923715473,,0.0,0.6337633043965043,0.0,2.0038890978915136e-08,False,False,False
2866,1773733618.2598264,1773733618259829248,-0.42,8.409937492055881e-20,0.8749994277780444,-0.44593767130954265,0.006562672109858432,1.0119968954171668,0.1395855923715473,,0.0,0.6337633043965043,0.0,0.0,False,False,False
2867,1773733618.3080008,1773733618308005513,-0.42,8.409937492055881e-20,0.8749994277780444,-0.44593767130954265,0.006562672109858432,1.0119968954171668,0.1395855923715473,,0.0,0.6337633043965043,0.0,0.0,False,False,False
2868,1773733618.3579721,1773733618357975376,-0.42,8.409937492055881e-20,0.8749994277780444,-0.44593767128361633,0.006562691761799277,1.0119968944739355,0.13958559236493254,,0.0,0.6337632911537436,0.0,1.967458097134348e-08,False,False,False
2869,1773733618.4107466,1773733618410749178,-0.42,8.409937492055881e-20,0.8749994277780444,-0.44593767128361633,0.006562691761799277,1.0119968944739355,0.13958559236493254,,0.0,0.6337632911537436,0.0,0.0,False,False,False
2870,1773733618.457979,1773733618457981831,-0.42,8.409937492055881e-20,0.8749994277780444,-0.4459376713420807,0.006562710690396071,1.011996893793464,0.13958559259788128,,0.0,0.6337632785400692,0.0,1.8940914341144223e-08,False,False,False
2871,1773733618.5080922,1773733618508095983,-0.42,8.409937492055881e-20,0.8749994277780444,-0.4459376713420807,0.006562710690396071,1.011996893793464,0.13958559259788128,,0.0,0.6337632785400692,0.0,0.0,False,False,False
2872,1773733618.557981,1773733618557983506,-0.42,8.409937492055881e-20,0.8749994277780444,-0.44593767130219986,0.006562729966721635,1.0119968928287624,0.1395855925499468,,0.0,0.6337632655258897,0.0,1.930049136650055e-08,False,False,False
2873,1773733618.6097527,1773733618609755616,-0.42,8.409937492055881e-20,0.8749994277780444,-0.44593767130219986,0.006562729966721635,1.0119968928287624,0.1395855925499468,,0.0,0.6337632655258897,0.0,0.0,False,False,False
2874,1773733618.6579828,1773733618657985621,-0.42,8.409937492055881e-20,0.8749994277780444,-0.44593767140258833,0.006562748347514509,1.011996892287189,0.13958559290125813,,0.0,0.633763253351308,0.0,1.8389043648937316e-08,False,False,False
2875,1773733618.7081914,1773733618708195332,-0.42,8.409937492055881e-20,0.8749994277780444,-0.44593767140258833,0.006562748347514509,1.011996892287189,0.13958559290125813,,0.0,0.633763253351308,0.0,0.0,False,False,False
2876,1773733618.7579527,1773733618757955446,-0.42,8.409937492055881e-20,0.8749994277780444,-0.44593767133172185,0.006562767243993307,1.0119968912546558,0.1395855927631384,,0.0,0.6337632405396375,0.0,1.8924800072466767e-08,False,False,False
2877,1773733618.8080728,1773733618808079058,-0.42,8.409937492055881e-20,0.8749994277780444,-0.44593767133172185,0.006562767243993307,1.0119968912546558,0.1395855927631384,,0.0,0.6337632405396375,0.0,0.0,False,False,False
2878,1773733618.8579679,1773733618857971121,-0.42,8.409937492055881e-20,0.8749994277780444,-0.44593767133172185,0.006562767243993307,1.0119968912546558,0.1395855927631384,,0.0,0.6337632405396375,0.0,0.0,False,False,False
2879,1773733618.9079368,1773733618907940193,-0.42,8.409937492055881e-20,0.8749994277780444,-0.4459376711551844,0.006562786672454959,1.011996889909691,0.1395855923237587,,0.0,0.6337632271912752,0.0,1.947575975319502e-08,False,False,False
2880,1773733618.9580116,1773733618958014815,-0.42,8.409937492055881e-20,0.8749994277780444,-0.4459376711551844,0.006562786672454959,1.011996889909691,0.1395855923237587,,0.0,0.6337632271912752,0.0,0.0,False,False,False
2881,1773733619.0079737,1773733619007976248,-0.42,8.409937492055881e-20,0.8749994277780444,-0.4459376709902232,0.006562806289858168,1.011996888587975,0.13958559191823405,,0.0,0.6337632137356669,0.0,1.9662569863613555e-08,False,False,False
2882,1773733619.0580618,1773733619058064370,-0.42,8.409937492055881e-20,0.8749994277780444,-0.4459376709902232,0.006562806289858168,1.011996888587975,0.13958559191823405,,0.0,0.6337632137356669,0.0,0.0,False,False,False
2883,1773733619.1079593,1773733619107961924,-0.42,8.409937492055881e-20,0.8749994277780444,-0.44593767086852565,0.006562825918008356,1.0119968873840253,0.13958559163683912,,0.0,0.6337632003462891,0.0,1.9665415970803265e-08,False,False,False
2884,1773733619.157973,1773733619157975686,-0.42,8.409937492055881e-20,0.8749994277780444,-0.44593767086852565,0.006562825918008356,1.0119968873840253,0.13958559163683912,,0.0,0.6337632003462891,0.0,0.0,False,False,False
2885,1773733619.2080688,1773733619208072318,-0.42,8.409937492055881e-20,0.8749994277780444,-0.44593767086852565,0.006562825918008356,1.0119968873840253,0.13958559163683912,,0.0,0.6337632003462891,0.0,0.0,False,False,False
2886,1773733619.2580273,1773733619258030671,-0.42,8.409937492055881e-20,0.8749994277780444,-0.4459334684676162,0.006576185305455421,1.011998745220323,0.13958726295612628,,0.0,0.6337524258579657,0.0,1.4127454196470038e-05,False,False,False
2887,1773733619.3079963,1773733619307999634,-0.42,8.409937492055881e-20,0.8749994277780444,-0.4459334684676162,0.006576185305455421,1.011998745220323,0.13958726295612628,,0.0,0.6337524258579657,0.0,0.0,False,False,False
2888,1773733619.3581305,1773733619358135025,-0.42,8.409937492055881e-20,0.8749994277780444,-0.44584644431466636,0.006852506121144164,1.0120370700650445,0.1396220288043089,,0.0,0.6335294934059956,0.0,0.00029222455424290477,False,False,False
2889,1773733619.408027,1773733619408029569,-0.42,8.409937492055881e-20,0.8749994277780444,-0.44584644431466636,0.006852506121144164,1.0120370700650445,0.1396220288043089,,0.0,0.6335294934059956,0.0,0.0,False,False,False
2890,1773733619.4579773,1773733619457980142,-0.42,8.409937492055881e-20,0.8749994277780444,-0.4455745740264441,0.007713797993571787,1.0121549265612984,0.13973257445063725,,0.0,0.6328339588370961,0.0,0.0009108387875124515,False,False,False
2891,1773733619.508041,1773733619508043904,-0.42,8.409937492055881e-20,0.8749994277780444,-0.4455745740264441,0.007713797993571787,1.0121549265612984,0.13973257445063725,,0.0,0.6328339588370961,0.0,0.0,False,False,False
2892,1773733619.5600116,1773733619560014563,-0.42,8.409937492055881e-20,0.8749994277780444,-0.4455745740264441,0.007713797993571787,1.0121549265612984,0.13973257445063725,,0.0,0.6328339588370961,0.0,0.0,False,False,False
2893,1773733619.607996,1773733619607998390,-0.42,8.409937492055881e-20,0.8749994277780444,-0.44506367707531924,0.009324362910206337,1.0123688048958885,0.13994812403873658,,0.0,0.6315306753389669,0.0,0.001703137982481111,False,False,False
2894,1773733619.6579618,1773733619657964622,-0.42,8.409937492055881e-20,0.8749994277780444,-0.4442847791593371,0.011760147195065206,1.0126761430412614,0.14029586411058703,,0.0,0.6295529440913835,0.0,0.002575690932834909,False,False,False
2895,1773733619.7080677,1773733619708071305,-0.42,8.409937492055881e-20,0.8749994277780444,-0.4442847791593371,0.011760147195065206,1.0126761430412614,0.14029586411058703,,0.0,0.6295529440913835,0.0,0.0,False,False,False
2896,1773733619.758921,1773733619758924291,-0.42,8.409937492055881e-20,0.8749994277780444,-0.4442847791593371,0.011760147195065206,1.0126761430412614,0.14029586411058703,,0.0,0.6295529440913835,0.0,0.0,False,False,False
2897,1773733619.8080437,1773733619808048030,-0.42,8.409937492055881e-20,0.8749994277780444,-0.44322045450233977,0.015051282917656741,1.0130605038267027,0.14080692931981711,,0.0,0.6268678060742378,0.0,0.0034802434589257755,False,False,False
2898,1773733619.8584666,1773733619858470909,-0.42,8.409937492055881e-20,0.8749994277780444,-0.44185402348593095,0.01921593405543888,1.0134958151010216,0.14152066904047167,,0.0,0.6234484034727792,0.0,0.004404650806543385,False,False,False
2899,1773733619.9079528,1773733619907955876,-0.42,8.409937492055881e-20,0.8749994277780444,-0.44185402348593095,0.01921593405543888,1.0134958151010216,0.14152066904047167,,0.0,0.6234484034727792,0.0,0.0,False,False,False
2900,1773733619.9580991,1773733619958102527,-0.42,8.409937492055881e-20,0.8749994277780444,-0.44185402348593095,0.01921593405543888,1.0134958151010216,0.14152066904047167,,0.0,0.6234484034727792,0.0,0.0,False,False,False
2901,1773733620.0079513,1773733620007954601,-0.42,8.409937492055881e-20,0.8749994277780444,-0.4401797870651605,0.024229725549792205,1.0139441600460324,0.14247786505712504,,0.0,0.6192992211366031,0.0,0.005304920916583092,False,False,False
2902,1773733620.0580254,1773733620058027933,-0.42,8.409937492055881e-20,0.8749994277780444,-0.4401797870651605,0.024229725549792205,1.0139441600460324,0.14247786505712504,,0.0,0.6192992211366031,0.0,0.0,False,False,False
2903,1773733620.1081913,1773733620108194245,-0.42,8.409937492055881e-20,0.8749994277780444,-0.43815764435614835,0.030162810567345433,1.0143662908903517,0.14374497460311622,,0.0,0.6143420184478812,0.0,0.006282416208024682,False,False,False
2904,1773733620.1580355,1773733620158038379,-0.42,8.409937492055881e-20,0.8749994277780444,-0.43815764435614835,0.030162810567345433,1.0143662908903517,0.14374497460311622,,0.0,0.6143420184478812,0.0,0.0,False,False,False
2905,1773733620.2096112,1773733620209615340,-0.42,8.409937492055881e-20,0.8749994277780444,-0.43815764435614835,0.030162810567345433,1.0143662908903517,0.14374497460311622,,0.0,0.6143420184478812,0.0,0.0,False,False,False
2906,1773733620.259351,1773733620259354135,-0.42,8.409937492055881e-20,0.8749994277780444,-0.43579218966742084,0.03694244524331712,1.0147044600898423,0.14536723691495193,,0.0,0.6086130790396096,0.0,0.007188405986833576,False,False,False
2907,1773733620.3081496,1773733620308153297,-0.42,8.409937492055881e-20,0.8749994277780444,-0.43579218966742084,0.03694244524331712,1.0147044600898423,0.14536723691495193,,0.0,0.6086130790396096,0.0,0.0,False,False,False
2908,1773733620.3580964,1773733620358099429,-0.42,8.409937492055881e-20,0.8749994277780444,-0.4330632958742743,0.04456303959047949,1.0148988408151225,0.14740542718896224,,0.0,0.6020886062440313,0.0,0.00809679587272875,False,False,False
2909,1773733620.4080515,1773733620408054213,-0.42,8.409937492055881e-20,0.8749994277780444,-0.4330632958742743,0.04456303959047949,1.0148988408151225,0.14740542718896224,,0.0,0.6020886062440313,0.0,0.0,False,False,False
2910,1773733620.4580536,1773733620458056295,-0.42,8.409937492055881e-20,0.8749994277780444,-0.42994225728643315,0.053034640207313646,1.0148803735841432,0.14992731752912003,,0.0,0.5947257162489679,0.0,0.009028246779777248,False,False,False
2911,1773733620.507939,1773733620507941889,-0.42,8.409937492055881e-20,0.8749994277780444,-0.42994225728643315,0.053034640207313646,1.0148803735841432,0.14992731752912003,,0.0,0.5947257162489679,0.0,0.0,False,False,False
2912,1773733620.5580385,1773733620558041401,-0.42,8.409937492055881e-20,0.8749994277780444,-0.4264173739070787,0.062312435165056024,1.0145720756367762,0.1529854447140646,,0.0,0.5865234034627302,0.0,0.009929618811430273,False,False,False
2913,1773733620.6079998,1773733620608003834,-0.42,8.409937492055881e-20,0.8749994277780444,-0.4264173739070787,0.062312435165056024,1.0145720756367762,0.1529854447140646,,0.0,0.5865234034627302,0.0,0.0,False,False,False
2914,1773733620.6580148,1773733620658018007,-0.42,8.409937492055881e-20,0.8749994277780444,-0.42246703674315017,0.07237324840268528,1.0138892714820353,0.15663448547100944,,0.0,0.5774562012294706,0.0,0.01083011302918405,False,False,False
2915,1773733620.7081244,1773733620708128609,-0.42,8.409937492055881e-20,0.8749994277780444,-0.42246703674315017,0.07237324840268528,1.0138892714820353,0.15663448547100944,,0.0,0.5774562012294706,0.0,0.0,False,False,False
2916,1773733620.7581017,1773733620758105692,-0.42,8.409937492055881e-20,0.8749994277780444,-0.41874532925450086,0.08155015066455437,1.0129421084676582,0.16025038042990064,,0.0,0.569020193049831,0.0,0.009948053052269597,False,False,False
2917,1773733620.8079758,1773733620807978535,-0.42,8.409937492055881e-20,0.8749994277780444,-0.41874532925450086,0.08155015066455437,1.0129421084676582,0.16025038042990064,,0.0,0.569020193049831,0.0,0.0,False,False,False
2918,1773733620.8580568,1773733620858059338,-0.42,8.409937492055881e-20,0.8749994277780444,-0.413964139460379,0.09294410492225465,1.0113190498852644,0.16510020479608167,,0.0,0.5583121380259947,0.0,0.012462595581814534,False,False,False
2919,1773733620.90803,1773733620908033921,-0.42,8.409937492055881e-20,0.8749994277780444,-0.413964139460379,0.09294410492225465,1.0113190498852644,0.16510020479608167,,0.0,0.5583121380259947,0.0,0.0,False,False,False
2920,1773733620.9579704,1773733620957973094,-0.42,8.409937492055881e-20,0.8749994277780444,-0.413964139460379,0.09294410492225465,1.0113190498852644,0.16510020479608167,,0.0,0.5583121380259947,0.0,0.0,False,False,False
2921,1773733621.0083234,1773733621008326234,-0.42,8.409937492055881e-20,0.8749994277780444,-0.40873068609949215,0.10494307473268114,1.0090532334078943,0.1706179040252894,,0.0,0.5467353563085418,0.0,0.013285263825051663,False,False,False
2922,1773733621.0580676,1773733621058069939,-0.42,8.409937492055881e-20,0.8749994277780444,-0.40873068609949215,0.10494307473268114,1.0090532334078943,0.1706179040252894,,0.0,0.5467353563085418,0.0,0.0,False,False,False
2923,1773733621.1079686,1773733621107971202,-0.42,8.409937492055881e-20,0.8749994277780444,-0.4030072321394116,0.1175426992034215,1.0060266458759426,0.17684222396832736,,0.0,0.5342196760294293,0.0,0.01416575780272298,False,False,False
2924,1773733621.159331,1773733621159335536,-0.42,8.409937492055881e-20,0.8749994277780444,-0.4030072321394116,0.1175426992034215,1.0060266458759426,0.17684222396832736,,0.0,0.5342196760294293,0.0,0.0,False,False,False
2925,1773733621.2080243,1773733621208026338,-0.42,8.409937492055881e-20,0.8749994277780444,-0.3968470165836922,0.13053500676904148,1.0021697802212253,0.18370559919009644,,0.0,0.5208927043475421,0.0,0.014887032083364744,False,False,False
2926,1773733621.2579854,1773733621257988381,-0.42,8.409937492055881e-20,0.8749994277780444,-0.3968470165836922,0.13053500676904148,1.0021697802212253,0.18370559919009644,,0.0,0.5208927043475421,0.0,0.0,False,False,False
2927,1773733621.3081431,1773733621308145823,-0.42,8.409937492055881e-20,0.8749994277780444,-0.3901432306693034,0.14405627594626136,0.9972885453651197,0.1913067317022518,,0.0,0.5065182334104301,0.0,0.015861649330043023,False,False,False
2928,1773733621.363513,1773733621363516088,-0.42,8.409937492055881e-20,0.8749994277780444,-0.3901432306693034,0.14405627594626136,0.9972885453651197,0.1913067317022518,,0.0,0.5065182334104301,0.0,0.0,False,False,False
2929,1773733621.4080136,1773733621408016120,-0.42,8.409937492055881e-20,0.8749994277780444,-0.38298816684682147,0.15781363934628662,0.991337610807105,0.1995234156373175,,0.0,0.4913032024783118,0.0,0.01660944334220498,False,False,False
2930,1773733621.4580178,1773733621458020323,-0.42,8.409937492055881e-20,0.8749994277780444,-0.38298816684682147,0.15781363934628662,0.991337610807105,0.1995234156373175,,0.0,0.4913032024783118,0.0,0.0,False,False,False
2931,1773733621.5080187,1773733621508021326,-0.42,8.409937492055881e-20,0.8749994277780444,-0.38298816684682147,0.15781363934628662,0.991337610807105,0.1995234156373175,,0.0,0.4913032024783118,0.0,0.0,False,False,False
2932,1773733621.557981,1773733621557983709,-0.42,8.409937492055881e-20,0.8749994277780444,-0.37536194331206546,0.1717522381916797,0.9841762302719965,0.20835297365655756,,0.0,0.4751988380904644,0.0,0.017427828159110672,False,False,False
2933,1773733621.6080592,1773733621608063371,-0.42,8.409937492055881e-20,0.8749994277780444,-0.37536194331206546,0.1717522381916797,0.9841762302719965,0.20835297365655756,,0.0,0.4751988380904644,0.0,0.0,False,False,False
2934,1773733621.6585324,1773733621658536371,-0.42,8.409937492055881e-20,0.8749994277780444,-0.3673055397352394,0.18569776051053963,0.9757147263045092,0.2177244491519018,,0.0,0.45828738709454564,0.0,0.01819286345604563,False,False,False
2935,1773733621.708149,1773733621708152886,-0.42,8.409937492055881e-20,0.8749994277780444,-0.3673055397352394,0.18569776051053963,0.9757147263045092,0.2177244491519018,,0.0,0.45828738709454564,0.0,0.0,False,False,False
2936,1773733621.7580438,1773733621758046150,-0.42,8.409937492055881e-20,0.8749994277780444,-0.36012348907965497,0.19747114328818643,0.967410339972673,0.22609693868821182,,0.0,0.44328869823842637,0.0,0.016098360972371016,False,False,False
2937,1773733621.8083673,1773733621808372161,-0.42,8.409937492055881e-20,0.8749994277780444,-0.36012348907965497,0.19747114328818643,0.967410339972673,0.22609693868821182,,0.0,0.44328869823842637,0.0,0.0,False,False,False
2938,1773733621.85813,1773733621858134875,-0.42,8.409937492055881e-20,0.8749994277780444,-0.351345998744141,0.21103764451974916,0.9562541540207318,0.23633152525564075,,0.0,0.42503002519904026,0.0,0.019635548814594526,False,False,False
2939,1773733621.9080887,1773733621908092019,-0.42,8.409937492055881e-20,0.8749994277780444,-0.351345998744141,0.21103764451974916,0.9562541540207318,0.23633152525564075,,0.0,0.42503002519904026,0.0,0.0,False,False,False
2940,1773733621.957974,1773733621957977082,-0.42,8.409937492055881e-20,0.8749994277780444,-0.34236207656715834,0.22397961547162332,0.9436820803973671,0.2468032051505948,,0.0,0.4064362836557508,0.0,0.020155954579045298,False,False,False
2941,1773733622.008193,1773733622008198104,-0.42,8.409937492055881e-20,0.8749994277780444,-0.34236207656715834,0.22397961547162332,0.9436820803973671,0.2468032051505948,,0.0,0.4064362836557508,0.0,0.0,False,False,False
2942,1773733622.0579662,1773733622057968538,-0.42,8.409937492055881e-20,0.8749994277780444,-0.33337688918257025,0.23594984997965662,0.929892350623821,0.2572724781465432,,0.0,0.38795573372203906,0.0,0.020351332972090446,False,False,False
2943,1773733622.1094575,1773733622109460291,-0.42,8.409937492055881e-20,0.8749994277780444,-0.33337688918257025,0.23594984997965662,0.929892350623821,0.2572724781465432,,0.0,0.38795573372203906,0.0,0.0,False,False,False
2944,1773733622.158532,1773733622158535930,-0.42,8.409937492055881e-20,0.8749994277780444,-0.33337688918257025,0.23594984997965662,0.929892350623821,0.2572724781465432,,0.0,0.38795573372203906,0.0,0.0,False,False,False
2945,1773733622.2080746,1773733622208077977,-0.42,8.409937492055881e-20,0.8749994277780444,-0.3245258226694224,0.24674992125137246,0.9150462490656595,0.26759034001576226,,0.0,0.3699112583936715,0.0,0.020381110111315232,False,False,False
2946,1773733622.2584932,1773733622258496737,-0.42,8.409937492055881e-20,0.8749994277780444,-0.3245258226694224,0.24674992125137246,0.9150462490656595,0.26759034001576226,,0.0,0.3699112583936715,0.0,0.0,False,False,False
2947,1773733622.3080463,1773733622308051843,-0.42,8.409937492055881e-20,0.8749994277780444,-0.3158993393667212,0.25626771660715164,0.8992699105245445,0.2776673305451627,,0.0,0.35255727058231445,0.0,0.020344471002465093,False,False,False
2948,1773733622.3579557,1773733622357957857,-0.42,8.409937492055881e-20,0.8749994277780444,-0.3158993393667212,0.25626771660715164,0.8992699105245445,0.2776673305451627,,0.0,0.35255727058231445,0.0,0.0,False,False,False
2949,1773733622.4080396,1773733622408042879,-0.42,8.409937492055881e-20,0.8749994277780444,-0.307655177492027,0.2643501647162275,0.8828790808365783,0.2873403168059913,,0.0,0.33631234008642036,0.0,0.020048727398814657,False,False,False
2950,1773733622.4579945,1773733622457997263,-0.42,8.409937492055881e-20,0.8749994277780444,-0.307655177492027,0.2643501647162275,0.8828790808365783,0.2873403168059913,,0.0,0.33631234008642036,0.0,0.0,False,False,False
2951,1773733622.507924,1773733622507926756,-0.42,8.409937492055881e-20,0.8749994277780444,-0.29971882467869027,0.2710878234073399,0.8656936154695022,0.29672001496212985,,0.0,0.3211426750806753,0.0,0.02009283356071641,False,False,False
2952,1773733622.559263,1773733622559265490,-0.42,8.409937492055881e-20,0.8749994277780444,-0.29971882467869027,0.2710878234073399,0.8656936154695022,0.29672001496212985,,0.0,0.3211426750806753,0.0,0.0,False,False,False
2953,1773733622.608032,1773733622608035762,-0.42,8.409937492055881e-20,0.8749994277780444,-0.29971882467869027,0.2710878234073399,0.8656936154695022,0.29672001496212985,,0.0,0.3211426750806753,0.0,0.0,False,False,False
2954,1773733622.6580772,1773733622658079575,-0.42,8.409937492055881e-20,0.8749994277780444,-0.29214750583945626,0.27642186387416157,0.8478174598987653,0.30576815803567176,,0.0,0.3073311588463792,0.0,0.020132903284330785,False,False,False
2955,1773733622.7080374,1773733622708042368,-0.42,8.409937492055881e-20,0.8749994277780444,-0.29214750583945626,0.27642186387416157,0.8478174598987653,0.30576815803567176,,0.0,0.3073311588463792,0.0,0.0,False,False,False
2956,1773733622.7585676,1773733622758571157,-0.42,8.409937492055881e-20,0.8749994277780444,-0.28499271702196494,0.280303574270814,0.8293385557370013,0.3144550451839714,,0.0,0.295174994750263,0.0,0.020192290054524217,False,False,False
2957,1773733622.8079338,1773733622807936345,-0.42,8.409937492055881e-20,0.8749994277780444,-0.27931837293059647,0.28242030257706874,0.8133747528585521,0.32148117839393164,,0.0,0.28644270555520995,0.0,0.017074007201935117,False,False,False
2958,1773733622.8606417,1773733622860645819,-0.42,8.409937492055881e-20,0.8749994277780444,-0.27931837293059647,0.28242030257706874,0.8133747528585521,0.32148117839393164,,0.0,0.28644270555520995,0.0,0.0,False,False,False
2959,1773733622.9080296,1773733622908032420,-0.42,8.409937492055881e-20,0.8749994277780444,-0.27931837293059647,0.28242030257706874,0.8133747528585521,0.32148117839393164,,0.0,0.28644270555520995,0.0,0.0,False,False,False
2960,1773733622.9580088,1773733622958011254,-0.42,8.409937492055881e-20,0.8749994277780444,-0.2730996735934057,0.2835217245697319,0.7941981839502523,0.3293829309564738,,0.0,0.27821166502738853,0.0,0.020189753513776946,False,False,False
2961,1773733623.0080395,1773733623008042526,-0.42,8.409937492055881e-20,0.8749994277780444,-0.2730996735934057,0.2835217245697319,0.7941981839502523,0.3293829309564738,,0.0,0.27821166502738853,0.0,0.0,False,False,False
2962,1773733623.0581028,1773733623058105969,-0.42,8.409937492055881e-20,0.8749994277780444,-0.26744441542493547,0.2830980658457201,0.7747991339477264,0.33683500434828534,,0.0,0.2724898380182984,0.0,0.020211001278189627,False,False,False
2963,1773733623.108033,1773733623108036263,-0.42,8.409937492055881e-20,0.8749994277780444,-0.26744441542493547,0.2830980658457201,0.7747991339477264,0.33683500434828534,,0.0,0.2724898380182984,0.0,0.0,False,False,False
2964,1773733623.1579416,1773733623157944007,-0.42,8.409937492055881e-20,0.8749994277780444,-0.2624158975269031,0.2811616112400118,0.755405181453713,0.3437839215862427,,0.0,0.26949243809792905,0.0,0.02012861748930727,False,False,False
2965,1773733623.2080991,1773733623208102289,-0.42,8.409937492055881e-20,0.8749994277780444,-0.2624158975269031,0.2811616112400118,0.755405181453713,0.3437839215862427,,0.0,0.26949243809792905,0.0,0.0,False,False,False
2966,1773733623.257976,1773733623257978543,-0.42,8.409937492055881e-20,0.8749994277780444,-0.25807760879280117,0.2777796915207982,0.7363137887078535,0.3501629967314568,,0.0,0.26928722743313643,0.0,0.019868049906931015,False,False,False
2967,1773733623.3101165,1773733623310118701,-0.42,8.409937492055881e-20,0.8749994277780444,-0.25807760879280117,0.2777796915207982,0.7363137887078535,0.3501629967314568,,0.0,0.26928722743313643,0.0,0.0,False,False,False
2968,1773733623.3579247,1773733623357927260,-0.42,8.409937492055881e-20,0.8749994277780444,-0.25807760879280117,0.2777796915207982,0.7363137887078535,0.3501629967314568,,0.0,0.26928722743313643,0.0,0.0,False,False,False
2969,1773733623.4090333,1773733623409036815,-0.42,8.409937492055881e-20,0.8749994277780444,-0.2543554819600915,0.27291547703649344,0.7172347643014297,0.3561048342898757,,0.0,0.27185306664457415,0.0,0.02003806335475087,False,False,False
2970,1773733623.4580147,1773733623458018566,-0.42,8.409937492055881e-20,0.8749994277780444,-0.2543554819600915,0.27291547703649344,0.7172347643014297,0.3561048342898757,,0.0,0.27185306664457415,0.0,0.0,False,False,False
2971,1773733623.5081408,1773733623508144058,-0.42,8.409937492055881e-20,0.8749994277780444,-0.25127040899161546,0.26654816246995816,0.6982297558950801,0.36161459414074926,,0.0,0.27717589908190754,0.0,0.02027931740802573,False,False,False
2972,1773733623.558017,1773733623558021012,-0.42,8.409937492055881e-20,0.8749994277780444,-0.25127040899161546,0.26654816246995816,0.6982297558950801,0.36161459414074926,,0.0,0.27717589908190754,0.0,0.0,False,False,False
2973,1773733623.6080668,1773733623608069915,-0.42,8.409937492055881e-20,0.8749994277780444,-0.24888404206444736,0.2587604782470996,0.6796221228315321,0.3666196222940501,,0.0,0.28506394946788693,0.0,0.020312232297157427,False,False,False
2974,1773733623.6580842,1773733623658087228,-0.42,8.409937492055881e-20,0.8749994277780444,-0.24888404206444736,0.2587604782470996,0.6796221228315321,0.3666196222940501,,0.0,0.28506394946788693,0.0,0.0,False,False,False
2975,1773733623.7080007,1773733623708003222,-0.42,8.409937492055881e-20,0.8749994277780444,-0.24724043207565272,0.24974373590053572,0.6618021621501666,0.3710402619691932,,0.0,0.29511006331647105,0.0,0.020038814711079978,False,False,False
2976,1773733623.7580836,1773733623758086864,-0.42,8.409937492055881e-20,0.8749994277780444,-0.24724043207565272,0.24974373590053572,0.6618021621501666,0.3710402619691932,,0.0,0.29511006331647105,0.0,0.0,False,False,False
2977,1773733623.8080082,1773733623808011588,-0.42,8.409937492055881e-20,0.8749994277780444,-0.24724043207565272,0.24974373590053572,0.6618021621501666,0.3710402619691932,,0.0,0.29511006331647105,0.0,0.0,False,False,False
2978,1773733623.858042,1773733623858045871,-0.42,8.409937492055881e-20,0.8749994277780444,-0.2462668828609652,0.2392654823718493,0.6442822021424794,0.3750488038248509,,0.0,0.3073473744737653,0.0,0.020437480122456546,False,False,False
2979,1773733623.908179,1773733623908182063,-0.42,8.409937492055881e-20,0.8749994277780444,-0.2462668828609652,0.2392654823718493,0.6442822021424794,0.3750488038248509,,0.0,0.3073473744737653,0.0,0.0,False,False,False
2980,1773733623.959893,1773733623959896194,-0.42,8.409937492055881e-20,0.8749994277780444,-0.24600560653923098,0.2275083939577883,0.627455403635259,0.37856592842705356,,0.0,0.32135731588869426,0.0,0.02052896834463299,False,False,False
2981,1773733624.0080426,1773733624008045021,-0.42,8.409937492055881e-20,0.8749994277780444,-0.24600560653923098,0.2275083939577883,0.627455403635259,0.37856592842705356,,0.0,0.32135731588869426,0.0,0.0,False,False,False
2982,1773733624.0580597,1773733624058063664,-0.42,8.409937492055881e-20,0.8749994277780444,-0.24646099245528708,0.21457252733405785,0.6114748788179276,0.3815787527244696,,0.0,0.3368166569623237,0.0,0.02056504789872441,False,False,False
2983,1773733624.10821,1773733624108213207,-0.42,8.409937492055881e-20,0.8749994277780444,-0.24646099245528708,0.21457252733405785,0.6114748788179276,0.3815787527244696,,0.0,0.3368166569623237,0.0,0.0,False,False,False
2984,1773733624.161379,1773733624161382027,-0.42,8.409937492055881e-20,0.8749994277780444,-0.24762083273418956,0.2004147897228611,0.5962960188221877,0.38413051871795917,,0.0,0.35359408329826303,0.0,0.020789048908267355,False,False,False
2985,1773733624.2080116,1773733624208014174,-0.42,8.409937492055881e-20,0.8749994277780444,-0.24762083273418956,0.2004147897228611,0.5962960188221877,0.38413051871795917,,0.0,0.35359408329826303,0.0,0.0,False,False,False
2986,1773733624.2579901,1773733624257993488,-0.42,8.409937492055881e-20,0.8749994277780444,-0.24946928813148905,0.18531531038944496,0.5822339466128525,0.38617886389211376,,0.0,0.3712125901099512,0.0,0.020716006813974154,False,False,False
2987,1773733624.3080027,1773733624308005081,-0.42,8.409937492055881e-20,0.8749994277780444,-0.24946928813148905,0.18531531038944496,0.5822339466128525,0.38617886389211376,,0.0,0.3712125901099512,0.0,0.0,False,False,False
2988,1773733624.3579726,1773733624357975385,-0.42,8.409937492055881e-20,0.8749994277780444,-0.24946928813148905,0.18531531038944496,0.5822339466128525,0.38617886389211376,,0.0,0.3712125901099512,0.0,0.0,False,False,False
2989,1773733624.408132,1773733624408136007,-0.42,8.409937492055881e-20,0.8749994277780444,-0.2519985962150605,0.16924553642075707,0.5692459137994419,0.38775473508691494,,0.0,0.38959253333699095,0.0,0.020816436562211375,False,False,False
2990,1773733624.4580731,1773733624458076861,-0.42,8.409937492055881e-20,0.8749994277780444,-0.2519985962150605,0.16924553642075707,0.5692459137994419,0.38775473508691494,,0.0,0.38959253333699095,0.0,0.0,False,False,False
2991,1773733624.5079775,1773733624507980465,-0.42,8.409937492055881e-20,0.8749994277780444,-0.25520158235741297,0.15204997196443248,0.5572233764626893,0.3889207261402566,,0.0,0.40881079670415565,0.0,0.021224701675484778,False,False,False
2992,1773733624.557975,1773733624557977198,-0.42,8.409937492055881e-20,0.8749994277780444,-0.25520158235741297,0.15204997196443248,0.5572233764626893,0.3889207261402566,,0.0,0.40881079670415565,0.0,0.0,False,False,False
2993,1773733624.607998,1773733624608000982,-0.42,8.409937492055881e-20,0.8749994277780444,-0.25904544045562794,0.13405270162952096,0.5464566683909142,0.389636807550321,,0.0,0.42843806560228476,0.0,0.021321327052740528,False,False,False
2994,1773733624.6579802,1773733624657984175,-0.42,8.409937492055881e-20,0.8749994277780444,-0.25904544045562794,0.13405270162952096,0.5464566683909142,0.389636807550321,,0.0,0.42843806560228476,0.0,0.0,False,False,False
2995,1773733624.7081206,1773733624708125657,-0.42,8.409937492055881e-20,0.8749994277780444,-0.25904544045562794,0.13405270162952096,0.5464566683909142,0.389636807550321,,0.0,0.42843806560228476,0.0,0.0,False,False,False
2996,1773733624.758001,1773733624758003702,-0.42,8.409937492055881e-20,0.8749994277780444,-0.26348145374461873,0.11543956576902395,0.5370501506930074,0.38991545564280705,,0.0,0.44823710930992366,0.0,0.02132157629403737,False,False,False
2997,1773733624.8099906,1773733624809992581,-0.42,8.409937492055881e-20,0.8749994277780444,-0.26851743245539694,0.09612719049895647,0.5289634706979034,0.38977979503239657,,0.0,0.46827701650693926,0.0,0.021534235846450207,False,False,False
2998,1773733624.8579895,1773733624857993049,-0.42,8.409937492055881e-20,0.8749994277780444,-0.26851743245539694,0.09612719049895647,0.5289634706979034,0.38977979503239657,,0.0,0.46827701650693926,0.0,0.0,False,False,False
2999,1773733624.907992,1773733624907994352,-0.42,8.409937492055881e-20,0.8749994277780444,-0.26851743245539694,0.09612719049895647,0.5289634706979034,0.38977979503239657,,0.0,0.46827701650693926,0.0,0.0,False,False,False
3000,1773733624.9598892,1773733624959891052,-0.42,8.409937492055881e-20,0.8749994277780444,-0.2741153468184597,0.07619589366925757,0.5222496372413763,0.3892564205888174,,0.0,0.488461688349536,0.0,0.021763933426927517,False,False,False
3001,1773733625.0080678,1773733625008071268,-0.42,8.409937492055881e-20,0.8749994277780444,-0.2741153468184597,0.07619589366925757,0.5222496372413763,0.3892564205888174,,0.0,0.488461688349536,0.0,0.0,False,False,False
3002,1773733625.0585625,1773733625058565818,-0.42,8.409937492055881e-20,0.8749994277780444,-0.2802233619448288,0.05584779059743997,0.5170031385732221,0.3883527099751521,,0.0,0.5085934037865073,0.0,0.021883301754538998,False,False,False
3003,1773733625.1080177,1773733625108019715,-0.42,8.409937492055881e-20,0.8749994277780444,-0.2802233619448288,0.05584779059743997,0.5170031385732221,0.3883527099751521,,0.0,0.5085934037865073,0.0,0.0,False,False,False
3004,1773733625.15803,1773733625158034419,-0.42,8.409937492055881e-20,0.8749994277780444,-0.2868047473165225,0.03516850793008376,0.5132524895216639,0.3870899722613715,,0.0,0.5286062852805089,0.0,0.02202305004660157,False,False,False
3005,1773733625.208043,1773733625208045583,-0.42,8.409937492055881e-20,0.8749994277780444,-0.2868047473165225,0.03516850793008376,0.5132524895216639,0.3870899722613715,,0.0,0.5286062852805089,0.0,0.0,False,False,False
3006,1773733625.257955,1773733625257957787,-0.42,8.409937492055881e-20,0.8749994277780444,-0.2938192602095433,0.014253815892300487,0.5110249852510128,0.38548948776123837,,0.0,0.5484340222694774,0.0,0.022171817910073117,False,False,False
3007,1773733625.3083878,1773733625308391667,-0.42,8.409937492055881e-20,0.8749994277780444,-0.2938192602095433,0.014253815892300487,0.5110249852510128,0.38548948776123837,,0.0,0.5484340222694774,0.0,0.0,False,False,False
3008,1773733625.3580148,1773733625358017103,-0.42,8.409937492055881e-20,0.8749994277780444,-0.2938192602095433,0.014253815892300487,0.5110249852510128,0.38548948776123837,,0.0,0.5484340222694774,0.0,0.0,False,False,False
3009,1773733625.4079611,1773733625407964017,-0.42,8.409937492055881e-20,0.8749994277780444,-0.30119665600751444,-0.006719793531330188,0.5103424684461384,0.38358061494044754,,0.0,0.5679438970654442,0.0,0.022243742720231857,False,False,False
3010,1773733625.4579384,1773733625457940981,-0.42,8.409937492055881e-20,0.8749994277780444,-0.30119665600751444,-0.006719793531330188,0.5103424684461384,0.38358061494044754,,0.0,0.5679438970654442,0.0,0.0,False,False,False
3011,1773733625.5079508,1773733625507953514,-0.42,8.409937492055881e-20,0.8749994277780444,-0.3088924542498217,-0.0275825572564738,0.5112190666739993,0.38136837219730746,,0.0,0.5870251971537773,0.0,0.022254182647101564,False,False,False
3012,1773733625.558115,1773733625558119116,-0.42,8.409937492055881e-20,0.8749994277780444,-0.3088924542498217,-0.0275825572564738,0.5112190666739993,0.38136837219730746,,0.0,0.5870251971537773,0.0,0.0,False,False,False
3013,1773733625.6082184,1773733625608223510,-0.42,8.409937492055881e-20,0.8749994277780444,-0.3088924542498217,-0.0275825572564738,0.5112190666739993,0.38136837219730746,,0.0,0.5870251971537773,0.0,0.0,False,False,False
3014,1773733625.661341,1773733625661344311,-0.42,8.409937492055881e-20,0.8749994277780444,-0.3169680842367303,-0.048702135825794794,0.5136539281287833,0.378890543319067,,0.0,0.6060402362469328,0.0,0.022741612716233928,False,False,False
3015,1773733625.708997,1773733625708999931,-0.42,8.409937492055881e-20,0.8749994277780444,-0.3169680842367303,-0.048702135825794794,0.5136539281287833,0.378890543319067,,0.0,0.6060402362469328,0.0,0.0,False,False,False
3016,1773733625.7580323,1773733625758034651,-0.42,8.409937492055881e-20,0.8749994277780444,-0.32528701578860497,-0.06961855377515207,0.5176693120680247,0.3761676541135718,,0.0,0.6246194509053697,0.0,0.022865355238362008,False,False,False
3017,1773733625.8079484,1773733625807950535,-0.42,8.409937492055881e-20,0.8749994277780444,-0.32528701578860497,-0.06961855377515207,0.5176693120680247,0.3761676541135718,,0.0,0.6246194509053697,0.0,0.0,False,False,False
3018,1773733625.858019,1773733625858022798,-0.42,8.409937492055881e-20,0.8749994277780444,-0.33379073697260075,-0.09020117190164152,0.5232464117810398,0.3732271060723561,,0.0,0.6426956583790852,0.0,0.022957819672715967,False,False,False
3019,1773733625.9092054,1773733625909209513,-0.42,8.409937492055881e-20,0.8749994277780444,-0.33379073697260075,-0.09020117190164152,0.5232464117810398,0.3732271060723561,,0.0,0.6426956583790852,0.0,0.0,False,False,False
3020,1773733625.9580343,1773733625958037175,-0.42,8.409937492055881e-20,0.8749994277780444,-0.3424344338829103,-0.11037197370246109,0.5303652223750108,0.3700961026001513,,0.0,0.6602490489173531,0.0,0.02307059179644238,False,False,False
3021,1773733626.007947,1773733626007949609,-0.42,8.409937492055881e-20,0.8749994277780444,-0.3424344338829103,-0.11037197370246109,0.5303652223750108,0.3700961026001513,,0.0,0.6602490489173531,0.0,0.0,False,False,False
3022,1773733626.0580306,1773733626058034372,-0.42,8.409937492055881e-20,0.8749994277780444,-0.3511696841571001,-0.13004157757775459,0.5390000912301631,0.3668023697286604,,0.0,0.6772506274175709,0.0,0.023189628589293392,False,False,False
3023,1773733626.110768,1773733626110772237,-0.42,8.409937492055881e-20,0.8749994277780444,-0.3511696841571001,-0.13004157757775459,0.5390000912301631,0.3668023697286604,,0.0,0.6772506274175709,0.0,0.0,False,False,False
3024,1773733626.1581163,1773733626158120589,-0.42,8.409937492055881e-20,0.8749994277780444,-0.3511696841571001,-0.13004157757775459,0.5390000912301631,0.3668023697286604,,0.0,0.6772506274175709,0.0,0.0,False,False,False
3025,1773733626.2080224,1773733626208025913,-0.42,8.409937492055881e-20,0.8749994277780444,-0.35991156763797116,-0.14902145929326746,0.5490708579540388,0.3633833343194798,,0.0,0.6935887481741555,0.0,0.023196482042212935,False,False,False
3026,1773733626.2579443,1773733626257947958,-0.42,8.409937492055881e-20,0.8749994277780444,-0.35991156763797116,-0.14902145929326746,0.5490708579540388,0.3633833343194798,,0.0,0.6935887481741555,0.0,0.0,False,False,False
3027,1773733626.30797,1773733626307973931,-0.42,8.409937492055881e-20,0.8749994277780444,-0.3686964813813803,-0.16745867616277232,0.5606517784258835,0.35984566677683977,,0.0,0.709432735454279,0.0,0.023478147165981532,False,False,False
3028,1773733626.3580832,1773733626358086454,-0.42,8.409937492055881e-20,0.8749994277780444,-0.3686964813813803,-0.16745867616277232,0.5606517784258835,0.35984566677683977,,0.0,0.709432735454279,0.0,0.0,False,False,False
3029,1773733626.408022,1773733626408026718,-0.42,8.409937492055881e-20,0.8749994277780444,-0.37741239422154466,-0.1850904477596943,0.5736183409131361,0.35623410496146857,,0.0,0.7246079153553173,0.0,0.023557976335398436,False,False,False
3030,1773733626.4579823,1773733626457984592,-0.42,8.409937492055881e-20,0.8749994277780444,-0.37741239422154466,-0.1850904477596943,0.5736183409131361,0.35623410496146857,,0.0,0.7246079153553173,0.0,0.0,False,False,False
3031,1773733626.5079708,1773733626507974446,-0.42,8.409937492055881e-20,0.8749994277780444,-0.38601333189713305,-0.20184099581037823,0.5879173304834475,0.35257766773510196,,0.0,0.7390955158025057,0.0,0.023643563429176687,False,False,False
3032,1773733626.5580306,1773733626558033109,-0.42,8.409937492055881e-20,0.8749994277780444,-0.38601333189713305,-0.20184099581037823,0.5879173304834475,0.35257766773510196,,0.0,0.7390955158025057,0.0,0.0,False,False,False
3033,1773733626.6080248,1773733626608026953,-0.42,8.409937492055881e-20,0.8749994277780444,-0.39445265061091134,-0.2176329843219248,0.6034880080101639,0.3489057666334071,,0.0,0.7528737198307147,0.0,0.02372877999692646,False,False,False
3034,1773733626.6580672,1773733626658070076,-0.42,8.409937492055881e-20,0.8749994277780444,-0.39445265061091134,-0.2176329843219248,0.6034880080101639,0.3489057666334071,,0.0,0.7528737198307147,0.0,0.0,False,False,False
3035,1773733626.7097492,1773733626709753158,-0.42,8.409937492055881e-20,0.8749994277780444,-0.40268384807458496,-0.23238985185415453,0.6202617539198843,0.34524799035615883,,0.0,0.7659192804792534,0.0,0.023809164262813255,False,False,False
3036,1773733626.758062,1773733626758064633,-0.42,8.409937492055881e-20,0.8749994277780444,-0.40268384807458496,-0.23238985185415453,0.6202617539198843,0.34524799035615883,,0.0,0.7659192804792534,0.0,0.0,False,False,False
3037,1773733626.808081,1773733626808085277,-0.42,8.409937492055881e-20,0.8749994277780444,-0.41066153332787175,-0.24603831287598138,0.6381628391502383,0.34163376307897675,,0.0,0.778209219133055,0.0,0.02388247898961153,False,False,False
3038,1773733626.8580525,1773733626858055641,-0.42,8.409937492055881e-20,0.8749994277780444,-0.41066153332787175,-0.24603831287598138,0.6381628391502383,0.34163376307897675,,0.0,0.778209219133055,0.0,0.0,False,False,False
3039,1773733626.9080307,1773733626908033135,-0.42,8.409937492055881e-20,0.8749994277780444,-0.41066153332787175,-0.24603831287598138,0.6381628391502383,0.34163376307897675,,0.0,0.778209219133055,0.0,0.0,False,False,False
3040,1773733626.9580052,1773733626958008649,-0.42,8.409937492055881e-20,0.8749994277780444,-0.4183420412070488,-0.25850971742538953,0.6571090912111617,0.33809203125767884,,0.0,0.7897215832095137,0.0,0.0239475802508968,False,False,False
3041,1773733627.0080063,1773733627008009542,-0.42,8.409937492055881e-20,0.8749994277780444,-0.4183420412070488,-0.25850971742538953,0.6571090912111617,0.33809203125767884,,0.0,0.7897215832095137,0.0,0.0,False,False,False
3042,1773733627.057968,1773733627057972396,-0.42,8.409937492055881e-20,0.8749994277780444,-0.4256560244841969,-0.2696879758633023,0.6769201124692898,0.33466253165150706,,0.0,0.800387123697588,0.0,0.023894023863158257,False,False,False
3043,1773733627.10806,1773733627108063310,-0.42,8.409937492055881e-20,0.8749994277780444,-0.4256560244841969,-0.2696879758633023,0.6769201124692898,0.33466253165150706,,0.0,0.800387123697588,0.0,0.0,False,False,False
3044,1773733627.1579804,1773733627157983544,-0.42,8.409937492055881e-20,0.8749994277780444,-0.4326323588228834,-0.27964610615460406,0.6977212656942445,0.33134433438444694,,0.0,0.8103055779721637,0.0,0.02409401533974196,False,False,False
3045,1773733627.2089055,1773733627208909681,-0.42,8.409937492055881e-20,0.8749994277780444,-0.4326323588228834,-0.27964610615460406,0.6977212656942445,0.33134433438444694,,0.0,0.8103055779721637,0.0,0.0,False,False,False
3046,1773733627.2607892,1773733627260792161,-0.42,8.409937492055881e-20,0.8749994277780444,-0.43916902096538785,-0.28821091493211975,0.7191911101702507,0.3281908205397466,,0.0,0.8193454245663856,0.0,0.02402161783029099,False,False,False
3047,1773733627.3080401,1773733627308042805,-0.42,8.409937492055881e-20,0.8749994277780444,-0.43916902096538785,-0.28821091493211975,0.7191911101702507,0.3281908205397466,,0.0,0.8193454245663856,0.0,0.0,False,False,False
3048,1773733627.358008,1773733627358010869,-0.42,8.409937492055881e-20,0.8749994277780444,-0.44528834933760375,-0.29543305558082056,0.7414491901672486,0.32520125600609373,,0.0,0.827584773857289,0.0,0.024187344220260764,False,False,False
3049,1773733627.4080637,1773733627408066602,-0.42,8.409937492055881e-20,0.8749994277780444,-0.44528834933760375,-0.29543305558082056,0.7414491901672486,0.32520125600609373,,0.0,0.827584773857289,0.0,0.0,False,False,False
3050,1773733627.4579675,1773733627457971247,-0.42,8.409937492055881e-20,0.8749994277780444,-0.45092135962166735,-0.301207787194475,0.7642336255043252,0.3224148329416395,,0.0,0.834942748288582,0.0,0.024170412154109575,False,False,False
3051,1773733627.5102096,1773733627510212064,-0.42,8.409937492055881e-20,0.8749994277780444,-0.45092135962166735,-0.301207787194475,0.7642336255043252,0.3224148329416395,,0.0,0.834942748288582,0.0,0.0,False,False,False
3052,1773733627.5580611,1773733627558064774,-0.42,8.409937492055881e-20,0.8749994277780444,-0.45092135962166735,-0.301207787194475,0.7642336255043252,0.3224148329416395,,0.0,0.834942748288582,0.0,0.0,False,False,False
3053,1773733627.6080391,1773733627608042928,-0.42,8.409937492055881e-20,0.8749994277780444,-0.45604644616550855,-0.30551501098473405,0.7874509575042865,0.3198491876891985,,0.0,0.8414154279059308,0.0,0.02416326124631492,False,False,False
3054,1773733627.6579983,1773733627658000932,-0.42,8.409937492055881e-20,0.8749994277780444,-0.45604644616550855,-0.30551501098473405,0.7874509575042865,0.3198491876891985,,0.0,0.8414154279059308,0.0,0.0,False,False,False
3055,1773733627.7079885,1773733627707992706,-0.42,8.409937492055881e-20,0.8749994277780444,-0.4606428124492336,-0.3083360434670212,0.8109974145050624,0.31752041132449316,,0.0,0.8469954053438608,0.0,0.024156167837007376,False,False,False
3056,1773733627.7580593,1773733627758062309,-0.42,8.409937492055881e-20,0.8749994277780444,-0.4606428124492336,-0.3083360434670212,0.8109974145050624,0.31752041132449316,,0.0,0.8469954053438608,0.0,0.0,False,False,False
3057,1773733627.8080435,1773733627808046783,-0.42,8.409937492055881e-20,0.8749994277780444,-0.4646921049252002,-0.3096570381657062,0.8347633500034425,0.3154422411201242,,0.0,0.8516745936163207,0.0,0.024144595392406938,False,False,False
3058,1773733627.8580081,1773733627858011877,-0.42,8.409937492055881e-20,0.8749994277780444,-0.4646921049252002,-0.3096570381657062,0.8347633500034425,0.3154422411201242,,0.0,0.8516745936163207,0.0,0.0,False,False,False
3059,1773733627.9080935,1773733627908100440,-0.42,8.409937492055881e-20,0.8749994277780444,-0.46817921242532173,-0.30947051153713345,0.8586358001178497,0.313625576653405,,0.0,0.855445486093029,0.0,0.024126512084539503,False,False,False
3060,1773733627.9579656,1773733627957968725,-0.42,8.409937492055881e-20,0.8749994277780444,-0.46817921242532173,-0.30947051153713345,0.8586358001178497,0.313625576653405,,0.0,0.855445486093029,0.0,0.0,False,False,False
3061,1773733628.0080578,1773733628008061908,-0.42,8.409937492055881e-20,0.8749994277780444,-0.46817921242532173,-0.30947051153713345,0.8586358001178497,0.313625576653405,,0.0,0.855445486093029,0.0,0.0,False,False,False
3062,1773733628.06029,1773733628060294726,-0.42,8.409937492055881e-20,0.8749994277780444,-0.47109266647711656,-0.3077760093138475,0.882500076995414,0.31207818285740746,,0.0,0.8583017239628263,0.0,0.024101105020012913,False,False,False
3063,1773733628.108071,1773733628108074216,-0.42,8.409937492055881e-20,0.8749994277780444,-0.47109266647711656,-0.3077760093138475,0.882500076995414,0.31207818285740746,,0.0,0.8583017239628263,0.0,0.0,False,False,False
3064,1773733628.1580827,1773733628158086870,-0.42,8.409937492055881e-20,0.8749994277780444,-0.4734191114155018,-0.30459831435788987,0.9061320093859269,0.3108101867887556,,0.0,0.8602332632481544,0.0,0.023957844639996898,False,False,False
3065,1773733628.207945,1773733628207947945,-0.42,8.409937492055881e-20,0.8749994277780444,-0.4734191114155018,-0.30459831435788987,0.9061320093859269,0.3108101867887556,,0.0,0.8602332632481544,0.0,0.0,False,False,False
3066,1773733628.2580357,1773733628258037768,-0.42,8.409937492055881e-20,0.8749994277780444,-0.4734191114155018,-0.30459831435788987,0.9061320093859269,0.3108101867887556,,0.0,0.8602332632481544,0.0,0.0,False,False,False
3067,1773733628.3079455,1773733628307947942,-0.42,8.409937492055881e-20,0.8749994277780444,-0.4751673741701616,-0.2999304840453943,0.929603438069983,0.309811769260784,,0.0,0.8612509302182448,0.0,0.023994854176600397,False,False,False
3068,1773733628.358528,1773733628358529972,-0.42,8.409937492055881e-20,0.8749994277780444,-0.4751673741701616,-0.2999304840453943,0.929603438069983,0.309811769260784,,0.0,0.8612509302182448,0.0,0.0,False,False,False
3069,1773733628.41021,1773733628410212784,-0.42,8.409937492055881e-20,0.8749994277780444,-0.47633434840055777,-0.29378505714055847,0.9527780207819772,0.30908369115575807,,0.0,0.8613453401878566,0.0,0.024003945187659175,False,False,False
3070,1773733628.4579642,1773733628457966914,-0.42,8.409937492055881e-20,0.8749994277780444,-0.47633434840055777,-0.29378505714055847,0.9527780207819772,0.30908369115575807,,0.0,0.8613453401878566,0.0,0.0,False,False,False
3071,1773733628.5081265,1773733628508129937,-0.42,8.409937492055881e-20,0.8749994277780444,-0.47692032745483537,-0.2862279969753452,0.9754131753685886,0.3086248704094688,,0.0,0.86051842316666,0.0,0.023870541530357118,False,False,False
3072,1773733628.5580525,1773733628558055401,-0.42,8.409937492055881e-20,0.8749994277780444,-0.47692032745483537,-0.2862279969753452,0.9754131753685886,0.3086248704094688,,0.0,0.86051842316666,0.0,0.0,False,False,False
3073,1773733628.6079779,1773733628607980926,-0.42,8.409937492055881e-20,0.8749994277780444,-0.47692032745483537,-0.2862279969753452,0.9754131753685886,0.3086248704094688,,0.0,0.86051842316666,0.0,0.0,False,False,False
3074,1773733628.6579425,1773733628657944660,-0.42,8.409937492055881e-20,0.8749994277780444,-0.4769310225391446,-0.27721943670217375,0.9976018148477565,0.30842033449176887,,0.0,0.8587561322843672,0.0,0.023947651127337644,False,False,False
3075,1773733628.7080686,1773733628708071893,-0.42,8.409937492055881e-20,0.8749994277780444,-0.4769310225391446,-0.27721943670217375,0.9976018148477565,0.30842033449176887,,0.0,0.8587561322843672,0.0,0.0,False,False,False
3076,1773733628.7580144,1773733628758018438,-0.42,8.409937492055881e-20,0.8749994277780444,-0.47638006813238537,-0.26685918094016653,1.0190734948003293,0.30846372772663366,,0.0,0.8560721949533857,0.0,0.023846833965921948,False,False,False
3077,1773733628.809424,1773733628809426651,-0.42,8.409937492055881e-20,0.8749994277780444,-0.47638006813238537,-0.26685918094016653,1.0190734948003293,0.30846372772663366,,0.0,0.8560721949533857,0.0,0.0,False,False,False
3078,1773733628.8580592,1773733628858061885,-0.42,8.409937492055881e-20,0.8749994277780444,-0.47528512298652886,-0.25519865209215065,1.0397340698352633,0.3087398567516125,,0.0,0.852474235280148,0.0,0.023749235749008515,False,False,False
3079,1773733628.9079382,1773733628907940110,-0.42,8.409937492055881e-20,0.8749994277780444,-0.47528512298652886,-0.25519865209215065,1.0397340698352633,0.3087398567516125,,0.0,0.852474235280148,0.0,0.0,False,False,False
3080,1773733628.957971,1773733628957973904,-0.42,8.409937492055881e-20,0.8749994277780444,-0.4736667241919619,-0.24229551870876873,1.0594896175696602,0.3092310880251108,,0.0,0.8479707718092739,0.0,0.0236514636344907,False,False,False
3081,1773733629.0080726,1773733629008075537,-0.42,8.409937492055881e-20,0.8749994277780444,-0.4736667241919619,-0.24229551870876873,1.0594896175696602,0.3092310880251108,,0.0,0.8479707718092739,0.0,0.0,False,False,False
3082,1773733629.0579226,1773733629057925612,-0.42,8.409937492055881e-20,0.8749994277780444,-0.471574167965098,-0.22837067325604124,1.0780533901372094,0.30990961720228505,,0.0,0.8426346767545347,0.0,0.02330008078064586,False,False,False
3083,1773733629.108373,1773733629108375503,-0.42,8.409937492055881e-20,0.8749994277780444,-0.471574167965098,-0.22837067325604124,1.0780533901372094,0.30990961720228505,,0.0,0.8426346767545347,0.0,0.0,False,False,False
3084,1773733629.1580002,1773733629158002750,-0.42,8.409937492055881e-20,0.8749994277780444,-0.471574167965098,-0.22837067325604124,1.0780533901372094,0.30990961720228505,,0.0,0.8426346767545347,0.0,0.0,False,False,False
3085,1773733629.2080095,1773733629208013284,-0.42,8.409937492055881e-20,0.8749994277780444,-0.4690949918347856,-0.21378366807175306,1.095094440473352,0.31073395303831663,,0.0,0.8366149915022921,0.0,0.022568217277634257,False,False,False
3086,1773733629.257985,1773733629257988388,-0.42,8.409937492055881e-20,0.8749994277780444,-0.4690949918347856,-0.21378366807175306,1.095094440473352,0.31073395303831663,,0.0,0.8366149915022921,0.0,0.0,False,False,False
3087,1773733629.3079894,1773733629307992642,-0.42,8.409937492055881e-20,0.8749994277780444,-0.4663180684008286,-0.1988204134230819,1.1104964960950354,0.3116629420383607,,0.0,0.8300536899555434,0.0,0.021652565917518123,False,False,False
3088,1773733629.3579237,1773733629357925987,-0.42,8.409937492055881e-20,0.8749994277780444,-0.4663180684008286,-0.1988204134230819,1.1104964960950354,0.3116629420383607,,0.0,0.8300536899555434,0.0,0.0,False,False,False
3089,1773733629.408028,1773733629408031210,-0.42,8.409937492055881e-20,0.8749994277780444,-0.4633163658859035,-0.18366664001509336,1.1242942178108406,0.31266217319255507,,0.0,0.8230589858854483,0.0,0.02071289914607731,False,False,False
3090,1773733629.459483,1773733629459485884,-0.42,8.409937492055881e-20,0.8749994277780444,-0.4633163658859035,-0.18366664001509336,1.1242942178108406,0.31266217319255507,,0.0,0.8230589858854483,0.0,0.0,False,False,False
3091,1773733629.5080476,1773733629508051398,-0.42,8.409937492055881e-20,0.8749994277780444,-0.4633163658859035,-0.18366664001509336,1.1242942178108406,0.31266217319255507,,0.0,0.8230589858854483,0.0,0.0,False,False,False
3092,1773733629.558032,1773733629558034953,-0.42,8.409937492055881e-20,0.8749994277780444,-0.4601677551379666,-0.16853730593194,1.1365117102070856,0.3136988139997769,,0.0,0.8157585107646671,0.0,0.019699685781605636,False,False,False
3093,1773733629.6086907,1773733629608693602,-0.42,8.409937492055881e-20,0.8749994277780444,-0.4601677551379666,-0.16853730593194,1.1365117102070856,0.3136988139997769,,0.0,0.8157585107646671,0.0,0.0,False,False,False
3094,1773733629.6579998,1773733629658002301,-0.42,8.409937492055881e-20,0.8749994277780444,-0.4569368525601739,-0.15359200769533962,1.1472318960017847,0.31474648951199924,,0.0,0.8082588587103867,0.0,0.018674127940040048,False,False,False
3095,1773733629.708052,1773733629708055135,-0.42,8.409937492055881e-20,0.8749994277780444,-0.4569368525601739,-0.15359200769533962,1.1472318960017847,0.31474648951199924,,0.0,0.8082588587103867,0.0,0.0,False,False,False
3096,1773733629.758001,1773733629758003719,-0.42,8.409937492055881e-20,0.8749994277780444,-0.4536825015382896,-0.13897703416153195,1.156548239907997,0.3157829326388616,,0.0,0.8006634778246893,0.0,0.01763469636104792,False,False,False
3097,1773733629.8108559,1773733629810858233,-0.42,8.409937492055881e-20,0.8749994277780444,-0.4536825015382896,-0.13897703416153195,1.156548239907997,0.3157829326388616,,0.0,0.8006634778246893,0.0,0.0,False,False,False
3098,1773733629.8579478,1773733629857952928,-0.42,8.409937492055881e-20,0.8749994277780444,-0.45044488525862403,-0.12476982383702023,1.1645919845889967,0.31679370091439074,,0.0,0.7930420404123588,0.0,0.016644182553444315,False,False,False
3099,1773733629.9080377,1773733629908040671,-0.42,8.409937492055881e-20,0.8749994277780444,-0.45044488525862403,-0.12476982383702023,1.1645919845889967,0.31679370091439074,,0.0,0.7930420404123588,0.0,0.0,False,False,False
3100,1773733629.9579978,1773733629958000816,-0.42,8.409937492055881e-20,0.8749994277780444,-0.44727635602244137,-0.11111530137363264,1.1714486945000901,0.3177621398739233,,0.0,0.7855020166157379,0.0,0.015604487560589348,False,False,False
3101,1773733630.0080042,1773733630008008159,-0.42,8.409937492055881e-20,0.8749994277780444,-0.44727635602244137,-0.11111530137363264,1.1714486945000901,0.3177621398739233,,0.0,0.7855020166157379,0.0,0.0,False,False,False
3102,1773733630.0579998,1773733630058002214,-0.42,8.409937492055881e-20,0.8749994277780444,-0.44727635602244137,-0.11111530137363264,1.1714486945000901,0.3177621398739233,,0.0,0.7855020166157379,0.0,0.0,False,False,False
3103,1773733630.1079757,1773733630107978888,-0.42,8.409937492055881e-20,0.8749994277780444,-0.44420394384331796,-0.09806051281477547,1.177250532394157,0.3186807576756516,,0.0,0.7780994011683702,0.0,0.014612615914473446,False,False,False
3104,1773733630.157992,1773733630157994792,-0.42,8.409937492055881e-20,0.8749994277780444,-0.44420394384331796,-0.09806051281477547,1.177250532394157,0.3186807576756516,,0.0,0.7780994011683702,0.0,0.0,False,False,False
3105,1773733630.208146,1773733630208151245,-0.42,8.409937492055881e-20,0.8749994277780444,-0.44125369832679184,-0.08566103817691648,1.1821123600757464,0.31954324642934684,,0.0,0.7708945513916192,0.0,0.013641418119395093,False,False,False
3106,1773733630.2580283,1773733630258030931,-0.42,8.409937492055881e-20,0.8749994277780444,-0.44125369832679184,-0.08566103817691648,1.1821123600757464,0.31954324642934684,,0.0,0.7708945513916192,0.0,0.0,False,False,False
3107,1773733630.3085105,1773733630308514211,-0.42,8.409937492055881e-20,0.8749994277780444,-0.4384595167994802,-0.07401501891280367,1.1861263028679327,0.3203418629969114,,0.0,0.7639736736762824,0.0,0.012631268813804934,False,False,False
3108,1773733630.3580344,1773733630358038169,-0.42,8.409937492055881e-20,0.8749994277780444,-0.4384595167994802,-0.07401501891280367,1.1861263028679327,0.3203418629969114,,0.0,0.7639736736762824,0.0,0.0,False,False,False
3109,1773733630.408029,1773733630408033703,-0.42,8.409937492055881e-20,0.8749994277780444,-0.4384595167994802,-0.07401501891280367,1.1861263028679327,0.3203418629969114,,0.0,0.7639736736762824,0.0,0.0,False,False,False
3110,1773733630.4585845,1773733630458587344,-0.42,8.409937492055881e-20,0.8749994277780444,-0.43583271649447347,-0.06313477767137639,1.1894085898208893,0.3210759976075639,,0.0,0.7573729257466867,0.0,0.011664181795376264,False,False,False
3111,1773733630.5082242,1773733630508229800,-0.42,8.409937492055881e-20,0.8749994277780444,-0.43583271649447347,-0.06313477767137639,1.1894085898208893,0.3210759976075639,,0.0,0.7573729257466867,0.0,0.0,False,False,False
3112,1773733630.5580409,1773733630558043636,-0.42,8.409937492055881e-20,0.8749994277780444,-0.43339276862619663,-0.05307438501265573,1.1920520316986147,0.32174308112026356,,0.0,0.7511528697258381,0.0,0.010684223463053453,False,False,False
3113,1773733630.6079755,1773733630607978121,-0.42,8.409937492055881e-20,0.8749994277780444,-0.43339276862619663,-0.05307438501265573,1.1920520316986147,0.32174308112026356,,0.0,0.7511528697258381,0.0,0.0,False,False,False
3114,1773733630.6580095,1773733630658012435,-0.42,8.409937492055881e-20,0.8749994277780444,-0.43115337624087846,-0.043870335552473966,1.1941477440729436,0.3223424451370409,,0.0,0.7453632187624528,0.0,0.009701619198711533,False,False,False
3115,1773733630.708117,1773733630708120428,-0.42,8.409937492055881e-20,0.8749994277780444,-0.43115337624087846,-0.043870335552473966,1.1941477440729436,0.3223424451370409,,0.0,0.7453632187624528,0.0,0.0,False,False,False
3116,1773733630.7580552,1773733630758058163,-0.42,8.409937492055881e-20,0.8749994277780444,-0.42912030969638293,-0.035531941050781474,1.1957843775932757,0.3228756462041611,,0.0,0.7400355494405967,0.0,0.008737319481401459,False,False,False
3117,1773733630.807949,1773733630807952528,-0.42,8.409937492055881e-20,0.8749994277780444,-0.42912030969638293,-0.035531941050781474,1.1957843775932757,0.3228756462041611,,0.0,0.7400355494405967,0.0,0.0,False,False,False
3118,1773733630.8580494,1773733630858052691,-0.42,8.409937492055881e-20,0.8749994277780444,-0.4273012510840129,-0.028080816298140344,1.197038715288125,0.32334369208531355,,0.0,0.735207659118825,0.0,0.007771846458041919,False,False,False
3119,1773733630.9080195,1773733630908022496,-0.42,8.409937492055881e-20,0.8749994277780444,-0.4273012510840129,-0.028080816298140344,1.197038715288125,0.32334369208531355,,0.0,0.735207659118825,0.0,0.0,False,False,False
3120,1773733630.9580808,1773733630958083210,-0.42,8.409937492055881e-20,0.8749994277780444,-0.4273012510840129,-0.028080816298140344,1.197038715288125,0.32334369208531355,,0.0,0.735207659118825,0.0,0.0,False,False,False
3121,1773733631.008019,1773733631008021944,-0.42,8.409937492055881e-20,0.8749994277780444,-0.4256956948352006,-0.0215085241530625,1.1979835205490446,0.32374956638427277,,0.0,0.7308960172341823,0.0,0.00683121452520805,False,False,False
3122,1773733631.0579205,1773733631057922820,-0.42,8.409937492055881e-20,0.8749994277780444,-0.42430867112982307,-0.015831951582485272,1.1986784518350049,0.3240946249975175,,0.0,0.7271314300354085,0.0,0.005884746417690012,False,False,False
3123,1773733631.107996,1773733631108000353,-0.42,8.409937492055881e-20,0.8749994277780444,-0.42430867112982307,-0.015831951582485272,1.1986784518350049,0.3240946249975175,,0.0,0.7271314300354085,0.0,0.0,False,False,False
3124,1773733631.1579733,1773733631157976808,-0.42,8.409937492055881e-20,0.8749994277780444,-0.42430867112982307,-0.015831951582485272,1.1986784518350049,0.3240946249975175,,0.0,0.7271314300354085,0.0,0.0,False,False,False
3125,1773733631.2101624,1773733631210165986,-0.42,8.409937492055881e-20,0.8749994277780444,-0.4231480399603868,-0.011081483631817147,1.199174126292196,0.3243793220780503,,0.0,0.7239518179616897,0.0,0.004915252143003828,False,False,False
3126,1773733631.2580066,1773733631258009546,-0.42,8.409937492055881e-20,0.8749994277780444,-0.4231480399603868,-0.011081483631817147,1.199174126292196,0.3243793220780503,,0.0,0.7239518179616897,0.0,0.0,False,False,False
3127,1773733631.3079238,1773733631307926001,-0.42,8.409937492055881e-20,0.8749994277780444,-0.42220759406907443,-0.007231236561295148,1.199518631062601,0.32460726663804457,,0.0,0.7213550464268202,0.0,0.003978382147981929,False,False,False
3128,1773733631.3579612,1773733631357963925,-0.42,8.409937492055881e-20,0.8749994277780444,-0.42220759406907443,-0.007231236561295148,1.199518631062601,0.32460726663804457,,0.0,0.7213550464268202,0.0,0.0,False,False,False
3129,1773733631.4080553,1773733631408058249,-0.42,8.409937492055881e-20,0.8749994277780444,-0.42220759406907443,-0.007231236561295148,1.199518631062601,0.32460726663804457,,0.0,0.7213550464268202,0.0,0.0,False,False,False
3130,1773733631.4581714,1773733631458175913,-0.42,8.409937492055881e-20,0.8749994277780444,-0.4214895286539264,-0.0042904835203882614,1.1997473075014216,0.32477963656805614,,0.0,0.7193597026031269,0.0,0.003035776556617183,False,False,False
3131,1773733631.5080726,1773733631508076278,-0.42,8.409937492055881e-20,0.8749994277780444,-0.4214895286539264,-0.0042904835203882614,1.1997473075014216,0.32477963656805614,,0.0,0.7193597026031269,0.0,0.0,False,False,False
3132,1773733631.5580106,1773733631558013213,-0.42,8.409937492055881e-20,0.8749994277780444,-0.42099534925930915,-0.002266020903305602,1.1998874131382102,0.32489741242778397,,0.0,0.7179800109532851,0.0,0.0020886100046417044,False,False,False
3133,1773733631.6080396,1773733631608043127,-0.42,8.409937492055881e-20,0.8749994277780444,-0.42099534925930915,-0.002266020903305602,1.1998874131382102,0.32489741242778397,,0.0,0.7179800109532851,0.0,0.0,False,False,False
3134,1773733631.6600068,1773733631660012617,-0.42,8.409937492055881e-20,0.8749994277780444,-0.42071809455865616,-0.0011299650268428133,1.199959853336508,0.3249631835452976,,0.0,0.7172036017877299,0.0,0.0011716401776182036,False,False,False
3135,1773733631.7081459,1773733631708150675,-0.42,8.409937492055881e-20,0.8749994277780444,-0.42071809455865616,-0.0011299650268428133,1.199959853336508,0.3249631835452976,,0.0,0.7172036017877299,0.0,0.0,False,False,False
3136,1773733631.7580914,1773733631758094179,-0.42,8.409937492055881e-20,0.8749994277780444,-0.42071809455865616,-0.0011299650268428133,1.199959853336508,0.3249631835452976,,0.0,0.7172036017877299,0.0,0.0,False,False,False
3137,1773733631.8080437,1773733631808046424,-0.42,8.409937492055881e-20,0.8749994277780444,-0.4205848734079885,-0.0005840200046323448,1.199993084820234,0.32499470807064773,,0.0,0.7168299312932087,0.0,0.0005629459776677022,False,False,False
3138,1773733631.8581173,1773733631858120978,-0.42,8.409937492055881e-20,0.8749994277780444,-0.4205848734079885,-0.0005840200046323448,1.199993084820234,0.32499470807064773,,0.0,0.7168299312932087,0.0,0.0,False,False,False
3139,1773733631.9080029,1773733631908006413,-0.42,8.409937492055881e-20,0.8749994277780444,-0.4205211574581178,-0.00032289330379250676,1.2000086168414725,0.3250097673006905,,0.0,0.7166510756460143,0.0,0.000269236178555515,False,False,False
3140,1773733631.958163,1773733631958167277,-0.42,8.409937492055881e-20,0.8749994277780444,-0.4205211574581178,-0.00032289330379250676,1.2000086168414725,0.3250097673006905,,0.0,0.7166510756460143,0.0,0.0,False,False,False
3141,1773733632.0081658,1773733632008170541,-0.42,8.409937492055881e-20,0.8749994277780444,-0.420490683110088,-0.00019799662854099993,1.2000159628315812,0.3250169657583837,,0.0,0.7165654997888867,0.0,0.00012877045059871695,False,False,False
3142,1773733632.058065,1773733632058067386,-0.42,8.409937492055881e-20,0.8749994277780444,-0.420490683110088,-0.00019799662854099993,1.2000159628315812,0.3250169657583837,,0.0,0.7165654997888867,0.0,0.0,False,False,False
3143,1773733632.108088,1773733632108091551,-0.42,8.409937492055881e-20,0.8749994277780444,-0.42047610750923275,-0.00013825881085643683,1.2000194574246903,0.3250204077675211,,0.0,0.7165245623180946,0.0,6.158950546160051e-05,False,False,False
3144,1773733632.1580515,1773733632158054135,-0.42,8.409937492055881e-20,0.8749994277780444,-0.42047610750923275,-0.00013825881085643683,1.2000194574246903,0.3250204077675211,,0.0,0.7165245623180946,0.0,0.0,False,False,False
3145,1773733632.207899,1773733632207901371,-0.42,8.409937492055881e-20,0.8749994277780444,-0.4204691360873495,-0.00010968637015189701,1.2000211245377388,0.3250220538429954,,0.0,0.7165049804966547,0.0,2.9457840328263906e-05,False,False,False
3146,1773733632.2580988,1773733632258101464,-0.42,8.409937492055881e-20,0.8749994277780444,-0.4204691360873495,-0.00010968637015189701,1.2000211245377388,0.3250220538429954,,0.0,0.7165049804966547,0.0,0.0,False,False,False
3147,1773733632.3080485,1773733632308050879,-0.42,8.409937492055881e-20,0.8749994277780444,-0.4204691360873495,-0.00010968637015189701,1.2000211245377388,0.3250220538429954,,0.0,0.7165049804966547,0.0,0.0,False,False,False
3148,1773733632.3580413,1773733632358044894,-0.42,8.409937492055881e-20,0.8749994277780444,-0.4204658016877146,-9.602025410383451e-05,1.200021920919887,0.32502284110388396,,0.0,0.7164956142162262,0.0,1.4089541273241028e-05,False,False,False
3149,1773733632.4080603,1773733632408063758,-0.42,8.409937492055881e-20,0.8749994277780444,-0.4204658016877146,-9.602025410383451e-05,1.200021920919887,0.32502284110388396,,0.0,0.7164956142162262,0.0,0.0,False,False,False
3150,1773733632.458009,1773733632458012653,-0.42,8.409937492055881e-20,0.8749994277780444,-0.4204642068569602,-8.948379174758257e-05,1.2000223015998657,0.32502321763644915,,0.0,0.7164911342719085,0.0,6.738971918329617e-06,False,False,False
3151,1773733632.5079808,1773733632507984418,-0.42,8.409937492055881e-20,0.8749994277780444,-0.4204642068569602,-8.948379174758257e-05,1.2000223015998657,0.32502321763644915,,0.0,0.7164911342719085,0.0,0.0,False,False,False
3152,1773733632.5579882,1773733632557990372,-0.42,8.409937492055881e-20,0.8749994277780444,-0.4204634440548757,-8.635742174304255e-05,1.2000224836259605,0.32502339772809263,,0.0,0.7164889915098065,0.0,3.223226632524082e-06,False,False,False
3153,1773733632.60797,1773733632607973027,-0.42,8.409937492055881e-20,0.8749994277780444,-0.4204634440548757,-8.635742174304255e-05,1.2000224836259605,0.32502339772809263,,0.0,0.7164889915098065,0.0,0.0,False,False,False
3154,1773733632.6580677,1773733632658071151,-0.42,8.409937492055881e-20,0.8749994277780444,-0.42046307920912185,-8.486208858609194e-05,1.2000225706765903,0.3250234838647457,,0.0,0.7164879666290735,0.0,1.5416586802906513e-06,False,False,False
3155,1773733632.7081242,1773733632708127045,-0.42,8.409937492055881e-20,0.8749994277780444,-0.42046307920912185,-8.486208858609194e-05,1.2000225706765903,0.3250234838647457,,0.0,0.7164879666290735,0.0,0.0,False,False,False
3156,1773733632.7599447,1773733632759999766,-0.42,8.409937492055881e-20,0.8749994277780444,-0.42046307920912185,-8.486208858609194e-05,1.2000225706765903,0.3250234838647457,,0.0,0.7164879666290735,0.0,0.0,False,False,False
3157,1773733632.808049,1773733632808051384,-0.42,8.409937492055881e-20,0.8749994277780444,-0.4204626751483367,-8.43235315383563e-05,1.2000214651633008,0.32502237763700803,,0.0,0.71648676686213,0.0,1.294398874075678e-06,False,False,False
3158,1773733632.857998,1773733632857999689,-0.42,8.409937492055881e-20,0.8749994277780444,-0.4204626751483367,-8.43235315383563e-05,1.2000214651633008,0.32502237763700803,,0.0,0.71648676686213,0.0,0.0,False,False,False
3159,1773733632.908015,1773733632908017204,-0.42,8.409937492055881e-20,0.8749994277780444,-0.4204265307321212,-9.375390933060988e-05,1.1998604265053778,0.3248612922654552,,0.0,0.7163760041188868,0.0,0.00016531424679828231,False,False,False
3160,1773733632.9579735,1773733632957975728,-0.42,8.409937492055881e-20,0.8749994277780444,-0.4204265307321212,-9.375390933060988e-05,1.1998604265053778,0.3248612922654552,,0.0,0.7163760041188868,0.0,0.0,False,False,False
3161,1773733633.007978,1773733633007981373,-0.42,8.409937492055881e-20,0.8749994277780444,-0.4202760551722177,-0.0001323057295888926,1.1991866645936593,0.32418738134820696,,0.0,0.7159126898119805,0.0,0.0006914363677563571,False,False,False
3162,1773733633.058896,1773733633058898821,-0.42,8.409937492055881e-20,0.8749994277780444,-0.4202760551722177,-0.0001323057295888926,1.1991866645936593,0.32418738134820696,,0.0,0.7159126898119805,0.0,0.0,False,False,False
3163,1773733633.1080387,1773733633108041842,-0.42,8.409937492055881e-20,0.8749994277780444,-0.41997186703351114,-0.00021006496139404075,1.1978040611320637,0.32280470292976626,,0.0,0.7149647852332204,0.0,0.0014178043778592221,False,False,False
3164,1773733633.1580791,1773733633158082207,-0.42,8.409937492055881e-20,0.8749994277780444,-0.41997186703351114,-0.00021006496139404075,1.1978040611320637,0.32280470292976626,,0.0,0.7149647852332204,0.0,0.0,False,False,False
3165,1773733633.207944,1773733633207947492,-0.42,8.409937492055881e-20,0.8749994277780444,-0.41949712135291817,-0.00033128351166146204,1.1955874202419468,0.3205885580424446,,0.0,0.7134532971626771,0.0,0.0022701485048139867,False,False,False
3166,1773733633.2580512,1773733633258055886,-0.42,8.409937492055881e-20,0.8749994277780444,-0.41949712135291817,-0.00033128351166146204,1.1955874202419468,0.3205885580424446,,0.0,0.7134532971626771,0.0,0.0,False,False,False
3167,1773733633.3080456,1773733633308047341,-0.42,8.409937492055881e-20,0.8749994277780444,-0.41949712135291817,-0.00033128351166146204,1.1955874202419468,0.3205885580424446,,0.0,0.7134532971626771,0.0,0.0,False,False,False
3168,1773733633.3581648,1773733633358168724,-0.42,8.409937492055881e-20,0.8749994277780444,-0.4188671663945932,-0.0004919255892037982,1.1925241900084966,0.31752716408563864,,0.0,0.7113812661103794,0.0,0.0031314579016359463,False,False,False
3169,1773733633.4080336,1773733633408036610,-0.42,8.409937492055881e-20,0.8749994277780444,-0.4188671663945932,-0.0004919255892037982,1.1925241900084966,0.31752716408563864,,0.0,0.7113812661103794,0.0,0.0,False,False,False
3170,1773733633.4580486,1773733633458052415,-0.42,8.409937492055881e-20,0.8749994277780444,-0.4180915938511548,-0.000689361956057369,1.188533506523277,0.3135406445240506,,0.0,0.7087110285378329,0.0,0.0040701410993105695,False,False,False
3171,1773733633.5080929,1773733633508096039,-0.42,8.409937492055881e-20,0.8749994277780444,-0.4180915938511548,-0.000689361956057369,1.188533506523277,0.3135406445240506,,0.0,0.7087110285378329,0.0,0.0,False,False,False
3172,1773733633.5580254,1773733633558027654,-0.42,8.409937492055881e-20,0.8749994277780444,-0.41720691295989304,-0.0009140479071756387,1.1836243413738967,0.30863890569861335,,0.0,0.7054714897763057,0.0,0.004993300163206992,False,False,False
3173,1773733633.608042,1773733633608044699,-0.42,8.409937492055881e-20,0.8749994277780444,-0.41720691295989304,-0.0009140479071756387,1.1836243413738967,0.30863890569861335,,0.0,0.7054714897763057,0.0,0.0,False,False,False
3174,1773733633.6581242,1773733633658130773,-0.42,8.409937492055881e-20,0.8749994277780444,-0.41720691295989304,-0.0009140479071756387,1.1836243413738967,0.30863890569861335,,0.0,0.7054714897763057,0.0,0.0,False,False,False
3175,1773733633.7080657,1773733633708069458,-0.42,8.409937492055881e-20,0.8749994277780444,-0.416251227112591,-0.0011559909831031128,1.177771762445086,0.30279774809771204,,0.0,0.7016747808270805,0.0,0.005935027549108844,False,False,False
3176,1773733633.7585363,1773733633758540559,-0.42,8.409937492055881e-20,0.8749994277780444,-0.416251227112591,-0.0011559909831031128,1.177771762445086,0.30279774809771204,,0.0,0.7016747808270805,0.0,0.0,False,False,False
3177,1773733633.8090422,1773733633809044400,-0.42,8.409937492055881e-20,0.8749994277780444,-0.4152740284409718,-0.0014022709939184148,1.170967761561891,0.2960093846044472,,0.0,0.6973505665666303,0.0,0.006878226450623832,False,False,False
3178,1773733633.8581016,1773733633858105032,-0.42,8.409937492055881e-20,0.8749994277780444,-0.4152740284409718,-0.0014022709939184148,1.170967761561891,0.2960093846044472,,0.0,0.6973505665666303,0.0,0.0,False,False,False
3179,1773733633.9081223,1773733633908125766,-0.42,8.409937492055881e-20,0.8749994277780444,-0.4143337073679779,-0.0016376946317340122,1.1632129961475783,0.2882739147203551,,0.0,0.6925403668345037,0.0,0.007815114499518102,False,False,False
3180,1773733633.959227,1773733633959229243,-0.42,8.409937492055881e-20,0.8749994277780444,-0.4143337073679779,-0.0016376946317340122,1.1632129961475783,0.2882739147203551,,0.0,0.6925403668345037,0.0,0.0,False,False,False
3181,1773733634.0080945,1773733634008098526,-0.42,8.409937492055881e-20,0.8749994277780444,-0.4134909859978997,-0.0018464416724685135,1.1544510609644758,0.27953352553976984,,0.0,0.6872582966283377,0.0,0.008804843143832373,False,False,False
3182,1773733634.0580134,1773733634058016191,-0.42,8.409937492055881e-20,0.8749994277780444,-0.4134909859978997,-0.0018464416724685135,1.1544510609644758,0.27953352553976984,,0.0,0.6872582966283377,0.0,0.0,False,False,False
3183,1773733634.108473,1773733634108478713,-0.42,8.409937492055881e-20,0.8749994277780444,-0.4134909859978997,-0.0018464416724685135,1.1544510609644758,0.27953352553976984,,0.0,0.6872582966283377,0.0,0.0,False,False,False
3184,1773733634.1580064,1773733634158008921,-0.42,8.409937492055881e-20,0.8749994277780444,-0.41282427341922523,-0.0020082476572148757,1.1447007242660174,0.26980421315818676,,0.0,0.6815733055319578,0.0,0.009774443849783302,False,False,False
3185,1773733634.2083173,1773733634208320833,-0.42,8.409937492055881e-20,0.8749994277780444,-0.41282427341922523,-0.0020082476572148757,1.1447007242660174,0.26980421315818676,,0.0,0.6815733055319578,0.0,0.0,False,False,False
3186,1773733634.2580104,1773733634258013130,-0.42,8.409937492055881e-20,0.8749994277780444,-0.41241790371622133,-0.0021014067012878595,1.1339903159314393,0.2591103707701894,,0.0,0.6755665333067837,0.0,0.010718519563653047,False,False,False
3187,1773733634.3094337,1773733634309436015,-0.42,8.409937492055881e-20,0.8749994277780444,-0.41241790371622133,-0.0021014067012878595,1.1339903159314393,0.2591103707701894,,0.0,0.6755665333067837,0.0,0.0,False,False,False
3188,1773733634.3580472,1773733634358050850,-0.42,8.409937492055881e-20,0.8749994277780444,-0.41235373211592574,-0.0021056198544959197,1.1229445537608824,0.24807193421701718,,0.0,0.6696379971575238,0.0,0.011045949378548204,False,False,False
3189,1773733634.4080062,1773733634408009185,-0.42,8.409937492055881e-20,0.8749994277780444,-0.41235373211592574,-0.0021056198544959197,1.1229445537608824,0.24807193421701718,,0.0,0.6696379971575238,0.0,0.0,False,False,False
3190,1773733634.4579434,1773733634457946780,-0.42,8.409937492055881e-20,0.8749994277780444,-0.41263549805189736,-0.002020859421779998,1.1122037753625222,0.23732724722358362,,0.0,0.6641387426559987,0.0,0.010744807907836646,False,False,False
3191,1773733634.508078,1773733634508082884,-0.42,8.409937492055881e-20,0.8749994277780444,-0.41263549805189736,-0.002020859421779998,1.1122037753625222,0.23732724722358362,,0.0,0.6641387426559987,0.0,0.0,False,False,False
3192,1773733634.5580373,1773733634558041199,-0.42,8.409937492055881e-20,0.8749994277780444,-0.41263549805189736,-0.002020859421779998,1.1122037753625222,0.23732724722358362,,0.0,0.6641387426559987,0.0,0.0,False,False,False
3193,1773733634.6079137,1773733634607916025,-0.42,8.409937492055881e-20,0.8749994277780444,-0.413209463470852,-0.0018615737532600338,1.1021078193005711,0.2272175132843897,,0.0,0.6592147346978474,0.0,0.010113512596086454,False,False,False
3194,1773733634.6580534,1773733634658056019,-0.42,8.409937492055881e-20,0.8749994277780444,-0.413209463470852,-0.0018615737532600338,1.1021078193005711,0.2272175132843897,,0.0,0.6592147346978474,0.0,0.0,False,False,False
3195,1773733634.7080805,1773733634708084963,-0.42,8.409937492055881e-20,0.8749994277780444,-0.41400416733662687,-0.0016464915542213957,1.0928037693460246,0.21789307503825517,,0.0,0.654893036446848,0.0,0.00934040470982479,False,False,False
3196,1773733634.757991,1773733634757995369,-0.42,8.409937492055881e-20,0.8749994277780444,-0.41400416733662687,-0.0016464915542213957,1.0928037693460246,0.21789307503825517,,0.0,0.654893036446848,0.0,0.0,False,False,False
3197,1773733634.8080695,1773733634808073933,-0.42,8.409937492055881e-20,0.8749994277780444,-0.4149435530395964,-0.0013953881493031207,1.0843877268266833,0.20945399146932678,,0.0,0.6511672188414896,0.0,0.008472028688942618,False,False,False
3198,1773733634.8579655,1773733634857967799,-0.42,8.409937492055881e-20,0.8749994277780444,-0.4149435530395964,-0.0013953881493031207,1.0843877268266833,0.20945399146932678,,0.0,0.6511672188414896,0.0,0.0,False,False,False
3199,1773733634.9079902,1773733634907993583,-0.42,8.409937492055881e-20,0.8749994277780444,-0.4191645862969029,-0.0003245615019057652,1.0844137866573842,0.20941627673385077,,0.0,0.6529739948225761,0.0,0.0043548215328346,False,False,False
3200,1773733634.95807,1773733634958073498,-0.42,8.409937492055881e-20,0.8749994277780444,-0.4191645862969029,-0.0003245615019057652,1.0844137866573842,0.20941627673385077,,0.0,0.6529739948225761,0.0,0.0,False,False,False
3201,1773733635.0079834,1773733635007986473,-0.42,8.409937492055881e-20,0.8749994277780444,-0.424313835193604,0.000975526774216532,1.0856275059701523,0.21067450759279235,,0.0,0.6557834471110304,0.0,0.005447761769394335,False,False,False
3202,1773733635.0580504,1773733635058053747,-0.42,8.409937492055881e-20,0.8749994277780444,-0.424313835193604,0.000975526774216532,1.0856275059701523,0.21067450759279235,,0.0,0.6557834471110304,0.0,0.0,False,False,False
3203,1773733635.1079667,1773733635107970113,-0.42,8.409937492055881e-20,0.8749994277780444,-0.42860852937313776,0.002051331175813455,1.0865298717548444,0.21171547762642,,0.0,0.6581044383981955,0.0,0.004518408703913293,False,False,False
3204,1773733635.1579776,1773733635157979858,-0.42,8.409937492055881e-20,0.8749994277780444,-0.42860852937313776,0.002051331175813455,1.0865298717548444,0.21171547762642,,0.0,0.6581044383981955,0.0,0.0,False,False,False
3205,1773733635.2080708,1773733635208073972,-0.42,8.409937492055881e-20,0.8749994277780444,-0.42860852937313776,0.002051331175813455,1.0865298717548444,0.21171547762642,,0.0,0.6581044383981955,0.0,0.0,False,False,False
3206,1773733635.2580428,1773733635258045908,-0.42,8.409937492055881e-20,0.8749994277780444,-0.4321238135321853,0.002928417641984084,1.0871969079818657,0.21256371536388857,,0.0,0.659988912584913,0.0,0.003683943636396909,False,False,False
3207,1773733635.3080118,1773733635308014293,-0.42,8.409937492055881e-20,0.8749994277780444,-0.4321238135321853,0.002928417641984084,1.0871969079818657,0.21256371536388857,,0.0,0.659988912584913,0.0,0.0,False,False,False
3208,1773733635.3580139,1773733635358018247,-0.42,8.409937492055881e-20,0.8749994277780444,-0.4348972085983866,0.0036187269022516623,1.0876791211245727,0.21323150323155865,,0.0,0.6614662320639996,0.0,0.002898409319444036,False,False,False
3209,1773733635.4080203,1773733635408023643,-0.42,8.409937492055881e-20,0.8749994277780444,-0.4348972085983866,0.0036187269022516623,1.0876791211245727,0.21323150323155865,,0.0,0.6614662320639996,0.0,0.0,False,False,False
3210,1773733635.4580069,1773733635458009248,-0.42,8.409937492055881e-20,0.8749994277780444,-0.4348972085983866,0.0036187269022516623,1.0876791211245727,0.21323150323155865,,0.0,0.6614662320639996,0.0,0.0,False,False,False
3211,1773733635.5080638,1773733635508066852,-0.42,8.409937492055881e-20,0.8749994277780444,-0.4369429098356238,0.004127204222433211,1.0880105054632594,0.21372368896546878,,0.0,0.6625507023934192,0.0,0.0021338365253926097,False,False,False
3212,1773733635.5580106,1773733635558013527,-0.42,8.409937492055881e-20,0.8749994277780444,-0.4369429098356238,0.004127204222433211,1.0880105054632594,0.21372368896546878,,0.0,0.6625507023934192,0.0,0.0,False,False,False
3213,1773733635.6079369,1773733635607939733,-0.42,8.409937492055881e-20,0.8749994277780444,-0.43827053150760387,0.004457007430879718,1.0882147830390703,0.21404313807243328,,0.0,0.6632521643321074,0.0,0.0013831409140763534,False,False,False
3214,1773733635.660039,1773733635660043023,-0.42,8.409937492055881e-20,0.8749994277780444,-0.43827053150760387,0.004457007430879718,1.0882147830390703,0.21404313807243328,,0.0,0.6632521643321074,0.0,0.0,False,False,False
3215,1773733635.7080119,1773733635708014622,-0.42,8.409937492055881e-20,0.8749994277780444,-0.4389535716192493,0.004626749494187314,1.0883167334903963,0.21420765066725547,,0.0,0.6636123376750152,0.0,0.0007111610624170217,False,False,False
3216,1773733635.758071,1773733635758073647,-0.42,8.409937492055881e-20,0.8749994277780444,-0.4389535716192493,0.004626749494187314,1.0883167334903963,0.21420765066725547,,0.0,0.6636123376750152,0.0,0.0,False,False,False
3217,1773733635.8079774,1773733635807981522,-0.42,8.409937492055881e-20,0.8749994277780444,-0.43928046422599726,0.004708052965675521,1.0883648290410033,0.21428648235388303,,0.0,0.6637845346932644,0.0,0.00034026785450685584,False,False,False
3218,1773733635.8579705,1773733635857973408,-0.42,8.409937492055881e-20,0.8749994277780444,-0.43928046422599726,0.004708052965675521,1.0883648290410033,0.21428648235388303,,0.0,0.6637845346932644,0.0,0.0,False,False,False
3219,1773733635.9102092,1773733635910212557,-0.42,8.409937492055881e-20,0.8749994277780444,-0.4394368726113169,0.004746988549957592,1.0883876997446393,0.21432424158291444,,0.0,0.6638668821981633,0.0,0.0001627962892897069,False,False,False
3220,1773733635.958052,1773733635958056217,-0.42,8.409937492055881e-20,0.8749994277780444,-0.4394368726113169,0.004746988549957592,1.0883876997446393,0.21432424158291444,,0.0,0.6638668821981633,0.0,0.0,False,False,False
3221,1773733636.007942,1773733636007944113,-0.42,8.409937492055881e-20,0.8749994277780444,-0.4394368726113169,0.004746988549957592,1.0883876997446393,0.21432424158291444,,0.0,0.6638668821981633,0.0,0.0,False,False,False
3222,1773733636.0580542,1773733636058057817,-0.42,8.409937492055881e-20,0.8749994277780444,-0.43951168255643175,0.004765674718985443,1.08839861065103,0.2143423165466121,,0.0,0.6639062261607228,0.0,7.78764963213269e-05,False,False,False
3223,1773733636.1082594,1773733636108261961,-0.42,8.409937492055881e-20,0.8749994277780444,-0.4395474915685533,0.004774595103065068,1.0884038412565826,0.21435098524881982,,0.0,0.6639250801071821,0.0,3.7272212648235045e-05,False,False,False
3224,1773733636.158086,1773733636158089347,-0.42,8.409937492055881e-20,0.8749994277780444,-0.4395474915685533,0.004774595103065068,1.0884038412565826,0.21435098524881982,,0.0,0.6639250801071821,0.0,0.0,False,False,False
3225,1773733636.2082224,1773733636208226211,-0.42,8.409937492055881e-20,0.8749994277780444,-0.4395474915685533,0.004774595103065068,1.0884038412565826,0.21435098524881982,,0.0,0.6639250801071821,0.0,0.0,False,False,False
3226,1773733636.2580607,1773733636258063667,-0.42,8.409937492055881e-20,0.8749994277780444,-0.4395646193311754,0.004778876455456096,1.0884063456777575,0.2143551366242601,,0.0,0.6639340907051972,0.0,1.78314989879618e-05,False,False,False
3227,1773733636.3080356,1773733636308040013,-0.42,8.409937492055881e-20,0.8749994277780444,-0.4395646193311754,0.004778876455456096,1.0884063456777575,0.2143551366242601,,0.0,0.6639340907051972,0.0,0.0,False,False,False
3228,1773733636.3579843,1773733636357986948,-0.42,8.409937492055881e-20,0.8749994277780444,-0.43957281852044183,0.004780929829317359,1.0884075506377422,0.21435713054938685,,0.0,0.6639384047691823,0.0,8.537855550746598e-06,False,False,False
3229,1773733636.4080074,1773733636408010663,-0.42,8.409937492055881e-20,0.8749994277780444,-0.43957281852044183,0.004780929829317359,1.0884075506377422,0.21435713054938685,,0.0,0.6639384047691823,0.0,0.0,False,False,False
3230,1773733636.458023,1773733636458025738,-0.42,8.409937492055881e-20,0.8749994277780444,-0.43957674217104714,0.004781922298617193,1.0884081302650206,0.2143580880491249,,0.0,0.6639404645203035,0.0,4.088520168167433e-06,False,False,False
3231,1773733636.5090454,1773733636509047726,-0.42,8.409937492055881e-20,0.8749994277780444,-0.43957674217104714,0.004781922298617193,1.0884081302650206,0.2143580880491249,,0.0,0.6639404645203035,0.0,0.0,False,False,False
3232,1773733636.5580406,1773733636558045368,-0.42,8.409937492055881e-20,0.8749994277780444,-0.43957861984751717,0.004782407298735544,1.0884084090874349,0.21435854794762993,,0.0,0.663941444612094,0.0,1.959243726442356e-06,False,False,False
3233,1773733636.6079414,1773733636607943274,-0.42,8.409937492055881e-20,0.8749994277780444,-0.43957861984751717,0.004782407298735544,1.0884084090874349,0.21435854794762993,,0.0,0.663941444612094,0.0,0.0,False,False,False
3234,1773733636.6580734,1773733636658075978,-0.42,8.409937492055881e-20,0.8749994277780444,-0.43957861984751717,0.004782407298735544,1.0884084090874349,0.21435854794762993,,0.0,0.663941444612094,0.0,0.0,False,False,False
3235,1773733636.708003,1773733636708005954,-0.42,8.409937492055881e-20,0.8749994277780444,-0.4395795181592351,0.004782650645467524,1.0884085426085708,0.2143587683564477,,0.0,0.6639419064666274,0.0,9.402177770717528e-07,False,False,False
3236,1773733636.7579894,1773733636757992239,-0.42,8.409937492055881e-20,0.8749994277780444,-0.4395795181592351,0.004782650645467524,1.0884085426085708,0.2143587683564477,,0.0,0.6639419064666274,0.0,0.0,False,False,False
3237,1773733636.809933,1773733636809936060,-0.42,8.409937492055881e-20,0.8749994277780444,-0.4395810973047426,0.004777585343506167,1.0884084107188028,0.21435866834159328,,0.0,0.6639459895574564,0.0,5.307389132557568e-06,False,False,False
3238,1773733636.8580842,1773733636858088099,-0.42,8.409937492055881e-20,0.8749994277780444,-0.4395810973047426,0.004777585343506167,1.0884084107188028,0.21435866834159328,,0.0,0.6639459895574564,0.0,0.0,False,False,False
3239,1773733636.9080474,1773733636908050374,-0.42,8.409937492055881e-20,0.8749994277780444,-0.4395810973047426,0.004777585343506167,1.0884084107188028,0.21435866834159328,,0.0,0.6639459895574564,0.0,0.0,False,False,False
3240,1773733636.958038,1773733636958040659,-0.42,8.409937492055881e-20,0.8749994277780444,-0.4396358705006301,0.004560536224319253,1.0884006868430076,0.21435126141798744,,0.0,0.6641120723044922,0.0,0.00022398678841584142,False,False,False
3241,1773733637.008096,1773733637008100634,-0.42,8.409937492055881e-20,0.8749994277780444,-0.4396358705006301,0.004560536224319253,1.0884006868430076,0.21435126141798744,,0.0,0.6641120723044922,0.0,0.0,False,False,False
3242,1773733637.0579786,1773733637057981020,-0.42,8.409937492055881e-20,0.8749994277780444,-0.4398299219334025,0.00379619159420278,1.088373773810843,0.21432743272719246,,0.0,0.6646980596611559,0.0,0.0007890519523131565,False,False,False
3243,1773733637.108215,1773733637108216914,-0.42,8.409937492055881e-20,0.8749994277780444,-0.4398299219334025,0.00379619159420278,1.088373773810843,0.21432743272719246,,0.0,0.6646980596611559,0.0,0.0,False,False,False
3244,1773733637.1580355,1773733637158038510,-0.42,8.409937492055881e-20,0.8749994277780444,-0.4402138083676008,0.002282124668492631,1.0883143670979747,0.21428268590530167,,0.0,0.6658568351773523,0.0,0.0015631047973263716,False,False,False
3245,1773733637.207953,1773733637207954996,-0.42,8.409937492055881e-20,0.8749994277780444,-0.4402138083676008,0.002282124668492631,1.0883143670979747,0.21428268590530167,,0.0,0.6658568351773523,0.0,0.0,False,False,False
3246,1773733637.2581518,1773733637258154970,-0.42,8.409937492055881e-20,0.8749994277780444,-0.44080699723693734,-6.276290565776653e-05,1.0882068684507553,0.21422032543950584,,0.0,0.6676465035209933,0.0,0.002421141616936866,False,False,False
3247,1773733637.3080919,1773733637308095246,-0.42,8.409937492055881e-20,0.8749994277780444,-0.44080699723693734,-6.276290565776653e-05,1.0882068684507553,0.21422032543950584,,0.0,0.6676465035209933,0.0,0.0,False,False,False
3248,1773733637.3579283,1773733637357931692,-0.42,8.409937492055881e-20,0.8749994277780444,-0.4416158224879538,-0.003270277246558798,1.0880293987963177,0.2141487965110858,,0.0,0.6700849342990751,0.0,0.0033126789781102862,False,False,False
3249,1773733637.4080703,1773733637408073676,-0.42,8.409937492055881e-20,0.8749994277780444,-0.4416158224879538,-0.003270277246558798,1.0880293987963177,0.2141487965110858,,0.0,0.6700849342990751,0.0,0.0,False,False,False
3250,1773733637.457965,1773733637457967492,-0.42,8.409937492055881e-20,0.8749994277780444,-0.44264568976278873,-0.00737252770257406,1.087751318153005,0.21408070508029658,,0.0,0.6731874997624769,0.0,0.004238680720676965,False,False,False
3251,1773733637.508137,1773733637508142826,-0.42,8.409937492055881e-20,0.8749994277780444,-0.44264568976278873,-0.00737252770257406,1.087751318153005,0.21408070508029658,,0.0,0.6731874997624769,0.0,0.0,False,False,False
3252,1773733637.5579884,1773733637557991332,-0.42,8.409937492055881e-20,0.8749994277780444,-0.44264568976278873,-0.00737252770257406,1.087751318153005,0.21408070508029658,,0.0,0.6731874997624769,0.0,0.0,False,False,False
3253,1773733637.6079972,1773733637608000377,-0.42,8.409937492055881e-20,0.8749994277780444,-0.4438932049428738,-0.012368893045079682,1.0873349219345823,0.21403326105141676,,0.0,0.6769423044901114,0.0,0.0051665604197619515,False,False,False
3254,1773733637.6580107,1773733637658013683,-0.42,8.409937492055881e-20,0.8749994277780444,-0.4438932049428738,-0.012368893045079682,1.0873349219345823,0.21403326105141676,,0.0,0.6769423044901114,0.0,0.0,False,False,False
3255,1773733637.708068,1773733637708071137,-0.42,8.409937492055881e-20,0.8749994277780444,-0.44535470685463835,-0.018262575879895736,1.0867339331903838,0.2140277636655151,,0.0,0.6813379864383582,0.0,0.00610185813225365,False,False,False
3256,1773733637.7581007,1773733637758104313,-0.42,8.409937492055881e-20,0.8749994277780444,-0.44535470685463835,-0.018262575879895736,1.0867339331903838,0.2140277636655151,,0.0,0.6813379864383582,0.0,0.0,False,False,False
3257,1773733637.8080208,1773733637808025018,-0.42,8.409937492055881e-20,0.8749994277780444,-0.4470175818736634,-0.025025283064516905,1.0858977421787253,0.21408949890129533,,0.0,0.6863378497332467,0.0,0.007014169744296394,False,False,False
3258,1773733637.858082,1773733637858084503,-0.42,8.409937492055881e-20,0.8749994277780444,-0.4470175818736634,-0.025025283064516905,1.0858977421787253,0.21408949890129533,,0.0,0.6863378497332467,0.0,0.0,False,False,False
3259,1773733637.9091375,1773733637909140451,-0.42,8.409937492055881e-20,0.8749994277780444,-0.44889063694817033,-0.03271803467465069,1.0847546358874867,0.2142484212900484,,0.0,0.6919692510547,0.0,0.007999590904566388,False,False,False
3260,1773733637.9580538,1773733637958056654,-0.42,8.409937492055881e-20,0.8749994277780444,-0.44889063694817033,-0.03271803467465069,1.0847546358874867,0.2142484212900484,,0.0,0.6919692510547,0.0,0.0,False,False,False
3261,1773733638.008157,1773733638008161969,-0.42,8.409937492055881e-20,0.8749994277780444,-0.45094761240193887,-0.04126625868213179,1.083243167536829,0.21453697575878541,,0.0,0.6981580816446994,0.0,0.008921200495142018,False,False,False
3262,1773733638.0580316,1773733638058037315,-0.42,8.409937492055881e-20,0.8749994277780444,-0.45094761240193887,-0.04126625868213179,1.083243167536829,0.21453697575878541,,0.0,0.6981580816446994,0.0,0.0,False,False,False
3263,1773733638.1084752,1773733638108478227,-0.42,8.409937492055881e-20,0.8749994277780444,-0.45094761240193887,-0.04126625868213179,1.083243167536829,0.21453697575878541,,0.0,0.6981580816446994,0.0,0.0,False,False,False
3264,1773733638.1585162,1773733638158518632,-0.42,8.409937492055881e-20,0.8749994277780444,-0.4531850973077218,-0.05069422649368694,1.0812782584153717,0.21499328187694464,,0.0,0.7049013492465328,0.0,0.009887051310421752,False,False,False
3265,1773733638.2108247,1773733638210828021,-0.42,8.409937492055881e-20,0.8749994277780444,-0.4531850973077218,-0.05069422649368694,1.0812782584153717,0.21499328187694464,,0.0,0.7049013492465328,0.0,0.0,False,False,False
3266,1773733638.2580404,1773733638258043036,-0.42,8.409937492055881e-20,0.8749994277780444,-0.4555713723953043,-0.060914154365121646,1.0787904628006328,0.21565398835097196,,0.0,0.7121152390019042,0.0,0.010785655358468444,False,False,False
3267,1773733638.3086693,1773733638308674897,-0.42,8.409937492055881e-20,0.8749994277780444,-0.4555713723953043,-0.060914154365121646,1.0787904628006328,0.21565398835097196,,0.0,0.7121152390019042,0.0,0.0,False,False,False
3268,1773733638.3579886,1773733638357993068,-0.42,8.409937492055881e-20,0.8749994277780444,-0.45811174331529725,-0.07200401470475153,1.0756615584042164,0.21656955875553724,,0.0,0.7198325265897086,0.0,0.011799513951242045,False,False,False
3269,1773733638.4080303,1773733638408032973,-0.42,8.409937492055881e-20,0.8749994277780444,-0.45811174331529725,-0.07200401470475153,1.0756615584042164,0.21656955875553724,,0.0,0.7198325265897086,0.0,0.0,False,False,False
3270,1773733638.4579825,1773733638457984708,-0.42,8.409937492055881e-20,0.8749994277780444,-0.46076772370777863,-0.08386226882124075,1.0718092629339062,0.21778199797558412,,0.0,0.7279595523188019,0.0,0.01274804310186671,False,False,False
3271,1773733638.508023,1773733638508026453,-0.42,8.409937492055881e-20,0.8749994277780444,-0.46076772370777863,-0.08386226882124075,1.0718092629339062,0.21778199797558412,,0.0,0.7279595523188019,0.0,0.0,False,False,False
3272,1773733638.558052,1773733638558055369,-0.42,8.409937492055881e-20,0.8749994277780444,-0.46076772370777863,-0.08386226882124075,1.0718092629339062,0.21778199797558412,,0.0,0.7279595523188019,0.0,0.0,False,False,False
3273,1773733638.6094193,1773733638609423014,-0.42,8.409937492055881e-20,0.8749994277780444,-0.4635079275665888,-0.09642464538190272,1.067138552893685,0.2193355771377936,,0.0,0.7364305067403369,0.0,0.013679822890649247,False,False,False
3274,1773733638.6582024,1773733638658207518,-0.42,8.409937492055881e-20,0.8749994277780444,-0.4635079275665888,-0.09642464538190272,1.067138552893685,0.2193355771377936,,0.0,0.7364305067403369,0.0,0.0,False,False,False
3275,1773733638.7080302,1773733638708033805,-0.42,8.409937492055881e-20,0.8749994277780444,-0.46630560879984584,-0.10965811948538454,1.0615357490565913,0.22128016569843875,,0.0,0.7452019341620848,0.0,0.014640466794723242,False,False,False
3276,1773733638.7588105,1773733638758813905,-0.42,8.409937492055881e-20,0.8749994277780444,-0.46630560879984584,-0.10965811948538454,1.0615357490565913,0.22128016569843875,,0.0,0.7452019341620848,0.0,0.0,False,False,False
3277,1773733638.808029,1773733638808032476,-0.42,8.409937492055881e-20,0.8749994277780444,-0.4691289781959145,-0.1235207157694174,1.054877999782877,0.22366788859660117,,0.0,0.7542248734307547,0.0,0.015635492185165842,False,False,False
3278,1773733638.8579822,1773733638857984981,-0.42,8.409937492055881e-20,0.8749994277780444,-0.4691289781959145,-0.1235207157694174,1.054877999782877,0.22366788859660117,,0.0,0.7542248734307547,0.0,0.0,False,False,False
3279,1773733638.9080622,1773733638908065616,-0.42,8.409937492055881e-20,0.8749994277780444,-0.4719272217474338,-0.13789151014047857,1.047071525640903,0.22653766086492996,,0.0,0.7634006239928901,0.0,0.0165918936941584,False,False,False
3280,1773733638.9579637,1773733638957967872,-0.42,8.409937492055881e-20,0.8749994277780444,-0.4719272217474338,-0.13789151014047857,1.047071525640903,0.22653766086492996,,0.0,0.7634006239928901,0.0,0.0,False,False,False
3281,1773733639.0080495,1773733639008052997,-0.42,8.409937492055881e-20,0.8749994277780444,-0.4719272217474338,-0.13789151014047857,1.047071525640903,0.22653766086492996,,0.0,0.7634006239928901,0.0,0.0,False,False,False
3282,1773733639.058038,1773733639058042143,-0.42,8.409937492055881e-20,0.8749994277780444,-0.4746533936024642,-0.15267998261254456,1.0380041567815488,0.2299319729840517,,0.0,0.7726535416530743,0.0,0.017559843651690023,False,False,False
3283,1773733639.1080225,1773733639108024718,-0.42,8.409937492055881e-20,0.8749994277780444,-0.4746533936024642,-0.15267998261254456,1.0380041567815488,0.2299319729840517,,0.0,0.7726535416530743,0.0,0.0,False,False,False
3284,1773733639.1580212,1773733639158024324,-0.42,8.409937492055881e-20,0.8749994277780444,-0.4772531754596884,-0.1677725821369465,1.0275698599577758,0.23388737074204402,,0.0,0.7818962410287463,0.0,0.018531594003639514,False,False,False
3285,1773733639.2080317,1773733639208035729,-0.42,8.409937492055881e-20,0.8749994277780444,-0.4772531754596884,-0.1677725821369465,1.0275698599577758,0.23388737074204402,,0.0,0.7818962410287463,0.0,0.0,False,False,False
3286,1773733639.2579894,1773733639257991915,-0.42,8.409937492055881e-20,0.8749994277780444,-0.479666244108184,-0.1830395095178326,1.0156672635982493,0.23843439929013233,,0.0,0.7910345043664007,0.0,0.019508300081078706,False,False,False
3287,1773733639.3081005,1773733639308103430,-0.42,8.409937492055881e-20,0.8749994277780444,-0.479666244108184,-0.1830395095178326,1.0156672635982493,0.23843439929013233,,0.0,0.7910345043664007,0.0,0.0,False,False,False
3288,1773733639.3580472,1773733639358050926,-0.42,8.409937492055881e-20,0.8749994277780444,-0.4818259475133614,-0.19833083935362233,1.002204824121441,0.24359553050809016,,0.0,0.799965525520045,0.0,0.020487224399902894,False,False,False
3289,1773733639.4079607,1773733639407964162,-0.42,8.409937492055881e-20,0.8749994277780444,-0.4818259475133614,-0.19833083935362233,1.002204824121441,0.24359553050809016,,0.0,0.799965525520045,0.0,0.0,False,False,False
3290,1773733639.4580379,1773733639458040927,-0.42,8.409937492055881e-20,0.8749994277780444,-0.4836583283693431,-0.21346322698903264,0.9871186828768017,0.24937854641338056,,0.0,0.8085710237626147,0.0,0.021446175248815168,False,False,False
3291,1773733639.508009,1773733639508011973,-0.42,8.409937492055881e-20,0.8749994277780444,-0.4836583283693431,-0.21346322698903264,0.9871186828768017,0.24937854641338056,,0.0,0.8085710237626147,0.0,0.0,False,False,False
3292,1773733639.5579844,1773733639557986898,-0.42,8.409937492055881e-20,0.8749994277780444,-0.4850745123220285,-0.22809598125432617,0.9705372308470358,0.255714568676822,,0.0,0.8166515755160281,0.0,0.02216004570825019,False,False,False
3293,1773733639.6106424,1773733639610645595,-0.42,8.409937492055881e-20,0.8749994277780444,-0.4850745123220285,-0.22809598125432617,0.9705372308470358,0.255714568676822,,0.0,0.8166515755160281,0.0,0.0,False,False,False
3294,1773733639.6579568,1773733639657960310,-0.42,8.409937492055881e-20,0.8749994277780444,-0.48599118164228666,-0.24170759192559274,0.9529416864539872,0.26239739277767554,,0.0,0.8239254280000045,0.0,0.022264757133114724,False,False,False
3295,1773733639.7079506,1773733639707954155,-0.42,8.409937492055881e-20,0.8749994277780444,-0.48599118164228666,-0.24170759192559274,0.9529416864539872,0.26239739277767554,,0.0,0.8239254280000045,0.0,0.0,False,False,False
3296,1773733639.758167,1773733639758171889,-0.42,8.409937492055881e-20,0.8749994277780444,-0.48599118164228666,-0.24170759192559274,0.9529416864539872,0.26239739277767554,,0.0,0.8239254280000045,0.0,0.0,False,False,False
3297,1773733639.8080494,1773733639808053846,-0.42,8.409937492055881e-20,0.8749994277780444,-0.48639515256000077,-0.2544132671294643,0.9341123435821838,0.2694972422675624,,0.0,0.8304693498200334,0.0,0.022718748378213378,False,False,False
3298,1773733639.8581178,1773733639858122011,-0.42,8.409937492055881e-20,0.8749994277780444,-0.48639515256000077,-0.2544132671294643,0.9341123435821838,0.2694972422675624,,0.0,0.8304693498200334,0.0,0.0,False,False,False
3299,1773733639.9079728,1773733639907975347,-0.42,8.409937492055881e-20,0.8749994277780444,-0.4862480658384724,-0.2659480270181067,0.9143442713592208,0.2768847702900783,,0.0,0.8361541718301606,0.0,0.022887747805421195,False,False,False
3300,1773733639.9579673,1773733639957969423,-0.42,8.409937492055881e-20,0.8749994277780444,-0.4862480658384724,-0.2659480270181067,0.9143442713592208,0.2768847702900783,,0.0,0.8361541718301606,0.0,0.0,False,False,False
3301,1773733640.0079505,1773733640007952658,-0.42,8.409937492055881e-20,0.8749994277780444,-0.4862480658384724,-0.2659480270181067,0.9143442713592208,0.2768847702900783,,0.0,0.8361541718301606,0.0,0.0,False,False,False
3302,1773733640.0580306,1773733640058033874,-0.42,8.409937492055881e-20,0.8749994277780444,-0.4855352898089879,-0.2761795650051956,0.8938365879374672,0.28447295994466476,,0.0,0.8409273914711173,0.0,0.022929402490608358,False,False,False
3303,1773733640.1085029,1773733640108504776,-0.42,8.409937492055881e-20,0.8749994277780444,-0.4855352898089879,-0.2761795650051956,0.8938365879374672,0.28447295994466476,,0.0,0.8409273914711173,0.0,0.0,False,False,False
3304,1773733640.1579313,1773733640157933706,-0.42,8.409937492055881e-20,0.8749994277780444,-0.4842515817049004,-0.28504331905177555,0.8727233952899639,0.2922039353114886,,0.0,0.8447719807763967,0.0,0.022934274483082114,False,False,False
3305,1773733640.208011,1773733640208014031,-0.42,8.409937492055881e-20,0.8749994277780444,-0.4842515817049004,-0.28504331905177555,0.8727233952899639,0.2922039353114886,,0.0,0.8447719807763967,0.0,0.0,False,False,False
3306,1773733640.2580247,1773733640258027256,-0.42,8.409937492055881e-20,0.8749994277780444,-0.4824024578257614,-0.2924818086830045,0.8511721171263391,0.30001235955551975,,0.0,0.8476761321021161,0.0,0.02287373991283964,False,False,False
3307,1773733640.3079953,1773733640307998162,-0.42,8.409937492055881e-20,0.8749994277780444,-0.4824024578257614,-0.2924818086830045,0.8511721171263391,0.30001235955551975,,0.0,0.8476761321021161,0.0,0.0,False,False,False
3308,1773733640.3580682,1773733640358071158,-0.42,8.409937492055881e-20,0.8749994277780444,-0.4799779803154218,-0.29851126646728815,0.8291437979779689,0.3079108200680564,,0.0,0.8496548715063482,0.0,0.02296691744385945,False,False,False
3309,1773733640.407955,1773733640407958874,-0.42,8.409937492055881e-20,0.8749994277780444,-0.4799779803154218,-0.29851126646728815,0.8291437979779689,0.3079108200680564,,0.0,0.8496548715063482,0.0,0.0,False,False,False
3310,1773733640.4581048,1773733640458107118,-0.42,8.409937492055881e-20,0.8749994277780444,-0.4799779803154218,-0.29851126646728815,0.8291437979779689,0.3079108200680564,,0.0,0.8496548715063482,0.0,0.0,False,False,False
3311,1773733640.5080798,1773733640508082744,-0.42,8.409937492055881e-20,0.8749994277780444,-0.4769949089986866,-0.3030693910843751,0.8068603507042509,0.3158202167190866,,0.0,0.8506920774158848,0.0,0.0229396433474061,False,False,False
3312,1773733640.5580692,1773733640558071780,-0.42,8.409937492055881e-20,0.8749994277780444,-0.4769949089986866,-0.3030693910843751,0.8068603507042509,0.3158202167190866,,0.0,0.8506920774158848,0.0,0.0,False,False,False
3313,1773733640.6080477,1773733640608050976,-0.42,8.409937492055881e-20,0.8749994277780444,-0.4734575841589029,-0.3061471792767748,0.7843998100511123,0.3237160784012714,,0.0,0.8507893782815749,0.0,0.022944745228716725,False,False,False
3314,1773733640.658071,1773733640658074352,-0.42,8.409937492055881e-20,0.8749994277780444,-0.4734575841589029,-0.3061471792767748,0.7843998100511123,0.3237160784012714,,0.0,0.8507893782815749,0.0,0.0,False,False,False
3315,1773733640.707978,1773733640707982458,-0.42,8.409937492055881e-20,0.8749994277780444,-0.4693586276030407,-0.30773606420292854,0.7617413898819798,0.33160992518021987,,0.0,0.8499410247976902,0.0,0.023080944623571017,False,False,False
3316,1773733640.7579477,1773733640757950154,-0.42,8.409937492055881e-20,0.8749994277780444,-0.4693586276030407,-0.30773606420292854,0.7617413898819798,0.33160992518021987,,0.0,0.8499410247976902,0.0,0.0,False,False,False
3317,1773733640.8079853,1773733640807988419,-0.42,8.409937492055881e-20,0.8749994277780444,-0.46551406583248506,-0.30790649298339756,0.7428567694099388,0.33814142125821955,,0.0,0.8485021932011055,0.0,0.019272742190717423,False,False,False
3318,1773733640.8580325,1773733640858035094,-0.42,8.409937492055881e-20,0.8749994277780444,-0.46551406583248506,-0.30790649298339756,0.7428567694099388,0.33814142125821955,,0.0,0.8485021932011055,0.0,0.0,False,False,False
3319,1773733640.9094574,1773733640909459230,-0.42,8.409937492055881e-20,0.8749994277780444,-0.4604750432689207,-0.3067274108164838,0.7204719707768799,0.34583040444855595,,0.0,0.8459288885200725,0.0,0.02297522998785962,False,False,False
3320,1773733640.9597852,1773733640959787254,-0.42,8.409937492055881e-20,0.8749994277780444,-0.4604750432689207,-0.3067274108164838,0.7204719707768799,0.34583040444855595,,0.0,0.8459288885200725,0.0,0.0,False,False,False
3321,1773733641.008011,1773733641008013822,-0.42,8.409937492055881e-20,0.8749994277780444,-0.454916448273832,-0.30402713314906976,0.698171728141667,0.35343979884782967,,0.0,0.8423957425449496,0.0,0.023140663330810714,False,False,False
3322,1773733641.0587134,1773733641058717372,-0.42,8.409937492055881e-20,0.8749994277780444,-0.454916448273832,-0.30402713314906976,0.698171728141667,0.35343979884782967,,0.0,0.8423957425449496,0.0,0.0,False,False,False
3323,1773733641.1080947,1773733641108099733,-0.42,8.409937492055881e-20,0.8749994277780444,-0.4488694526610147,-0.29980857807184513,0.6761595581156815,0.36090985377203777,,0.0,0.8379042030883307,0.0,0.023214176533616283,False,False,False
3324,1773733641.1579788,1773733641157981479,-0.42,8.409937492055881e-20,0.8749994277780444,-0.4488694526610147,-0.29980857807184513,0.6761595581156815,0.36090985377203777,,0.0,0.8379042030883307,0.0,0.0,False,False,False
3325,1773733641.208045,1773733641208047675,-0.42,8.409937492055881e-20,0.8749994277780444,-0.4488694526610147,-0.29980857807184513,0.6761595581156815,0.36090985377203777,,0.0,0.8379042030883307,0.0,0.0,False,False,False
3326,1773733641.2579522,1773733641257956111,-0.42,8.409937492055881e-20,0.8749994277780444,-0.4424300565577446,-0.29416095553589755,0.6548054301054325,0.3681292868137798,,0.0,0.8325224905642586,0.0,0.023007830092415412,False,False,False
3327,1773733641.308072,1773733641308075076,-0.42,8.409937492055881e-20,0.8749994277780444,-0.4424300565577446,-0.29416095553589755,0.6548054301054325,0.3681292868137798,,0.0,0.8325224905642586,0.0,0.0,False,False,False
3328,1773733641.3579843,1773733641357987852,-0.42,8.409937492055881e-20,0.8749994277780444,-0.4355848009843518,-0.28707965440805244,0.6340188984903348,0.37513894691507754,,0.0,0.8262249787971514,0.0,0.023001787889504178,False,False,False
3329,1773733641.408074,1773733641408077388,-0.42,8.409937492055881e-20,0.8749994277780444,-0.4355848009843518,-0.28707965440805244,0.6340188984903348,0.37513894691507754,,0.0,0.8262249787971514,0.0,0.0,False,False,False
3330,1773733641.4579546,1773733641457958314,-0.42,8.409937492055881e-20,0.8749994277780444,-0.4283369617925932,-0.2785537938732664,0.6138088521577335,0.381945333530848,,0.0,0.8189852817566932,0.0,0.02310124333394427,False,False,False
3331,1773733641.508013,1773733641508016130,-0.42,8.409937492055881e-20,0.8749994277780444,-0.4283369617925932,-0.2785537938732664,0.6138088521577335,0.381945333530848,,0.0,0.8189852817566932,0.0,0.0,False,False,False
3332,1773733641.5582006,1773733641558203224,-0.42,8.409937492055881e-20,0.8749994277780444,-0.4283369617925932,-0.2785537938732664,0.6138088521577335,0.381945333530848,,0.0,0.8189852817566932,0.0,0.0,False,False,False
3333,1773733641.6079667,1773733641607969742,-0.42,8.409937492055881e-20,0.8749994277780444,-0.4207696278210535,-0.26868958904654416,0.5944292760425417,0.38847689459460355,,0.0,0.8108666928668871,0.0,0.023024661793495726,False,False,False
3334,1773733641.6583452,1773733641658348615,-0.42,8.409937492055881e-20,0.8749994277780444,-0.4207696278210535,-0.26868958904654416,0.5944292760425417,0.38847689459460355,,0.0,0.8108666928668871,0.0,0.0,False,False,False
3335,1773733641.7081938,1773733641708199202,-0.42,8.409937492055881e-20,0.8749994277780444,-0.41303123275554104,-0.2577385963568649,0.5762480585510745,0.39462656826917225,,0.0,0.8020353837648657,0.0,0.0225912299034689,False,False,False
3336,1773733641.7580776,1773733641758082018,-0.42,8.409937492055881e-20,0.8749994277780444,-0.41303123275554104,-0.2577385963568649,0.5762480585510745,0.39462656826917225,,0.0,0.8020353837648657,0.0,0.0,False,False,False
3337,1773733641.8079524,1773733641807954765,-0.42,8.409937492055881e-20,0.8749994277780444,-0.4049743744431373,-0.2454510519642915,0.5588301236297643,0.4005434024164673,,0.0,0.792271157433539,0.0,0.022787741660564166,False,False,False
3338,1773733641.8597343,1773733641859736548,-0.42,8.409937492055881e-20,0.8749994277780444,-0.4049743744431373,-0.2454510519642915,0.5588301236297643,0.4005434024164673,,0.0,0.792271157433539,0.0,0.0,False,False,False
3339,1773733641.9080749,1773733641908078656,-0.42,8.409937492055881e-20,0.8749994277780444,-0.39788143058426056,-0.23393862773624624,0.5446687442113465,0.4053823789532036,,0.0,0.7832039041653538,0.0,0.01958035830172796,False,False,False
3340,1773733641.9579873,1773733641957991142,-0.42,8.409937492055881e-20,0.8749994277780444,-0.39788143058426056,-0.23393862773624624,0.5446687442113465,0.4053823789532036,,0.0,0.7832039041653538,0.0,0.0,False,False,False
3341,1773733642.0080473,1773733642008050228,-0.42,8.409937492055881e-20,0.8749994277780444,-0.3893697288385487,-0.2193137931662063,0.5290280162481587,0.410771190543294,,0.0,0.7717428153760465,0.0,0.02304272605460203,False,False,False
3342,1773733642.0594614,1773733642059466194,-0.42,8.409937492055881e-20,0.8749994277780444,-0.3893697288385487,-0.2193137931662063,0.5290280162481587,0.410771190543294,,0.0,0.7717428153760465,0.0,0.0,False,False,False
3343,1773733642.1091347,1773733642109140672,-0.42,8.409937492055881e-20,0.8749994277780444,-0.38073297783850035,-0.20361642354099013,0.5145925231491273,0.4158060652146057,,0.0,0.7594620443321233,0.0,0.023008353743796565,False,False,False
3344,1773733642.157942,1773733642157944307,-0.42,8.409937492055881e-20,0.8749994277780444,-0.38073297783850035,-0.20361642354099013,0.5145925231491273,0.4158060652146057,,0.0,0.7594620443321233,0.0,0.0,False,False,False
3345,1773733642.2110484,1773733642211053920,-0.42,8.409937492055881e-20,0.8749994277780444,-0.37205058174565253,-0.18702922265856078,0.5014993769146828,0.42045376063739703,,0.0,0.7464589788815288,0.0,0.022846218797510264,False,False,False
3346,1773733642.2580547,1773733642258058578,-0.42,8.409937492055881e-20,0.8749994277780444,-0.37205058174565253,-0.18702922265856078,0.5014993769146828,0.42045376063739703,,0.0,0.7464589788815288,0.0,0.0,False,False,False
3347,1773733642.3080206,1773733642308024964,-0.42,8.409937492055881e-20,0.8749994277780444,-0.37205058174565253,-0.18702922265856078,0.5014993769146828,0.42045376063739703,,0.0,0.7464589788815288,0.0,0.0,False,False,False
3348,1773733642.3580258,1773733642358028360,-0.42,8.409937492055881e-20,0.8749994277780444,-0.36331854574612193,-0.1695009450215727,0.48970357539463194,0.4247307988401607,,0.0,0.7326593058188262,0.0,0.02286110021667526,False,False,False
3349,1773733642.4109604,1773733642410963705,-0.42,8.409937492055881e-20,0.8749994277780444,-0.36331854574612193,-0.1695009450215727,0.48970357539463194,0.4247307988401607,,0.0,0.7326593058188262,0.0,0.0,False,False,False
3350,1773733642.4580123,1773733642458015942,-0.42,8.409937492055881e-20,0.8749994277780444,-0.35461925307586584,-0.15120859041496124,0.4793167039410272,0.42860646031845856,,0.0,0.71815683931089,0.0,0.022763458186543187,False,False,False
3351,1773733642.5080655,1773733642508068877,-0.42,8.409937492055881e-20,0.8749994277780444,-0.35461925307586584,-0.15120859041496124,0.4793167039410272,0.42860646031845856,,0.0,0.71815683931089,0.0,0.0,False,False,False
3352,1773733642.5579498,1773733642557952064,-0.42,8.409937492055881e-20,0.8749994277780444,-0.34606893528856253,-0.13242407492042907,0.4704482587647648,0.4320458150450126,,0.0,0.7031234407504674,0.0,0.022463643437175683,False,False,False
3353,1773733642.6079423,1773733642607944770,-0.42,8.409937492055881e-20,0.8749994277780444,-0.34606893528856253,-0.13242407492042907,0.4704482587647648,0.4320458150450126,,0.0,0.7031234407504674,0.0,0.0,False,False,False
3354,1773733642.6579592,1773733642657961806,-0.42,8.409937492055881e-20,0.8749994277780444,-0.3375875972639514,-0.11295050997930384,0.46298554995308105,0.4350920102112625,,0.0,0.6873619796773569,0.0,0.02251321498613468,False,False,False
3355,1773733642.7080245,1773733642708026951,-0.42,8.409937492055881e-20,0.8749994277780444,-0.3375875972639514,-0.11295050997930384,0.46298554995308105,0.4350920102112625,,0.0,0.6873619796773569,0.0,0.0,False,False,False
3356,1773733642.7579398,1773733642757941828,-0.42,8.409937492055881e-20,0.8749994277780444,-0.3291916033878598,-0.09272231728919465,0.4569483147369027,0.43773316773313314,,0.0,0.6707793809919024,0.0,0.022718290026562688,False,False,False
3357,1773733642.8086092,1773733642808611769,-0.42,8.409937492055881e-20,0.8749994277780444,-0.3291916033878598,-0.09272231728919465,0.4569483147369027,0.43773316773313314,,0.0,0.6707793809919024,0.0,0.0,False,False,False
3358,1773733642.8580081,1773733642858011890,-0.42,8.409937492055881e-20,0.8749994277780444,-0.3291916033878598,-0.09272231728919465,0.4569483147369027,0.43773316773313314,,0.0,0.6707793809919024,0.0,0.0,False,False,False
3359,1773733642.908074,1773733642908077355,-0.42,8.409937492055881e-20,0.8749994277780444,-0.3210192192885075,-0.07211358800963646,0.45245924418726996,0.4399292798562122,,0.0,0.6536242848654914,0.0,0.022619888124945385,False,False,False
3360,1773733642.9579422,1773733642957944572,-0.42,8.409937492055881e-20,0.8749994277780444,-0.3210192192885075,-0.07211358800963646,0.45245924418726996,0.4399292798562122,,0.0,0.6536242848654914,0.0,0.0,False,False,False
3361,1773733643.0079541,1773733643007956878,-0.42,8.409937492055881e-20,0.8749994277780444,-0.31315012868830394,-0.0513466307223051,0.44953678471478553,0.4416693696966463,,0.0,0.6360370308820688,0.0,0.022399327472412457,False,False,False
3362,1773733643.0579307,1773733643057932974,-0.42,8.409937492055881e-20,0.8749994277780444,-0.31315012868830394,-0.0513466307223051,0.44953678471478553,0.4416693696966463,,0.0,0.6360370308820688,0.0,0.0,False,False,False
3363,1773733643.1079721,1773733643107975070,-0.42,8.409937492055881e-20,0.8749994277780444,-0.31315012868830394,-0.0513466307223051,0.44953678471478553,0.4416693696966463,,0.0,0.6360370308820688,0.0,0.0,False,False,False
3364,1773733643.1579573,1773733643157960516,-0.42,8.409937492055881e-20,0.8749994277780444,-0.305545097635354,-0.030255739588534718,0.4481522697857442,0.4429603037964616,,0.0,0.6178392901349612,0.0,0.022462837481529926,False,False,False
3365,1773733643.2079442,1773733643207947732,-0.42,8.409937492055881e-20,0.8749994277780444,-0.305545097635354,-0.030255739588534718,0.4481522697857442,0.4429603037964616,,0.0,0.6178392901349612,0.0,0.0,False,False,False
3366,1773733643.258969,1773733643258971301,-0.42,8.409937492055881e-20,0.8749994277780444,-0.2983168187424853,-0.009179975060779177,0.4483189563708559,0.4437874414889704,,0.0,0.5992753579744252,0.0,0.02228146428312435,False,False,False
3367,1773733643.3080513,1773733643308055194,-0.42,8.409937492055881e-20,0.8749994277780444,-0.2983168187424853,-0.009179975060779177,0.4483189563708559,0.4437874414889704,,0.0,0.5992753579744252,0.0,0.0,False,False,False
3368,1773733643.3583996,1773733643358405947,-0.42,8.409937492055881e-20,0.8749994277780444,-0.2983168187424853,-0.009179975060779177,0.4483189563708559,0.4437874414889704,,0.0,0.5992753579744252,0.0,0.0,False,False,False
3369,1773733643.408027,1773733643408030026,-0.42,8.409937492055881e-20,0.8749994277780444,-0.29143953164184766,0.012027028727330136,0.4500378926750058,0.4441449648049684,,0.0,0.5801803439580271,0.0,0.022360429994774337,False,False,False
3370,1773733643.4580586,1773733643458061212,-0.42,8.409937492055881e-20,0.8749994277780444,-0.29143953164184766,0.012027028727330136,0.4500378926750058,0.4441449648049684,,0.0,0.5801803439580271,0.0,0.0,False,False,False
3371,1773733643.5080583,1773733643508062418,-0.42,8.409937492055881e-20,0.8749994277780444,-0.2850000086321133,0.033083843578862515,0.453288177457537,0.4440269327666575,,0.0,0.5607619341867226,0.0,0.022258060550105596,False,False,False
3372,1773733643.5580828,1773733643558088094,-0.42,8.409937492055881e-20,0.8749994277780444,-0.2850000086321133,0.033083843578862515,0.453288177457537,0.4440269327666575,,0.0,0.5607619341867226,0.0,0.0,False,False,False
3373,1773733643.6080115,1773733643608014520,-0.42,8.409937492055881e-20,0.8749994277780444,-0.27904561215252877,0.05383708480104704,0.45802586898128805,0.44343378298113745,,0.0,0.541130783465038,0.0,0.022104243475778353,False,False,False
3374,1773733643.6585424,1773733643658546573,-0.42,8.409937492055881e-20,0.8749994277780444,-0.27904561215252877,0.05383708480104704,0.45802586898128805,0.44343378298113745,,0.0,0.541130783465038,0.0,0.0,False,False,False
3375,1773733643.7117982,1773733643711802806,-0.42,8.409937492055881e-20,0.8749994277780444,-0.2735763268823682,0.07431698727334624,0.4642479025752309,0.44235700752116874,,0.0,0.5212321802858886,0.0,0.02209192587090214,False,False,False
3376,1773733643.7579849,1773733643757987899,-0.42,8.409937492055881e-20,0.8749994277780444,-0.2735763268823682,0.07431698727334624,0.4642479025752309,0.44235700752116874,,0.0,0.5212321802858886,0.0,0.0,False,False,False
3377,1773733643.807971,1773733643807973465,-0.42,8.409937492055881e-20,0.8749994277780444,-0.26863249543673473,0.0944241119018533,0.4719297281738553,0.440787042782765,,0.0,0.5011386096516421,0.0,0.022085026029344663,False,False,False
3378,1773733643.8579943,1773733643857997371,-0.42,8.409937492055881e-20,0.8749994277780444,-0.26863249543673473,0.0944241119018533,0.4719297281738553,0.440787042782765,,0.0,0.5011386096516421,0.0,0.0,False,False,False
3379,1773733643.9081004,1773733643908103417,-0.42,8.409937492055881e-20,0.8749994277780444,-0.26863249543673473,0.0944241119018533,0.4719297281738553,0.440787042782765,,0.0,0.5011386096516421,0.0,0.0,False,False,False
3380,1773733643.9620092,1773733643962013185,-0.42,8.409937492055881e-20,0.8749994277780444,-0.2642560983580524,0.11398214724769867,0.48099971296866906,0.4387298349322984,,0.0,0.48100848504226246,0.0,0.021998504998244503,False,False,False
3381,1773733644.0080335,1773733644008037549,-0.42,8.409937492055881e-20,0.8749994277780444,-0.2642560983580524,0.11398214724769867,0.48099971296866906,0.4387298349322984,,0.0,0.48100848504226246,0.0,0.0,False,False,False
3382,1773733644.057942,1773733644057944226,-0.42,8.409937492055881e-20,0.8749994277780444,-0.2604706322511873,0.1329059183629561,0.4914077715642198,0.43618363223200124,,0.0,0.4609280492524303,0.0,0.02192638936526698,False,False,False
3383,1773733644.1079612,1773733644107963802,-0.42,8.409937492055881e-20,0.8749994277780444,-0.2604706322511873,0.1329059183629561,0.4914077715642198,0.43618363223200124,,0.0,0.4609280492524303,0.0,0.0,False,False,False
3384,1773733644.1584215,1773733644158424385,-0.42,8.409937492055881e-20,0.8749994277780444,-0.25730578364863255,0.1510286581655349,0.5030421539461376,0.43316426119652535,,0.0,0.44108681919598414,0.0,0.021767149975082792,False,False,False
3385,1773733644.2098913,1773733644209893911,-0.42,8.409937492055881e-20,0.8749994277780444,-0.25730578364863255,0.1510286581655349,0.5030421539461376,0.43316426119652535,,0.0,0.44108681919598414,0.0,0.0,False,False,False
3386,1773733644.258011,1773733644258013861,-0.42,8.409937492055881e-20,0.8749994277780444,-0.25476101476228463,0.16843341280140445,0.5159516761816074,0.4296382486659852,,0.0,0.4214233031903508,0.0,0.021818732707649096,False,False,False
3387,1773733644.3106804,1773733644310683518,-0.42,8.409937492055881e-20,0.8749994277780444,-0.25476101476228463,0.16843341280140445,0.5159516761816074,0.4296382486659852,,0.0,0.4214233031903508,0.0,0.0,False,False,False
3388,1773733644.3580403,1773733644358045123,-0.42,8.409937492055881e-20,0.8749994277780444,-0.25286575547003176,0.18495738673577006,0.5300252143022843,0.425617549645157,,0.0,0.4021594030817013,0.0,0.021787569795702573,False,False,False
3389,1773733644.40792,1773733644407922260,-0.42,8.409937492055881e-20,0.8749994277780444,-0.25286575547003176,0.18495738673577006,0.5300252143022843,0.425617549645157,,0.0,0.4021594030817013,0.0,0.0,False,False,False
3390,1773733644.4580312,1773733644458034415,-0.42,8.409937492055881e-20,0.8749994277780444,-0.251632965039743,0.20048217320767242,0.545155274206325,0.42111486067440507,,0.0,0.3834985359600107,0.0,0.02171307163768025,False,False,False
3391,1773733644.507975,1773733644507977732,-0.42,8.409937492055881e-20,0.8749994277780444,-0.251632965039743,0.20048217320767242,0.545155274206325,0.42111486067440507,,0.0,0.3834985359600107,0.0,0.0,False,False,False
3392,1773733644.5580444,1773733644558046468,-0.42,8.409937492055881e-20,0.8749994277780444,-0.251632965039743,0.20048217320767242,0.545155274206325,0.42111486067440507,,0.0,0.3834985359600107,0.0,0.0,False,False,False
3393,1773733644.6080673,1773733644608070434,-0.42,8.409937492055881e-20,0.8749994277780444,-0.2510698958772989,0.21493969675064734,0.561264638967149,0.41613215572505813,,0.0,0.3656170074462579,0.0,0.02165291358858306,False,False,False
3394,1773733644.6579525,1773733644657954631,-0.42,8.409937492055881e-20,0.8749994277780444,-0.2510698958772989,0.21493969675064734,0.561264638967149,0.41613215572505813,,0.0,0.3656170074462579,0.0,0.0,False,False,False
3395,1773733644.7081244,1773733644708127846,-0.42,8.409937492055881e-20,0.8749994277780444,-0.2511807481044641,0.22826160808278642,0.5782685923083275,0.41067321589514966,,0.0,0.3487214360704664,0.0,0.021601389746648717,False,False,False
3396,1773733644.7580407,1773733644758042673,-0.42,8.409937492055881e-20,0.8749994277780444,-0.2511807481044641,0.22826160808278642,0.5782685923083275,0.41067321589514966,,0.0,0.3487214360704664,0.0,0.0,False,False,False
3397,1773733644.8087635,1773733644808766784,-0.42,8.409937492055881e-20,0.8749994277780444,-0.2511807481044641,0.22826160808278642,0.5782685923083275,0.41067321589514966,,0.0,0.3487214360704664,0.0,0.0,False,False,False
3398,1773733644.8579974,1773733644857999606,-0.42,8.409937492055881e-20,0.8749994277780444,-0.25195566712170325,0.2403231830063376,0.5959824438890365,0.40477723182181125,,0.0,0.3331208699018924,0.0,0.021444407824491342,False,False,False
3399,1773733644.908037,1773733644908039412,-0.42,8.409937492055881e-20,0.8749994277780444,-0.25195566712170325,0.2403231830063376,0.5959824438890365,0.40477723182181125,,0.0,0.3331208699018924,0.0,0.0,False,False,False
3400,1773733644.9580839,1773733644958086687,-0.42,8.409937492055881e-20,0.8749994277780444,-0.25339248409651727,0.2511085874096534,0.614346623181518,0.39843879275295946,,0.0,0.3190214189854108,0.0,0.021345549237454235,False,False,False
3401,1773733645.0080397,1773733645008041874,-0.42,8.409937492055881e-20,0.8749994277780444,-0.25339248409651727,0.2511085874096534,0.614346623181518,0.39843879275295946,,0.0,0.3190214189854108,0.0,0.0,False,False,False
3402,1773733645.0583413,1773733645058345318,-0.42,8.409937492055881e-20,0.8749994277780444,-0.25548634149384897,0.26063152849375903,0.6333831356660585,0.39162733573387865,,0.0,0.3066012222811729,0.0,0.021388301785456802,False,False,False
3403,1773733645.1080515,1773733645108054937,-0.42,8.409937492055881e-20,0.8749994277780444,-0.25548634149384897,0.26063152849375903,0.6333831356660585,0.39162733573387865,,0.0,0.3066012222811729,0.0,0.0,False,False,False
3404,1773733645.1580775,1773733645158080143,-0.42,8.409937492055881e-20,0.8749994277780444,-0.25826955875159985,0.2688745687930588,0.6531154197038407,0.3842951761460568,,0.0,0.2961178803951033,0.0,0.02156518131218551,False,False,False
3405,1773733645.2081378,1773733645208140839,-0.42,8.409937492055881e-20,0.8749994277780444,-0.25826955875159985,0.2688745687930588,0.6531154197038407,0.3842951761460568,,0.0,0.2961178803951033,0.0,0.0,False,False,False
3406,1773733645.2579453,1773733645257948877,-0.42,8.409937492055881e-20,0.8749994277780444,-0.26168168854976825,0.27566894676866005,0.6731611909057302,0.37655906550861223,,0.0,0.2880012739429736,0.0,0.021439196461467212,False,False,False
3407,1773733645.3080301,1773733645308032902,-0.42,8.409937492055881e-20,0.8749994277780444,-0.26168168854976825,0.27566894676866005,0.6731611909057302,0.37655906550861223,,0.0,0.2880012739429736,0.0,0.0,False,False,False
3408,1773733645.358023,1773733645358026379,-0.42,8.409937492055881e-20,0.8749994277780444,-0.26168168854976825,0.27566894676866005,0.6731611909057302,0.37655906550861223,,0.0,0.2880012739429736,0.0,0.0,False,False,False
3409,1773733645.408014,1773733645408016415,-0.42,8.409937492055881e-20,0.8749994277780444,-0.26561412640781135,0.2809320829901926,0.6931269788580745,0.3685585718636575,,0.0,0.2824981406984075,0.0,0.021018976163261482,False,False,False
3410,1773733645.458002,1773733645458004412,-0.42,8.409937492055881e-20,0.8749994277780444,-0.26561412640781135,0.2809320829901926,0.6931269788580745,0.3685585718636575,,0.0,0.2824981406984075,0.0,0.0,False,False,False
3411,1773733645.5079696,1773733645507972329,-0.42,8.409937492055881e-20,0.8749994277780444,-0.27021775671143133,0.28483342288600466,0.713627749536871,0.36000780232640284,,0.0,0.27960282322064867,0.0,0.021370434328287904,False,False,False
3412,1773733645.55795,1773733645557952145,-0.42,8.409937492055881e-20,0.8749994277780444,-0.27021775671143133,0.28483342288600466,0.713627749536871,0.36000780232640284,,0.0,0.27960282322064867,0.0,0.0,False,False,False
3413,1773733645.608077,1773733645608081201,-0.42,8.409937492055881e-20,0.8749994277780444,-0.27543420485707304,0.2872600583264626,0.7343521510582454,0.35099753087981284,,0.0,0.27953276685296197,0.0,0.02150815448233991,False,False,False
3414,1773733645.6579947,1773733645657997257,-0.42,8.409937492055881e-20,0.8749994277780444,-0.27543420485707304,0.2872600583264626,0.7343521510582454,0.35099753087981284,,0.0,0.27953276685296197,0.0,0.0,False,False,False
3415,1773733645.7079546,1773733645707959144,-0.42,8.409937492055881e-20,0.8749994277780444,-0.2812207625539669,0.28816685617452786,0.7551240173644715,0.341569799258418,,0.0,0.2823279015342605,0.0,0.02158186651243288,False,False,False
3416,1773733645.758113,1773733645758115829,-0.42,8.409937492055881e-20,0.8749994277780444,-0.2812207625539669,0.28816685617452786,0.7551240173644715,0.341569799258418,,0.0,0.2823279015342605,0.0,0.0,False,False,False
3417,1773733645.8085198,1773733645808523683,-0.42,8.409937492055881e-20,0.8749994277780444,-0.2812207625539669,0.28816685617452786,0.7551240173644715,0.341569799258418,,0.0,0.2823279015342605,0.0,0.0,False,False,False
3418,1773733645.858088,1773733645858093742,-0.42,8.409937492055881e-20,0.8749994277780444,-0.2874995679142951,0.28753954080866295,0.7756889477756134,0.3318100713807049,,0.0,0.2878672353334677,0.0,0.021511236229846072,False,False,False
3419,1773733645.9082034,1773733645908207538,-0.42,8.409937492055881e-20,0.8749994277780444,-0.2874995679142951,0.28753954080866295,0.7756889477756134,0.3318100713807049,,0.0,0.2878672353334677,0.0,0.0,False,False,False
3420,1773733645.9580247,1773733645958028596,-0.42,8.409937492055881e-20,0.8749994277780444,-0.2941970969915705,0.285406426484033,0.7958489097789924,0.3217887555264359,,0.0,0.29589901868960133,0.0,0.02135020235127938,False,False,False
3421,1773733646.008112,1773733646008115301,-0.42,8.409937492055881e-20,0.8749994277780444,-0.2941970969915705,0.285406426484033,0.7958489097789924,0.3217887555264359,,0.0,0.29589901868960133,0.0,0.0,False,False,False
3422,1773733646.0580366,1773733646058038998,-0.42,8.409937492055881e-20,0.8749994277780444,-0.30132673403770815,0.2817768281844666,0.815665751510494,0.3114514570447178,,0.0,0.3062229623958801,0.0,0.021370842857436866,False,False,False
3423,1773733646.10802,1773733646108022795,-0.42,8.409937492055881e-20,0.8749994277780444,-0.30132673403770815,0.2817768281844666,0.815665751510494,0.3114514570447178,,0.0,0.3062229623958801,0.0,0.0,False,False,False
3424,1773733646.1579854,1773733646157988992,-0.42,8.409937492055881e-20,0.8749994277780444,-0.3088171005798084,0.27668703787463544,0.8349619685529854,0.3008660037168019,,0.0,0.3185175824319975,0.0,0.02131561747836551,False,False,False
3425,1773733646.207985,1773733646207987018,-0.42,8.409937492055881e-20,0.8749994277780444,-0.3088171005798084,0.27668703787463544,0.8349619685529854,0.3008660037168019,,0.0,0.3185175824319975,0.0,0.0,False,False,False
3426,1773733646.2579803,1773733646257983745,-0.42,8.409937492055881e-20,0.8749994277780444,-0.31670557176268543,0.2700984124906069,0.8538388911378945,0.2899494087693901,,0.0,0.3326403467994262,0.0,0.02149363087825776,False,False,False
3427,1773733646.3079767,1773733646307979611,-0.42,8.409937492055881e-20,0.8749994277780444,-0.31670557176268543,0.2700984124906069,0.8538388911378945,0.2899494087693901,,0.0,0.3326403467994262,0.0,0.0,False,False,False
3428,1773733646.3588595,1773733646358863362,-0.42,8.409937492055881e-20,0.8749994277780444,-0.3248891196673951,0.26207575949100903,0.8720507615257396,0.27881620810688135,,0.0,0.3482243912192421,0.0,0.021517565858718873,False,False,False
3429,1773733646.408141,1773733646408145263,-0.42,8.409937492055881e-20,0.8749994277780444,-0.3248891196673951,0.26207575949100903,0.8720507615257396,0.27881620810688135,,0.0,0.3482243912192421,0.0,0.0,False,False,False
3430,1773733646.4589632,1773733646458965794,-0.42,8.409937492055881e-20,0.8749994277780444,-0.3248891196673951,0.26207575949100903,0.8720507615257396,0.27881620810688135,,0.0,0.3482243912192421,0.0,0.0,False,False,False
3431,1773733646.510875,1773733646510880027,-0.42,8.409937492055881e-20,0.8749994277780444,-0.3333012409091368,0.2526764930131812,0.889468585711446,0.2675283937839822,,0.0,0.36497376246018937,0.0,0.021505594469141333,False,False,False
3432,1773733646.5580654,1773733646558070174,-0.42,8.409937492055881e-20,0.8749994277780444,-0.3333012409091368,0.2526764930131812,0.889468585711446,0.2675283937839822,,0.0,0.36497376246018937,0.0,0.0,False,False,False
3433,1773733646.6082346,1773733646608237989,-0.42,8.409937492055881e-20,0.8749994277780444,-0.34189666065180613,0.24194462850132542,0.9060194421368666,0.25612414210457596,,0.0,0.38266034157082973,0.0,0.021517086347095944,False,False,False
3434,1773733646.6579921,1773733646657995317,-0.42,8.409937492055881e-20,0.8749994277780444,-0.34189666065180613,0.24194462850132542,0.9060194421368666,0.25612414210457596,,0.0,0.38266034157082973,0.0,0.0,False,False,False
3435,1773733646.7080414,1773733646708043973,-0.42,8.409937492055881e-20,0.8749994277780444,-0.35056873694076507,0.23001321652257262,0.9215280411139734,0.24472779148275117,,0.0,0.40095708061017504,0.0,0.021402806853330403,False,False,False
3436,1773733646.758094,1773733646758097349,-0.42,8.409937492055881e-20,0.8749994277780444,-0.35056873694076507,0.23001321652257262,0.9215280411139734,0.24472779148275117,,0.0,0.40095708061017504,0.0,0.0,False,False,False
3437,1773733646.8080792,1773733646808083236,-0.42,8.409937492055881e-20,0.8749994277780444,-0.3591175875668309,0.21719200591675705,0.9357047791307935,0.23358975846703522,,0.0,0.41935446507085833,0.0,0.020939106695917517,False,False,False
3438,1773733646.8579879,1773733646857990773,-0.42,8.409937492055881e-20,0.8749994277780444,-0.3591175875668309,0.21719200591675705,0.9357047791307935,0.23358975846703522,,0.0,0.41935446507085833,0.0,0.0,False,False,False
3439,1773733646.9115837,1773733646911588434,-0.42,8.409937492055881e-20,0.8749994277780444,-0.3674028651170134,0.20376643650866239,0.9484247131058307,0.2228867240793059,,0.0,0.43748086398779634,0.0,0.020265449867802838,False,False,False
3440,1773733646.9581094,1773733646958114505,-0.42,8.409937492055881e-20,0.8749994277780444,-0.3674028651170134,0.20376643650866239,0.9484247131058307,0.2228867240793059,,0.0,0.43748086398779634,0.0,0.0,False,False,False
3441,1773733647.0079322,1773733647007934363,-0.42,8.409937492055881e-20,0.8749994277780444,-0.3674028651170134,0.20376643650866239,0.9484247131058307,0.2228867240793059,,0.0,0.43748086398779634,0.0,0.0,False,False,False
3442,1773733647.0579617,1773733647057964639,-0.42,8.409937492055881e-20,0.8749994277780444,-0.37533622103564124,0.18997547973932996,0.9596768860169116,0.21273412511245288,,0.0,0.45509295452734894,0.0,0.01948691920150762,False,False,False
3443,1773733647.1080396,1773733647108045106,-0.42,8.409937492055881e-20,0.8749994277780444,-0.37533622103564124,0.18997547973932996,0.9596768860169116,0.21273412511245288,,0.0,0.45509295452734894,0.0,0.0,False,False,False
3444,1773733647.1579905,1773733647157993273,-0.42,8.409937492055881e-20,0.8749994277780444,-0.3828645413519587,0.17601568132317094,0.9695135611252921,0.20320798154364353,,0.0,0.47203815665356014,0.0,0.01866311216792918,False,False,False
3445,1773733647.2079508,1773733647207953250,-0.42,8.409937492055881e-20,0.8749994277780444,-0.3828645413519587,0.17601568132317094,0.9695135611252921,0.20320798154364353,,0.0,0.47203815665356014,0.0,0.0,False,False,False
3446,1773733647.2579973,1773733647257999696,-0.42,8.409937492055881e-20,0.8749994277780444,-0.3899451198899192,0.1620746514385087,0.9780048182647975,0.1943748927373952,,0.0,0.48819507511278765,0.0,0.017792929901690565,False,False,False
3447,1773733647.3079567,1773733647307959543,-0.42,8.409937492055881e-20,0.8749994277780444,-0.3899451198899192,0.1620746514385087,0.9780048182647975,0.1943748927373952,,0.0,0.48819507511278765,0.0,0.0,False,False,False
3448,1773733647.362403,1773733647362407328,-0.42,8.409937492055881e-20,0.8749994277780444,-0.39656809369823703,0.14828061336941048,0.9852594898637411,0.1862618474763012,,0.0,0.5035209955770296,0.0,0.016934270823567056,False,False,False
3449,1773733647.4079764,1773733647407979016,-0.42,8.409937492055881e-20,0.8749994277780444,-0.39656809369823703,0.14828061336941048,0.9852594898637411,0.1862618474763012,,0.0,0.5035209955770296,0.0,0.0,False,False,False
3450,1773733647.4585109,1773733647458513169,-0.42,8.409937492055881e-20,0.8749994277780444,-0.39656809369823703,0.14828061336941048,0.9852594898637411,0.1862618474763012,,0.0,0.5035209955770296,0.0,0.0,False,False,False
3451,1773733647.5093484,1773733647509352060,-0.42,8.409937492055881e-20,0.8749994277780444,-0.4027221164115235,0.13476430389412636,0.9913788529980481,0.1788969353563772,,0.0,0.5179713186646555,0.0,0.01606266548729743,False,False,False
3452,1773733647.5586622,1773733647558667471,-0.42,8.409937492055881e-20,0.8749994277780444,-0.4027221164115235,0.13476430389412636,0.9913788529980481,0.1788969353563772,,0.0,0.5179713186646555,0.0,0.0,False,False,False
3453,1773733647.6079843,1773733647607987673,-0.42,8.409937492055881e-20,0.8749994277780444,-0.4083955099798735,0.12165979858816794,0.9964612577030887,0.17230422777715348,,0.0,0.5314988629555776,0.0,0.015157384057980007,False,False,False
3454,1773733647.65792,1773733647657922510,-0.42,8.409937492055881e-20,0.8749994277780444,-0.4083955099798735,0.12165979858816794,0.9964612577030887,0.17230422777715348,,0.0,0.5314988629555776,0.0,0.0,False,False,False
3455,1773733647.7080662,1773733647708069225,-0.42,8.409937492055881e-20,0.8749994277780444,-0.4136192906786192,0.10900012622620181,1.0006367278486887,0.16645261228894248,,0.0,0.544156564602036,0.0,0.014317462765368535,False,False,False
3456,1773733647.7595444,1773733647759548092,-0.42,8.409937492055881e-20,0.8749994277780444,-0.4136192906786192,0.10900012622620181,1.0006367278486887,0.16645261228894248,,0.0,0.544156564602036,0.0,0.0,False,False,False
3457,1773733647.8080354,1773733647808038689,-0.42,8.409937492055881e-20,0.8749994277780444,-0.41836600240260163,0.09695716797970888,1.0039820409860427,0.16136876054787644,,0.0,0.555853313659362,0.0,0.013369937752447375,False,False,False
3458,1773733647.859564,1773733647859569535,-0.42,8.409937492055881e-20,0.8749994277780444,-0.41836600240260163,0.09695716797970888,1.0039820409860427,0.16136876054787644,,0.0,0.555853313659362,0.0,0.0,False,False,False
3459,1773733647.908045,1773733647908048282,-0.42,8.409937492055881e-20,0.8749994277780444,-0.41836600240260163,0.09695716797970888,1.0039820409860427,0.16136876054787644,,0.0,0.555853313659362,0.0,0.0,False,False,False
3460,1773733647.9580734,1773733647958075659,-0.42,8.409937492055881e-20,0.8749994277780444,-0.4226852876683233,0.08550883330274342,1.0066262372629382,0.1569859494280636,,0.0,0.5666838450785475,0.0,0.012518480979465448,False,False,False
3461,1773733648.0079832,1773733648007985486,-0.42,8.409937492055881e-20,0.8749994277780444,-0.4226852876683233,0.08550883330274342,1.0066262372629382,0.1569859494280636,,0.0,0.5666838450785475,0.0,0.0,False,False,False
3462,1773733648.0579598,1773733648057961563,-0.42,8.409937492055881e-20,0.8749994277780444,-0.4265709405889326,0.07477119522131277,1.008652829308959,0.1532877706662564,,0.0,0.5766028945817966,0.0,0.011597510315072952,False,False,False
3463,1773733648.1081944,1773733648108198858,-0.42,8.409937492055881e-20,0.8749994277780444,-0.4265709405889326,0.07477119522131277,1.008652829308959,0.1532877706662564,,0.0,0.5766028945817966,0.0,0.0,False,False,False
3464,1773733648.1581023,1773733648158104906,-0.42,8.409937492055881e-20,0.8749994277780444,-0.4300455174368992,0.06478205508007097,1.0101586781474647,0.1502186740768139,,0.0,0.5856347144041628,0.0,0.010682845396158432,False,False,False
3465,1773733648.2096307,1773733648209633182,-0.42,8.409937492055881e-20,0.8749994277780444,-0.4300455174368992,0.06478205508007097,1.0101586781474647,0.1502186740768139,,0.0,0.5856347144041628,0.0,0.0,False,False,False
3466,1773733648.2579587,1773733648257961460,-0.42,8.409937492055881e-20,0.8749994277780444,-0.4331291473865485,0.05557962897935525,1.0112320676001474,0.1477186576620548,,0.0,0.5937967930834319,0.0,0.009764506373731255,False,False,False
3467,1773733648.310266,1773733648310273691,-0.42,8.409937492055881e-20,0.8749994277780444,-0.4331291473865485,0.05557962897935525,1.0112320676001474,0.1477186576620548,,0.0,0.5937967930834319,0.0,0.0,False,False,False
3468,1773733648.3580463,1773733648358048633,-0.42,8.409937492055881e-20,0.8749994277780444,-0.4331291473865485,0.05557962897935525,1.0112320676001474,0.1477186576620548,,0.0,0.5937967930834319,0.0,0.0,False,False,False
3469,1773733648.4080539,1773733648408056860,-0.42,8.409937492055881e-20,0.8749994277780444,-0.4358429825115239,0.04719257588743605,1.0119546275434603,0.14572187912779894,,0.0,0.6011093530974227,0.0,0.008844752880883792,False,False,False
3470,1773733648.4580557,1773733648458058367,-0.42,8.409937492055881e-20,0.8749994277780444,-0.4358429825115239,0.04719257588743605,1.0119546275434603,0.14572187912779894,,0.0,0.6011093530974227,0.0,0.0,False,False,False
3471,1773733648.5080085,1773733648508010494,-0.42,8.409937492055881e-20,0.8749994277780444,-0.43820771588561563,0.039643579112135056,1.0124005691953513,0.1441603549710189,,0.0,0.6075923113411702,0.0,0.007923268277733575,False,False,False
3472,1773733648.557976,1773733648557978131,-0.42,8.409937492055881e-20,0.8749994277780444,-0.43820771588561563,0.039643579112135056,1.0124005691953513,0.1441603549710189,,0.0,0.6075923113411702,0.0,0.0,False,False,False
3473,1773733648.6083066,1773733648608308875,-0.42,8.409937492055881e-20,0.8749994277780444,-0.43820771588561563,0.039643579112135056,1.0124005691953513,0.1441603549710189,,0.0,0.6075923113411702,0.0,0.0,False,False,False
3474,1773733648.6580427,1773733648658045404,-0.42,8.409937492055881e-20,0.8749994277780444,-0.4402420192452215,0.032953889752282105,1.012636426061266,0.1429672741900922,,0.0,0.613261704936152,0.0,0.0069961391032077516,False,False,False
3475,1773733648.7080004,1773733648708002881,-0.42,8.409937492055881e-20,0.8749994277780444,-0.4402420192452215,0.032953889752282105,1.012636426061266,0.1429672741900922,,0.0,0.613261704936152,0.0,0.0,False,False,False
3476,1773733648.75798,1773733648757982128,-0.42,8.409937492055881e-20,0.8749994277780444,-0.4419653380693827,0.027133640960038216,1.0127213315064747,0.1420775609124592,,0.0,0.6181381901533135,0.0,0.006070612218545254,False,False,False
3477,1773733648.8080297,1773733648808031755,-0.42,8.409937492055881e-20,0.8749994277780444,-0.4419653380693827,0.027133640960038216,1.0127213315064747,0.1420775609124592,,0.0,0.6181381901533135,0.0,0.0,False,False,False
3478,1773733648.8579981,1773733648858000512,-0.42,8.409937492055881e-20,0.8749994277780444,-0.44339278800820936,0.02219827299849099,1.0127064505971541,0.1414327048055554,,0.0,0.622233429546211,0.0,0.005137673762043017,False,False,False
3479,1773733648.9080625,1773733648908066218,-0.42,8.409937492055881e-20,0.8749994277780444,-0.44339278800820936,0.02219827299849099,1.0127064505971541,0.1414327048055554,,0.0,0.622233429546211,0.0,0.0,False,False,False
3480,1773733648.9580255,1773733648958028625,-0.42,8.409937492055881e-20,0.8749994277780444,-0.44339278800820936,0.02219827299849099,1.0127064505971541,0.1414327048055554,,0.0,0.622233429546211,0.0,0.0,False,False,False
3481,1773733649.009874,1773733649009877289,-0.42,8.409937492055881e-20,0.8749994277780444,-0.4445403512367473,0.01815053969560248,1.0126351581815076,0.14097966241185064,,0.0,0.6255654057381341,0.0,0.004207865119432162,False,False,False
3482,1773733649.058073,1773733649058076289,-0.42,8.409937492055881e-20,0.8749994277780444,-0.4445403512367473,0.01815053969560248,1.0126351581815076,0.14097966241185064,,0.0,0.6255654057381341,0.0,0.0,False,False,False
3483,1773733649.1079543,1773733649107956466,-0.42,8.409937492055881e-20,0.8749994277780444,-0.44541905718202385,0.015000230513465218,1.0125430144935286,0.14067470856568356,,0.0,0.6281422594304994,0.0,0.0032718591871529383,False,False,False
3484,1773733649.1597621,1773733649159766301,-0.42,8.409937492055881e-20,0.8749994277780444,-0.44541905718202385,0.015000230513465218,1.0125430144935286,0.14067470856568356,,0.0,0.6281422594304994,0.0,0.0,False,False,False
3485,1773733649.208034,1773733649208036510,-0.42,8.409937492055881e-20,0.8749994277780444,-0.4460395673526241,0.012747838964434335,1.012457535872978,0.14048237593098084,,0.0,0.6299759630420426,0.0,0.0023378638019643833,False,False,False
3486,1773733649.2581053,1773733649258108366,-0.42,8.409937492055881e-20,0.8749994277780444,-0.4460395673526241,0.012747838964434335,1.012457535872978,0.14048237593098084,,0.0,0.6299759630420426,0.0,0.0,False,False,False
3487,1773733649.3080995,1773733649308103473,-0.42,8.409937492055881e-20,0.8749994277780444,-0.4460395673526241,0.012747838964434335,1.012457535872978,0.14048237593098084,,0.0,0.6299759630420426,0.0,0.0,False,False,False
3488,1773733649.3580015,1773733649358006161,-0.42,8.409937492055881e-20,0.8749994277780444,-0.4464096969392231,0.01139301371816074,1.0123982689536821,0.14037704374438126,,0.0,0.6310754898214617,0.0,0.0014057239866129706,False,False,False
3489,1773733649.4081352,1773733649408139297,-0.42,8.409937492055881e-20,0.8749994277780444,-0.4464096969392231,0.01139301371816074,1.0123982689536821,0.14037704374438126,,0.0,0.6310754898214617,0.0,0.0,False,False,False
3490,1773733649.4581077,1773733649458111504,-0.42,8.409937492055881e-20,0.8749994277780444,-0.44659023712807105,0.010729033388373617,1.0123670735199826,0.14032826858711864,,0.0,0.6316134087909601,0.0,0.0006887944491770903,False,False,False
3491,1773733649.5080159,1773733649508018691,-0.42,8.409937492055881e-20,0.8749994277780444,-0.44659023712807105,0.010729033388373617,1.0123670735199826,0.14032826858711864,,0.0,0.6316134087909601,0.0,0.0,False,False,False
3492,1773733649.5580912,1773733649558094198,-0.42,8.409937492055881e-20,0.8749994277780444,-0.4466764044919101,0.010411394539278189,1.0123516513987916,0.14030559869952536,,0.0,0.6318705222299543,0.0,0.0003294800371307299,False,False,False
3493,1773733649.6081786,1773733649608181724,-0.42,8.409937492055881e-20,0.8749994277780444,-0.4466764044919101,0.010411394539278189,1.0123516513987916,0.14030559869952536,,0.0,0.6318705222299543,0.0,0.0,False,False,False
3494,1773733649.6579645,1773733649657969443,-0.42,8.409937492055881e-20,0.8749994277780444,-0.44671757552555713,0.010259449341999932,1.012344160487578,0.14029490634309624,,0.0,0.631993463349121,0.0,0.00015760238176595876,False,False,False
3495,1773733649.710435,1773733649710437782,-0.42,8.409937492055881e-20,0.8749994277780444,-0.44671757552555713,0.010259449341999932,1.012344160487578,0.14029490634309624,,0.0,0.631993463349121,0.0,0.0,False,False,False
3496,1773733649.7580519,1773733649758055446,-0.42,8.409937492055881e-20,0.8749994277780444,-0.44671757552555713,0.010259449341999932,1.012344160487578,0.14029490634309624,,0.0,0.631993463349121,0.0,0.0,False,False,False
3497,1773733649.8085122,1773733649808515770,-0.42,8.409937492055881e-20,0.8749994277780444,-0.44673725785464324,0.01018676261283935,1.0123405514715973,0.14028982624382932,,0.0,0.6320522624691123,0.0,7.539084606679343e-05,False,False,False
3498,1773733649.8585668,1773733649858569846,-0.42,8.409937492055881e-20,0.8749994277780444,-0.44673725785464324,0.01018676261283935,1.0123405514715973,0.14028982624382932,,0.0,0.6320522624691123,0.0,0.0,False,False,False
3499,1773733649.9079757,1773733649907978737,-0.42,8.409937492055881e-20,0.8749994277780444,-0.44674662666436094,0.010151973548926364,1.0123388248273932,0.14028739995715755,,0.0,0.6320803724905271,0.0,3.606986087685351e-05,False,False,False
3500,1773733649.958083,1773733649958086563,-0.42,8.409937492055881e-20,0.8749994277780444,-0.44674662666436094,0.010151973548926364,1.0123388248273932,0.14028739995715755,,0.0,0.6320803724905271,0.0,0.0,False,False,False
3501,1773733650.0081003,1773733650008106340,-0.42,8.409937492055881e-20,0.8749994277780444,-0.44674662666436094,0.010151973548926364,1.0123388248273932,0.14028739995715755,,0.0,0.6320803724905271,0.0,0.0,False,False,False
3502,1773733650.0580683,1773733650058073138,-0.42,8.409937492055881e-20,0.8749994277780444,-0.44675112915884574,0.01013533013160127,1.0123379952408325,0.14028624287819735,,0.0,0.632093832855109,0.0,1.7261634068209822e-05,False,False,False
3503,1773733650.1079721,1773733650107975375,-0.42,8.409937492055881e-20,0.8749994277780444,-0.44675112915884574,0.01013533013160127,1.0123379952408325,0.14028624287819735,,0.0,0.632093832855109,0.0,0.0,False,False,False
3504,1773733650.1579993,1773733650158003602,-0.42,8.409937492055881e-20,0.8749994277780444,-0.44675329340289527,0.010127362997531066,1.0123375978471256,0.1402856911702296,,0.0,0.6321002820767843,0.0,8.26541586108991e-06,False,False,False
3505,1773733650.2079735,1773733650207976320,-0.42,8.409937492055881e-20,0.8749994277780444,-0.44675329340289527,0.010127362997531066,1.0123375978471256,0.1402856911702296,,0.0,0.6321002820767843,0.0,0.0,False,False,False
3506,1773733650.2602956,1773733650260299480,-0.42,8.409937492055881e-20,0.8749994277780444,-0.44675433861337444,0.01012354614246476,1.0123374071298374,0.14028542830091528,,0.0,0.6321033771092882,0.0,3.961971810470137e-06,False,False,False
3507,1773733650.3079772,1773733650307980724,-0.42,8.409937492055881e-20,0.8749994277780444,-0.44675433861337444,0.01012354614246476,1.0123374071298374,0.14028542830091528,,0.0,0.6321033771092882,0.0,0.0,False,False,False
3508,1773733650.3580537,1773733650358057350,-0.42,8.409937492055881e-20,0.8749994277780444,-0.4467548295005314,0.010121719541358883,1.0123373186834965,0.14028530352975077,,0.0,0.6321048532636974,0.0,1.8934794839391988e-06,False,False,False
3509,1773733650.4081893,1773733650408194406,-0.42,8.409937492055881e-20,0.8749994277780444,-0.4467548295005314,0.010121719541358883,1.0123373186834965,0.14028530352975077,,0.0,0.6321048532636974,0.0,0.0,False,False,False
3510,1773733650.4579787,1773733650457982155,-0.42,8.409937492055881e-20,0.8749994277780444,-0.4467548295005314,0.010121719541358883,1.0123373186834965,0.14028530352975077,,0.0,0.6321048532636974,0.0,0.0,False,False,False
3511,1773733650.5080237,1773733650508026362,-0.42,8.409937492055881e-20,0.8749994277780444,-0.4467550734319425,0.010120821978968728,1.0123372756014513,0.14028524311788418,,0.0,0.6321055805484236,0.0,9.311159112332017e-07,False,False,False
3512,1773733650.558034,1773733650558037819,-0.42,8.409937492055881e-20,0.8749994277780444,-0.4467550734319425,0.010120821978968728,1.0123372756014513,0.14028524311788418,,0.0,0.6321055805484236,0.0,0.0,False,False,False
3513,1773733650.6079946,1773733650607996806,-0.42,8.409937492055881e-20,0.8749994277780444,-0.44675518787065216,0.01012038521660278,1.0123372557842678,0.14028521403338745,,0.0,0.632105932102319,0.0,4.5194059713660196e-07,False,False,False
3514,1773733650.6579192,1773733650657921214,-0.42,8.409937492055881e-20,0.8749994277780444,-0.44675518787065216,0.01012038521660278,1.0123372557842678,0.14028521403338745,,0.0,0.632105932102319,0.0,0.0,False,False,False
3515,1773733650.708028,1773733650708031510,-0.42,8.409937492055881e-20,0.8749994277780444,-0.44675518787065216,0.01012038521660278,1.0123372557842678,0.14028521403338745,,0.0,0.632105932102319,0.0,0.0,False,False,False
3516,1773733650.7580392,1773733650758042477,-0.42,8.409937492055881e-20,0.8749994277780444,-0.4467552447179951,0.010120164714180167,1.012337246488686,0.14028519986783705,,0.0,0.6321061092515058,0.0,2.2790205488312487e-07,False,False,False
3517,1773733650.8079882,1773733650807992005,-0.42,8.409937492055881e-20,0.8749994277780444,-0.4467552447179951,0.010120164714180167,1.012337246488686,0.14028519986783705,,0.0,0.6321061092515058,0.0,0.0,False,False,False
3518,1773733650.8579493,1773733650857952692,-0.42,8.409937492055881e-20,0.8749994277780444,-0.4467552718054672,0.010120050643472295,1.0123372423515564,0.1402851927547567,,0.0,0.6321061996325843,0.0,1.1731569963126675e-07,False,False,False
3519,1773733650.9079528,1773733650907955309,-0.42,8.409937492055881e-20,0.8749994277780444,-0.4467552718054672,0.010120050643472295,1.0123372423515564,0.1402851927547567,,0.0,0.6321061996325843,0.0,0.0,False,False,False
3520,1773733650.958078,1773733650958081115,-0.42,8.409937492055881e-20,0.8749994277780444,-0.4467552847690683,0.01011998781189001,1.012337240958793,0.1402851893310799,,0.0,0.63210624847455,0.0,6.417010577675504e-08,False,False,False
3521,1773733651.0079165,1773733651007918713,-0.42,8.409937492055881e-20,0.8749994277780444,-0.4467552847690683,0.01011998781189001,1.012337240958793,0.1402851893310799,,0.0,0.63210624847455,0.0,0.0,False,False,False
3522,1773733651.05808,1773733651058084409,-0.42,8.409937492055881e-20,0.8749994277780444,-0.4467552908489796,0.010119949927565222,1.0123372408085438,0.1402851876106324,,0.0,0.6321062770513768,0.0,3.836938833041646e-08,False,False,False
3523,1773733651.1079423,1773733651107944307,-0.42,8.409937492055881e-20,0.8749994277780444,-0.4467552908489796,0.010119949927565222,1.0123372408085438,0.1402851876106324,,0.0,0.6321062770513768,0.0,0.0,False,False,False
3524,1773733651.1579976,1773733651158001024,-0.42,8.409937492055881e-20,0.8749994277780444,-0.4467552908489796,0.010119949927565222,1.0123372408085438,0.1402851876106324,,0.0,0.6321062770513768,0.0,0.0,False,False,False
3525,1773733651.2080088,1773733651208012292,-0.42,8.409937492055881e-20,0.8749994277780444,-0.4467552938534553,0.010119923703529307,1.0123372413777099,0.1402851868490984,,0.0,0.6321062963025899,0.0,2.6401721232456235e-08,False,False,False
3526,1773733651.2580395,1773733651258042839,-0.42,8.409937492055881e-20,0.8749994277780444,-0.4467552938534553,0.010119923703529307,1.0123372413777099,0.1402851868490984,,0.0,0.6321062963025899,0.0,0.0,False,False,False
3527,1773733651.30807,1773733651308073155,-0.42,8.409937492055881e-20,0.8749994277780444,-0.4467552951515633,0.010119902908653299,1.0123372417811434,0.14028518599152814,,0.0,0.6321063108396174,0.0,2.083925889316897e-08,False,False,False
3528,1773733651.3597538,1773733651359756381,-0.42,8.409937492055881e-20,0.8749994277780444,-0.4467552951515633,0.010119902908653299,1.0123372417811434,0.14028518599152814,,0.0,0.6321063108396174,0.0,0.0,False,False,False
3529,1773733651.4079983,1773733651408001021,-0.42,8.409937492055881e-20,0.8749994277780444,-0.4467552957015984,0.01011988395281578,1.0123372423168822,0.1402851852534779,,0.0,0.6321063237407962,0.0,1.897138188501043e-08,False,False,False
3530,1773733651.4580317,1773733651458037117,-0.42,8.409937492055881e-20,0.8749994277780444,-0.4467552957015984,0.01011988395281578,1.0123372423168822,0.1402851852534779,,0.0,0.6321063237407962,0.0,0.0,False,False,False
3531,1773733651.5079925,1773733651507996635,-0.42,8.409937492055881e-20,0.8749994277780444,-0.44675529604142317,0.010119866862628099,1.0123372433299564,0.14028518507722948,,0.0,0.6321063354736344,0.0,1.712356024300461e-08,False,False,False
3532,1773733651.5579956,1773733651557998032,-0.42,8.409937492055881e-20,0.8749994277780444,-0.44675529604142317,0.010119866862628099,1.0123372433299564,0.14028518507722948,,0.0,0.6321063354736344,0.0,0.0,False,False,False
3533,1773733651.6080666,1773733651608072369,-0.42,8.409937492055881e-20,0.8749994277780444,-0.44675529595330904,0.010119850208732371,1.012337243682467,0.1402851842041539,,0.0,0.6321063463885211,0.0,1.665785912529567e-08,False,False,False
3534,1773733651.6580133,1773733651658017066,-0.42,8.409937492055881e-20,0.8749994277780444,-0.44675529595330904,0.010119850208732371,1.012337243682467,0.1402851842041539,,0.0,0.6321063463885211,0.0,0.0,False,False,False
3535,1773733651.7090948,1773733651709097806,-0.42,8.409937492055881e-20,0.8749994277780444,-0.44675529595330904,0.010119850208732371,1.012337243682467,0.1402851842041539,,0.0,0.6321063463885211,0.0,0.0,False,False,False
3536,1773733651.7580278,1773733651758030721,-0.42,8.409937492055881e-20,0.8749994277780444,-0.4467552960674436,0.010119834077480364,1.0123372448630907,0.14028518421807037,,0.0,0.6321063574138992,0.0,1.6174801100387976e-08,False,False,False
3537,1773733651.8085022,1773733651808505995,-0.42,8.409937492055881e-20,0.8749994277780444,-0.4467552960674436,0.010119834077480364,1.0123372448630907,0.14028518421807037,,0.0,0.6321063574138992,0.0,0.0,False,False,False
3538,1773733651.8580713,1773733651858074235,-0.42,8.409937492055881e-20,0.8749994277780444,-0.44675529607161873,0.010119817926095176,1.0123372458667064,0.14028518403627557,,0.0,0.6321063683123608,0.0,1.6182537046268693e-08,False,False,False
3539,1773733651.9080577,1773733651908060592,-0.42,8.409937492055881e-20,0.8749994277780444,-0.44675529607161873,0.010119817926095176,1.0123372458667064,0.14028518403627557,,0.0,0.6321063683123608,0.0,0.0,False,False,False
3540,1773733651.9580176,1773733651958020030,-0.42,8.409937492055881e-20,0.8749994277780444,-0.44675529607501957,0.010119802009143253,1.0123372469100116,0.14028518391010203,,0.0,0.6321063790730097,0.0,1.5951108296034183e-08,False,False,False
3541,1773733652.0080602,1773733652008063347,-0.42,8.409937492055881e-20,0.8749994277780444,-0.44675529607501957,0.010119802009143253,1.0123372469100116,0.14028518391010203,,0.0,0.6321063790730097,0.0,0.0,False,False,False
3542,1773733652.0580475,1773733652058051514,-0.42,8.409937492055881e-20,0.8749994277780444,-0.44675529607501957,0.010119802009143253,1.0123372469100116,0.14028518391010203,,0.0,0.6321063790730097,0.0,0.0,False,False,False
3543,1773733652.1081834,1773733652108187631,-0.42,8.409937492055881e-20,0.8749994277780444,-0.446755296073814,0.010119786284964051,1.01233724795526,0.14028518379886018,,0.0,0.6321063897059455,0.0,1.5758881847984394e-08,False,False,False
3544,1773733652.157945,1773733652157947210,-0.42,8.409937492055881e-20,0.8749994277780444,-0.446755296073814,0.010119786284964051,1.01233724795526,0.14028518379886018,,0.0,0.6321063897059455,0.0,0.0,False,False,False
3545,1773733652.2089195,1773733652208922160,-0.42,8.409937492055881e-20,0.8749994277780444,-0.4467552958440866,0.01011977005439877,1.0123372483932163,0.14028518301297407,,0.0,0.6321064002854331,0.0,1.623809809564322e-08,False,False,False
3546,1773733652.2607749,1773733652260777494,-0.42,8.409937492055881e-20,0.8749994277780444,-0.4467552958440866,0.01011977005439877,1.0123372483932163,0.14028518301297407,,0.0,0.6321064002854331,0.0,0.0,False,False,False
3547,1773733652.308081,1773733652308083891,-0.42,8.409937492055881e-20,0.8749994277780444,-0.4467552957445323,0.010119754020202293,1.0123372492077622,0.1402851826347596,,0.0,0.6321064109670661,0.0,1.6055181496705026e-08,False,False,False
3548,1773733652.358066,1773733652358068658,-0.42,8.409937492055881e-20,0.8749994277780444,-0.4467552957445323,0.010119754020202293,1.0123372492077622,0.1402851826347596,,0.0,0.6321064109670661,0.0,0.0,False,False,False
3549,1773733652.4079952,1773733652407998446,-0.42,8.409937492055881e-20,0.8749994277780444,-0.44675529569297356,0.01011973815837302,1.0123372501412904,0.14028518239461713,,0.0,0.6321064216136779,0.0,1.588935999362735e-08,False,False,False
3550,1773733652.4580066,1773733652458009863,-0.42,8.409937492055881e-20,0.8749994277780444,-0.44675529569297356,0.01011973815837302,1.0123372501412904,0.14028518239461713,,0.0,0.6321064216136779,0.0,0.0,False,False,False
3551,1773733652.5081956,1773733652508199719,-0.42,8.409937492055881e-20,0.8749994277780444,-0.44675529569297356,0.01011973815837302,1.0123372501412904,0.14028518239461713,,0.0,0.6321064216136779,0.0,0.0,False,False,False
3552,1773733652.5579753,1773733652557978098,-0.42,8.409937492055881e-20,0.8749994277780444,-0.44675529587434654,0.01011972282381661,1.012337251703585,0.14028518285249325,,0.0,0.6321064323112845,0.0,1.5415001802875703e-08,False,False,False
3553,1773733652.6080601,1773733652608062595,-0.42,8.409937492055881e-20,0.8749994277780444,-0.44675529587434654,0.01011972282381661,1.012337251703585,0.14028518285249325,,0.0,0.6321064323112845,0.0,0.0,False,False,False
3554,1773733652.6579955,1773733652657998933,-0.42,8.409937492055881e-20,0.8749994277780444,-0.4467552957501862,0.010119706789732286,1.0123372524709973,0.14028518242345603,,0.0,0.6321064429586224,0.0,1.6052918663916496e-08,False,False,False
3555,1773733652.7094004,1773733652709403550,-0.42,8.409937492055881e-20,0.8749994277780444,-0.4467552957501862,0.010119706789732286,1.0123372524709973,0.14028518242345603,,0.0,0.6321064429586224,0.0,0.0,False,False,False
3556,1773733652.7580323,1773733652758034367,-0.42,8.409937492055881e-20,0.8749994277780444,-0.4467552955854164,0.010119691059911784,1.0123372530853816,0.1402851818588112,,0.0,0.6321064533225826,0.0,1.5742676716471537e-08,False,False,False
3557,1773733652.8085372,1773733652808539541,-0.42,8.409937492055881e-20,0.8749994277780444,-0.4467552955854164,0.010119691059911784,1.0123372530853816,0.1402851818588112,,0.0,0.6321064533225826,0.0,0.0,False,False,False
3558,1773733652.8590622,1773733652859064215,-0.42,8.409937492055881e-20,0.8749994277780444,-0.4467552955854164,0.010119691059911784,1.0123372530853816,0.1402851818588112,,0.0,0.6321064533225826,0.0,0.0,False,False,False
3559,1773733652.909594,1773733652909595888,-0.42,8.409937492055881e-20,0.8749994277780444,-0.446755295686823,0.010119675551142564,1.0123372544313498,0.1402851820770928,,0.0,0.632106463998077,0.0,1.5567396586810788e-08,False,False,False
3560,1773733652.958025,1773733652958027327,-0.42,8.409937492055881e-20,0.8749994277780444,-0.446755295686823,0.010119675551142564,1.0123372544313498,0.1402851820770928,,0.0,0.632106463998077,0.0,0.0,False,False,False
3561,1773733653.00806,1773733653008063394,-0.42,8.409937492055881e-20,0.8749994277780444,-0.44675529529264124,0.010119658669349947,1.0123372545166947,0.1402851808676743,,0.0,0.6321064747581697,0.0,1.6886609634222423e-08,False,False,False
3562,1773733653.057985,1773733653057987592,-0.42,8.409937492055881e-20,0.8749994277780444,-0.44675529529264124,0.010119658669349947,1.0123372545166947,0.1402851808676743,,0.0,0.6321064747581697,0.0,0.0,False,False,False
3563,1773733653.1085463,1773733653108552075,-0.42,8.409937492055881e-20,0.8749994277780444,-0.44675529530374214,0.010119642825751098,1.0123372556313286,0.140285180818109,,0.0,0.6321064855035325,0.0,1.588276287542172e-08,False,False,False
3564,1773733653.1580367,1773733653158039067,-0.42,8.409937492055881e-20,0.8749994277780444,-0.44675529530374214,0.010119642825751098,1.0123372556313286,0.140285180818109,,0.0,0.6321064855035325,0.0,0.0,False,False,False
3565,1773733653.2080219,1773733653208024464,-0.42,8.409937492055881e-20,0.8749994277780444,-0.44675529530374214,0.010119642825751098,1.0123372556313286,0.140285180818109,,0.0,0.6321064855035325,0.0,0.0,False,False,False
3566,1773733653.2591777,1773733653259180714,-0.42,8.409937492055881e-20,0.8749994277780444,-0.44675529530239994,0.010119627293122574,1.012337256657559,0.1402851807020584,,0.0,0.6321064960044275,0.0,1.5566492847112224e-08,False,False,False
3567,1773733653.3081124,1773733653308116009,-0.42,8.409937492055881e-20,0.8749994277780444,-0.44675529530239994,0.010119627293122574,1.012337256657559,0.1402851807020584,,0.0,0.6321064960044275,0.0,0.0,False,False,False
3568,1773733653.35814,1773733653358144396,-0.42,8.409937492055881e-20,0.8749994277780444,-0.44675529497435257,0.010119610741213966,1.0123372568930245,0.14028517967602197,,0.0,0.6321065066508409,0.0,1.655683356188678e-08,False,False,False
3569,1773733653.4079995,1773733653408003035,-0.42,8.409937492055881e-20,0.8749994277780444,-0.44675529497435257,0.010119610741213966,1.0123372568930245,0.14028517967602197,,0.0,0.6321065066508409,0.0,0.0,False,False,False
3570,1773733653.458056,1773733653458060162,-0.42,8.409937492055881e-20,0.8749994277780444,-0.446755295090546,0.010119595551468574,1.0123372582069203,0.14028517988874725,,0.0,0.6321065171161021,0.0,1.5246907502107255e-08,False,False,False
3571,1773733653.5080068,1773733653508009459,-0.42,8.409937492055881e-20,0.8749994277780444,-0.446755295090546,0.010119595551468574,1.0123372582069203,0.14028517988874725,,0.0,0.6321065171161021,0.0,0.0,False,False,False
3572,1773733653.557989,1773733653557992277,-0.42,8.409937492055881e-20,0.8749994277780444,-0.4467552950285608,0.010119579533000168,1.012337259171451,0.1402851796656861,,0.0,0.6321065278697269,0.0,1.604760080704765e-08,False,False,False
3573,1773733653.6079755,1773733653607978204,-0.42,8.409937492055881e-20,0.8749994277780444,-0.4467552950285608,0.010119579533000168,1.012337259171451,0.1402851796656861,,0.0,0.6321065278697269,0.0,0.0,False,False,False
3574,1773733653.6579545,1773733653657956962,-0.42,8.409937492055881e-20,0.8749994277780444,-0.4467552949786403,0.010119563831821221,1.0123372600965361,0.14028517942919883,,0.0,0.6321065384096307,0.0,1.5728486731742492e-08,False,False,False
3575,1773733653.708028,1773733653708031109,-0.42,8.409937492055881e-20,0.8749994277780444,-0.4467552949786403,0.010119563831821221,1.0123372600965361,0.14028517942919883,,0.0,0.6321065384096307,0.0,0.0,False,False,False
3576,1773733653.7580345,1773733653758036877,-0.42,8.409937492055881e-20,0.8749994277780444,-0.44675529478585807,0.010119547782314872,1.0123372606737302,0.14028517879975788,,0.0,0.6321065489489881,0.0,1.6061038946126276e-08,False,False,False
3577,1773733653.8079362,1773733653807938705,-0.42,8.409937492055881e-20,0.8749994277780444,-0.44675529478585807,0.010119547782314872,1.0123372606737302,0.14028517879975788,,0.0,0.6321065489489881,0.0,0.0,False,False,False
3578,1773733653.858019,1773733653858022842,-0.42,8.409937492055881e-20,0.8749994277780444,-0.44675529478585807,0.010119547782314872,1.0123372606737302,0.14028517879975788,,0.0,0.6321065489489881,0.0,0.0,False,False,False
3579,1773733653.9079585,1773733653907961170,-0.42,8.409937492055881e-20,0.8749994277780444,-0.4467552948852925,0.010119532430595636,1.0123372619843094,0.14028517899436263,,0.0,0.6321065595074007,0.0,1.5407880728597783e-08,False,False,False
3580,1773733653.9580693,1773733653958072187,-0.42,8.409937492055881e-20,0.8749994277780444,-0.4467552948852925,0.010119532430595636,1.0123372619843094,0.14028517899436263,,0.0,0.6321065595074007,0.0,0.0,False,False,False
3581,1773733654.0080168,1773733654008019685,-0.42,8.409937492055881e-20,0.8749994277780444,-0.4467552949010107,0.010119516744358785,1.0123372631244352,0.1402851789819999,,0.0,0.6321065701631822,0.0,1.5727624117648647e-08,False,False,False
3582,1773733654.057975,1773733654057977972,-0.42,8.409937492055881e-20,0.8749994277780444,-0.4467552949010107,0.010119516744358785,1.0123372631244352,0.1402851789819999,,0.0,0.6321065701631822,0.0,0.0,False,False,False
3583,1773733654.1080382,1773733654108041309,-0.42,8.409937492055881e-20,0.8749994277780444,-0.4467552949220354,0.010119501216174082,1.012337264254535,0.14028517897223677,,0.0,0.6321065807157387,0.0,1.556926741243023e-08,False,False,False
3584,1773733654.1580849,1773733654158088587,-0.42,8.409937492055881e-20,0.8749994277780444,-0.4467552949220354,0.010119501216174082,1.012337264254535,0.14028517897223677,,0.0,0.6321065807157387,0.0,0.0,False,False,False
3585,1773733654.2079825,1773733654207985595,-0.42,8.409937492055881e-20,0.8749994277780444,-0.4467552947959862,0.010119485654039993,1.012337264925657,0.1402851784826416,,0.0,0.6321065910177399,0.0,1.557710854401841e-08,False,False,False
3586,1773733654.2585392,1773733654258543379,-0.42,8.409937492055881e-20,0.8749994277780444,-0.4467552947959862,0.010119485654039993,1.012337264925657,0.1402851784826416,,0.0,0.6321065910177399,0.0,0.0,False,False,False
3587,1773733654.3080142,1773733654308016710,-0.42,8.409937492055881e-20,0.8749994277780444,-0.4467552947959862,0.010119485654039993,1.012337264925657,0.1402851784826416,,0.0,0.6321065910177399,0.0,0.0,False,False,False
3588,1773733654.3581004,1773733654358105667,-0.42,8.409937492055881e-20,0.8749994277780444,-0.4467552946908959,0.010119469938924035,1.0123372657251828,0.14028517811171612,,0.0,0.6321066014823458,0.0,1.573579216393525e-08,False,False,False
3589,1773733654.4079583,1773733654407961826,-0.42,8.409937492055881e-20,0.8749994277780444,-0.4467552946908959,0.010119469938924035,1.0123372657251828,0.14028517811171612,,0.0,0.6321066014823458,0.0,0.0,False,False,False
3590,1773733654.462971,1773733654462974838,-0.42,8.409937492055881e-20,0.8749994277780444,-0.44675529482636556,0.01011945475154763,1.0123372671559874,0.14028517844275648,,0.0,0.6321066120036036,0.0,1.5255227164990738e-08,False,False,False
3591,1773733654.5080287,1773733654508032651,-0.42,8.409937492055881e-20,0.8749994277780444,-0.44675529482636556,0.01011945475154763,1.0123372671559874,0.14028517844275648,,0.0,0.6321066120036036,0.0,0.0,False,False,False
3592,1773733654.557914,1773733654557917669,-0.42,8.409937492055881e-20,0.8749994277780444,-0.44675529482636556,0.01011945475154763,1.0123372671559874,0.14028517844275648,,0.0,0.6321066120036036,0.0,0.0,False,False,False
3593,1773733654.6093414,1773733654609345227,-0.42,8.409937492055881e-20,0.8749994277780444,-0.446755294371795,0.010119437855022381,1.0123372670847202,0.14028517706746269,,0.0,0.6321066226735708,0.0,1.69027890854815e-08,False,False,False
3594,1773733654.6580045,1773733654658007464,-0.42,8.409937492055881e-20,0.8749994277780444,-0.446755294371795,0.010119437855022381,1.0123372670847202,0.14028517706746269,,0.0,0.6321066226735708,0.0,0.0,False,False,False
3595,1773733654.7080553,1773733654708057971,-0.42,8.409937492055881e-20,0.8749994277780444,-0.44675529430782435,0.01011942199398113,1.0123372679811724,0.14028517678874874,,0.0,0.632106633297302,0.0,1.5886483199493556e-08,False,False,False
3596,1773733654.757972,1773733654757975139,-0.42,8.409937492055881e-20,0.8749994277780444,-0.44675529430782435,0.01011942199398113,1.0123372679811724,0.14028517678874874,,0.0,0.632106633297302,0.0,0.0,False,False,False
3597,1773733654.8079834,1773733654807985557,-0.42,8.409937492055881e-20,0.8749994277780444,-0.44675529436958533,0.010119406319161757,1.0123372692319834,0.1402851768943631,,0.0,0.632106644018332,0.0,1.5724767247247593e-08,False,False,False
3598,1773733654.8580391,1773733654858043054,-0.42,8.409937492055881e-20,0.8749994277780444,-0.44675529436958533,0.010119406319161757,1.0123372692319834,0.1402851768943631,,0.0,0.632106644018332,0.0,0.0,False,False,False
3599,1773733654.9079723,1773733654907974682,-0.42,8.409937492055881e-20,0.8749994277780444,-0.4467552941384355,0.010119389946832515,1.0123372697268591,0.14028517615374714,,0.0,0.6321066547110096,0.0,1.6381437574709658e-08,False,False,False
3600,1773733654.9598284,1773733654959831857,-0.42,8.409937492055881e-20,0.8749994277780444,-0.4467552941384355,0.010119389946832515,1.0123372697268591,0.14028517615374714,,0.0,0.6321066547110096,0.0,0.0,False,False,False
3601,1773733655.0080519,1773733655008056127,-0.42,8.409937492055881e-20,0.8749994277780444,-0.4467552943412064,0.010119376950465983,1.012337271168677,0.14028517666646098,,0.0,0.6321066638548238,0.0,1.307767174254022e-08,False,False,False
3602,1773733655.0591347,1773733655059137647,-0.42,8.409937492055881e-20,0.8749994277780444,-0.4467552943412064,0.010119376950465983,1.012337271168677,0.14028517666646098,,0.0,0.6321066638548238,0.0,0.0,False,False,False
3603,1773733655.1080096,1773733655108013163,-0.42,8.409937492055881e-20,0.8749994277780444,-0.4467552942300088,0.01011936170425587,1.012337271866067,0.14028517622821707,,0.0,0.6321066739710638,0.0,1.5262556812297046e-08,False,False,False
3604,1773733655.1580136,1773733655158017030,-0.42,8.409937492055881e-20,0.8749994277780444,-0.4467552942300088,0.01011936170425587,1.012337271866067,0.14028517622821707,,0.0,0.6321066739710638,0.0,0.0,False,False,False
3605,1773733655.2079775,1773733655207979759,-0.42,8.409937492055881e-20,0.8749994277780444,-0.4467552942238683,0.010119346640056114,1.0123372728641713,0.140285176117537,,0.0,0.6321066841531945,0.0,1.5097230345674265e-08,False,False,False
3606,1773733655.2579513,1773733655257954666,-0.42,8.409937492055881e-20,0.8749994277780444,-0.4467552942238683,0.010119346640056114,1.0123372728641713,0.140285176117537,,0.0,0.6321066841531945,0.0,0.0,False,False,False
3607,1773733655.308014,1773733655308016674,-0.42,8.409937492055881e-20,0.8749994277780444,-0.4467552942238683,0.010119346640056114,1.0123372728641713,0.140285176117537,,0.0,0.6321066841531945,0.0,0.0,False,False,False
3608,1773733655.3579946,1773733655357998022,-0.42,8.409937492055881e-20,0.8749994277780444,-0.44675529399938546,0.01011933058294101,1.0123372733557305,0.14028517539769042,,0.0,0.6321066946438463,0.0,1.6066205788759763e-08,False,False,False
3609,1773733655.4080355,1773733655408039409,-0.42,8.409937492055881e-20,0.8749994277780444,-0.44675529399938546,0.01011933058294101,1.0123372733557305,0.14028517539769042,,0.0,0.6321066946438463,0.0,0.0,False,False,False
3610,1773733655.4579985,1773733655458001137,-0.42,8.409937492055881e-20,0.8749994277780444,-0.4467552938906759,0.010119314710532783,1.0123372741515215,0.14028517501108964,,0.0,0.6321067052070038,0.0,1.589271669726125e-08,False,False,False
3611,1773733655.5087862,1773733655508789160,-0.42,8.409937492055881e-20,0.8749994277780444,-0.4467552938906759,0.010119314710532783,1.0123372741515215,0.14028517501108964,,0.0,0.6321067052070038,0.0,0.0,False,False,False
3612,1773733655.5580502,1773733655558053632,-0.42,8.409937492055881e-20,0.8749994277780444,-0.4467552939618607,0.010119299351748073,1.0123372753974755,0.14028517513655517,,0.0,0.6321067157266885,0.0,1.5409404154826574e-08,False,False,False
3613,1773733655.60793,1773733655607932171,-0.42,8.409937492055881e-20,0.8749994277780444,-0.4467552939618607,0.010119299351748073,1.0123372753974755,0.14028517513655517,,0.0,0.6321067157266885,0.0,0.0,False,False,False
3614,1773733655.6579587,1773733655657961229,-0.42,8.409937492055881e-20,0.8749994277780444,-0.44675529361988253,0.010119284813381473,1.012337275479039,0.14028517410247612,,0.0,0.6321067249945883,0.0,1.4542616858068569e-08,False,False,False
3615,1773733655.7080615,1773733655708065226,-0.42,8.409937492055881e-20,0.8749994277780444,-0.44675529361988253,0.010119284813381473,1.012337275479039,0.14028517410247612,,0.0,0.6321067249945883,0.0,0.0,False,False,False
3616,1773733655.7580378,1773733655758040364,-0.42,8.409937492055881e-20,0.8749994277780444,-0.4467552936558726,0.010119268975726202,1.0123372766699452,0.1402851741327987,,0.0,0.6321067357816906,0.0,1.5882407798536688e-08,False,False,False
3617,1773733655.807928,1773733655807929842,-0.42,8.409937492055881e-20,0.8749994277780444,-0.4467552936558726,0.010119268975726202,1.0123372766699452,0.1402851741327987,,0.0,0.6321067357816906,0.0,0.0,False,False,False
3618,1773733655.8580163,1773733655858018620,-0.42,8.409937492055881e-20,0.8749994277780444,-0.4467552936558726,0.010119268975726202,1.0123372766699452,0.1402851741327987,,0.0,0.6321067357816906,0.0,0.0,False,False,False
3619,1773733655.9079404,1773733655907942358,-0.42,8.409937492055881e-20,0.8749994277780444,-0.4467552933943735,0.010119252910520377,1.0123372770224321,0.14028517326916717,,0.0,0.6321067461999386,0.0,1.607119992488274e-08,False,False,False
3620,1773733655.9579213,1773733655957923886,-0.42,8.409937492055881e-20,0.8749994277780444,-0.4467552933943735,0.010119252910520377,1.0123372770224321,0.14028517326916717,,0.0,0.6321067461999386,0.0,0.0,False,False,False
3621,1773733656.0080237,1773733656008026263,-0.42,8.409937492055881e-20,0.8749994277780444,-0.4467552933281642,0.010119236892282842,1.012337277935334,0.14028517299481208,,0.0,0.6321067569308176,0.0,1.6044366830965287e-08,False,False,False
3622,1773733656.057981,1773733656057983991,-0.42,8.409937492055881e-20,0.8749994277780444,-0.4467552933281642,0.010119236892282842,1.012337277935334,0.14028517299481208,,0.0,0.6321067569308176,0.0,0.0,False,False,False
3623,1773733656.1080496,1773733656108058088,-0.42,8.409937492055881e-20,0.8749994277780444,-0.44675529349415666,0.01011922139924204,1.0123372794682433,0.14028517340961016,,0.0,0.6321067677101991,0.0,1.5569575391248588e-08,False,False,False
3624,1773733656.1580088,1773733656158012007,-0.42,8.409937492055881e-20,0.8749994277780444,-0.44675529349415666,0.01011922139924204,1.0123372794682433,0.14028517340961016,,0.0,0.6321067677101991,0.0,0.0,False,False,False
3625,1773733656.207947,1773733656207949865,-0.42,8.409937492055881e-20,0.8749994277780444,-0.44675529329664354,0.010119205035015226,1.012337280059279,0.14028517277015518,,0.0,0.6321067784565781,0.0,1.6376087866306952e-08,False,False,False
3626,1773733656.258132,1773733656258135071,-0.42,8.409937492055881e-20,0.8749994277780444,-0.44675529329664354,0.010119205035015226,1.012337280059279,0.14028517277015518,,0.0,0.6321067784565781,0.0,0.0,False,False,False
3627,1773733656.3080761,1773733656308079120,-0.42,8.409937492055881e-20,0.8749994277780444,-0.44675529329664354,0.010119205035015226,1.012337280059279,0.14028517277015518,,0.0,0.6321067784565781,0.0,0.0,False,False,False
3628,1773733656.3580797,1773733656358083368,-0.42,8.409937492055881e-20,0.8749994277780444,-0.4467552931488401,0.010119188682987106,1.012337280778956,0.14028517226700132,,0.0,0.6321067892769958,0.0,1.6368524810437835e-08,False,False,False
3629,1773733656.4080179,1773733656408020236,-0.42,8.409937492055881e-20,0.8749994277780444,-0.4467552931488401,0.010119188682987106,1.012337280778956,0.14028517226700132,,0.0,0.6321067892769958,0.0,0.0,False,False,False
3630,1773733656.457969,1773733656457971944,-0.42,8.409937492055881e-20,0.8749994277780444,-0.44675529316172263,0.010119173155091171,1.0123372818140823,0.1402851721627646,,0.0,0.6321067997875514,0.0,1.556236501407602e-08,False,False,False
3631,1773733656.5080268,1773733656508029232,-0.42,8.409937492055881e-20,0.8749994277780444,-0.44675529316172263,0.010119173155091171,1.0123372818140823,0.1402851721627646,,0.0,0.6321067997875514,0.0,0.0,False,False,False
3632,1773733656.5579777,1773733656557980210,-0.42,8.409937492055881e-20,0.8749994277780444,-0.44675529316172263,0.010119173155091171,1.0123372818140823,0.1402851721627646,,0.0,0.6321067997875514,0.0,0.0,False,False,False
3633,1773733656.608043,1773733656608046437,-0.42,8.409937492055881e-20,0.8749994277780444,-0.44675529301796807,0.010119156961229551,1.0123372825392394,0.1402851716771606,,0.0,0.6321068105098028,0.0,1.6210727074189254e-08,False,False,False
3634,1773733656.6579394,1773733656657943236,-0.42,8.409937492055881e-20,0.8749994277780444,-0.4467552931069906,0.010119141450441287,1.012337283834819,0.1402851718436641,,0.0,0.6321068211591498,0.0,1.5565057154369014e-08,False,False,False
3635,1773733656.7080944,1773733656708098063,-0.42,8.409937492055881e-20,0.8749994277780444,-0.4467552931069906,0.010119141450441287,1.012337283834819,0.1402851718436641,,0.0,0.6321068211591498,0.0,0.0,False,False,False
3636,1773733656.7580137,1773733656758017471,-0.42,8.409937492055881e-20,0.8749994277780444,-0.4467552931069906,0.010119141450441287,1.012337283834819,0.1402851718436641,,0.0,0.6321068211591498,0.0,0.0,False,False,False
3637,1773733656.8079975,1773733656807999819,-0.42,8.409937492055881e-20,0.8749994277780444,-0.4467552929032785,0.010119125084394921,1.0123372844298073,0.14028517120677447,,0.0,0.6321068319041725,0.0,1.6378125146298746e-08,False,False,False
3638,1773733656.8579736,1773733656857976037,-0.42,8.409937492055881e-20,0.8749994277780444,-0.4467552929032785,0.010119125084394921,1.0123372844298073,0.14028517120677447,,0.0,0.6321068319041725,0.0,0.0,False,False,False
3639,1773733656.908541,1773733656908544491,-0.42,8.409937492055881e-20,0.8749994277780444,-0.4467552929032785,0.010119125084394921,1.0123372844298073,0.14028517120677447,,0.0,0.6321068319041725,0.0,0.0,False,False,False
3640,1773733656.9584277,1773733656958430100,-0.42,8.409937492055881e-20,0.8749994277780444,-0.44675529301701344,0.010119109736220044,1.0123372857725577,0.1402851714359041,,0.0,0.6321068424820092,0.0,1.5407218639649824e-08,False,False,False
3641,1773733657.0081925,1773733657008195580,-0.42,8.409937492055881e-20,0.8749994277780444,-0.44675529301701344,0.010119109736220044,1.0123372857725577,0.1402851714359041,,0.0,0.6321068424820092,0.0,0.0,False,False,False
3642,1773733657.0579612,1773733657057965290,-0.42,8.409937492055881e-20,0.8749994277780444,-0.4467552929019192,0.010119093862555835,1.0123372865327371,0.14028517101315674,,0.0,0.6321068530281251,0.0,1.589227280659812e-08,False,False,False
3643,1773733657.1080258,1773733657108028987,-0.42,8.409937492055881e-20,0.8749994277780444,-0.4467552929019192,0.010119093862555835,1.0123372865327371,0.14028517101315674,,0.0,0.6321068530281251,0.0,0.0,False,False,False
3644,1773733657.1580412,1773733657158045175,-0.42,8.409937492055881e-20,0.8749994277780444,-0.44675529289654137,0.010119078014549428,1.0123372876288461,0.14028517094205897,,0.0,0.6321068637584544,0.0,1.5885867647134636e-08,False,False,False
3645,1773733657.2080386,1773733657208043073,-0.42,8.409937492055881e-20,0.8749994277780444,-0.44675529289654137,0.010119078014549428,1.0123372876288461,0.14028517094205897,,0.0,0.6321068637584544,0.0,0.0,False,False,False
3646,1773733657.2596369,1773733657259640930,-0.42,8.409937492055881e-20,0.8749994277780444,-0.44675529289654137,0.010119078014549428,1.0123372876288461,0.14028517094205897,,0.0,0.6321068637584544,0.0,0.0,False,False,False
3647,1773733657.3080883,1773733657308092079,-0.42,8.409937492055881e-20,0.8749994277780444,-0.4467552925654724,0.010119061148058335,1.0123372878932733,0.14028516992117285,,0.0,0.6321068746187312,0.0,1.6871812295802957e-08,False,False,False
3648,1773733657.3580396,1773733657358043297,-0.42,8.409937492055881e-20,0.8749994277780444,-0.4467552925654724,0.010119061148058335,1.0123372878932733,0.14028516992117285,,0.0,0.6321068746187312,0.0,0.0,False,False,False
3649,1773733657.4081895,1773733657408194404,-0.42,8.409937492055881e-20,0.8749994277780444,-0.4467552925601895,0.010119045143841932,1.0123372889782472,0.140285169827928,,0.0,0.6321068854464961,0.0,1.604095193368878e-08,False,False,False
3650,1773733657.4579623,1773733657457964824,-0.42,8.409937492055881e-20,0.8749994277780444,-0.4467552925601895,0.010119045143841932,1.0123372889782472,0.140285169827928,,0.0,0.6321068854464961,0.0,0.0,False,False,False
3651,1773733657.5080225,1773733657508025092,-0.42,8.409937492055881e-20,0.8749994277780444,-0.44675529259470564,0.010119029305921422,1.012337290156773,0.1402851698458573,,0.0,0.632106896228053,0.0,1.5881745522455035e-08,False,False,False
3652,1773733657.5588863,1773733657558888743,-0.42,8.409937492055881e-20,0.8749994277780444,-0.44675529259470564,0.010119029305921422,1.012337290156773,0.1402851698458573,,0.0,0.632106896228053,0.0,0.0,False,False,False
3653,1773733657.6101005,1773733657610103213,-0.42,8.409937492055881e-20,0.8749994277780444,-0.44675529259126945,0.010119013458773266,1.0123372912310264,0.14028516975380262,,0.0,0.6321069069507005,0.0,1.5883517770286865e-08,False,False,False
3654,1773733657.658907,1773733657658909879,-0.42,8.409937492055881e-20,0.8749994277780444,-0.44675529259126945,0.010119013458773266,1.0123372912310264,0.14028516975380262,,0.0,0.6321069069507005,0.0,0.0,False,False,False
3655,1773733657.7101443,1773733657710146629,-0.42,8.409937492055881e-20,0.8749994277780444,-0.44675529259126945,0.010119013458773266,1.0123372912310264,0.14028516975380262,,0.0,0.6321069069507005,0.0,0.0,False,False,False
3656,1773733657.7580593,1773733657758062471,-0.42,8.409937492055881e-20,0.8749994277780444,-0.44675529281137405,0.010118998448891275,1.0123372928556766,0.14028517030361032,,0.0,0.632106917486363,0.0,1.509915532866474e-08,False,False,False
3657,1773733657.8079424,1773733657807944641,-0.42,8.409937492055881e-20,0.8749994277780444,-0.44675529281137405,0.010118998448891275,1.0123372928556766,0.14028517030361032,,0.0,0.632106917486363,0.0,0.0,False,False,False
3658,1773733657.858071,1773733657858074068,-0.42,8.409937492055881e-20,0.8749994277780444,-0.4467552923611053,0.010118981553531511,1.0123372927844576,0.14028516892932305,,0.0,0.6321069281584147,0.0,1.6901508680234554e-08,False,False,False
3659,1773733657.9081228,1773733657908128135,-0.42,8.409937492055881e-20,0.8749994277780444,-0.4467552923611053,0.010118981553531511,1.0123372927844576,0.14028516892932305,,0.0,0.6321069281584147,0.0,0.0,False,False,False
3660,1773733657.9608016,1773733657960804035,-0.42,8.409937492055881e-20,0.8749994277780444,-0.4467552923611053,0.010118981553531511,1.0123372927844576,0.14028516892932305,,0.0,0.6321069281584147,0.0,0.0,False,False,False
3661,1773733658.0082588,1773733658008264190,-0.42,8.409937492055881e-20,0.8749994277780444,-0.44675529240854017,0.01011896618915227,1.0123372939440862,0.14028516896538032,,0.0,0.6321069386330267,0.0,1.5408151675611283e-08,False,False,False
3662,1773733658.0580513,1773733658058054360,-0.42,8.409937492055881e-20,0.8749994277780444,-0.44675529240854017,0.01011896618915227,1.0123372939440862,0.14028516896538032,,0.0,0.6321069386330267,0.0,0.0,False,False,False
3663,1773733658.1122491,1773733658112253788,-0.42,8.409937492055881e-20,0.8749994277780444,-0.44675529219816507,0.010118949821796966,1.0123372944992464,0.14028516828815465,,0.0,0.6321069493592394,0.0,1.6378118943498586e-08,False,False,False
3664,1773733658.1580932,1773733658158097286,-0.42,8.409937492055881e-20,0.8749994277780444,-0.44675529219816507,0.010118949821796966,1.0123372944992464,0.14028516828815465,,0.0,0.6321069493592394,0.0,0.0,False,False,False
3665,1773733658.2081401,1773733658208144694,-0.42,8.409937492055881e-20,0.8749994277780444,-0.44678047565522877,0.010176892620158848,1.0123419155809033,0.14029868843150664,,0.0,0.6320875165075897,0.0,6.334768178366712e-05,False,False,False
3666,1773733658.259,1773733658259003756,-0.42,8.409937492055881e-20,0.8749994277780444,-0.44678047565522877,0.010176892620158848,1.0123419155809033,0.14029868843150664,,0.0,0.6320875165075897,0.0,0.0,False,False,False
3667,1773733658.3079767,1773733658307979672,-0.42,8.409937492055881e-20,0.8749994277780444,-0.4469999870140536,0.010682236951428788,1.012381635552407,0.14041716596628648,,0.0,0.6319179725338837,0.0,0.0005523909900930928,False,False,False
3668,1773733658.3581398,1773733658358142768,-0.42,8.409937492055881e-20,0.8749994277780444,-0.4469999870140536,0.010682236951428788,1.012381635552407,0.14041716596628648,,0.0,0.6319179725338837,0.0,0.0,False,False,False
3669,1773733658.4080615,1773733658408065037,-0.42,8.409937492055881e-20,0.8749994277780444,-0.4469999870140536,0.010682236951428788,1.012381635552407,0.14041716596628648,,0.0,0.6319179725338837,0.0,0.0,False,False,False
3670,1773733658.4580421,1773733658458044586,-0.42,8.409937492055881e-20,0.8749994277780444,-0.4475570623257946,0.011966951054720343,1.0124779263809198,0.14072290922118766,,0.0,0.631486472955504,0.0,0.0014036007814914133,False,False,False
3671,1773733658.5080013,1773733658508005524,-0.42,8.409937492055881e-20,0.8749994277780444,-0.4475570623257946,0.011966951054720343,1.0124779263809198,0.14072290922118766,,0.0,0.631486472955504,0.0,0.0,False,False,False
3672,1773733658.5579267,1773733658557929183,-0.42,8.409937492055881e-20,0.8749994277780444,-0.4485176863729347,0.014190163463875943,1.012628684226136,0.14126723401288482,,0.0,0.6307380790438737,0.0,0.002426561333257723,False,False,False
3673,1773733658.6080565,1773733658608060750,-0.42,8.409937492055881e-20,0.8749994277780444,-0.4485176863729347,0.014190163463875943,1.012628684226136,0.14126723401288482,,0.0,0.6307380790438737,0.0,0.0,False,False,False
3674,1773733658.6580005,1773733658658002949,-0.42,8.409937492055881e-20,0.8749994277780444,-0.44990083275190584,0.01740958039333866,1.0128114157808283,0.14208904717116316,,0.0,0.6296503342943689,0.0,0.0035087220027315317,False,False,False
3675,1773733658.7080362,1773733658708039087,-0.42,8.409937492055881e-20,0.8749994277780444,-0.44990083275190584,0.01740958039333866,1.0128114157808283,0.14208904717116316,,0.0,0.6296503342943689,0.0,0.0,False,False,False
3676,1773733658.7579782,1773733658757981035,-0.42,8.409937492055881e-20,0.8749994277780444,-0.45172779904727106,0.021697692431893338,1.012989655312709,0.14324365949081844,,0.0,0.6281935474223526,0.0,0.004664491401034314,False,False,False
3677,1773733658.8080544,1773733658808058153,-0.42,8.409937492055881e-20,0.8749994277780444,-0.45172779904727106,0.021697692431893338,1.012989655312709,0.14324365949081844,,0.0,0.6281935474223526,0.0,0.0,False,False,False
3678,1773733658.8579993,1773733658858002281,-0.42,8.409937492055881e-20,0.8749994277780444,-0.4539676679625025,0.027015747862697156,1.0131077514767557,0.14476726900186956,,0.0,0.62637293587399,0.0,0.005771713179506112,False,False,False
3679,1773733658.9080377,1773733658908040399,-0.42,8.409937492055881e-20,0.8749994277780444,-0.4539676679625025,0.027015747862697156,1.0131077514767557,0.14476726900186956,,0.0,0.62637293587399,0.0,0.0,False,False,False
3680,1773733658.9580915,1773733658958094777,-0.42,8.409937492055881e-20,0.8749994277780444,-0.4566240243227724,0.033420114076837044,1.013099395740221,0.14673044787520426,,0.0,0.6241575616572979,0.0,0.006933412257748406,False,False,False
3681,1773733659.0079992,1773733659008001856,-0.42,8.409937492055881e-20,0.8749994277780444,-0.4566240243227724,0.033420114076837044,1.013099395740221,0.14673044787520426,,0.0,0.6241575616572979,0.0,0.0,False,False,False
3682,1773733659.0580459,1773733659058048444,-0.42,8.409937492055881e-20,0.8749994277780444,-0.4566240243227724,0.033420114076837044,1.013099395740221,0.14673044787520426,,0.0,0.6241575616572979,0.0,0.0,False,False,False
3683,1773733659.108139,1773733659108142652,-0.42,8.409937492055881e-20,0.8749994277780444,-0.45965006329046626,0.04086365227348932,1.012884000839824,0.14917815216879413,,0.0,0.6215472815156661,0.0,0.008038007693585536,False,False,False
3684,1773733659.1583354,1773733659158340779,-0.42,8.409937492055881e-20,0.8749994277780444,-0.45965006329046626,0.04086365227348932,1.012884000839824,0.14917815216879413,,0.0,0.6215472815156661,0.0,0.0,False,False,False
3685,1773733659.208036,1773733659208038139,-0.42,8.409937492055881e-20,0.8749994277780444,-0.46300527147502657,0.04933331938419683,1.0123713465881576,0.15216528465348544,,0.0,0.6185244878159389,0.0,0.009124445041189774,False,False,False
3686,1773733659.2580442,1773733659258047857,-0.42,8.409937492055881e-20,0.8749994277780444,-0.46300527147502657,0.04933331938419683,1.0123713465881576,0.15216528465348544,,0.0,0.6185244878159389,0.0,0.0,False,False,False
3687,1773733659.3080926,1773733659308095735,-0.42,8.409937492055881e-20,0.8749994277780444,-0.4666317036340273,0.058796472615213966,1.0114632673392268,0.15573670242939996,,0.0,0.6150713626647921,0.0,0.010174816322660747,False,False,False
3688,1773733659.3580139,1773733659358016144,-0.42,8.409937492055881e-20,0.8749994277780444,-0.4666317036340273,0.058796472615213966,1.0114632673392268,0.15573670242939996,,0.0,0.6150713626647921,0.0,0.0,False,False,False
3689,1773733659.4081028,1773733659408106672,-0.42,8.409937492055881e-20,0.8749994277780444,-0.4704691542988888,0.06924465911098408,1.0100512415548846,0.15994046003265014,,0.0,0.611152378852743,0.0,0.011219823771846256,False,False,False
3690,1773733659.4580638,1773733659458067620,-0.42,8.409937492055881e-20,0.8749994277780444,-0.4704691542988888,0.06924465911098408,1.0100512415548846,0.15994046003265014,,0.0,0.611152378852743,0.0,0.0,False,False,False
3691,1773733659.5080802,1773733659508082829,-0.42,8.409937492055881e-20,0.8749994277780444,-0.47442485116892946,0.08061838655331449,1.008026997612806,0.16479600423360433,,0.0,0.6067402228958935,0.0,0.012210928596839433,False,False,False
3692,1773733659.5579994,1773733659558002898,-0.42,8.409937492055881e-20,0.8749994277780444,-0.47442485116892946,0.08061838655331449,1.008026997612806,0.16479600423360433,,0.0,0.6067402228958935,0.0,0.0,False,False,False
3693,1773733659.6080205,1773733659608023356,-0.42,8.409937492055881e-20,0.8749994277780444,-0.47838636226713954,0.0928418394918899,1.0052863059901718,0.17030339131470404,,0.0,0.6018023168470197,0.0,0.013138407913182895,False,False,False
3694,1773733659.660173,1773733659660176229,-0.42,8.409937492055881e-20,0.8749994277780444,-0.47838636226713954,0.0928418394918899,1.0052863059901718,0.17030339131470404,,0.0,0.6018023168470197,0.0,0.0,False,False,False
3695,1773733659.709815,1773733659709818300,-0.42,8.409937492055881e-20,0.8749994277780444,-0.47838636226713954,0.0928418394918899,1.0052863059901718,0.17030339131470404,,0.0,0.6018023168470197,0.0,0.0,False,False,False
3696,1773733659.7581046,1773733659758107190,-0.42,8.409937492055881e-20,0.8749994277780444,-0.482222204118897,0.10582792717884144,1.0017334683531005,0.1764445235672216,,0.0,0.5962975422093764,0.0,0.013999100378248547,False,False,False
3697,1773733659.8081036,1773733659808107138,-0.42,8.409937492055881e-20,0.8749994277780444,-0.482222204118897,0.10582792717884144,1.0017334683531005,0.1764445235672216,,0.0,0.5962975422093764,0.0,0.0,False,False,False
3698,1773733659.8580039,1773733659858005937,-0.42,8.409937492055881e-20,0.8749994277780444,-0.4858283064904753,0.11961779775188852,0.9972295318823434,0.18325387260236395,,0.0,0.5901180142843718,0.0,0.014948242320363566,False,False,False
3699,1773733659.9080508,1773733659908054436,-0.42,8.409937492055881e-20,0.8749994277780444,-0.4858283064904753,0.11961779775188852,0.9972295318823434,0.18325387260236395,,0.0,0.5901180142843718,0.0,0.0,False,False,False
3700,1773733659.957971,1773733659957973354,-0.42,8.409937492055881e-20,0.8749994277780444,-0.4890017194284255,0.1340279214245348,0.991715445442753,0.1906498092969647,,0.0,0.5832261886664858,0.0,0.015752059014585516,False,False,False
3701,1773733660.0092976,1773733660009302133,-0.42,8.409937492055881e-20,0.8749994277780444,-0.4890017194284255,0.1340279214245348,0.991715445442753,0.1906498092969647,,0.0,0.5832261886664858,0.0,0.0,False,False,False
3702,1773733660.0579858,1773733660057987841,-0.42,8.409937492055881e-20,0.8749994277780444,-0.4915434375131984,0.14891589278663184,0.9851417837418566,0.19855917292561343,,0.0,0.575555171412909,0.0,0.01647194737300105,False,False,False
3703,1773733660.1123824,1773733660112385359,-0.42,8.409937492055881e-20,0.8749994277780444,-0.4915434375131984,0.14891589278663184,0.9851417837418566,0.19855917292561343,,0.0,0.575555171412909,0.0,0.0,False,False,False
3704,1773733660.1604,1773733660160402471,-0.42,8.409937492055881e-20,0.8749994277780444,-0.4915434375131984,0.14891589278663184,0.9851417837418566,0.19855917292561343,,0.0,0.575555171412909,0.0,0.0,False,False,False
3705,1773733660.208051,1773733660208054496,-0.42,8.409937492055881e-20,0.8749994277780444,-0.4932406644866964,0.16413257132017825,0.9774868915091046,0.20689943480988926,,0.0,0.5670262027052555,0.0,0.017117980607767598,False,False,False
3706,1773733660.2580357,1773733660258038164,-0.42,8.409937492055881e-20,0.8749994277780444,-0.4932406644866964,0.16413257132017825,0.9774868915091046,0.20689943480988926,,0.0,0.5670262027052555,0.0,0.0,False,False,False
3707,1773733660.3082907,1773733660308294101,-0.42,8.409937492055881e-20,0.8749994277780444,-0.4938746767742237,0.17956792229079724,0.9687291660724401,0.2156093004141188,,0.0,0.557522718490146,0.0,0.017758090719188397,False,False,False
3708,1773733660.3579419,1773733660357943862,-0.42,8.409937492055881e-20,0.8749994277780444,-0.4938746767742237,0.17956792229079724,0.9687291660724401,0.2156093004141188,,0.0,0.557522718490146,0.0,0.0,False,False,False
3709,1773733660.4080665,1773733660408071100,-0.42,8.409937492055881e-20,0.8749994277780444,-0.49318732968397294,0.19498246803544375,0.9589614542109306,0.2245532675116977,,0.0,0.5469756027670127,0.0,0.018261677402302046,False,False,False
3710,1773733660.458053,1773733660458055688,-0.42,8.409937492055881e-20,0.8749994277780444,-0.49318732968397294,0.19498246803544375,0.9589614542109306,0.2245532675116977,,0.0,0.5469756027670127,0.0,0.0,False,False,False
3711,1773733660.5085378,1773733660508542343,-0.42,8.409937492055881e-20,0.8749994277780444,-0.4909326643606122,0.21021478976739671,0.9482664426198887,0.2336445081188109,,0.0,0.5352624508305298,0.0,0.018748077608080588,False,False,False
3712,1773733660.5580468,1773733660558050415,-0.42,8.409937492055881e-20,0.8749994277780444,-0.4909326643606122,0.21021478976739671,0.9482664426198887,0.2336445081188109,,0.0,0.5352624508305298,0.0,0.0,False,False,False
3713,1773733660.607979,1773733660607981914,-0.42,8.409937492055881e-20,0.8749994277780444,-0.4909326643606122,0.21021478976739671,0.9482664426198887,0.2336445081188109,,0.0,0.5352624508305298,0.0,0.0,False,False,False
3714,1773733660.6579204,1773733660657922423,-0.42,8.409937492055881e-20,0.8749994277780444,-0.48687928137399805,0.22508064630661162,0.9367668209564445,0.24279486501769237,,0.0,0.5222734015398336,0.0,0.019226671648599168,False,False,False
3715,1773733660.708028,1773733660708030531,-0.42,8.409937492055881e-20,0.8749994277780444,-0.48687928137399805,0.22508064630661162,0.9367668209564445,0.24279486501769237,,0.0,0.5222734015398336,0.0,0.0,False,False,False
3716,1773733660.758039,1773733660758041559,-0.42,8.409937492055881e-20,0.8749994277780444,-0.4807615301406325,0.23928369729894833,0.9247624555836063,0.2518432255877907,,0.0,0.507939492914331,0.0,0.01957698459030041,False,False,False
3717,1773733660.8080041,1773733660808005978,-0.42,8.409937492055881e-20,0.8749994277780444,-0.4807615301406325,0.23928369729894833,0.9247624555836063,0.2518432255877907,,0.0,0.507939492914331,0.0,0.0,False,False,False
3718,1773733660.8580065,1773733660858008936,-0.42,8.409937492055881e-20,0.8749994277780444,-0.47234254166734924,0.2525124265643435,0.9126655862867343,0.26061658952264133,,0.0,0.4922147037795499,0.0,0.019804365470168468,False,False,False
3719,1773733660.908086,1773733660908088954,-0.42,8.409937492055881e-20,0.8749994277780444,-0.47234254166734924,0.2525124265643435,0.9126655862867343,0.26061658952264133,,0.0,0.4922147037795499,0.0,0.0,False,False,False
3720,1773733660.9579272,1773733660957929514,-0.42,8.409937492055881e-20,0.8749994277780444,-0.46183516456493534,0.2642967803978426,0.9010569994153972,0.26885305682189375,,0.0,0.47551665485214484,0.0,0.019596817547622842,False,False,False
3721,1773733661.0079143,1773733661007916452,-0.42,8.409937492055881e-20,0.8749994277780444,-0.46183516456493534,0.2642967803978426,0.9010569994153972,0.26885305682189375,,0.0,0.47551665485214484,0.0,0.0,False,False,False
3722,1773733661.0611384,1773733661061141168,-0.42,8.409937492055881e-20,0.8749994277780444,-0.46183516456493534,0.2642967803978426,0.9010569994153972,0.26885305682189375,,0.0,0.47551665485214484,0.0,0.0,False,False,False
3723,1773733661.1080055,1773733661108008129,-0.42,8.409937492055881e-20,0.8749994277780444,-0.4492512188223279,0.27455350675036994,0.8902329410212122,0.27652725326312216,,0.0,0.4578494457293582,0.0,0.019511954439374944,False,False,False
3724,1773733661.1579847,1773733661157988428,-0.42,8.409937492055881e-20,0.8749994277780444,-0.4492512188223279,0.27455350675036994,0.8902329410212122,0.27652725326312216,,0.0,0.4578494457293582,0.0,0.0,False,False,False
3725,1773733661.2079916,1773733661207994626,-0.42,8.409937492055881e-20,0.8749994277780444,-0.4350082359920181,0.2830851198157329,0.8805887676421444,0.28353778042581274,,0.0,0.43965354914945115,0.0,0.019200548470475805,False,False,False
3726,1773733661.2586308,1773733661258632900,-0.42,8.409937492055881e-20,0.8749994277780444,-0.4350082359920181,0.2830851198157329,0.8805887676421444,0.28353778042581274,,0.0,0.43965354914945115,0.0,0.0,False,False,False
3727,1773733661.3080986,1773733661308103273,-0.42,8.409937492055881e-20,0.8749994277780444,-0.4350082359920181,0.2830851198157329,0.8805887676421444,0.28353778042581274,,0.0,0.43965354914945115,0.0,0.0,False,False,False
3728,1773733661.3579981,1773733661358000772,-0.42,8.409937492055881e-20,0.8749994277780444,-0.41938451904855395,0.28982463659903346,0.872490134155541,0.2898361525949572,,0.0,0.4212085013504443,0.0,0.01884434880679651,False,False,False
3729,1773733661.408677,1773733661408679606,-0.42,8.409937492055881e-20,0.8749994277780444,-0.41938451904855395,0.28982463659903346,0.872490134155541,0.2898361525949572,,0.0,0.4212085013504443,0.0,0.0,False,False,False
3730,1773733661.4580777,1773733661458081619,-0.42,8.409937492055881e-20,0.8749994277780444,-0.4022982819764142,0.2948296956999147,0.8661642469348529,0.2954927422256302,,0.0,0.4024187755804649,0.0,0.018894627887776485,False,False,False
3731,1773733661.5079648,1773733661507967288,-0.42,8.409937492055881e-20,0.8749994277780444,-0.4022982819764142,0.2948296956999147,0.8661642469348529,0.2954927422256302,,0.0,0.4024187755804649,0.0,0.0,False,False,False
3732,1773733661.5579922,1773733661557995896,-0.42,8.409937492055881e-20,0.8749994277780444,-0.3843559204075592,0.2980576380086433,0.8618641255475261,0.30046862090735993,,0.0,0.38390346115232804,0.0,0.018730696574386925,False,False,False
3733,1773733661.608564,1773733661608567841,-0.42,8.409937492055881e-20,0.8749994277780444,-0.3843559204075592,0.2980576380086433,0.8618641255475261,0.30046862090735993,,0.0,0.38390346115232804,0.0,0.0,False,False,False
3734,1773733661.658086,1773733661658090053,-0.42,8.409937492055881e-20,0.8749994277780444,-0.36584853509013887,0.2995556244546588,0.8597829023979939,0.3047909052759714,,0.0,0.3660085386013406,0.0,0.018684184875933475,False,False,False
3735,1773733661.709973,1773733661709975658,-0.42,8.409937492055881e-20,0.8749994277780444,-0.36584853509013887,0.2995556244546588,0.8597829023979939,0.3047909052759714,,0.0,0.3660085386013406,0.0,0.0,False,False,False
3736,1773733661.758081,1773733661758085710,-0.42,8.409937492055881e-20,0.8749994277780444,-0.36584853509013887,0.2995556244546588,0.8597829023979939,0.3047909052759714,,0.0,0.3660085386013406,0.0,0.0,False,False,False
3737,1773733661.808044,1773733661808047159,-0.42,8.409937492055881e-20,0.8749994277780444,-0.3473190989226471,0.29935795707641666,0.8601929815995606,0.30841032845029365,,0.0,0.349404878997427,0.0,0.01853502743534873,False,False,False
3738,1773733661.858022,1773733661858024798,-0.42,8.409937492055881e-20,0.8749994277780444,-0.3473190989226471,0.29935795707641666,0.8601929815995606,0.30841032845029365,,0.0,0.349404878997427,0.0,0.0,False,False,False
3739,1773733661.9080296,1773733661908032576,-0.42,8.409937492055881e-20,0.8749994277780444,-0.32833419428966504,0.29754485233221745,0.8629971893326238,0.3115760145030851,,0.0,0.3338600651226182,0.0,0.019276346483372668,False,False,False
3740,1773733661.9579494,1773733661957951825,-0.42,8.409937492055881e-20,0.8749994277780444,-0.32833419428966504,0.29754485233221745,0.8629971893326238,0.3115760145030851,,0.0,0.3338600651226182,0.0,0.0,False,False,False
3741,1773733662.0079632,1773733662007966754,-0.42,8.409937492055881e-20,0.8749994277780444,-0.3098493471649859,0.29420507564099846,0.8682548178819609,0.31422170933205074,,0.0,0.3205090568622942,0.0,0.01950605904668527,False,False,False
3742,1773733662.058002,1773733662058004142,-0.42,8.409937492055881e-20,0.8749994277780444,-0.3098493471649859,0.29420507564099846,0.8682548178819609,0.31422170933205074,,0.0,0.3205090568622942,0.0,0.0,False,False,False
3743,1773733662.1080246,1773733662108028541,-0.42,8.409937492055881e-20,0.8749994277780444,-0.3098493471649859,0.29420507564099846,0.8682548178819609,0.31422170933205074,,0.0,0.3205090568622942,0.0,0.0,False,False,False
3744,1773733662.1582196,1773733662158222958,-0.42,8.409937492055881e-20,0.8749994277780444,-0.2921591286152849,0.28940433931078463,0.8760230496643994,0.316384588452221,,0.0,0.3099586993453542,0.0,0.019908197474259363,False,False,False
3745,1773733662.2080133,1773733662208015679,-0.42,8.409937492055881e-20,0.8749994277780444,-0.2921591286152849,0.28940433931078463,0.8760230496643994,0.316384588452221,,0.0,0.3099586993453542,0.0,0.0,False,False,False
3746,1773733662.2580757,1773733662258079447,-0.42,8.409937492055881e-20,0.8749994277780444,-0.27551366731714577,0.2832240058689522,0.8862087733397235,0.31814743007058505,,0.0,0.30275313496274625,0.0,0.020469901564739847,False,False,False
3747,1773733662.3081498,1773733662308154195,-0.42,8.409937492055881e-20,0.8749994277780444,-0.27551366731714577,0.2832240058689522,0.8862087733397235,0.31814743007058505,,0.0,0.30275313496274625,0.0,0.0,False,False,False
3748,1773733662.3580194,1773733662358022475,-0.42,8.409937492055881e-20,0.8749994277780444,-0.2602907847361037,0.2757901576812286,0.8986416150020516,0.3195718972794409,,0.0,0.29944420290086293,0.0,0.02101365757679607,False,False,False
3749,1773733662.4079921,1773733662407995544,-0.42,8.409937492055881e-20,0.8749994277780444,-0.2602907847361037,0.2757901576812286,0.8986416150020516,0.3195718972794409,,0.0,0.29944420290086293,0.0,0.0,False,False,False
3750,1773733662.4584198,1773733662458423979,-0.42,8.409937492055881e-20,0.8749994277780444,-0.24671337813201066,0.26713702208947415,0.9132555988183683,0.32070855384900204,,0.0,0.30042620893988853,0.0,0.02174376344255337,False,False,False
3751,1773733662.508057,1773733662508060061,-0.42,8.409937492055881e-20,0.8749994277780444,-0.24671337813201066,0.26713702208947415,0.9132555988183683,0.32070855384900204,,0.0,0.30042620893988853,0.0,0.0,False,False,False
3752,1773733662.557975,1773733662557977970,-0.42,8.409937492055881e-20,0.8749994277780444,-0.23514114395157526,0.25741503594564435,0.9297598876310892,0.3216115752794767,,0.0,0.30585943108535946,0.0,0.022379123479738007,False,False,False
3753,1773733662.6080012,1773733662608004719,-0.42,8.409937492055881e-20,0.8749994277780444,-0.23514114395157526,0.25741503594564435,0.9297598876310892,0.3216115752794767,,0.0,0.30585943108535946,0.0,0.0,False,False,False
3754,1773733662.6580691,1773733662658072697,-0.42,8.409937492055881e-20,0.8749994277780444,-0.23514114395157526,0.25741503594564435,0.9297598876310892,0.3216115752794767,,0.0,0.30585943108535946,0.0,0.0,False,False,False
3755,1773733662.7080226,1773733662708025776,-0.42,8.409937492055881e-20,0.8749994277780444,-0.22582438398675786,0.24674278716869538,0.9478756614958107,0.3223307591819072,,0.0,0.3156184308901808,0.0,0.022997394915877763,False,False,False
3756,1773733662.758016,1773733662758018785,-0.42,8.409937492055881e-20,0.8749994277780444,-0.22582438398675786,0.24674278716869538,0.9478756614958107,0.3223307591819072,,0.0,0.3156184308901808,0.0,0.0,False,False,False
3757,1773733662.8092554,1773733662809266204,-0.42,8.409937492055881e-20,0.8749994277780444,-0.21894771311817107,0.2352113983801739,0.9673558531931805,0.3229181526390731,,0.0,0.32939001569861104,0.0,0.023658812273509938,False,False,False
3758,1773733662.8590198,1773733662859023925,-0.42,8.409937492055881e-20,0.8749994277780444,-0.21894771311817107,0.2352113983801739,0.9673558531931805,0.3229181526390731,,0.0,0.32939001569861104,0.0,0.0,False,False,False
3759,1773733662.9080389,1773733662908041811,-0.42,8.409937492055881e-20,0.8749994277780444,-0.21464487010312283,0.22283318635632235,0.9879747284465993,0.32340188137644643,,0.0,0.34678762515385153,0.0,0.024430976395461924,False,False,False
3760,1773733662.9580424,1773733662958052479,-0.42,8.409937492055881e-20,0.8749994277780444,-0.21464487010312283,0.22283318635632235,0.9879747284465993,0.32340188137644643,,0.0,0.34678762515385153,0.0,0.0,False,False,False
3761,1773733663.0079403,1773733663007942739,-0.42,8.409937492055881e-20,0.8749994277780444,-0.21464487010312283,0.22283318635632235,0.9879747284465993,0.32340188137644643,,0.0,0.34678762515385153,0.0,0.0,False,False,False
3762,1773733663.0580103,1773733663058012917,-0.42,8.409937492055881e-20,0.8749994277780444,-0.2130825072048791,0.20977098367653094,1.0093156362702609,0.3238202561313342,,0.0,0.3671989133027864,0.0,0.025069831738800712,False,False,False
3763,1773733663.1079457,1773733663107948107,-0.42,8.409937492055881e-20,0.8749994277780444,-0.2130825072048791,0.20977098367653094,1.0093156362702609,0.3238202561313342,,0.0,0.3671989133027864,0.0,0.0,False,False,False
3764,1773733663.1587543,1773733663158756640,-0.42,8.409937492055881e-20,0.8749994277780444,-0.2143208367017979,0.19614872802165892,1.0309668717374358,0.32419760223479305,,0.0,0.3899857056570471,0.0,0.025610062598999766,False,False,False
3765,1773733663.208018,1773733663208020744,-0.42,8.409937492055881e-20,0.8749994277780444,-0.2143208367017979,0.19614872802165892,1.0309668717374358,0.32419760223479305,,0.0,0.3899857056570471,0.0,0.0,False,False,False
3766,1773733663.2579544,1773733663257956573,-0.42,8.409937492055881e-20,0.8749994277780444,-0.2143208367017979,0.19614872802165892,1.0309668717374358,0.32419760223479305,,0.0,0.3899857056570471,0.0,0.0,False,False,False
3767,1773733663.308633,1773733663308636567,-0.42,8.409937492055881e-20,0.8749994277780444,-0.21822201152004295,0.18236055418982605,1.0521132651054392,0.32455976295941713,,0.0,0.4140396126473694,0.0,0.025544135433670245,False,False,False
3768,1773733663.3579352,1773733663357937981,-0.42,8.409937492055881e-20,0.8749994277780444,-0.21822201152004295,0.18236055418982605,1.0521132651054392,0.32455976295941713,,0.0,0.4140396126473694,0.0,0.0,False,False,False
3769,1773733663.4080255,1773733663408027919,-0.42,8.409937492055881e-20,0.8749994277780444,-0.22463010005761275,0.16845716734049618,1.0724829343811377,0.32487990152075635,,0.0,0.43888102160188963,0.0,0.02548119288786904,False,False,False
3770,1773733663.45801,1773733663458011998,-0.42,8.409937492055881e-20,0.8749994277780444,-0.22463010005761275,0.16845716734049618,1.0724829343811377,0.32487990152075635,,0.0,0.43888102160188963,0.0,0.0,False,False,False
3771,1773733663.5080085,1773733663508011607,-0.42,8.409937492055881e-20,0.8749994277780444,-0.23310725091717432,0.15477325967658362,1.0914708888749156,0.3251823412180702,,0.0,0.46359353937200976,0.0,0.024892846994830263,False,False,False
3772,1773733663.5579965,1773733663558000106,-0.42,8.409937492055881e-20,0.8749994277780444,-0.23310725091717432,0.15477325967658362,1.0914708888749156,0.3251823412180702,,0.0,0.46359353937200976,0.0,0.0,False,False,False
3773,1773733663.6080213,1773733663608023725,-0.42,8.409937492055881e-20,0.8749994277780444,-0.2432614166170618,0.14142490443243116,1.1088552636368487,0.3254628740964937,,0.0,0.48773455624443923,0.0,0.024155789257405778,False,False,False
3774,1773733663.6580453,1773733663658047143,-0.42,8.409937492055881e-20,0.8749994277780444,-0.2432614166170618,0.14142490443243116,1.1088552636368487,0.3254628740964937,,0.0,0.48773455624443923,0.0,0.0,False,False,False
3775,1773733663.7080011,1773733663708003803,-0.42,8.409937492055881e-20,0.8749994277780444,-0.2547052461573094,0.1284939910911074,1.1245141301106738,0.32571559384619264,,0.0,0.510995104571561,0.0,0.0233102950138378,False,False,False
3776,1773733663.7580588,1773733663758061031,-0.42,8.409937492055881e-20,0.8749994277780444,-0.2547052461573094,0.1284939910911074,1.1245141301106738,0.32571559384619264,,0.0,0.510995104571561,0.0,0.0,False,False,False
3777,1773733663.8079703,1773733663807974241,-0.42,8.409937492055881e-20,0.8749994277780444,-0.2670691880792351,0.11604428038327994,1.1383982372434893,0.3259341054143175,,0.0,0.5331579548978527,0.0,0.022374780165017132,False,False,False
3778,1773733663.8580563,1773733663858059249,-0.42,8.409937492055881e-20,0.8749994277780444,-0.2670691880792351,0.11604428038327994,1.1383982372434893,0.3259341054143175,,0.0,0.5331579548978527,0.0,0.0,False,False,False
3779,1773733663.9094381,1773733663909441658,-0.42,8.409937492055881e-20,0.8749994277780444,-0.2670691880792351,0.11604428038327994,1.1383982372434893,0.3259341054143175,,0.0,0.5331579548978527,0.0,0.0,False,False,False
3780,1773733663.9580536,1773733663958055837,-0.42,8.409937492055881e-20,0.8749994277780444,-0.28001639289149016,0.10412111168618805,1.1505224641932332,0.32611280219169986,,0.0,0.5540844270955516,0.0,0.021372621349724265,False,False,False
3781,1773733664.0079224,1773733664007924387,-0.42,8.409937492055881e-20,0.8749994277780444,-0.28001639289149016,0.10412111168618805,1.1505224641932332,0.32611280219169986,,0.0,0.5540844270955516,0.0,0.0,False,False,False
3782,1773733664.058016,1773733664058018965,-0.42,8.409937492055881e-20,0.8749994277780444,-0.29323996044992784,0.09276336179337544,1.160944007493548,0.32624753115789323,,0.0,0.5736822210635433,0.0,0.02030935218958462,False,False,False
3783,1773733664.108055,1773733664108057563,-0.42,8.409937492055881e-20,0.8749994277780444,-0.29323996044992784,0.09276336179337544,1.160944007493548,0.32624753115789323,,0.0,0.5736822210635433,0.0,0.0,False,False,False
3784,1773733664.1579237,1773733664157925203,-0.42,8.409937492055881e-20,0.8749994277780444,-0.3064435829373202,0.0820217831644441,1.1697414570248963,0.32633647754141804,,0.0,0.5918662952257494,0.0,0.019160174229054094,False,False,False
3785,1773733664.20794,1773733664207942122,-0.42,8.409937492055881e-20,0.8749994277780444,-0.3064435829373202,0.0820217831644441,1.1697414570248963,0.32633647754141804,,0.0,0.5918662952257494,0.0,0.0,False,False,False
3786,1773733664.2579932,1773733664257996441,-0.42,8.409937492055881e-20,0.8749994277780444,-0.31945944639299606,0.07187057756831838,1.177074556821573,0.32637886945430605,,0.0,0.6087017023051934,0.0,0.018061949761297432,False,False,False
3787,1773733664.3088484,1773733664308851294,-0.42,8.409937492055881e-20,0.8749994277780444,-0.31945944639299606,0.07187057756831838,1.177074556821573,0.32637886945430605,,0.0,0.6087017023051934,0.0,0.0,False,False,False
3788,1773733664.3595393,1773733664359541658,-0.42,8.409937492055881e-20,0.8749994277780444,-0.31945944639299606,0.07187057756831838,1.177074556821573,0.32637886945430605,,0.0,0.6087017023051934,0.0,0.0,False,False,False
3789,1773733664.4080787,1773733664408082168,-0.42,8.409937492055881e-20,0.8749994277780444,-0.3320767407759314,0.0623425022048031,1.1830660450986583,0.3263772783162214,,0.0,0.6241667423939005,0.0,0.016907935103167664,False,False,False
3790,1773733664.4579415,1773733664457943567,-0.42,8.409937492055881e-20,0.8749994277780444,-0.3320767407759314,0.0623425022048031,1.1830660450986583,0.3263772783162214,,0.0,0.6241667423939005,0.0,0.0,False,False,False
3791,1773733664.5080237,1773733664508026966,-0.42,8.409937492055881e-20,0.8749994277780444,-0.34411553062627454,0.053468402795201375,1.187853264840729,0.3263354809922552,,0.0,0.6382561190560225,0.0,0.015703489238098937,False,False,False
3792,1773733664.5580134,1773733664558016235,-0.42,8.409937492055881e-20,0.8749994277780444,-0.34411553062627454,0.053468402795201375,1.187853264840729,0.3263354809922552,,0.0,0.6382561190560225,0.0,0.0,False,False,False
3793,1773733664.6080077,1773733664608010254,-0.42,8.409937492055881e-20,0.8749994277780444,-0.34411553062627454,0.053468402795201375,1.187853264840729,0.3263354809922552,,0.0,0.6382561190560225,0.0,0.0,False,False,False
3794,1773733664.6581426,1773733664658146202,-0.42,8.409937492055881e-20,0.8749994277780444,-0.3554517913250293,0.04525766109821333,1.1915908356548306,0.3262588645119606,,0.0,0.6510070644826282,0.0,0.014487805956569627,False,False,False
3795,1773733664.7079856,1773733664707989142,-0.42,8.409937492055881e-20,0.8749994277780444,-0.3554517913250293,0.04525766109821333,1.1915908356548306,0.3262588645119606,,0.0,0.6510070644826282,0.0,0.0,False,False,False
3796,1773733664.7579463,1773733664757948431,-0.42,8.409937492055881e-20,0.8749994277780444,-0.36599100778735016,0.037716918670571656,1.1944314645070249,0.3261538950904209,,0.0,0.6624649031187191,0.0,0.013266764951396741,False,False,False
3797,1773733664.8097463,1773733664809749158,-0.42,8.409937492055881e-20,0.8749994277780444,-0.3756430663567431,0.0308655291528262,1.1965177738966382,0.3260280131260995,,0.0,0.6726576966412404,0.0,0.012019004110992416,False,False,False
3798,1773733664.8587193,1773733664858722474,-0.42,8.409937492055881e-20,0.8749994277780444,-0.3756430663567431,0.0308655291528262,1.1965177738966382,0.3260280131260995,,0.0,0.6726576966412404,0.0,0.0,False,False,False
3799,1773733664.9080517,1773733664908056308,-0.42,8.409937492055881e-20,0.8749994277780444,-0.3831777240784872,0.02554055259961243,1.1978129656462628,0.3259091592179166,,0.0,0.6804323385725626,0.0,0.009316864491040446,False,False,False
3800,1773733664.958081,1773733664958085006,-0.42,8.409937492055881e-20,0.8749994277780444,-0.3831777240784872,0.02554055259961243,1.1978129656462628,0.3259091592179166,,0.0,0.6804323385725626,0.0,0.0,False,False,False
3801,1773733665.0082178,1773733665008220234,-0.42,8.409937492055881e-20,0.8749994277780444,-0.3911153008312922,0.019942465617479144,1.198866556781392,0.3257636336822177,,0.0,0.6884634344786731,0.0,0.00977004385078303,False,False,False
3802,1773733665.059358,1773733665059361526,-0.42,8.409937492055881e-20,0.8749994277780444,-0.3911153008312922,0.019942465617479144,1.198866556781392,0.3257636336822177,,0.0,0.6884634344786731,0.0,0.0,False,False,False
3803,1773733665.107951,1773733665107953984,-0.42,8.409937492055881e-20,0.8749994277780444,-0.3980594919606099,0.015047052620370989,1.1995293214125804,0.3256185675725971,,0.0,0.6953645500210173,0.0,0.00852209574043289,False,False,False
3804,1773733665.158032,1773733665158035313,-0.42,8.409937492055881e-20,0.8749994277780444,-0.3980594919606099,0.015047052620370989,1.1995293214125804,0.3256185675725971,,0.0,0.6953645500210173,0.0,0.0,False,False,False
3805,1773733665.2105956,1773733665210601294,-0.42,8.409937492055881e-20,0.8749994277780444,-0.3980594919606099,0.015047052620370989,1.1995293214125804,0.3256185675725971,,0.0,0.6953645500210173,0.0,0.0,False,False,False
3806,1773733665.2580216,1773733665258025522,-0.42,8.409937492055881e-20,0.8749994277780444,-0.40401241217290096,0.010846704017160362,1.199906055786868,0.3254805230372919,,0.0,0.7011936045322578,0.0,0.0072953489451270635,False,False,False
3807,1773733665.307974,1773733665307977851,-0.42,8.409937492055881e-20,0.8749994277780444,-0.40401241217290096,0.010846704017160362,1.199906055786868,0.3254805230372919,,0.0,0.7011936045322578,0.0,0.0,False,False,False
3808,1773733665.3580582,1773733665358060970,-0.42,8.409937492055881e-20,0.8749994277780444,-0.408961697620089,0.007348687052897202,1.2000848853820951,0.3253558084105259,,0.0,0.7059821045363412,0.0,0.006063293588813694,False,False,False
3809,1773733665.4095802,1773733665409583288,-0.42,8.409937492055881e-20,0.8749994277780444,-0.408961697620089,0.007348687052897202,1.2000848853820951,0.3253558084105259,,0.0,0.7059821045363412,0.0,0.0,False,False,False
3810,1773733665.458173,1773733665458176987,-0.42,8.409937492055881e-20,0.8749994277780444,-0.4129068713834225,0.004554811091866675,1.2001399127989112,0.3252497406259664,,0.0,0.7097632200212117,0.0,0.004834580325645749,False,False,False
3811,1773733665.5080361,1773733665508041167,-0.42,8.409937492055881e-20,0.8749994277780444,-0.4129068713834225,0.004554811091866675,1.2001399127989112,0.3252497406259664,,0.0,0.7097632200212117,0.0,0.0,False,False,False
3812,1773733665.5579824,1773733665557985207,-0.42,8.409937492055881e-20,0.8749994277780444,-0.41584582213113364,0.002469510532777076,1.2001303088727289,0.3251667964559782,,0.0,0.7125600123398006,0.0,0.0036036096007488385,False,False,False
3813,1773733665.6079915,1773733665607995086,-0.42,8.409937492055881e-20,0.8749994277780444,-0.41584582213113364,0.002469510532777076,1.2001303088727289,0.3251667964559782,,0.0,0.7125600123398006,0.0,0.0,False,False,False
3814,1773733665.6593332,1773733665659335265,-0.42,8.409937492055881e-20,0.8749994277780444,-0.41584582213113364,0.002469510532777076,1.2001303088727289,0.3251667964559782,,0.0,0.7125600123398006,0.0,0.0,False,False,False
3815,1773733665.7080545,1773733665708057684,-0.42,8.409937492055881e-20,0.8749994277780444,-0.41779271547485536,0.0010859394562582779,1.2001000904390695,0.32510996944436393,,0.0,0.7144036137537233,0.0,0.0023886347082256345,False,False,False
3816,1773733665.7581837,1773733665758189362,-0.42,8.409937492055881e-20,0.8749994277780444,-0.41779271547485536,0.0010859394562582779,1.2001000904390695,0.32510996944436393,,0.0,0.7144036137537233,0.0,0.0,False,False,False
3817,1773733665.8080366,1773733665808040382,-0.42,8.409937492055881e-20,0.8749994277780444,-0.41881934539212656,0.000355598133288007,1.200076481691823,0.32507939242067807,,0.0,0.7153729035035963,0.0,0.001260128885479892,False,False,False
3818,1773733665.8580098,1773733665858013611,-0.42,8.409937492055881e-20,0.8749994277780444,-0.41881934539212656,0.000355598133288007,1.200076481691823,0.32507939242067807,,0.0,0.7153729035035963,0.0,0.0,False,False,False
3819,1773733665.9079938,1773733665907995891,-0.42,8.409937492055881e-20,0.8749994277780444,-0.41881934539212656,0.000355598133288007,1.200076481691823,0.32507939242067807,,0.0,0.7153729035035963,0.0,0.0,False,False,False
3820,1773733665.9580514,1773733665958056029,-0.42,8.409937492055881e-20,0.8749994277780444,-0.4193102007194463,6.210446727296361e-06,1.2000633184484792,0.3250646226205145,,0.0,0.7158356499292454,0.0,0.0006026474747758767,False,False,False
3821,1773733666.0080347,1773733666008037409,-0.42,8.409937492055881e-20,0.8749994277780444,-0.4193102007194463,6.210446727296361e-06,1.2000633184484792,0.3250646226205145,,0.0,0.7158356499292454,0.0,0.0,False,False,False
3822,1773733666.0579953,1773733666057998728,-0.42,8.409937492055881e-20,0.8749994277780444,-0.4195449288834347,-0.0001609131460469967,1.2000565945967374,0.3250575251904766,,0.0,0.7160567787183613,0.0,0.00028822355284292275,False,False,False
3823,1773733666.1080172,1773733666108019707,-0.42,8.409937492055881e-20,0.8749994277780444,-0.4195449288834347,-0.0001609131460469967,1.2000565945967374,0.3250575251904766,,0.0,0.7160567787183613,0.0,0.0,False,False,False
3824,1773733666.1580088,1773733666158012746,-0.42,8.409937492055881e-20,0.8749994277780444,-0.4195449288834347,-0.0001609131460469967,1.2000565945967374,0.3250575251904766,,0.0,0.7160567787183613,0.0,0.0,False,False,False
3825,1773733666.2080553,1773733666208059375,-0.42,8.409937492055881e-20,0.8749994277780444,-0.41965718785477235,-0.00024085070755913425,1.2000532807163098,0.3250541229383835,,0.0,0.7161624978197096,0.0,0.0001378516310740769,False,False,False
3826,1773733666.2580595,1773733666258063445,-0.42,8.409937492055881e-20,0.8749994277780444,-0.41965718785477235,-0.00024085070755913425,1.2000532807163098,0.3250541229383835,,0.0,0.7161624978197096,0.0,0.0,False,False,False
3827,1773733666.3082082,1773733666308212923,-0.42,8.409937492055881e-20,0.8749994277780444,-0.41971087848838295,-0.000279085250356266,1.2000516733061857,0.3250524939186169,,0.0,0.7162130523845017,0.0,6.593290656205656e-05,False,False,False
3828,1773733666.3581538,1773733666358158093,-0.42,8.409937492055881e-20,0.8749994277780444,-0.41971087848838295,-0.000279085250356266,1.2000516733061857,0.3250524939186169,,0.0,0.7162130523845017,0.0,0.0,False,False,False
3829,1773733666.4080377,1773733666408040873,-0.42,8.409937492055881e-20,0.8749994277780444,-0.41973655798169984,-0.0002973728634201422,1.2000508993645955,0.3250517143669594,,0.0,0.7162372300612954,0.0,3.15352525623486e-05,False,False,False
3830,1773733666.4579484,1773733666457951973,-0.42,8.409937492055881e-20,0.8749994277780444,-0.41973655798169984,-0.0002973728634201422,1.2000508993645955,0.3250517143669594,,0.0,0.7162372300612954,0.0,0.0,False,False,False
3831,1773733666.508,1773733666508003822,-0.42,8.409937492055881e-20,0.8749994277780444,-0.41974884027306675,-0.00030611980631310427,1.2000505280189258,0.325051341419093,,0.0,0.7162487936166662,0.0,1.5083155797138399e-05,False,False,False
3832,1773733666.5583107,1773733666558315549,-0.42,8.409937492055881e-20,0.8749994277780444,-0.41974884027306675,-0.00030611980631310427,1.2000505280189258,0.325051341419093,,0.0,0.7162487936166662,0.0,0.0,False,False,False
3833,1773733666.608006,1773733666608008320,-0.42,8.409937492055881e-20,0.8749994277780444,-0.419754714825034,-0.000310303449820308,1.200050350137373,0.3250511630185289,,0.0,0.7162543243029563,0.0,7.214213446961255e-06,False,False,False
3834,1773733666.658103,1773733666658106299,-0.42,8.409937492055881e-20,0.8749994277780444,-0.419754714825034,-0.000310303449820308,1.200050350137373,0.3250511630185289,,0.0,0.7162543243029563,0.0,0.0,False,False,False
3835,1773733666.7080202,1773733666708024609,-0.42,8.409937492055881e-20,0.8749994277780444,-0.419754714825034,-0.000310303449820308,1.200050350137373,0.3250511630185289,,0.0,0.7162543243029563,0.0,0.0,False,False,False
3836,1773733666.7582078,1773733666758210826,-0.42,8.409937492055881e-20,0.8749994277780444,-0.41975752459818333,-0.00031230447533210355,1.2000502649958513,0.3250510776853432,,0.0,0.7162569695841472,0.0,3.450532904953887e-06,False,False,False
3837,1773733666.8080251,1773733666808028067,-0.42,8.409937492055881e-20,0.8749994277780444,-0.41975752459818333,-0.00031230447533210355,1.2000502649958513,0.3250510776853432,,0.0,0.7162569695841472,0.0,0.0,False,False,False
3838,1773733666.8580332,1773733666858036466,-0.42,8.409937492055881e-20,0.8749994277780444,-0.41975886850240446,-0.000313261560041686,1.2000502242588973,0.32505103686965986,,0.0,0.7162582348073266,0.0,1.6503785009232761e-06,False,False,False
3839,1773733666.908,1773733666908004916,-0.42,8.409937492055881e-20,0.8749994277780444,-0.41975886850240446,-0.000313261560041686,1.2000502242588973,0.32505103686965986,,0.0,0.7162582348073266,0.0,0.0,False,False,False
3840,1773733666.9580786,1773733666958082715,-0.42,8.409937492055881e-20,0.8749994277780444,-0.4197535261638993,-0.0003095761234640753,1.2000506689413715,0.3250514820279205,,0.0,0.7162534454029801,0.0,6.505441258965268e-06,False,False,False
3841,1773733667.0080092,1773733667008011785,-0.42,8.409937492055881e-20,0.8749994277780444,-0.4197535261638993,-0.0003095761234640753,1.2000506689413715,0.3250514820279205,,0.0,0.7162534454029801,0.0,0.0,False,False,False
3842,1773733667.0580306,1773733667058034924,-0.42,8.409937492055881e-20,0.8749994277780444,-0.4197535261638993,-0.0003095761234640753,1.2000506689413715,0.3250514820279205,,0.0,0.7162534454029801,0.0,0.0,False,False,False
3843,1773733667.1080494,1773733667108052243,-0.42,8.409937492055881e-20,0.8749994277780444,-0.4195106328651859,-0.0001416463927181283,1.200069798701127,0.3250707701346951,,0.0,0.7160348489160656,0.0,0.00029591129876467136,False,False,False
3844,1773733667.1599157,1773733667159918749,-0.42,8.409937492055881e-20,0.8749994277780444,-0.4195106328651859,-0.0001416463927181283,1.200069798701127,0.3250707701346951,,0.0,0.7160348489160656,0.0,0.0,False,False,False
3845,1773733667.2079968,1773733667208001832,-0.42,8.409937492055881e-20,0.8749994277780444,-0.418646425735357,0.0004555024841390753,1.2001352961366332,0.3251390049488011,,0.0,0.7152561955691594,0.0,0.0010524878424175998,False,False,False
3846,1773733667.2583377,1773733667258340759,-0.42,8.409937492055881e-20,0.8749994277780444,-0.418646425735357,0.0004555024841390753,1.2001352961366332,0.3251390049488011,,0.0,0.7152561955691594,0.0,0.0,False,False,False
3847,1773733667.3079429,1773733667307945551,-0.42,8.409937492055881e-20,0.8749994277780444,-0.4169552445097683,0.0016226452844003798,1.2002517642885158,0.325270634886144,,0.0,0.7137282442954654,0.0,0.002058125624054189,False,False,False
3848,1773733667.3581004,1773733667358103859,-0.42,8.409937492055881e-20,0.8749994277780444,-0.4169552445097683,0.0016226452844003798,1.2002517642885158,0.325270634886144,,0.0,0.7137282442954654,0.0,0.0,False,False,False
3849,1773733667.4080377,1773733667408040350,-0.42,8.409937492055881e-20,0.8749994277780444,-0.4143289922793187,0.00343161583331022,1.2004020042267303,0.32547008015367296,,0.0,0.7113442752871503,0.0,0.003192514254282878,False,False,False
3850,1773733667.4580283,1773733667458031049,-0.42,8.409937492055881e-20,0.8749994277780444,-0.4143289922793187,0.00343161583331022,1.2004020042267303,0.32547008015367296,,0.0,0.7113442752871503,0.0,0.0,False,False,False
3851,1773733667.5080614,1773733667508064668,-0.42,8.409937492055881e-20,0.8749994277780444,-0.4107329036067322,0.0059024306723410806,1.2005475586106673,0.3257334850027219,,0.0,0.7080572694666116,0.0,0.004365543011878729,False,False,False
3852,1773733667.557976,1773733667557979188,-0.42,8.409937492055881e-20,0.8749994277780444,-0.4107329036067322,0.0059024306723410806,1.2005475586106673,0.3257334850027219,,0.0,0.7080572694666116,0.0,0.0,False,False,False
3853,1773733667.6089363,1773733667608938941,-0.42,8.409937492055881e-20,0.8749994277780444,-0.4107329036067322,0.0059024306723410806,1.2005475586106673,0.3257334850027219,,0.0,0.7080572694666116,0.0,0.0,False,False,False
3854,1773733667.6585493,1773733667658552113,-0.42,8.409937492055881e-20,0.8749994277780444,-0.40611669014076157,0.009065318768603302,1.20063298325213,0.3260554228159968,,0.0,0.7037980531364675,0.0,0.0055964797187388155,False,False,False
3855,1773733667.7079554,1773733667707957376,-0.42,8.409937492055881e-20,0.8749994277780444,-0.40611669014076157,0.009065318768603302,1.20063298325213,0.3260554228159968,,0.0,0.7037980531364675,0.0,0.0,False,False,False
3856,1773733667.758018,1773733667758020825,-0.42,8.409937492055881e-20,0.8749994277780444,-0.40048545923082435,0.012913327999155753,1.2005835251693635,0.3264239204095888,,0.0,0.698539065935488,0.0,0.0068205852169297195,False,False,False
3857,1773733667.8079612,1773733667807965195,-0.42,8.409937492055881e-20,0.8749994277780444,-0.40048545923082435,0.012913327999155753,1.2005835251693635,0.3264239204095888,,0.0,0.698539065935488,0.0,0.0,False,False,False
3858,1773733667.858031,1773733667858033704,-0.42,8.409937492055881e-20,0.8749994277780444,-0.3938581744251288,0.017433536285863478,1.200309245692797,0.32682380706360276,,0.0,0.6922552046180689,0.0,0.00802673134484327,False,False,False
3859,1773733667.907923,1773733667907927004,-0.42,8.409937492055881e-20,0.8749994277780444,-0.3938581744251288,0.017433536285863478,1.200309245692797,0.32682380706360276,,0.0,0.6922552046180689,0.0,0.0,False,False,False
3860,1773733667.9587028,1773733667958705638,-0.42,8.409937492055881e-20,0.8749994277780444,-0.3938581744251288,0.017433536285863478,1.200309245692797,0.32682380706360276,,0.0,0.6922552046180689,0.0,0.0,False,False,False
3861,1773733668.0080254,1773733668008027782,-0.42,8.409937492055881e-20,0.8749994277780444,-0.3861860374992549,0.022660644264512517,1.1997008794302484,0.3272429091111573,,0.0,0.6848467244736115,0.0,0.009303464534205639,False,False,False
3862,1773733668.0580864,1773733668058089131,-0.42,8.409937492055881e-20,0.8749994277780444,-0.3861860374992549,0.022660644264512517,1.1997008794302484,0.3272429091111573,,0.0,0.6848467244736115,0.0,0.0,False,False,False
3863,1773733668.1080236,1773733668108026452,-0.42,8.409937492055881e-20,0.8749994277780444,-0.37752878492753594,0.028565936401299716,1.1986365672961856,0.32765960219059564,,0.0,0.6762993176273047,0.0,0.010533435224562232,False,False,False
3864,1773733668.158021,1773733668158024831,-0.42,8.409937492055881e-20,0.8749994277780444,-0.37752878492753594,0.028565936401299716,1.1986365672961856,0.32765960219059564,,0.0,0.6762993176273047,0.0,0.0,False,False,False
3865,1773733668.208,1773733668208003551,-0.42,8.409937492055881e-20,0.8749994277780444,-0.3679386651846348,0.03513498795658419,1.1969830255688994,0.3280522629213368,,0.0,0.6665769065744372,0.0,0.011741253564379078,False,False,False
3866,1773733668.258059,1773733668258062160,-0.42,8.409937492055881e-20,0.8749994277780444,-0.3679386651846348,0.03513498795658419,1.1969830255688994,0.3280522629213368,,0.0,0.6665769065744372,0.0,0.0,False,False,False
3867,1773733668.3080084,1773733668308010690,-0.42,8.409937492055881e-20,0.8749994277780444,-0.35741870703334255,0.042393986877327774,1.1945838475946557,0.3284019941203977,,0.0,0.6555774984796464,0.0,0.013004562268234654,False,False,False
3868,1773733668.358096,1773733668358099049,-0.42,8.409937492055881e-20,0.8749994277780444,-0.35741870703334255,0.042393986877327774,1.1945838475946557,0.3284019941203977,,0.0,0.6555774984796464,0.0,0.0,False,False,False
3869,1773733668.4079847,1773733668407987449,-0.42,8.409937492055881e-20,0.8749994277780444,-0.3460741566786021,0.050321185369360005,1.191283401764929,0.3286834407278432,,0.0,0.6432746460383488,0.0,0.014227868475575708,False,False,False
3870,1773733668.4580452,1773733668458048218,-0.42,8.409937492055881e-20,0.8749994277780444,-0.3460741566786021,0.050321185369360005,1.191283401764929,0.3286834407278432,,0.0,0.6432746460383488,0.0,0.0,False,False,False
3871,1773733668.507988,1773733668507990148,-0.42,8.409937492055881e-20,0.8749994277780444,-0.33404398502526844,0.058890519730207105,1.1869284223757048,0.3288711411710329,,0.0,0.6296557919739854,0.0,0.015398843036969825,False,False,False
3872,1773733668.5579638,1773733668557966678,-0.42,8.409937492055881e-20,0.8749994277780444,-0.33404398502526844,0.058890519730207105,1.1869284223757048,0.3288711411710329,,0.0,0.6296557919739854,0.0,0.0,False,False,False
3873,1773733668.6080832,1773733668608085787,-0.42,8.409937492055881e-20,0.8749994277780444,-0.33404398502526844,0.058890519730207105,1.1869284223757048,0.3288711411710329,,0.0,0.6296557919739854,0.0,0.0,False,False,False
3874,1773733668.6579225,1773733668657924287,-0.42,8.409937492055881e-20,0.8749994277780444,-0.3213856929917791,0.0681418854623251,1.181329161047311,0.3289468096606079,,0.0,0.6145998959939755,0.0,0.016648478985725832,False,False,False
3875,1773733668.707982,1773733668707985636,-0.42,8.409937492055881e-20,0.8749994277780444,-0.3213856929917791,0.0681418854623251,1.181329161047311,0.3289468096606079,,0.0,0.6145998959939755,0.0,0.0,False,False,False
3876,1773733668.7580051,1773733668758007326,-0.42,8.409937492055881e-20,0.8749994277780444,-0.3084235872173364,0.07798203928998315,1.1743837341025638,0.32887909209112925,,0.0,0.5982388461822905,0.0,0.0176941733037922,False,False,False
3877,1773733668.808019,1773733668808020795,-0.42,8.409937492055881e-20,0.8749994277780444,-0.3084235872173364,0.07798203928998315,1.1743837341025638,0.32887909209112925,,0.0,0.5982388461822905,0.0,0.0,False,False,False
3878,1773733668.858369,1773733668858370992,-0.42,8.409937492055881e-20,0.8749994277780444,-0.2951054435552425,0.08854089664816689,1.1658344567559447,0.32866876135308354,,0.0,0.5802867546076371,0.0,0.019025050918829604,False,False,False
3879,1773733668.9080322,1773733668908036404,-0.42,8.409937492055881e-20,0.8749994277780444,-0.2951054435552425,0.08854089664816689,1.1658344567559447,0.32866876135308354,,0.0,0.5802867546076371,0.0,0.0,False,False,False
3880,1773733668.959427,1773733668959429314,-0.42,8.409937492055881e-20,0.8749994277780444,-0.2951054435552425,0.08854089664816689,1.1658344567559447,0.32866876135308354,,0.0,0.5802867546076371,0.0,0.0,False,False,False
3881,1773733669.0080745,1773733669008078183,-0.42,8.409937492055881e-20,0.8749994277780444,-0.2818985642788986,0.09969678829078316,1.1556405055189696,0.3282847402169567,,0.0,0.5609792116679091,0.0,0.020069684112699514,False,False,False
3882,1773733669.0579638,1773733669057966693,-0.42,8.409937492055881e-20,0.8749994277780444,-0.26909460718539846,0.11147131038553414,1.143692482864954,0.3277106169649288,,0.0,0.5403321573349932,0.0,0.02110298398693516,False,False,False
3883,1773733669.1079373,1773733669107939683,-0.42,8.409937492055881e-20,0.8749994277780444,-0.26909460718539846,0.11147131038553414,1.143692482864954,0.3277106169649288,,0.0,0.5403321573349932,0.0,0.0,False,False,False
3884,1773733669.1579869,1773733669157989243,-0.42,8.409937492055881e-20,0.8749994277780444,-0.26909460718539846,0.11147131038553414,1.143692482864954,0.3277106169649288,,0.0,0.5403321573349932,0.0,0.0,False,False,False
3885,1773733669.208052,1773733669208057062,-0.42,8.409937492055881e-20,0.8749994277780444,-0.2569861369421329,0.12383253904109245,1.1299333000901606,0.32695457869016464,,0.0,0.5184242223440568,0.0,0.022107241712552343,False,False,False
3886,1773733669.2580364,1773733669258041002,-0.42,8.409937492055881e-20,0.8749994277780444,-0.2569861369421329,0.12383253904109245,1.1299333000901606,0.32695457869016464,,0.0,0.5184242223440568,0.0,0.0,False,False,False
3887,1773733669.3080432,1773733669308045561,-0.42,8.409937492055881e-20,0.8749994277780444,-0.24640520196058213,0.13691831673534732,1.114444053736265,0.3259072080581516,,0.0,0.4955673672063287,0.0,0.022871609378417843,False,False,False
3888,1773733669.3580618,1773733669358064741,-0.42,8.409937492055881e-20,0.8749994277780444,-0.24640520196058213,0.13691831673534732,1.114444053736265,0.3259072080581516,,0.0,0.4955673672063287,0.0,0.0,False,False,False
3889,1773733669.4080389,1773733669408041601,-0.42,8.409937492055881e-20,0.8749994277780444,-0.24640520196058213,0.13691831673534732,1.114444053736265,0.3259072080581516,,0.0,0.4955673672063287,0.0,0.0,False,False,False
3890,1773733669.4582121,1773733669458217849,-0.42,8.409937492055881e-20,0.8749994277780444,-0.2378680998049446,0.15066456414952797,1.0974266570264977,0.3245700421637413,,0.0,0.4721527051301654,0.0,0.023482615313573117,False,False,False
3891,1773733669.5080254,1773733669508027780,-0.42,8.409937492055881e-20,0.8749994277780444,-0.2378680998049446,0.15066456414952797,1.0974266570264977,0.3245700421637413,,0.0,0.4721527051301654,0.0,0.0,False,False,False
3892,1773733669.5580406,1773733669558043280,-0.42,8.409937492055881e-20,0.8749994277780444,-0.23169512700207762,0.1649422029850642,1.0791170095619806,0.3229994469246839,,0.0,0.44858949286164396,0.0,0.02402498187757574,False,False,False
3893,1773733669.6119554,1773733669611960272,-0.42,8.409937492055881e-20,0.8749994277780444,-0.23169512700207762,0.1649422029850642,1.0791170095619806,0.3229994469246839,,0.0,0.44858949286164396,0.0,0.0,False,False,False
3894,1773733669.6580126,1773733669658015089,-0.42,8.409937492055881e-20,0.8749994277780444,-0.22826881844883917,0.17977886217182681,1.0596633940895441,0.32121965337864306,,0.0,0.4252318422550933,0.0,0.024704436870237774,False,False,False
3895,1773733669.708111,1773733669708115339,-0.42,8.409937492055881e-20,0.8749994277780444,-0.22826881844883917,0.17977886217182681,1.0596633940895441,0.32121965337864306,,0.0,0.4252318422550933,0.0,0.0,False,False,False
3896,1773733669.757958,1773733669757960149,-0.42,8.409937492055881e-20,0.8749994277780444,-0.22754612420039944,0.19471591381161926,1.039534565910506,0.31941288809634816,,0.0,0.402824629482288,0.0,0.02507603482466466,False,False,False
3897,1773733669.8087814,1773733669808784603,-0.42,8.409937492055881e-20,0.8749994277780444,-0.22754612420039944,0.19471591381161926,1.039534565910506,0.31941288809634816,,0.0,0.402824629482288,0.0,0.0,False,False,False
3898,1773733669.857932,1773733669857935249,-0.42,8.409937492055881e-20,0.8749994277780444,-0.22945118562829703,0.209335151785689,1.0192643404341104,0.31771437086676063,,0.0,0.3821803178639937,0.0,0.02506458495268697,False,False,False
3899,1773733669.9080179,1773733669908020608,-0.42,8.409937492055881e-20,0.8749994277780444,-0.22945118562829703,0.209335151785689,1.0192643404341104,0.31771437086676063,,0.0,0.3821803178639937,0.0,0.0,False,False,False
3900,1773733669.9579601,1773733669957963718,-0.42,8.409937492055881e-20,0.8749994277780444,-0.22945118562829703,0.209335151785689,1.0192643404341104,0.31771437086676063,,0.0,0.3821803178639937,0.0,0.0,False,False,False
3901,1773733670.0081077,1773733670008111946,-0.42,8.409937492055881e-20,0.8749994277780444,-0.23390228209415598,0.22337094237501187,0.9993207290406714,0.31620044980185724,,0.0,0.3640205825091518,0.0,0.02479038750459979,False,False,False
3902,1773733670.057993,1773733670057996277,-0.42,8.409937492055881e-20,0.8749994277780444,-0.23390228209415598,0.22337094237501187,0.9993207290406714,0.31620044980185724,,0.0,0.3640205825091518,0.0,0.0,False,False,False
3903,1773733670.1079786,1773733670107980987,-0.42,8.409937492055881e-20,0.8749994277780444,-0.2409531179008232,0.23679775652415674,0.9799954653901689,0.3148890779283349,,0.0,0.3489262693733213,0.0,0.024565411434162653,False,False,False
3904,1773733670.158047,1773733670158049806,-0.42,8.409937492055881e-20,0.8749994277780444,-0.2409531179008232,0.23679775652415674,0.9799954653901689,0.3148890779283349,,0.0,0.3489262693733213,0.0,0.0,False,False,False
3905,1773733670.2081504,1773733670208154835,-0.42,8.409937492055881e-20,0.8749994277780444,-0.2409531179008232,0.23679775652415674,0.9799954653901689,0.3148890779283349,,0.0,0.3489262693733213,0.0,0.0,False,False,False
3906,1773733670.2585232,1773733670258525923,-0.42,8.409937492055881e-20,0.8749994277780444,-0.2504105553751642,0.24941403062763995,0.9616771041923671,0.3138167586198538,,0.0,0.33749232941337254,0.0,0.02416973009382651,False,False,False
3907,1773733670.3079236,1773733670307925767,-0.42,8.409937492055881e-20,0.8749994277780444,-0.2504105553751642,0.24941403062763995,0.9616771041923671,0.3138167586198538,,0.0,0.33749232941337254,0.0,0.0,False,False,False
3908,1773733670.3580513,1773733670358055096,-0.42,8.409937492055881e-20,0.8749994277780444,-0.26213731050024036,0.2611257834367522,0.9446638012802292,0.31298630712382136,,0.0,0.33015389905997017,0.0,0.023751513964490923,False,False,False
3909,1773733670.4080694,1773733670408073725,-0.42,8.409937492055881e-20,0.8749994277780444,-0.26213731050024036,0.2611257834367522,0.9446638012802292,0.31298630712382136,,0.0,0.33015389905997017,0.0,0.0,False,False,False
3910,1773733670.4580681,1773733670458071535,-0.42,8.409937492055881e-20,0.8749994277780444,-0.27594921600483135,0.27183756537730097,0.9292255007294243,0.3123887919045904,,0.0,0.3271683051280221,0.0,0.02332063742496332,False,False,False
3911,1773733670.5081005,1773733670508104605,-0.42,8.409937492055881e-20,0.8749994277780444,-0.27594921600483135,0.27183756537730097,0.9292255007294243,0.3123887919045904,,0.0,0.3271683051280221,0.0,0.0,False,False,False
3912,1773733670.558032,1773733670558036045,-0.42,8.409937492055881e-20,0.8749994277780444,-0.2916211339627771,0.28145247281092733,0.915605344932936,0.312002352882761,,0.0,0.3285691915493279,0.0,0.02288152314332246,False,False,False
3913,1773733670.6080327,1773733670608035355,-0.42,8.409937492055881e-20,0.8749994277780444,-0.2916211339627771,0.28145247281092733,0.915605344932936,0.312002352882761,,0.0,0.3285691915493279,0.0,0.0,False,False,False
3914,1773733670.658065,1773733670658068314,-0.42,8.409937492055881e-20,0.8749994277780444,-0.2916211339627771,0.28145247281092733,0.915605344932936,0.312002352882761,,0.0,0.3285691915493279,0.0,0.0,False,False,False
3915,1773733670.7079983,1773733670708001435,-0.42,8.409937492055881e-20,0.8749994277780444,-0.3088891351438702,0.28987211451402395,0.9040211813785222,0.31179116287020614,,0.0,0.3341542890031655,0.0,0.022433614877102725,False,False,False
3916,1773733670.7580156,1773733670758018744,-0.42,8.409937492055881e-20,0.8749994277780444,-0.3088891351438702,0.28987211451402395,0.9040211813785222,0.31179116287020614,,0.0,0.3341542890031655,0.0,0.0,False,False,False
3917,1773733670.8080423,1773733670808045164,-0.42,8.409937492055881e-20,0.8749994277780444,-0.3274540552899754,0.2969973462476197,0.8946695981838118,0.31170353088181624,,0.0,0.3435172755191073,0.0,0.02197446917530191,False,False,False
3918,1773733670.8579142,1773733670857916255,-0.42,8.409937492055881e-20,0.8749994277780444,-0.3274540552899754,0.2969973462476197,0.8946695981838118,0.31170353088181624,,0.0,0.3435172755191073,0.0,0.0,False,False,False
3919,1773733670.9079885,1773733670907992064,-0.42,8.409937492055881e-20,0.8749994277780444,-0.34699824710822846,0.30273265721010734,0.8877268323198013,0.3116701854414906,,0.0,0.3561196767651274,0.0,0.021519089746259473,False,False,False
3920,1773733670.9579499,1773733670957952574,-0.42,8.409937492055881e-20,0.8749994277780444,-0.34699824710822846,0.30273265721010734,0.8877268323198013,0.3116701854414906,,0.0,0.3561196767651274,0.0,0.0,False,False,False
3921,1773733671.0081828,1773733671008187042,-0.42,8.409937492055881e-20,0.8749994277780444,-0.3671466095710333,0.30698173573700055,0.8833336031931188,0.3116098930325988,,0.0,0.37132211935036463,0.0,0.02105496711989356,False,False,False
3922,1773733671.058079,1773733671058082413,-0.42,8.409937492055881e-20,0.8749994277780444,-0.3671466095710333,0.30698173573700055,0.8833336031931188,0.3116098930325988,,0.0,0.37132211935036463,0.0,0.0,False,False,False
3923,1773733671.1080027,1773733671108005893,-0.42,8.409937492055881e-20,0.8749994277780444,-0.3671466095710333,0.30698173573700055,0.8833336031931188,0.3116098930325988,,0.0,0.37132211935036463,0.0,0.0,False,False,False
3924,1773733671.1579428,1773733671157945144,-0.42,8.409937492055881e-20,0.8749994277780444,-0.3878240367757142,0.30971786495886033,0.881487001852215,0.3114523030922284,,0.0,0.38871675356556235,0.0,0.020939253459371972,False,False,False
3925,1773733671.2091131,1773733671209115955,-0.42,8.409937492055881e-20,0.8749994277780444,-0.3878240367757142,0.30971786495886033,0.881487001852215,0.3114523030922284,,0.0,0.38871675356556235,0.0,0.0,False,False,False
3926,1773733671.2580965,1773733671258099993,-0.42,8.409937492055881e-20,0.8749994277780444,-0.4086046906982712,0.3108480054622921,0.8821405684855158,0.3111387656088054,,0.0,0.40765845992203226,0.0,0.02082162203937881,False,False,False
3927,1773733671.3079398,1773733671307942674,-0.42,8.409937492055881e-20,0.8749994277780444,-0.4086046906982712,0.3108480054622921,0.8821405684855158,0.3111387656088054,,0.0,0.40765845992203226,0.0,0.0,False,False,False
3928,1773733671.3584538,1773733671358459160,-0.42,8.409937492055881e-20,0.8749994277780444,-0.4086046906982712,0.3108480054622921,0.8821405684855158,0.3111387656088054,,0.0,0.40765845992203226,0.0,0.0,False,False,False
3929,1773733671.4079926,1773733671407994823,-0.42,8.409937492055881e-20,0.8749994277780444,-0.42917221936544225,0.3103119988303987,0.8851710783465991,0.31061411542538425,,0.0,0.4276446511876627,0.0,0.020796502797404654,False,False,False
3930,1773733671.458092,1773733671458095422,-0.42,8.409937492055881e-20,0.8749994277780444,-0.42917221936544225,0.3103119988303987,0.8851710783465991,0.31061411542538425,,0.0,0.4276446511876627,0.0,0.0,False,False,False
3931,1773733671.5081527,1773733671508156452,-0.42,8.409937492055881e-20,0.8749994277780444,-0.449189701566512,0.3080515671029386,0.8904379525220706,0.30981632416383453,,0.0,0.44822432017294744,0.0,0.020821842109787037,False,False,False
3932,1773733671.558005,1773733671558007293,-0.42,8.409937492055881e-20,0.8749994277780444,-0.449189701566512,0.3080515671029386,0.8904379525220706,0.30981632416383453,,0.0,0.44822432017294744,0.0,0.0,False,False,False
3933,1773733671.609924,1773733671609926799,-0.42,8.409937492055881e-20,0.8749994277780444,-0.4683304781540135,0.30401899207723,0.8977774559177191,0.30867818392005325,,0.0,0.4690129970130989,0.0,0.020892565658754084,False,False,False
3934,1773733671.6580803,1773733671658084822,-0.42,8.409937492055881e-20,0.8749994277780444,-0.4683304781540135,0.30401899207723,0.8977774559177191,0.30867818392005325,,0.0,0.4690129970130989,0.0,0.0,False,False,False
3935,1773733671.7080543,1773733671708056132,-0.42,8.409937492055881e-20,0.8749994277780444,-0.4859712549333293,0.2982569357463373,0.90693200589765,0.30713042139071445,,0.0,0.489357864520114,0.0,0.020693092660911783,False,False,False
3936,1773733671.7580953,1773733671758100792,-0.42,8.409937492055881e-20,0.8749994277780444,-0.4859712549333293,0.2982569357463373,0.90693200589765,0.30713042139071445,,0.0,0.489357864520114,0.0,0.0,False,False,False
3937,1773733671.8091657,1773733671809168304,-0.42,8.409937492055881e-20,0.8749994277780444,-0.5023972328051822,0.29067050685120704,0.9177190409450607,0.3051288463522066,,0.0,0.50954687258605,0.0,0.02106482322597407,False,False,False
3938,1773733671.858023,1773733671858025272,-0.42,8.409937492055881e-20,0.8749994277780444,-0.5023972328051822,0.29067050685120704,0.9177190409450607,0.3051288463522066,,0.0,0.50954687258605,0.0,0.0,False,False,False
3939,1773733671.9080305,1773733671908033072,-0.42,8.409937492055881e-20,0.8749994277780444,-0.5023972328051822,0.29067050685120704,0.9177190409450607,0.3051288463522066,,0.0,0.50954687258605,0.0,0.0,False,False,False
3940,1773733671.957939,1773733671957941693,-0.42,8.409937492055881e-20,0.8749994277780444,-0.5172220469340492,0.28122433808002123,0.9299364675852504,0.3025844230646566,,0.0,0.5292573786864255,0.0,0.02140725886510449,False,False,False
3941,1773733672.0080514,1773733672008053822,-0.42,8.409937492055881e-20,0.8749994277780444,-0.5172220469340492,0.28122433808002123,0.9299364675852504,0.3025844230646566,,0.0,0.5292573786864255,0.0,0.0,False,False,False
3942,1773733672.057963,1773733672057966493,-0.42,8.409937492055881e-20,0.8749994277780444,-0.5299746486366077,0.2699687159805889,0.9433045085786856,0.2994046008566591,,0.0,0.5480728139949789,0.0,0.021633825344388204,False,False,False
3943,1773733672.1092436,1773733672109247094,-0.42,8.409937492055881e-20,0.8749994277780444,-0.5299746486366077,0.2699687159805889,0.9433045085786856,0.2994046008566591,,0.0,0.5480728139949789,0.0,0.0,False,False,False
3944,1773733672.1579645,1773733672157966533,-0.42,8.409937492055881e-20,0.8749994277780444,-0.5399779174574553,0.2572402438371917,0.957321132542321,0.29554036408271295,,0.0,0.5652595876383596,0.0,0.02141366707374841,False,False,False
3945,1773733672.2079294,1773733672207931123,-0.42,8.409937492055881e-20,0.8749994277780444,-0.5399779174574553,0.2572402438371917,0.957321132542321,0.29554036408271295,,0.0,0.5652595876383596,0.0,0.0,False,False,False
3946,1773733672.258086,1773733672258089382,-0.42,8.409937492055881e-20,0.8749994277780444,-0.5470677806168872,0.2433323055447871,0.971523907027205,0.2909876404367798,,0.0,0.5805675802342264,0.0,0.021104874087122086,False,False,False
3947,1773733672.308065,1773733672308067553,-0.42,8.409937492055881e-20,0.8749994277780444,-0.5470677806168872,0.2433323055447871,0.971523907027205,0.2909876404367798,,0.0,0.5805675802342264,0.0,0.0,False,False,False
3948,1773733672.3588517,1773733672358855727,-0.42,8.409937492055881e-20,0.8749994277780444,-0.5513001129817929,0.22849693180168043,0.9855125668848503,0.28576865018236974,,0.0,0.5939550884788457,0.0,0.020825070371011584,False,False,False
3949,1773733672.4079971,1773733672407999633,-0.42,8.409937492055881e-20,0.8749994277780444,-0.5513001129817929,0.22849693180168043,0.9855125668848503,0.28576865018236974,,0.0,0.5939550884788457,0.0,0.0,False,False,False
3950,1773733672.4579902,1773733672457992823,-0.42,8.409937492055881e-20,0.8749994277780444,-0.5528516371859891,0.21293734964398778,0.9989567671341104,0.2799237295347404,,0.0,0.6054993940775991,0.0,0.020621695968576364,False,False,False
3951,1773733672.5079646,1773733672507966963,-0.42,8.409937492055881e-20,0.8749994277780444,-0.5528516371859891,0.21293734964398778,0.9989567671341104,0.2799237295347404,,0.0,0.6054993940775991,0.0,0.0,False,False,False
3952,1773733672.5580397,1773733672558042133,-0.42,8.409937492055881e-20,0.8749994277780444,-0.5528516371859891,0.21293734964398778,0.9989567671341104,0.2799237295347404,,0.0,0.6054993940775991,0.0,0.0,False,False,False
3953,1773733672.6083305,1773733672608334971,-0.42,8.409937492055881e-20,0.8749994277780444,-0.5518688336086424,0.19688585046021995,1.0115636871128324,0.2735017811942129,,0.0,0.6152266998785262,0.0,0.020434063723793278,False,False,False
3954,1773733672.6580324,1773733672658034513,-0.42,8.409937492055881e-20,0.8749994277780444,-0.5518688336086424,0.19688585046021995,1.0115636871128324,0.2735017811942129,,0.0,0.6152266998785262,0.0,0.0,False,False,False
3955,1773733672.70816,1773733672708164393,-0.42,8.409937492055881e-20,0.8749994277780444,-0.5485627321522886,0.18054252267948545,1.023098949519682,0.2665660273441374,,0.0,0.6232231139823616,0.0,0.020275525852197065,False,False,False
3956,1773733672.7579343,1773733672757936514,-0.42,8.409937492055881e-20,0.8749994277780444,-0.5485627321522886,0.18054252267948545,1.023098949519682,0.2665660273441374,,0.0,0.6232231139823616,0.0,0.0,False,False,False
3957,1773733672.807969,1773733672807971214,-0.42,8.409937492055881e-20,0.8749994277780444,-0.5430487326255454,0.16406172495564417,1.0342732808486612,0.25966401458064003,,0.0,0.6298838345986042,0.0,0.02066123338634218,False,False,False
3958,1773733672.8580399,1773733672858042704,-0.42,8.409937492055881e-20,0.8749994277780444,-0.5430487326255454,0.16406172495564417,1.0342732808486612,0.25966401458064003,,0.0,0.6298838345986042,0.0,0.0,False,False,False
3959,1773733672.9081607,1773733672908166373,-0.42,8.409937492055881e-20,0.8749994277780444,-0.5430487326255454,0.16406172495564417,1.0342732808486612,0.25966401458064003,,0.0,0.6298838345986042,0.0,0.0,False,False,False
3960,1773733672.9581652,1773733672958168823,-0.42,8.409937492055881e-20,0.8749994277780444,-0.5364364885754819,0.1478750689850621,1.0460551860556082,0.2543316031071199,,0.0,0.6364126921281474,0.0,0.021084185855590094,False,False,False
3961,1773733673.0080328,1773733673008035074,-0.42,8.409937492055881e-20,0.8749994277780444,-0.5364364885754819,0.1478750689850621,1.0460551860556082,0.2543316031071199,,0.0,0.6364126921281474,0.0,0.0,False,False,False
3962,1773733673.0579638,1773733673057966394,-0.42,8.409937492055881e-20,0.8749994277780444,-0.529012831180669,0.1320640005758826,1.056143710556095,0.24927484588964463,,0.0,0.6420128593702833,0.0,0.02017123942528655,False,False,False
3963,1773733673.1080391,1773733673108042254,-0.42,8.409937492055881e-20,0.8749994277780444,-0.529012831180669,0.1320640005758826,1.056143710556095,0.24927484588964463,,0.0,0.6420128593702833,0.0,0.0,False,False,False
3964,1773733673.1579912,1773733673157994255,-0.42,8.409937492055881e-20,0.8749994277780444,-0.5204022215471431,0.11665953761081944,1.0646913651515257,0.24428075018649456,,0.0,0.6464012251435536,0.0,0.019608734701294758,False,False,False
3965,1773733673.2080748,1773733673208078224,-0.42,8.409937492055881e-20,0.8749994277780444,-0.5204022215471431,0.11665953761081944,1.0646913651515257,0.24428075018649456,,0.0,0.6464012251435536,0.0,0.0,False,False,False
3966,1773733673.25808,1773733673258084045,-0.42,8.409937492055881e-20,0.8749994277780444,-0.5106193637804941,0.10172706153282987,1.0717367745628976,0.2393028369243233,,0.0,0.6495563978337218,0.0,0.019191689390881228,False,False,False
3967,1773733673.3080313,1773733673308034075,-0.42,8.409937492055881e-20,0.8749994277780444,-0.5106193637804941,0.10172706153282987,1.0717367745628976,0.2393028369243233,,0.0,0.6495563978337218,0.0,0.0,False,False,False
3968,1773733673.358043,1773733673358045545,-0.42,8.409937492055881e-20,0.8749994277780444,-0.49977362336656317,0.08734936510703845,1.0772938265511192,0.23434326605343872,,0.0,0.6515103978454087,0.0,0.01884752149324646,False,False,False
3969,1773733673.407974,1773733673407976576,-0.42,8.409937492055881e-20,0.8749994277780444,-0.49977362336656317,0.08734936510703845,1.0772938265511192,0.23434326605343872,,0.0,0.6515103978454087,0.0,0.0,False,False,False
3970,1773733673.4601278,1773733673460130951,-0.42,8.409937492055881e-20,0.8749994277780444,-0.4880124315406539,0.0735806637116985,1.0813874815838336,0.22942500663630266,,0.0,0.6523382128956687,0.0,0.01856504195542633,False,False,False
3971,1773733673.5080588,1773733673508061676,-0.42,8.409937492055881e-20,0.8749994277780444,-0.4880124315406539,0.0735806637116985,1.0813874815838336,0.22942500663630266,,0.0,0.6523382128956687,0.0,0.0,False,False,False
3972,1773733673.5580068,1773733673558010256,-0.42,8.409937492055881e-20,0.8749994277780444,-0.47545483967216956,0.06050039180708786,1.0840380252751436,0.22457219751213955,,0.0,0.6520741541348329,0.0,0.0183251741736201,False,False,False
3973,1773733673.6079595,1773733673607962397,-0.42,8.409937492055881e-20,0.8749994277780444,-0.47545483967216956,0.06050039180708786,1.0840380252751436,0.22457219751213955,,0.0,0.6520741541348329,0.0,0.0,False,False,False
3974,1773733673.6580074,1773733673658009497,-0.42,8.409937492055881e-20,0.8749994277780444,-0.47545483967216956,0.06050039180708786,1.0840380252751436,0.22457219751213955,,0.0,0.6520741541348329,0.0,0.0,False,False,False
3975,1773733673.7079532,1773733673707956327,-0.42,8.409937492055881e-20,0.8749994277780444,-0.46249358622886094,0.048261674694779814,1.0852946330587716,0.21990672449699572,,0.0,0.6508991028730191,0.0,0.01787062815064585,False,False,False
3976,1773733673.7580278,1773733673758031077,-0.42,8.409937492055881e-20,0.8749994277780444,-0.46249358622886094,0.048261674694779814,1.0852946330587716,0.21990672449699572,,0.0,0.6508991028730191,0.0,0.0,False,False,False
3977,1773733673.8079727,1773733673807975168,-0.42,8.409937492055881e-20,0.8749994277780444,-0.45365885454838506,0.038010691278445745,1.0858068564219399,0.21683519804779328,,0.0,0.651332711685908,0.0,0.013542433962982272,False,False,False
3978,1773733673.8579648,1773733673857967118,-0.42,8.409937492055881e-20,0.8749994277780444,-0.45365885454838506,0.038010691278445745,1.0858068564219399,0.21683519804779328,,0.0,0.651332711685908,0.0,0.0,False,False,False
3979,1773733673.908062,1773733673908064548,-0.42,8.409937492055881e-20,0.8749994277780444,-0.4482412282321964,0.029617075394941392,1.0860605334158282,0.21499192645319587,,0.0,0.6529708070615899,0.0,0.009993388540375306,False,False,False
3980,1773733673.9580383,1773733673958040798,-0.42,8.409937492055881e-20,0.8749994277780444,-0.4482412282321964,0.029617075394941392,1.0860605334158282,0.21499192645319587,,0.0,0.6529708070615899,0.0,0.0,False,False,False
3981,1773733674.009231,1773733674009234780,-0.42,8.409937492055881e-20,0.8749994277780444,-0.44464594919631667,0.022669471660700997,1.0861633915047948,0.21380258963341653,,0.0,0.6549459416088892,0.0,0.007823414138362699,False,False,False
3982,1773733674.0580065,1773733674058008879,-0.42,8.409937492055881e-20,0.8749994277780444,-0.44464594919631667,0.022669471660700997,1.0861633915047948,0.21380258963341653,,0.0,0.6549459416088892,0.0,0.0,False,False,False
3983,1773733674.1080513,1773733674108054869,-0.42,8.409937492055881e-20,0.8749994277780444,-0.4421110694573851,0.016964096663121854,1.0861621165246063,0.21299380527804654,,0.0,0.6568519828801802,0.0,0.006243149908453383,False,False,False
3984,1773733674.1579292,1773733674157932540,-0.42,8.409937492055881e-20,0.8749994277780444,-0.4421110694573851,0.016964096663121854,1.0861621165246063,0.21299380527804654,,0.0,0.6568519828801802,0.0,0.0,False,False,False
3985,1773733674.207916,1773733674207918720,-0.42,8.409937492055881e-20,0.8749994277780444,-0.4402759970027073,0.012414028433668282,1.086095909448699,0.21243104464775092,,0.0,0.6584945979470992,0.0,0.004906627679323153,False,False,False
3986,1773733674.2580614,1773733674258064430,-0.42,8.409937492055881e-20,0.8749994277780444,-0.4402759970027073,0.012414028433668282,1.086095909448699,0.21243104464775092,,0.0,0.6584945979470992,0.0,0.0,False,False,False
3987,1773733674.3100877,1773733674310091066,-0.42,8.409937492055881e-20,0.8749994277780444,-0.43896517969084714,0.008969360113562395,1.0860027561828836,0.21204370318279506,,0.0,0.6597873507561575,0.0,0.0036868223976136314,False,False,False
3988,1773733674.3580089,1773733674358012741,-0.42,8.409937492055881e-20,0.8749994277780444,-0.43896517969084714,0.008969360113562395,1.0860027561828836,0.21204370318279506,,0.0,0.6597873507561575,0.0,0.0,False,False,False
3989,1773733674.4081497,1773733674408155510,-0.42,8.409937492055881e-20,0.8749994277780444,-0.43896517969084714,0.008969360113562395,1.0860027561828836,0.21204370318279506,,0.0,0.6597873507561575,0.0,0.0,False,False,False
3990,1773733674.458043,1773733674458046621,-0.42,8.409937492055881e-20,0.8749994277780444,-0.438097148591988,0.006614857724830626,1.0859158959140223,0.21179475834126588,,0.0,0.6606873919960561,0.0,0.00251091700249866,False,False,False
3991,1773733674.5080786,1773733674508081641,-0.42,8.409937492055881e-20,0.8749994277780444,-0.438097148591988,0.006614857724830626,1.0859158959140223,0.21179475834126588,,0.0,0.6606873919960561,0.0,0.0,False,False,False
3992,1773733674.5580018,1773733674558003992,-0.42,8.409937492055881e-20,0.8749994277780444,-0.4376173294300963,0.005298680213823117,1.0858582383327984,0.21165983156192514,,0.0,0.6611931003993861,0.0,0.0014020963109832997,False,False,False
3993,1773733674.6080267,1773733674608042922,-0.42,8.409937492055881e-20,0.8749994277780444,-0.4376173294300963,0.005298680213823117,1.0858582383327984,0.21165983156192514,,0.0,0.6611931003993861,0.0,0.0,False,False,False
3994,1773733674.6580305,1773733674658034263,-0.42,8.409937492055881e-20,0.8749994277780444,-0.43738696305251423,0.004666379140211693,1.085827950065021,0.21159571684743497,,0.0,0.6614358144808281,0.0,0.0006736398850835622,False,False,False
3995,1773733674.7080839,1773733674708087773,-0.42,8.409937492055881e-20,0.8749994277780444,-0.43738696305251423,0.004666379140211693,1.085827950065021,0.21159571684743497,,0.0,0.6614358144808281,0.0,0.0,False,False,False
3996,1773733674.7581797,1773733674758183082,-0.42,8.409937492055881e-20,0.8749994277780444,-0.43738696305251423,0.004666379140211693,1.085827950065021,0.21159571684743497,,0.0,0.6614358144808281,0.0,0.0,False,False,False
3997,1773733674.8080785,1773733674808081713,-0.42,8.409937492055881e-20,0.8749994277780444,-0.4372768020206746,0.004363967107430108,1.085812866924585,0.2115652103295069,,0.0,0.6615518336766039,0.0,0.0003222048907643637,False,False,False
3998,1773733674.8579319,1773733674857933955,-0.42,8.409937492055881e-20,0.8749994277780444,-0.4372768020206746,0.004363967107430108,1.085812866924585,0.2115652103295069,,0.0,0.6615518336766039,0.0,0.0,False,False,False
3999,1773733674.9079413,1773733674907943705,-0.42,8.409937492055881e-20,0.8749994277780444,-0.4372241175960849,0.004219337675576701,1.085805515900863,0.21155065546348442,,0.0,0.6616073029993822,0.0,0.00015410178033476593,False,False,False
4000,1773733674.9591012,1773733674959104887,-0.42,8.409937492055881e-20,0.8749994277780444,-0.4372241175960849,0.004219337675576701,1.085805515900863,0.21155065546348442,,0.0,0.6616073029993822,0.0,0.0,False,False,False
4001,1773733675.008156,1773733675008158974,-0.42,8.409937492055881e-20,0.8749994277780444,-0.43719892017651124,0.0041501729259224695,1.0858019687703018,0.2115437025282138,,0.0,0.6616338238208572,0.0,7.369704663772879e-05,False,False,False
4002,1773733675.0580304,1773733675058034876,-0.42,8.409937492055881e-20,0.8749994277780444,-0.43719892017651124,0.0041501729259224695,1.0858019687703018,0.2115437025282138,,0.0,0.6616338238208572,0.0,0.0,False,False,False
4003,1773733675.1079152,1773733675107918677,-0.42,8.409937492055881e-20,0.8749994277780444,-0.4371815599177826,0.00411906826986577,1.0857762549642649,0.21151605991817743,,0.0,0.6616305387610025,0.0,4.3932653373460864e-05,False,False,False
4004,1773733675.1579902,1773733675157992627,-0.42,8.409937492055881e-20,0.8749994277780444,-0.4371815599177826,0.00411906826986577,1.0857762549642649,0.21151605991817743,,0.0,0.6616305387610025,0.0,0.0,False,False,False
4005,1773733675.2081668,1773733675208171336,-0.42,8.409937492055881e-20,0.8749994277780444,-0.4371815599177826,0.00411906826986577,1.0857762549642649,0.21151605991817743,,0.0,0.6616305387610025,0.0,0.0,False,False,False
4006,1773733675.2580233,1773733675258026558,-0.42,8.409937492055881e-20,0.8749994277780444,-0.4371770606349696,0.004114181868511686,1.0857849403163653,0.21152425440253242,,0.0,0.6616350224365336,0.0,1.0934157723989323e-05,False,False,False
4007,1773733675.3080337,1773733675308037318,-0.42,8.409937492055881e-20,0.8749994277780444,-0.4371770606349696,0.004114181868511686,1.0857849403163653,0.21152425440253242,,0.0,0.6616350224365336,0.0,0.0,False,False,False
4008,1773733675.3581154,1773733675358119508,-0.42,8.409937492055881e-20,0.8749994277780444,-0.4371754311194667,0.004112948160136491,1.085790047064481,0.21152918700705817,,0.0,0.6616372457238422,0.0,5.500566647759487e-06,False,False,False
4009,1773733675.40808,1773733675408084799,-0.42,8.409937492055881e-20,0.8749994277780444,-0.4371754311194667,0.004112948160136491,1.085790047064481,0.21152918700705817,,0.0,0.6616372457238422,0.0,0.0,False,False,False
4010,1773733675.4580927,1773733675458096149,-0.42,8.409937492055881e-20,0.8749994277780444,-0.43717494955422453,0.004112985609411387,1.0857930326671335,0.2115321238132657,,0.0,0.6616383549529489,0.0,3.024422379384035e-06,False,False,False
4011,1773733675.507947,1773733675507949170,-0.42,8.409937492055881e-20,0.8749994277780444,-0.43717494955422453,0.004112985609411387,1.0857930326671335,0.2115321238132657,,0.0,0.6616383549529489,0.0,0.0,False,False,False
4012,1773733675.5579605,1773733675557963881,-0.42,8.409937492055881e-20,0.8749994277780444,-0.4371748885946769,0.004113358773082705,1.0857947695425638,0.21153385693135793,,0.0,0.6616389125971855,0.0,1.777555471049802e-06,False,False,False
4013,1773733675.6080482,1773733675608050931,-0.42,8.409937492055881e-20,0.8749994277780444,-0.4371748885946769,0.004113358773082705,1.0857947695425638,0.21153385693135793,,0.0,0.6616389125971855,0.0,0.0,False,False,False
4014,1773733675.658014,1773733675658016861,-0.42,8.409937492055881e-20,0.8749994277780444,-0.4371748885946769,0.004113358773082705,1.0857947695425638,0.21153385693135793,,0.0,0.6616389125971855,0.0,0.0,False,False,False
4015,1773733675.7106903,1773733675710693263,-0.42,8.409937492055881e-20,0.8749994277780444,-0.4371749567637385,0.004113741612513549,1.0857957777682323,0.21153487461663767,,0.0,0.6616391947515676,0.0,1.0806165135747472e-06,False,False,False
4016,1773733675.7579606,1773733675757962903,-0.42,8.409937492055881e-20,0.8749994277780444,-0.4371749567637385,0.004113741612513549,1.0857957777682323,0.21153487461663767,,0.0,0.6616391947515676,0.0,0.0,False,False,False
4017,1773733675.8080144,1773733675808019083,-0.42,8.409937492055881e-20,0.8749994277780444,-0.43709170665325925,0.004091986971042341,1.0857765559427102,0.21150855432118149,,0.0,0.6615928458976815,0.0,8.816645562092345e-05,False,False,False
4018,1773733675.8579702,1773733675857972524,-0.42,8.409937492055881e-20,0.8749994277780444,-0.43709170665325925,0.004091986971042341,1.0857765559427102,0.21150855432118149,,0.0,0.6615928458976815,0.0,0.0,False,False,False
4019,1773733675.9080544,1773733675908057024,-0.42,8.409937492055881e-20,0.8749994277780444,-0.43709170665325925,0.004091986971042341,1.0857765559427102,0.21150855432118149,,0.0,0.6615928458976815,0.0,0.0,False,False,False
4020,1773733675.9579268,1773733675957930855,-0.42,8.409937492055881e-20,0.8749994277780444,-0.4365648693447311,0.003953504677513533,1.085651128512994,0.21133897917367225,,0.0,0.6612984332004902,0.0,0.0005589874197183695,False,False,False
4021,1773733676.0080879,1773733676008090434,-0.42,8.409937492055881e-20,0.8749994277780444,-0.4365648693447311,0.003953504677513533,1.085651128512994,0.21133897917367225,,0.0,0.6612984332004902,0.0,0.0,False,False,False
4022,1773733676.0580032,1773733676058005076,-0.42,8.409937492055881e-20,0.8749994277780444,-0.43533954427223753,0.0036313311949918966,1.0853553931315798,0.21094577583953997,,0.0,0.6606131434021767,0.0,0.0013010290934262962,False,False,False
4023,1773733676.1085968,1773733676108599522,-0.42,8.409937492055881e-20,0.8749994277780444,-0.43533954427223753,0.0036313311949918966,1.0853553931315798,0.21094577583953997,,0.0,0.6606131434021767,0.0,0.0,False,False,False
4024,1773733676.1581097,1773733676158113886,-0.42,8.409937492055881e-20,0.8749994277780444,-0.4332961162665614,0.0030940339424805523,1.0848512575955223,0.21029538804157077,,0.0,0.6594692146261397,0.0,0.0021721968121360086,False,False,False
4025,1773733676.208052,1773733676208055127,-0.42,8.409937492055881e-20,0.8749994277780444,-0.4332961162665614,0.0030940339424805523,1.0848512575955223,0.21029538804157077,,0.0,0.6594692146261397,0.0,0.0,False,False,False
4026,1773733676.2619328,1773733676261935261,-0.42,8.409937492055881e-20,0.8749994277780444,-0.430380504085642,0.0023274049596270193,1.0841084978420836,0.20937949962201502,,0.0,0.657834790442944,0.0,0.0031048681837084237,False,False,False
4027,1773733676.308073,1773733676308076428,-0.42,8.409937492055881e-20,0.8749994277780444,-0.430380504085642,0.0023274049596270193,1.0841084978420836,0.20937949962201502,,0.0,0.657834790442944,0.0,0.0,False,False,False
4028,1773733676.3579106,1773733676357913590,-0.42,8.409937492055881e-20,0.8749994277780444,-0.4265706846669693,0.0013256625389377365,1.0830962477866748,0.20820474964770666,,0.0,0.6556951674327547,0.0,0.004067291734677905,False,False,False
4029,1773733676.4079332,1773733676407935370,-0.42,8.409937492055881e-20,0.8749994277780444,-0.4265706846669693,0.0013256625389377365,1.0830962477866748,0.20820474964770666,,0.0,0.6556951674327547,0.0,0.0,False,False,False
4030,1773733676.4580598,1773733676458062930,-0.42,8.409937492055881e-20,0.8749994277780444,-0.4265706846669693,0.0013256625389377365,1.0830962477866748,0.20820474964770666,,0.0,0.6556951674327547,0.0,0.0,False,False,False
4031,1773733676.5094016,1773733676509404481,-0.42,8.409937492055881e-20,0.8749994277780444,-0.42186136747917846,8.742685525643283e-05,1.0817792350856357,0.20678820334465925,,0.0,0.6530442359368773,0.0,0.005044345194201344,False,False,False
4032,1773733676.5579653,1773733676557967752,-0.42,8.409937492055881e-20,0.8749994277780444,-0.42186136747917846,8.742685525643283e-05,1.0817792350856357,0.20678820334465925,,0.0,0.6530442359368773,0.0,0.0,False,False,False
4033,1773733676.608123,1773733676608127451,-0.42,8.409937492055881e-20,0.8749994277780444,-0.41625693405139996,-0.0013861370056644827,1.0801161174967244,0.20515552227430608,,0.0,0.6498805649377938,0.0,0.006028849360629204,False,False,False
4034,1773733676.6580439,1773733676658046223,-0.42,8.409937492055881e-20,0.8749994277780444,-0.41625693405139996,-0.0013861370056644827,1.0801161174967244,0.20515552227430608,,0.0,0.6498805649377938,0.0,0.0,False,False,False
4035,1773733676.7081184,1773733676708120993,-0.42,8.409937492055881e-20,0.8749994277780444,-0.4097683949527874,-0.0030921186963110813,1.0780588253145749,0.20334051703429137,,0.0,0.6462057531482982,0.0,0.007017404383800271,False,False,False
4036,1773733676.762897,1773733676762899480,-0.42,8.409937492055881e-20,0.8749994277780444,-0.4097683949527874,-0.0030921186963110813,1.0780588253145749,0.20334051703429137,,0.0,0.6462057531482982,0.0,0.0,False,False,False
4037,1773733676.8081098,1773733676808112904,-0.42,8.409937492055881e-20,0.8749994277780444,-0.4024123216017203,-0.005026140588034994,1.0755524063292297,0.20138541587315645,,0.0,0.6420239069382304,0.0,0.008008395092279448,False,False,False
4038,1773733676.8581789,1773733676858182674,-0.42,8.409937492055881e-20,0.8749994277780444,-0.4024123216017203,-0.005026140588034994,1.0755524063292297,0.20138541587315645,,0.0,0.6420239069382304,0.0,0.0,False,False,False
4039,1773733676.9081464,1773733676908150015,-0.42,8.409937492055881e-20,0.8749994277780444,-0.4024123216017203,-0.005026140588034994,1.0755524063292297,0.20138541587315645,,0.0,0.6420239069382304,0.0,0.0,False,False,False
4040,1773733676.9579895,1773733676957992977,-0.42,8.409937492055881e-20,0.8749994277780444,-0.3942220122352901,-0.007179423452677164,1.0725394353368927,0.19934418316233912,,0.0,0.6373481333136352,0.0,0.008988647774479788,False,False,False
4041,1773733677.0110924,1773733677011095586,-0.42,8.409937492055881e-20,0.8749994277780444,-0.3942220122352901,-0.007179423452677164,1.0725394353368927,0.19934418316233912,,0.0,0.6373481333136352,0.0,0.0,False,False,False
4042,1773733677.058059,1773733677058063128,-0.42,8.409937492055881e-20,0.8749994277780444,-0.38522299893993495,-0.00954521934236792,1.0689518051847198,0.1972766476720626,,0.0,0.6321867506306041,0.0,0.009972478156929507,False,False,False
4043,1773733677.1080413,1773733677108043889,-0.42,8.409937492055881e-20,0.8749994277780444,-0.38522299893993495,-0.00954521934236792,1.0689518051847198,0.1972766476720626,,0.0,0.6321867506306041,0.0,0.0,False,False,False
4044,1773733677.1579564,1773733677157958550,-0.42,8.409937492055881e-20,0.8749994277780444,-0.37540456077758133,-0.01212631455315832,1.0646960477277583,0.1952449956450325,,0.0,0.626526904232189,0.0,0.011007963116199579,False,False,False
4045,1773733677.208615,1773733677208619656,-0.42,8.409937492055881e-20,0.8749994277780444,-0.37540456077758133,-0.01212631455315832,1.0646960477277583,0.1952449956450325,,0.0,0.626526904232189,0.0,0.0,False,False,False
4046,1773733677.2579553,1773733677257957342,-0.42,8.409937492055881e-20,0.8749994277780444,-0.36485411046717364,-0.014899673938675338,1.059710568246452,0.1933423772197532,,0.0,0.6204120633615761,0.0,0.011994103955366674,False,False,False
4047,1773733677.3087897,1773733677308795077,-0.42,8.409937492055881e-20,0.8749994277780444,-0.36485411046717364,-0.014899673938675338,1.059710568246452,0.1933423772197532,,0.0,0.6204120633615761,0.0,0.0,False,False,False
4048,1773733677.358028,1773733677358031153,-0.42,8.409937492055881e-20,0.8749994277780444,-0.36485411046717364,-0.014899673938675338,1.059710568246452,0.1933423772197532,,0.0,0.6204120633615761,0.0,0.0,False,False,False
4049,1773733677.4080772,1773733677408081543,-0.42,8.409937492055881e-20,0.8749994277780444,-0.3536177887844369,-0.017853108924909704,1.0539096687568805,0.19166169620259946,,0.0,0.6138624437078072,0.0,0.012985689741556446,False,False,False
4050,1773733677.4579208,1773733677457922775,-0.42,8.409937492055881e-20,0.8749994277780444,-0.34175385850585593,-0.020971234721292295,1.0472047268588345,0.19030742596115766,,0.0,0.6069059649015898,0.0,0.01397969227105053,False,False,False
4051,1773733677.5081334,1773733677508137834,-0.42,8.409937492055881e-20,0.8749994277780444,-0.34175385850585593,-0.020971234721292295,1.0472047268588345,0.19030742596115766,,0.0,0.6069059649015898,0.0,0.0,False,False,False
4052,1773733677.5580482,1773733677558051055,-0.42,8.409937492055881e-20,0.8749994277780444,-0.34175385850585593,-0.020971234721292295,1.0472047268588345,0.19030742596115766,,0.0,0.6069059649015898,0.0,0.0,False,False,False
4053,1773733677.608098,1773733677608104746,-0.42,8.409937492055881e-20,0.8749994277780444,-0.329333246027263,-0.02423532225926047,1.0395054602321556,0.18939389070071957,,0.0,0.5995791164236558,0.0,0.014973462805496551,False,False,False
4054,1773733677.6580815,1773733677658084767,-0.42,8.409937492055881e-20,0.8749994277780444,-0.329333246027263,-0.02423532225926047,1.0395054602321556,0.18939389070071957,,0.0,0.5995791164236558,0.0,0.0,False,False,False
4055,1773733677.708027,1773733677708029878,-0.42,8.409937492055881e-20,0.8749994277780444,-0.31646657550794366,-0.02761618934301313,1.0307403144223715,0.18904244939600895,,0.0,0.5919436943444373,0.0,0.015931392078456303,False,False,False
4056,1773733677.7580044,1773733677758008099,-0.42,8.409937492055881e-20,0.8749994277780444,-0.31646657550794366,-0.02761618934301313,1.0307403144223715,0.18904244939600895,,0.0,0.5919436943444373,0.0,0.0,False,False,False
4057,1773733677.8079245,1773733677807927380,-0.42,8.409937492055881e-20,0.8749994277780444,-0.31646657550794366,-0.02761618934301313,1.0307403144223715,0.18904244939600895,,0.0,0.5919436943444373,0.0,0.0,False,False,False
4058,1773733677.8580933,1773733677858096820,-0.42,8.409937492055881e-20,0.8749994277780444,-0.3032001663152575,-0.03110155806385241,1.020785652505488,0.18937563566378687,,0.0,0.5840258224330788,0.0,0.016948176948198435,False,False,False
4059,1773733677.9080248,1773733677908027421,-0.42,8.409937492055881e-20,0.8749994277780444,-0.3032001663152575,-0.03110155806385241,1.020785652505488,0.18937563566378687,,0.0,0.5840258224330788,0.0,0.0,False,False,False
4060,1773733677.9580567,1773733677958060412,-0.42,8.409937492055881e-20,0.8749994277780444,-0.2896335358682084,-0.034665141313863466,1.0095394648176303,0.19052062502298533,,0.0,0.5758860974034405,0.0,0.017978579609554193,False,False,False
4061,1773733678.0079398,1773733678007942303,-0.42,8.409937492055881e-20,0.8749994277780444,-0.2896335358682084,-0.034665141313863466,1.0095394648176303,0.19052062502298533,,0.0,0.5758860974034405,0.0,0.0,False,False,False
4062,1773733678.0580778,1773733678058081093,-0.42,8.409937492055881e-20,0.8749994277780444,-0.2759345314227911,-0.03826265979456578,0.9969509472442111,0.19259040337211059,,0.0,0.5676304125648818,0.0,0.018949291192834703,False,False,False
4063,1773733678.108055,1773733678108057804,-0.42,8.409937492055881e-20,0.8749994277780444,-0.2759345314227911,-0.03826265979456578,0.9969509472442111,0.19259040337211059,,0.0,0.5676304125648818,0.0,0.0,False,False,False
4064,1773733678.157951,1773733678157953656,-0.42,8.409937492055881e-20,0.8749994277780444,-0.26231181651974356,-0.04183903750783478,0.9830215339462285,0.1956651315127339,,0.0,0.5593951751953682,0.0,0.019809023037588084,False,False,False
4065,1773733678.2079887,1773733678207992506,-0.42,8.409937492055881e-20,0.8749994277780444,-0.26231181651974356,-0.04183903750783478,0.9830215339462285,0.1956651315127339,,0.0,0.5593951751953682,0.0,0.0,False,False,False
4066,1773733678.2580175,1773733678258019617,-0.42,8.409937492055881e-20,0.8749994277780444,-0.2489355947553905,-0.045349261648795776,0.9677365110402694,0.1997992814946234,,0.0,0.5513001978839158,0.0,0.02061254247890426,False,False,False
4067,1773733678.3103793,1773733678310382711,-0.42,8.409937492055881e-20,0.8749994277780444,-0.2489355947553905,-0.045349261648795776,0.9677365110402694,0.1997992814946234,,0.0,0.5513001978839158,0.0,0.0,False,False,False
4068,1773733678.3580315,1773733678358034168,-0.42,8.409937492055881e-20,0.8749994277780444,-0.2489355947553905,-0.045349261648795776,0.9677365110402694,0.1997992814946234,,0.0,0.5513001978839158,0.0,0.0,False,False,False
4069,1773733678.4080484,1773733678408051329,-0.42,8.409937492055881e-20,0.8749994277780444,-0.23618186288489207,-0.04869409962571651,0.9513838233195767,0.20492632518315718,,0.0,0.543597690026508,0.0,0.021006094672901744,False,False,False
4070,1773733678.4581578,1773733678458160599,-0.42,8.409937492055881e-20,0.8749994277780444,-0.23618186288489207,-0.04869409962571651,0.9513838233195767,0.20492632518315718,,0.0,0.543597690026508,0.0,0.0,False,False,False
4071,1773733678.5080242,1773733678508028181,-0.42,8.409937492055881e-20,0.8749994277780444,-0.22426036961064333,-0.05181831818864999,0.9341629430923035,0.2109489572128829,,0.0,0.5364420226241391,0.0,0.02117643641690039,False,False,False
4072,1773733678.5604887,1773733678560491855,-0.42,8.409937492055881e-20,0.8749994277780444,-0.22426036961064333,-0.05181831818864999,0.9341629430923035,0.2109489572128829,,0.0,0.5364420226241391,0.0,0.0,False,False,False
4073,1773733678.608036,1773733678608039863,-0.42,8.409937492055881e-20,0.8749994277780444,-0.21328448174500625,-0.054692383864990576,0.9161979398903364,0.21776106112097451,,0.0,0.5299263287345809,0.0,0.021247863610199688,False,False,False
4074,1773733678.6587222,1773733678658728359,-0.42,8.409937492055881e-20,0.8749994277780444,-0.21328448174500625,-0.054692383864990576,0.9161979398903364,0.21776106112097451,,0.0,0.5299263287345809,0.0,0.0,False,False,False
4075,1773733678.7079403,1773733678707942585,-0.42,8.409937492055881e-20,0.8749994277780444,-0.21328448174500625,-0.054692383864990576,0.9161979398903364,0.21776106112097451,,0.0,0.5299263287345809,0.0,0.0,False,False,False
4076,1773733678.757947,1773733678757949866,-0.42,8.409937492055881e-20,0.8749994277780444,-0.20332668570677148,-0.05729740640209134,0.8975849662963604,0.2252563527569887,,0.0,0.5241172940966063,0.0,0.021269382463248273,False,False,False
4077,1773733678.8109343,1773733678810938996,-0.42,8.409937492055881e-20,0.8749994277780444,-0.20332668570677148,-0.05729740640209134,0.8975849662963604,0.2252563527569887,,0.0,0.5241172940966063,0.0,0.0,False,False,False
4078,1773733678.8580844,1773733678858089077,-0.42,8.409937492055881e-20,0.8749994277780444,-0.1944416061584665,-0.059619176610952965,0.8784112103162135,0.2333295427335083,,0.0,0.5190678371662732,0.0,0.021259543124646035,False,False,False
4079,1773733678.9080238,1773733678908026578,-0.42,8.409937492055881e-20,0.8749994277780444,-0.1944416061584665,-0.059619176610952965,0.8784112103162135,0.2333295427335083,,0.0,0.5190678371662732,0.0,0.0,False,False,False
4080,1773733678.957997,1773733678958000009,-0.42,8.409937492055881e-20,0.8749994277780444,-0.1944416061584665,-0.059619176610952965,0.8784112103162135,0.2333295427335083,,0.0,0.5190678371662732,0.0,0.0,False,False,False
4081,1773733679.0080137,1773733679008016820,-0.42,8.409937492055881e-20,0.8749994277780444,-0.18665808748342716,-0.061649920119462534,0.8587448888186532,0.2418953716473517,,0.0,0.5148167402517189,0.0,0.021247853618835078,False,False,False
4082,1773733679.05791,1773733679057912512,-0.42,8.409937492055881e-20,0.8749994277780444,-0.18000948546566964,-0.06338094277638309,0.8386625583325622,0.2508644236530437,,0.0,0.5113986837462651,0.0,0.021224993427133985,False,False,False
4083,1773733679.1079893,1773733679107992972,-0.42,8.409937492055881e-20,0.8749994277780444,-0.18000948546566964,-0.06338094277638309,0.8386625583325622,0.2508644236530437,,0.0,0.5113986837462651,0.0,0.0,False,False,False
4084,1773733679.1598349,1773733679159838020,-0.42,8.409937492055881e-20,0.8749994277780444,-0.18000948546566964,-0.06338094277638309,0.8386625583325622,0.2508644236530437,,0.0,0.5113986837462651,0.0,0.0,False,False,False
4085,1773733679.2081034,1773733679208106114,-0.42,8.409937492055881e-20,0.8749994277780444,-0.17452556983322542,-0.06480451624120986,0.8182453867354853,0.2601506147707908,,0.0,0.5088408416481586,0.0,0.021188694818180958,False,False,False
4086,1773733679.2580273,1773733679258030195,-0.42,8.409937492055881e-20,0.8749994277780444,-0.17452556983322542,-0.06480451624120986,0.8182453867354853,0.2601506147707908,,0.0,0.5088408416481586,0.0,0.0,False,False,False
4087,1773733679.30814,1773733679308143905,-0.42,8.409937492055881e-20,0.8749994277780444,-0.1702179706074214,-0.06591738507188794,0.7975624897240021,0.26968990199370857,,0.0,0.5071601415997044,0.0,0.021155994822084405,False,False,False
4088,1773733679.3580513,1773733679358054127,-0.42,8.409937492055881e-20,0.8749994277780444,-0.1702179706074214,-0.06591738507188794,0.7975624897240021,0.26968990199370857,,0.0,0.5071601415997044,0.0,0.0,False,False,False
4089,1773733679.4079258,1773733679407928549,-0.42,8.409937492055881e-20,0.8749994277780444,-0.16710561382409628,-0.0667146772101835,0.7766932447340484,0.27941103116954014,,0.0,0.5063672544482966,0.0,0.021115108949546168,False,False,False
4090,1773733679.4580762,1773733679458078949,-0.42,8.409937492055881e-20,0.8749994277780444,-0.16710561382409628,-0.0667146772101835,0.7766932447340484,0.27941103116954014,,0.0,0.5063672544482966,0.0,0.0,False,False,False
4091,1773733679.5080094,1773733679508011600,-0.42,8.409937492055881e-20,0.8749994277780444,-0.16519771866322608,-0.06719394624729762,0.7557155388657202,0.289253997622776,,0.0,0.5064637834168983,0.0,0.021069739112122437,False,False,False
4092,1773733679.5580971,1773733679558101160,-0.42,8.409937492055881e-20,0.8749994277780444,-0.16519771866322608,-0.06719394624729762,0.7557155388657202,0.289253997622776,,0.0,0.5064637834168983,0.0,0.0,False,False,False
4093,1773733679.608559,1773733679608562878,-0.42,8.409937492055881e-20,0.8749994277780444,-0.16449877035930716,-0.06735400254827187,0.7347068516820451,0.2991645816516896,,0.0,0.5074428843544581,0.0,0.021020920149521217,False,False,False
4094,1773733679.6579716,1773733679657974483,-0.42,8.409937492055881e-20,0.8749994277780444,-0.16449877035930716,-0.06735400254827187,0.7347068516820451,0.2991645816516896,,0.0,0.5074428843544581,0.0,0.0,False,False,False
4095,1773733679.708056,1773733679708059474,-0.42,8.409937492055881e-20,0.8749994277780444,-0.1650086160685108,-0.06719488369874864,0.7137447660368326,0.3090935525174492,,0.0,0.5092895184776879,0.0,0.020968888765327827,False,False,False
4096,1773733679.757945,1773733679757946946,-0.42,8.409937492055881e-20,0.8749994277780444,-0.1650086160685108,-0.06719488369874864,0.7137447660368326,0.3090935525174492,,0.0,0.5092895184776879,0.0,0.0,False,False,False
4097,1773733679.8080075,1773733679808009436,-0.42,8.409937492055881e-20,0.8749994277780444,-0.1650086160685108,-0.06719488369874864,0.7137447660368326,0.3090935525174492,,0.0,0.5092895184776879,0.0,0.0,False,False,False
4098,1773733679.8588064,1773733679858808822,-0.42,8.409937492055881e-20,0.8749994277780444,-0.16672242187873199,-0.06671786294725247,0.6929068329922972,0.3189961095233447,,0.0,0.5119808240331525,0.0,0.02091373072220847,False,False,False
4099,1773733679.9079957,1773733679907997878,-0.42,8.409937492055881e-20,0.8749994277780444,-0.16672242187873199,-0.06671786294725247,0.6929068329922972,0.3189961095233447,,0.0,0.5119808240331525,0.0,0.0,False,False,False
4100,1773733679.9579933,1773733679957996759,-0.42,8.409937492055881e-20,0.8749994277780444,-0.16963064259357097,-0.06592546247936817,0.6722702663125008,0.3288314076236472,,0.0,0.5154866855878032,0.0,0.020855539565242737,False,False,False
4101,1773733680.0081248,1773733680008128759,-0.42,8.409937492055881e-20,0.8749994277780444,-0.16963064259357097,-0.06592546247936817,0.6722702663125008,0.3288314076236472,,0.0,0.5154866855878032,0.0,0.0,False,False,False
4102,1773733680.057965,1773733680057967502,-0.42,8.409937492055881e-20,0.8749994277780444,-0.17372045836697114,-0.06482110403219869,0.6519131872893955,0.3385599782169877,,0.0,0.5197701721509851,0.0,0.020793192804212123,False,False,False
4103,1773733680.1080282,1773733680108031852,-0.42,8.409937492055881e-20,0.8749994277780444,-0.17372045836697114,-0.06482110403219869,0.6519131872893955,0.3385599782169877,,0.0,0.5197701721509851,0.0,0.0,False,False,False
4104,1773733680.1579614,1773733680157963824,-0.42,8.409937492055881e-20,0.8749994277780444,-0.1789696445160045,-0.06341058179915988,0.6319094928065453,0.34815118933201544,,0.0,0.52478909339224,0.0,0.020728997109371036,False,False,False
4105,1773733680.2080388,1773733680208041145,-0.42,8.409937492055881e-20,0.8749994277780444,-0.1789696445160045,-0.06341058179915988,0.6319094928065453,0.34815118933201544,,0.0,0.52478909339224,0.0,0.0,False,False,False
4106,1773733680.257954,1773733680257956556,-0.42,8.409937492055881e-20,0.8749994277780444,-0.18535611153377685,-0.061699739659344124,0.6123308744837608,0.35757430159100095,,0.0,0.5304971812238584,0.0,0.020664855122302137,False,False,False
4107,1773733680.3079805,1773733680307982627,-0.42,8.409937492055881e-20,0.8749994277780444,-0.18535611153377685,-0.061699739659344124,0.6123308744837608,0.35757430159100095,,0.0,0.5304971812238584,0.0,0.0,False,False,False
4108,1773733680.3579364,1773733680357938919,-0.42,8.409937492055881e-20,0.8749994277780444,-0.18535611153377685,-0.061699739659344124,0.6123308744837608,0.35757430159100095,,0.0,0.5304971812238584,0.0,0.0,False,False,False
4109,1773733680.4114983,1773733680411500895,-0.42,8.409937492055881e-20,0.8749994277780444,-0.19285273436776706,-0.05969577449236864,0.5932527048760181,0.3667978757333187,,0.0,0.5368430155705629,0.0,0.02059591672850108,False,False,False
4110,1773733680.458072,1773733680458074230,-0.42,8.409937492055881e-20,0.8749994277780444,-0.19285273436776706,-0.05969577449236864,0.5932527048760181,0.3667978757333187,,0.0,0.5368430155705629,0.0,0.0,False,False,False
4111,1773733680.5079825,1773733680507985322,-0.42,8.409937492055881e-20,0.8749994277780444,-0.20142798451533916,-0.05740704514619199,0.5747473062391779,0.37579333585633734,,0.0,0.5437724243026933,0.0,0.020523717397729208,False,False,False
4112,1773733680.5579667,1773733680557969233,-0.42,8.409937492055881e-20,0.8749994277780444,-0.20142798451533916,-0.05740704514619199,0.5747473062391779,0.37579333585633734,,0.0,0.5437724243026933,0.0,0.0,False,False,False
4113,1773733680.608027,1773733680608029744,-0.42,8.409937492055881e-20,0.8749994277780444,-0.21104105207077462,-0.054844225208182676,0.5568795503239063,0.3845412687733404,,0.0,0.5512305969473937,0.0,0.020450814538979758,False,False,False
4114,1773733680.658149,1773733680658152904,-0.42,8.409937492055881e-20,0.8749994277780444,-0.21104105207077462,-0.054844225208182676,0.5568795503239063,0.3845412687733404,,0.0,0.5512305969473937,0.0,0.0,False,False,False
4115,1773733680.7080307,1773733680708034016,-0.42,8.409937492055881e-20,0.8749994277780444,-0.2216553556849843,-0.05201707956477498,0.5397181384896543,0.3930138896295948,,0.0,0.5591602174647636,0.0,0.020375726977177253,False,False,False
4116,1773733680.7581377,1773733680758141596,-0.42,8.409937492055881e-20,0.8749994277780444,-0.2216553556849843,-0.05201707956477498,0.5397181384896543,0.3930138896295948,,0.0,0.5591602174647636,0.0,0.0,False,False,False
4117,1773733680.8080423,1773733680808045328,-0.42,8.409937492055881e-20,0.8749994277780444,-0.2216553556849843,-0.05201707956477498,0.5397181384896543,0.3930138896295948,,0.0,0.5591602174647636,0.0,0.0,False,False,False
4118,1773733680.8581333,1773733680858138399,-0.42,8.409937492055881e-20,0.8749994277780444,-0.23322228227279884,-0.048938347218457356,0.5233228560919703,0.4011948264132113,,0.0,0.5675050224727478,0.0,0.020299696264918902,False,False,False
4119,1773733680.908034,1773733680908037581,-0.42,8.409937492055881e-20,0.8749994277780444,-0.23322228227279884,-0.048938347218457356,0.5233228560919703,0.4011948264132113,,0.0,0.5675050224727478,0.0,0.0,False,False,False
4120,1773733680.9580424,1773733680958047052,-0.42,8.409937492055881e-20,0.8749994277780444,-0.23322228227279884,-0.048938347218457356,0.5233228560919703,0.4011948264132113,,0.0,0.5675050224727478,0.0,0.0,False,False,False
4121,1773733681.008025,1773733681008027183,-0.42,8.409937492055881e-20,0.8749994277780444,-0.24569631813838622,-0.04562013493914206,0.5077568486659512,0.40905999820965416,,0.0,0.5762072838894392,0.0,0.020221589717266068,False,False,False
4122,1773733681.0579777,1773733681057980145,-0.42,8.409937492055881e-20,0.8749994277780444,-0.24569631813838622,-0.04562013493914206,0.5077568486659512,0.40905999820965416,,0.0,0.5762072838894392,0.0,0.0,False,False,False
4123,1773733681.1080918,1773733681108095675,-0.42,8.409937492055881e-20,0.8749994277780444,-0.25902498518103156,-0.04207631646149017,0.4930778974356945,0.4165902388942605,,0.0,0.5852103633328509,0.0,0.020141589404922847,False,False,False
4124,1773733681.1585255,1773733681158529003,-0.42,8.409937492055881e-20,0.8749994277780444,-0.25902498518103156,-0.04207631646149017,0.4930778974356945,0.4165902388942605,,0.0,0.5852103633328509,0.0,0.0,False,False,False
4125,1773733681.2081053,1773733681208108738,-0.42,8.409937492055881e-20,0.8749994277780444,-0.27314934681356506,-0.03832234992392632,0.47933449208123496,0.42377406502160414,,0.0,0.5944608520861464,0.0,0.020061681061883153,False,False,False
4126,1773733681.2579525,1773733681257954750,-0.42,8.409937492055881e-20,0.8749994277780444,-0.27314934681356506,-0.03832234992392632,0.47933449208123496,0.42377406502160414,,0.0,0.5944608520861464,0.0,0.0,False,False,False
4127,1773733681.3098798,1773733681309883787,-0.42,8.409937492055881e-20,0.8749994277780444,-0.27314934681356506,-0.03832234992392632,0.47933449208123496,0.42377406502160414,,0.0,0.5944608520861464,0.0,0.0,False,False,False
4128,1773733681.3580837,1773733681358087911,-0.42,8.409937492055881e-20,0.8749994277780444,-0.2880111674702569,-0.034373554218192694,0.46657154152081726,0.4305995023391249,,0.0,0.6039076749474565,0.0,0.019983983781142318,False,False,False
4129,1773733681.4080288,1773733681408033613,-0.42,8.409937492055881e-20,0.8749994277780444,-0.2880111674702569,-0.034373554218192694,0.46657154152081726,0.4305995023391249,,0.0,0.6039076749474565,0.0,0.0,False,False,False
4130,1773733681.457944,1773733681457947305,-0.42,8.409937492055881e-20,0.8749994277780444,-0.30355383657734747,-0.03024505564431189,0.4548421971955506,0.4370429850455599,,0.0,0.6134968116430823,0.0,0.019904687431550112,False,False,False
4131,1773733681.5080683,1773733681508074015,-0.42,8.409937492055881e-20,0.8749994277780444,-0.30355383657734747,-0.03024505564431189,0.4548421971955506,0.4370429850455599,,0.0,0.6134968116430823,0.0,0.0,False,False,False
4132,1773733681.5581005,1773733681558106316,-0.42,8.409937492055881e-20,0.8749994277780444,-0.3197088744718031,-0.025954851487079475,0.4441850765450452,0.4430947634578171,,0.0,0.6231790688505515,0.0,0.0198233529364096,False,False,False
4133,1773733681.6080246,1773733681608028798,-0.42,8.409937492055881e-20,0.8749994277780444,-0.3197088744718031,-0.025954851487079475,0.4441850765450452,0.4430947634578171,,0.0,0.6231790688505515,0.0,0.0,False,False,False
4134,1773733681.6580973,1773733681658100769,-0.42,8.409937492055881e-20,0.8749994277780444,-0.3197088744718031,-0.025954851487079475,0.4441850765450452,0.4430947634578171,,0.0,0.6231790688505515,0.0,0.0,False,False,False
4135,1773733681.7080019,1773733681708003991,-0.42,8.409937492055881e-20,0.8749994277780444,-0.3364128243335174,-0.021519730424259344,0.43463683652054874,0.4487417147006153,,0.0,0.6329080965949694,0.0,0.019744901301093708,False,False,False
4136,1773733681.7580874,1773733681758090881,-0.42,8.409937492055881e-20,0.8749994277780444,-0.3364128243335174,-0.021519730424259344,0.43463683652054874,0.4487417147006153,,0.0,0.6329080965949694,0.0,0.0,False,False,False
4137,1773733681.8084466,1773733681808450270,-0.42,8.409937492055881e-20,0.8749994277780444,-0.3535930749670904,-0.01695879163337017,0.4262276067405017,0.4539753601940779,,0.0,0.6426388271809925,0.0,0.019664137916019973,False,False,False
4138,1773733681.8580546,1773733681858057754,-0.42,8.409937492055881e-20,0.8749994277780444,-0.3535930749670904,-0.01695879163337017,0.4262276067405017,0.4539753601940779,,0.0,0.6426388271809925,0.0,0.0,False,False,False
4139,1773733681.9092977,1773733681909301247,-0.42,8.409937492055881e-20,0.8749994277780444,-0.371183536938008,-0.012289555208693948,0.4189867572904725,0.45878277635316383,,0.0,0.6523289838853114,0.0,0.019587139196365767,False,False,False
4140,1773733681.9580204,1773733681958023747,-0.42,8.409937492055881e-20,0.8749994277780444,-0.371183536938008,-0.012289555208693948,0.4189867572904725,0.45878277635316383,,0.0,0.6523289838853114,0.0,0.0,False,False,False
4141,1773733682.0079699,1773733682007972519,-0.42,8.409937492055881e-20,0.8749994277780444,-0.38911164463371156,-0.007531172390659225,0.4129369909468463,0.46315494662714857,,0.0,0.6619381131019382,0.0,0.01951048244929341,False,False,False
4142,1773733682.0595093,1773733682059512809,-0.42,8.409937492055881e-20,0.8749994277780444,-0.38911164463371156,-0.007531172390659225,0.4129369909468463,0.46315494662714857,,0.0,0.6619381131019382,0.0,0.0,False,False,False
4143,1773733682.1080112,1773733682108014301,-0.42,8.409937492055881e-20,0.8749994277780444,-0.38911164463371156,-0.007531172390659225,0.4129369909468463,0.46315494662714857,,0.0,0.6619381131019382,0.0,0.0,False,False,False
4144,1773733682.1579332,1773733682157936243,-0.42,8.409937492055881e-20,0.8749994277780444,-0.407306247717188,-0.002702496329390603,0.40809891371820706,0.4670808547379866,,0.0,0.6714275636412529,0.0,0.01943622095830865,False,False,False
4145,1773733682.208056,1773733682208058464,-0.42,8.409937492055881e-20,0.8749994277780444,-0.42305502877364776,0.001476878103484683,0.40492424372210983,0.4700874312667391,,0.0,0.6794390944124941,0.0,0.016600295328655985,False,False,False
4146,1773733682.257927,1773733682257929016,-0.42,8.409937492055881e-20,0.8749994277780444,-0.42305502877364776,0.001476878103484683,0.40492424372210983,0.4700874312667391,,0.0,0.6794390944124941,0.0,0.0,False,False,False
4147,1773733682.309587,1773733682309589896,-0.42,8.409937492055881e-20,0.8749994277780444,-0.42305502877364776,0.001476878103484683,0.40492424372210983,0.4700874312667391,,0.0,0.6794390944124941,0.0,0.0,False,False,False
4148,1773733682.3580594,1773733682358062178,-0.42,8.409937492055881e-20,0.8749994277780444,-0.4415428035425237,0.006383077634350419,0.4023580225108951,0.47317516210961835,,0.0,0.6886159644139461,0.0,0.019299069952882202,False,False,False
4149,1773733682.4080913,1773733682408095879,-0.42,8.409937492055881e-20,0.8749994277780444,-0.4415428035425237,0.006383077634350419,0.4023580225108951,0.47317516210961835,,0.0,0.6886159644139461,0.0,0.0,False,False,False
4150,1773733682.457971,1773733682457973641,-0.42,8.409937492055881e-20,0.8749994277780444,-0.4600866656297483,0.011304092667530866,0.4010253693282648,0.4758005163466118,,0.0,0.6975790113460959,0.0,0.01923193111915623,False,False,False
4151,1773733682.5080614,1773733682508066122,-0.42,8.409937492055881e-20,0.8749994277780444,-0.4600866656297483,0.011304092667530866,0.4010253693282648,0.4758005163466118,,0.0,0.6975790113460959,0.0,0.0,False,False,False
4152,1773733682.5584633,1773733682558465881,-0.42,8.409937492055881e-20,0.8749994277780444,-0.47861447082945063,0.01622075721049241,0.40093029779975753,0.47795429609269974,,0.0,0.7062974764079306,0.0,0.019169303439135817,False,False,False
4153,1773733682.6079855,1773733682607987726,-0.42,8.409937492055881e-20,0.8749994277780444,-0.47861447082945063,0.01622075721049241,0.40093029779975753,0.47795429609269974,,0.0,0.7062974764079306,0.0,0.0,False,False,False
4154,1773733682.6580467,1773733682658050706,-0.42,8.409937492055881e-20,0.8749994277780444,-0.4970437343362973,0.021111493289840258,0.40205984748645723,0.47963869605755494,,0.0,0.7147436402565421,0.0,0.019100600391017762,False,False,False
4155,1773733682.7086196,1773733682708622824,-0.42,8.409937492055881e-20,0.8749994277780444,-0.4970437343362973,0.021111493289840258,0.40205984748645723,0.47963869605755494,,0.0,0.7147436402565421,0.0,0.0,False,False,False
4156,1773733682.7599063,1773733682759909026,-0.42,8.409937492055881e-20,0.8749994277780444,-0.5153080502834102,0.025958696268523783,0.4044071430782294,0.48084776882063024,,0.0,0.7228934977259401,0.0,0.019041806908160652,False,False,False
4157,1773733682.8080318,1773733682808034771,-0.42,8.409937492055881e-20,0.8749994277780444,-0.5153080502834102,0.025958696268523783,0.4044071430782294,0.48084776882063024,,0.0,0.7228934977259401,0.0,0.0,False,False,False
4158,1773733682.8579783,1773733682857981622,-0.42,8.409937492055881e-20,0.8749994277780444,-0.5333351374683222,0.030743238634288343,0.4079591632198927,0.4815772096198455,,0.0,0.7307226133177621,0.0,0.01898643107877294,False,False,False
4159,1773733682.9089081,1773733682908910878,-0.42,8.409937492055881e-20,0.8749994277780444,-0.5333351374683222,0.030743238634288343,0.4079591632198927,0.4815772096198455,,0.0,0.7307226133177621,0.0,0.0,False,False,False
4160,1773733682.9579463,1773733682957949355,-0.42,8.409937492055881e-20,0.8749994277780444,-0.5510531502205211,0.035446160604507726,0.4126963060358524,0.4818252119357175,,0.0,0.7382089257377407,0.0,0.01893372580882739,False,False,False
4161,1773733683.0081291,1773733683008132636,-0.42,8.409937492055881e-20,0.8749994277780444,-0.5510531502205211,0.035446160604507726,0.4126963060358524,0.4818252119357175,,0.0,0.7382089257377407,0.0,0.0,False,False,False
4162,1773733683.0580342,1773733683058036738,-0.42,8.409937492055881e-20,0.8749994277780444,-0.5510531502205211,0.035446160604507726,0.4126963060358524,0.4818252119357175,,0.0,0.7382089257377407,0.0,0.0,False,False,False
4163,1773733683.107991,1773733683107994150,-0.42,8.409937492055881e-20,0.8749994277780444,-0.5683924863618895,0.04004909021706232,0.4185948679275825,0.4815904711351459,,0.0,0.7453323119099657,0.0,0.018884717928316194,False,False,False
4164,1773733683.1580286,1773733683158031101,-0.42,8.409937492055881e-20,0.8749994277780444,-0.5683924863618895,0.04004909021706232,0.4185948679275825,0.4815904711351459,,0.0,0.7453323119099657,0.0,0.0,False,False,False
4165,1773733683.2078874,1773733683207890343,-0.42,8.409937492055881e-20,0.8749994277780444,-0.5852854090764333,0.04453414454657974,0.42562699698793466,0.48087226790310084,,0.0,0.7520743130052482,0.0,0.018839782092681483,False,False,False
4166,1773733683.25801,1773733683258012444,-0.42,8.409937492055881e-20,0.8749994277780444,-0.5852854090764333,0.04453414454657974,0.42562699698793466,0.48087226790310084,,0.0,0.7520743130052482,0.0,0.0,False,False,False
4167,1773733683.3080306,1773733683308034126,-0.42,8.409937492055881e-20,0.8749994277780444,-0.6016661324051318,0.048883953703217936,0.43376074193918074,0.4796705144925052,,0.0,0.7584180359590142,0.0,0.018799115495215728,False,False,False
4168,1773733683.3582351,1773733683358534783,-0.42,8.409937492055881e-20,0.8749994277780444,-0.6016661324051318,0.048883953703217936,0.43376074193918074,0.4796705144925052,,0.0,0.7584180359590142,0.0,0.0,False,False,False
4169,1773733683.4080775,1773733683408080868,-0.42,8.409937492055881e-20,0.8749994277780444,-0.6152514423264108,0.052492061343280716,0.44158383012488905,0.4782547673820433,,0.0,0.7635265599587496,0.0,0.016086634053177538,False,False,False
4170,1773733683.458047,1773733683458049660,-0.42,8.409937492055881e-20,0.8749994277780444,-0.6152514423264108,0.052492061343280716,0.44158383012488905,0.4782547673820433,,0.0,0.7635265599587496,0.0,0.0,False,False,False
4171,1773733683.510963,1773733683510967191,-0.42,8.409937492055881e-20,0.8749994277780444,-0.630512952168111,0.05654638709584528,0.4516637833254736,0.4761578150027573,,0.0,0.7690908758884297,0.0,0.01873383827415496,False,False,False
4172,1773733683.5580192,1773733683558021243,-0.42,8.409937492055881e-20,0.8749994277780444,-0.630512952168111,0.05654638709584528,0.4516637833254736,0.4761578150027573,,0.0,0.7690908758884297,0.0,0.0,False,False,False
4173,1773733683.6079931,1773733683607995545,-0.42,8.409937492055881e-20,0.8749994277780444,-0.6450880230756334,0.060419416252039324,0.46273401140651504,0.4735798744967152,,0.0,0.774216914340568,0.0,0.01870783249257686,False,False,False
4174,1773733683.6604314,1773733683660434589,-0.42,8.409937492055881e-20,0.8749994277780444,-0.6450880230756334,0.060419416252039324,0.46273401140651504,0.4735798744967152,,0.0,0.774216914340568,0.0,0.0,False,False,False
4175,1773733683.7082412,1773733683708245966,-0.42,8.409937492055881e-20,0.8749994277780444,-0.6589189281897774,0.06409597595779272,0.47474619284253505,0.4705243888021895,,0.0,0.7788931489839498,0.0,0.01868431241438355,False,False,False
4176,1773733683.7600217,1773733683760024835,-0.42,8.409937492055881e-20,0.8749994277780444,-0.6589189281897774,0.06409597595779272,0.47474619284253505,0.4705243888021895,,0.0,0.7788931489839498,0.0,0.0,False,False,False
4177,1773733683.8080842,1773733683808088151,-0.42,8.409937492055881e-20,0.8749994277780444,-0.6589189281897774,0.06409597595779272,0.47474619284253505,0.4705243888021895,,0.0,0.7788931489839498,0.0,0.0,False,False,False
4178,1773733683.8580124,1773733683858015402,-0.42,8.409937492055881e-20,0.8749994277780444,-0.6719528056023668,0.06756207228355748,0.48765133020738255,0.4669940026957131,,0.0,0.7831095951513372,0.0,0.018666503543820732,False,False,False
4179,1773733683.908219,1773733683908223892,-0.42,8.409937492055881e-20,0.8749994277780444,-0.6719528056023668,0.06756207228355748,0.48765133020738255,0.4669940026957131,,0.0,0.7831095951513372,0.0,0.0,False,False,False
4180,1773733683.958054,1773733683958056855,-0.42,8.409937492055881e-20,0.8749994277780444,-0.6841391810312965,0.07080438278806168,0.5013961911509972,0.46299259820874866,,0.0,0.7868574789819857,0.0,0.018653190768920528,False,False,False
4181,1773733684.0081315,1773733684008134896,-0.42,8.409937492055881e-20,0.8749994277780444,-0.6841391810312965,0.07080438278806168,0.5013961911509972,0.46299259820874866,,0.0,0.7868574789819857,0.0,0.0,False,False,False
4182,1773733684.0579467,1773733684057948499,-0.42,8.409937492055881e-20,0.8749994277780444,-0.6954310592539958,0.07381050158384372,0.5159248417235036,0.4585246088227726,,0.0,0.7901293137271891,0.0,0.018644703040505032,False,False,False
4183,1773733684.1081,1773733684108103060,-0.42,8.409937492055881e-20,0.8749994277780444,-0.6954310592539958,0.07381050158384372,0.5159248417235036,0.4585246088227726,,0.0,0.7901293137271891,0.0,0.0,False,False,False
4184,1773733684.1579862,1773733684157988532,-0.42,8.409937492055881e-20,0.8749994277780444,-0.7057857180826159,0.07656911364134195,0.5311794769053987,0.4535950445517297,,0.0,0.7929192046488928,0.0,0.018642231477846348,False,False,False
4185,1773733684.2080266,1773733684208028444,-0.42,8.409937492055881e-20,0.8749994277780444,-0.7057857180826159,0.07656911364134195,0.5311794769053987,0.4535950445517297,,0.0,0.7929192046488928,0.0,0.0,False,False,False
4186,1773733684.2600076,1773733684260010611,-0.42,8.409937492055881e-20,0.8749994277780444,-0.7057857180826159,0.07656911364134195,0.5311794769053987,0.4535950445517297,,0.0,0.7929192046488928,0.0,0.0,False,False,False
4187,1773733684.3083644,1773733684308367084,-0.42,8.409937492055881e-20,0.8749994277780444,-0.7151609338370558,0.07906915987686594,0.5470967021532366,0.44820989098788777,,0.0,0.7952210714463152,0.0,0.01864143130804241,False,False,False
4188,1773733684.3580246,1773733684358026859,-0.42,8.409937492055881e-20,0.8749994277780444,-0.7151609338370558,0.07906915987686594,0.5470967021532366,0.44820989098788777,,0.0,0.7952210714463152,0.0,0.0,False,False,False
4189,1773733684.408056,1773733684408059840,-0.42,8.409937492055881e-20,0.8749994277780444,-0.7235230523300119,0.08130165857558443,0.5636159847956432,0.4423752383965928,,0.0,0.7970321434214779,0.0,0.018649283502315466,False,False,False
4190,1773733684.458523,1773733684458525299,-0.42,8.409937492055881e-20,0.8749994277780444,-0.7235230523300119,0.08130165857558443,0.5636159847956432,0.4423752383965928,,0.0,0.7970321434214779,0.0,0.0,False,False,False
4191,1773733684.5079682,1773733684507970464,-0.42,8.409937492055881e-20,0.8749994277780444,-0.7308398142052,0.08325807508186181,0.5806717509080455,0.43609870274188006,,0.0,0.7983499692256494,0.0,0.018661771822772025,False,False,False
4192,1773733684.5595086,1773733684559511935,-0.42,8.409937492055881e-20,0.8749994277780444,-0.7308398142052,0.08325807508186181,0.5806717509080455,0.43609870274188006,,0.0,0.7983499692256494,0.0,0.0,False,False,False
4193,1773733684.6080122,1773733684608015847,-0.42,8.409937492055881e-20,0.8749994277780444,-0.7308398142052,0.08325807508186181,0.5806717509080455,0.43609870274188006,,0.0,0.7983499692256494,0.0,0.0,False,False,False
4194,1773733684.6579678,1773733684657970689,-0.42,8.409937492055881e-20,0.8749994277780444,-0.7370772757315398,0.0849296489989991,0.598192396634526,0.4293869776261466,,0.0,0.7991697169626634,0.0,0.018672790694640763,False,False,False
4195,1773733684.7087662,1773733684708768725,-0.42,8.409937492055881e-20,0.8749994277780444,-0.7370772757315398,0.0849296489989991,0.598192396634526,0.4293869776261466,,0.0,0.7991697169626634,0.0,0.0,False,False,False
4196,1773733684.7580028,1773733684758006532,-0.42,8.409937492055881e-20,0.8749994277780444,-0.74221722045831,0.0863113490993024,0.6161160247020544,0.42224898168192937,,0.0,0.7994942507927076,0.0,0.018697180805258427,False,False,False
4197,1773733684.8082063,1773733684808209222,-0.42,8.409937492055881e-20,0.8749994277780444,-0.74221722045831,0.0863113490993024,0.6161160247020544,0.42224898168192937,,0.0,0.7994942507927076,0.0,0.0,False,False,False
4198,1773733684.8589747,1773733684858977539,-0.42,8.409937492055881e-20,0.8749994277780444,-0.7462346664585634,0.08739670655333727,0.6343673637570016,0.4146939017525185,,0.0,0.7993217336787366,0.0,0.01871975561984248,False,False,False
4199,1773733684.9079545,1773733684907956558,-0.42,8.409937492055881e-20,0.8749994277780444,-0.7462346664585634,0.08739670655333727,0.6343673637570016,0.4146939017525185,,0.0,0.7993217336787366,0.0,0.0,False,False,False
4200,1773733684.9580805,1773733684958083818,-0.42,8.409937492055881e-20,0.8749994277780444,-0.7462346664585634,0.08739670655333727,0.6343673637570016,0.4146939017525185,,0.0,0.7993217336787366,0.0,0.0,False,False,False
4201,1773733685.00803,1773733685008032300,-0.42,8.409937492055881e-20,0.8749994277780444,-0.7491154990454703,0.08818192395118886,0.6528785218751779,0.4067318038496526,,0.0,0.7986549988058199,0.0,0.018750432998514904,False,False,False
4202,1773733685.058019,1773733685058021022,-0.42,8.409937492055881e-20,0.8749994277780444,-0.7491154990454703,0.08818192395118886,0.6528785218751779,0.4067318038496526,,0.0,0.7986549988058199,0.0,0.0,False,False,False
4203,1773733685.1080391,1773733685108044744,-0.42,8.409937492055881e-20,0.8749994277780444,-0.7508478524032179,0.08866384612094638,0.6715772029659968,0.3983744226180486,,0.0,0.7974972016673564,0.0,0.01878494002305969,False,False,False
4204,1773733685.1580715,1773733685158074745,-0.42,8.409937492055881e-20,0.8749994277780444,-0.7508478524032179,0.08866384612094638,0.6715772029659968,0.3983744226180486,,0.0,0.7974972016673564,0.0,0.0,False,False,False
4205,1773733685.2080402,1773733685208043917,-0.42,8.409937492055881e-20,0.8749994277780444,-0.7514209531944694,0.0888397136847068,0.6903894580793999,0.3896321134814812,,0.0,0.7958501387839346,0.0,0.01882180428037328,False,False,False
4206,1773733685.2580185,1773733685258021809,-0.42,8.409937492055881e-20,0.8749994277780444,-0.7514209531944694,0.0888397136847068,0.6903894580793999,0.3896321134814812,,0.0,0.7958501387839346,0.0,0.0,False,False,False
4207,1773733685.3085713,1773733685308575267,-0.42,8.409937492055881e-20,0.8749994277780444,-0.7508324477068535,0.08870885002738776,0.7092441018429687,0.38051832624031756,,0.0,0.7937196813128569,0.0,0.01886427988174597,False,False,False
4208,1773733685.357984,1773733685357986903,-0.42,8.409937492055881e-20,0.8749994277780444,-0.7508324477068535,0.08870885002738776,0.7092441018429687,0.38051832624031756,,0.0,0.7937196813128569,0.0,0.0,False,False,False
4209,1773733685.4079747,1773733685407976935,-0.42,8.409937492055881e-20,0.8749994277780444,-0.7490857370630443,0.08827205924362663,0.728069348016016,0.37104962891817245,,0.0,0.7911141972710576,0.0,0.01891115220545289,False,False,False
4210,1773733685.4580898,1773733685458093126,-0.42,8.409937492055881e-20,0.8749994277780444,-0.7490857370630443,0.08827205924362663,0.728069348016016,0.37104962891817245,,0.0,0.7911141972710576,0.0,0.0,False,False,False
4211,1773733685.5099561,1773733685509958375,-0.42,8.409937492055881e-20,0.8749994277780444,-0.7490857370630443,0.08827205924362663,0.728069348016016,0.37104962891817245,,0.0,0.7911141972710576,0.0,0.0,False,False,False
4212,1773733685.5586624,1773733685558665786,-0.42,8.409937492055881e-20,0.8749994277780444,-0.7461766146019762,0.08752848395324284,0.7467880159573113,0.36123480665271557,,0.0,0.7880338548485157,0.0,0.018957964743147832,False,False,False
4213,1773733685.6081138,1773733685608118321,-0.42,8.409937492055881e-20,0.8749994277780444,-0.7461766146019762,0.08752848395324284,0.7467880159573113,0.36123480665271557,,0.0,0.7880338548485157,0.0,0.0,False,False,False
4214,1773733685.6580243,1773733685658027184,-0.42,8.409937492055881e-20,0.8749994277780444,-0.7461766146019762,0.08752848395324284,0.7467880159573113,0.36123480665271557,,0.0,0.7880338548485157,0.0,0.0,False,False,False
4215,1773733685.7079961,1773733685707998996,-0.42,8.409937492055881e-20,0.8749994277780444,-0.7421249747940175,0.08648304633972353,0.7653352986056571,0.3510983308382187,,0.0,0.7844954650379156,0.0,0.019013427323205725,False,False,False
4216,1773733685.7579584,1773733685757961348,-0.42,8.409937492055881e-20,0.8749994277780444,-0.7421249747940175,0.08648304633972353,0.7653352986056571,0.3510983308382187,,0.0,0.7844954650379156,0.0,0.0,False,False,False
4217,1773733685.807929,1773733685807931330,-0.42,8.409937492055881e-20,0.8749994277780444,-0.7369602454176254,0.08514309791877092,0.7836456672755481,0.34067382326259554,,0.0,0.7805217789892952,0.0,0.01907195564512216,False,False,False
4218,1773733685.8581023,1773733685858106660,-0.42,8.409937492055881e-20,0.8749994277780444,-0.7369602454176254,0.08514309791877092,0.7836456672755481,0.34067382326259554,,0.0,0.7805217789892952,0.0,0.0,False,False,False
4219,1773733685.9079936,1773733685907996843,-0.42,8.409937492055881e-20,0.8749994277780444,-0.7307051612435068,0.0835146141567355,0.8016417895350555,0.32999050151434844,,0.0,0.776127726765449,0.0,0.019121674972858944,False,False,False
4220,1773733685.959472,1773733685959475264,-0.42,8.409937492055881e-20,0.8749994277780444,-0.7307051612435068,0.0835146141567355,0.8016417895350555,0.32999050151434844,,0.0,0.776127726765449,0.0,0.0,False,False,False
4221,1773733686.00807,1773733686008073236,-0.42,8.409937492055881e-20,0.8749994277780444,-0.7233985407874152,0.08160751102686666,0.8192600970217216,0.31908828465033895,,0.0,0.7713387685319054,0.0,0.019168424649199763,False,False,False
4222,1773733686.05798,1773733686057983528,-0.42,8.409937492055881e-20,0.8749994277780444,-0.7233985407874152,0.08160751102686666,0.8192600970217216,0.31908828465033895,,0.0,0.7713387685319054,0.0,0.0,False,False,False
