{
  "timestamp": "2026-03-15T19:04:31",
  "status": "OK",
  "source": "infer_model",
  "grasp": {
    "cx": 153.0290126800537,
    "cy": 124.85424041748047,
    "w": 22.18313694000244,
    "h": 16.191371083259583,
    "angle_deg": -2.42032902315259
  },
  "grasp_base": {
    "x": 0.5973872102997781,
    "y": 0.02005852400336036,
    "z": 0.07499999999999996,
    "yaw_deg": -83.34943276889119
  },
  "frame": "/camera_overhead/image",
  "cornell": {
    "iou": 0.24245663313012258,
    "dtheta": 2.42032902315259,
    "success": false
  },
  "perf": {
    "infer_ms": 56.31232261657715,
    "total_ms": 170.42279243469238
  },
  "frame_info": {
    "w": 320,
    "h": 240,
    "ts": 1773597871.719435
  },
  "artifacts": {
    "image_path": null,
    "grasp_path": null
  }
}