index,wall_time,sim_time_ns,object_x,object_y,object_z,tcp_x,tcp_y,tcp_z,dist_tcp_object,attached_state,object_disp_from_start,tcp_disp_from_start,object_step,tcp_step,anomaly_detached_object_motion,anomaly_far_attached,anomaly_object_moves_more_than_tcp
0,1773751411.0166037,1773751411016607048,-0.42,8.409937492055881e-20,0.8749994277780444,-0.4189106633805768,-0.0009459653643714399,0.9381832833208381,0.06320032520480912,,0.0,0.11215871934510294,0.0,0.0003359551473214338,False,False,False
1,1773751411.066635,1773751411066639275,-0.42,8.409937492055881e-20,0.8749994277780444,-0.4189106633805768,-0.0009459653643714399,0.9381832833208381,0.06320032520480912,,0.0,0.11215871934510294,0.0,0.0,False,False,False
2,1773751411.1165886,1773751411116592032,-0.42,8.409937492055881e-20,0.8749994277780444,-0.4189106633805768,-0.0009459653643714399,0.9381832833208381,0.06320032520480912,,0.0,0.11215871934510294,0.0,0.0,False,False,False
3,1773751411.166693,1773751411166697479,-0.42,8.409937492055881e-20,0.8749994277780444,-0.4189753535833517,-0.0009351153002767106,0.9369862260480283,0.06200231851042055,,0.0,0.11335511659160048,0.0,0.0011988530604760649,False,False,False
4,1773751411.2166622,1773751411216665257,-0.42,8.409937492055881e-20,0.8749994277780444,-0.418984633982238,-0.0009335370974377268,0.9368187492674729,0.06183470683261652,,0.0,0.113522503024598,0.0,0.00016774113554191453,False,False,False
5,1773751411.2665787,1773751411266581455,-0.42,8.409937492055881e-20,0.8749994277780444,-0.418984633982238,-0.0009335370974377268,0.9368187492674729,0.06183470683261652,,0.0,0.113522503024598,0.0,0.0,False,False,False
6,1773751411.316685,1773751411316688381,-0.42,8.409937492055881e-20,0.8749994277780444,-0.418984633982238,-0.0009335370974377268,0.9368187492674729,0.06183470683261652,,0.0,0.113522503024598,0.0,0.0,False,False,False
7,1773751411.366657,1773751411366661069,-0.42,8.409937492055881e-20,0.8749994277780444,-0.41905511316612476,-0.0009213903286301075,0.9355785334935757,0.06059348001691302,,0.0,0.11476206695207349,0.0,0.0012422761469082755,False,False,False
8,1773751411.4166744,1773751411416677996,-0.42,8.409937492055881e-20,0.8749994277780444,-0.41905511316612476,-0.0009213903286301075,0.9355785334935757,0.06059348001691302,,0.0,0.11476206695207349,0.0,0.0,False,False,False
9,1773751411.4666848,1773751411466688654,-0.42,8.409937492055881e-20,0.8749994277780444,-0.4190551131661247,-0.0009213903286301353,0.9355785334935759,0.06059348001691324,,0.0,0.11476206695207326,0.0,2.3055512673781017e-16,False,False,False
10,1773751411.5166981,1773751411516704761,-0.42,8.409937492055881e-20,0.8749994277780444,-0.4190551131661247,-0.0009213903286301353,0.9355785334935759,0.06059348001691324,,0.0,0.11476206695207326,0.0,0.0,False,False,False
11,1773751411.5675735,1773751411567581013,-0.42,8.409937492055881e-20,0.8749994277780444,-0.4190551131661247,-0.0009213903286301353,0.9355785334935759,0.06059348001691324,,0.0,0.11476206695207326,0.0,0.0,False,False,False
12,1773751411.616683,1773751411616686546,-0.42,8.409937492055881e-20,0.8749994277780444,-0.4191228725901249,-0.0009094668452216514,0.9344344237257396,0.059448424922265646,,0.0,0.11590560529923269,0.0,0.0011461765439302345,False,False,False
13,1773751411.6666458,1773751411666648394,-0.42,8.409937492055881e-20,0.8749994277780444,-0.4191228725901249,-0.0009094668452216514,0.9344344237257396,0.059448424922265646,,0.0,0.11590560529923269,0.0,0.0,False,False,False
14,1773751411.716609,1773751411716612661,-0.42,8.409937492055881e-20,0.8749994277780444,-0.4191228725901249,-0.0009094668452216514,0.9344344237257396,0.059448424922265646,,0.0,0.11590560529923269,0.0,0.0,False,False,False
15,1773751411.7680464,1773751411768050450,-0.42,8.409937492055881e-20,0.8749994277780444,-0.4191228725901249,-0.0009094668452216514,0.9344344237257396,0.059448424922265646,,0.0,0.11590560529923269,0.0,0.0,False,False,False
16,1773751411.8167596,1773751411816763495,-0.42,8.409937492055881e-20,0.8749994277780444,-0.4191658594573845,-0.0009017903839563495,0.9337306601488813,0.05874407776226187,,0.0,0.11660903340440631,0.0,0.0007051169909502624,False,False,False
17,1773751411.8666139,1773751411866617183,-0.42,8.409937492055881e-20,0.8749994277780444,-0.4191852784583581,-0.0008982960430063732,0.9334179680404874,0.058431126579640474,,0.0,0.11692158067612173,0.0,0.00031331400011700116,False,False,False
18,1773751411.916712,1773751411916717250,-0.42,8.409937492055881e-20,0.8749994277780444,-0.4191852784583581,-0.0008982960430063732,0.9334179680404874,0.058431126579640474,,0.0,0.11692158067612173,0.0,0.0,False,False,False
19,1773751411.9668171,1773751411966822057,-0.42,8.409937492055881e-20,0.8749994277780444,-0.4191852784583581,-0.0008982960430063732,0.9334179680404874,0.058431126579640474,,0.0,0.11692158067612173,0.0,0.0,False,False,False
20,1773751412.0179205,1773751412017924678,-0.42,8.409937492055881e-20,0.8749994277780444,-0.4191852784583581,-0.0008982960430063732,0.9334179680404874,0.058431126579640474,,0.0,0.11692158067612173,0.0,0.0,False,False,False
21,1773751412.0666292,1773751412066632053,-0.42,8.409937492055881e-20,0.8749994277780444,-0.41923228584251176,-0.0008897727308064928,0.9326737605864114,0.05768630466090171,,0.0,0.11766545447122431,0.0,0.0007457392813296749,False,False,False
22,1773751412.1166823,1773751412116685750,-0.42,8.409937492055881e-20,0.8749994277780444,-0.41923228584251176,-0.0008897727308064928,0.9326737605864114,0.05768630466090171,,0.0,0.11766545447122431,0.0,0.0,False,False,False
23,1773751412.1667473,1773751412166751707,-0.42,8.409937492055881e-20,0.8749994277780444,-0.4192433920857169,-0.000887746129540419,0.9325004583692171,0.05751286002081145,,0.0,0.11783868131117789,0.0,0.00017366955471603666,False,False,False
24,1773751412.2168105,1773751412216817515,-0.42,8.409937492055881e-20,0.8749994277780444,-0.4192433920857169,-0.000887746129540419,0.9325004583692171,0.05751286002081145,,0.0,0.11783868131117789,0.0,0.0,False,False,False
25,1773751412.2666612,1773751412266664773,-0.42,8.409937492055881e-20,0.8749994277780444,-0.4192917547227813,-0.0008788669538367557,0.931756500964349,0.05676829551052937,,0.0,0.1185823256023442,0.0,0.0007455805822867678,False,False,False
26,1773751412.3166013,1773751412316604611,-0.42,8.409937492055881e-20,0.8749994277780444,-0.4192917547227813,-0.0008788669538367557,0.931756500964349,0.05676829551052937,,0.0,0.1185823256023442,0.0,0.0,False,False,False
27,1773751412.3667336,1773751412366737568,-0.42,8.409937492055881e-20,0.8749994277780444,-0.4192955844422526,-0.0008781601767083632,0.9316983099349947,0.056710057348072655,,0.0,0.11864049287692062,0.0,5.832119839694351e-05,False,False,False
28,1773751412.4165437,1773751412416546277,-0.42,8.409937492055881e-20,0.8749994277780444,-0.4192955844422526,-0.0008781601767083632,0.9316983099349947,0.056710057348072655,,0.0,0.11864049287692062,0.0,0.0,False,False,False
29,1773751412.466787,1773751412466791772,-0.42,8.409937492055881e-20,0.8749994277780444,-0.4192955844422526,-0.0008781601767083632,0.9316983099349947,0.056710057348072655,,0.0,0.11864049287692062,0.0,0.0,False,False,False
30,1773751412.5166864,1773751412516690671,-0.42,8.409937492055881e-20,0.8749994277780444,-0.4193418884540386,-0.0008695741940415904,0.9310027394996461,0.056013928570247215,,0.0,0.11933578799001124,0.0,0.000697162829715486,False,False,False
31,1773751412.5669858,1773751412566989156,-0.42,8.409937492055881e-20,0.8749994277780444,-0.4193418884540386,-0.0008695741940415904,0.9310027394996461,0.056013928570247215,,0.0,0.11933578799001124,0.0,0.0,False,False,False
32,1773751412.6166906,1773751412616694166,-0.42,8.409937492055881e-20,0.8749994277780444,-0.4193418884540386,-0.0008695741940415904,0.9310027394996461,0.056013928570247215,,0.0,0.11933578799001124,0.0,0.0,False,False,False
33,1773751412.6666682,1773751412666671943,-0.42,8.409937492055881e-20,0.8749994277780444,-0.4193418884540386,-0.0008695741940415904,0.9310027394996461,0.056013928570247215,,0.0,0.11933578799001124,0.0,0.0,False,False,False
34,1773751412.7166584,1773751412716662431,-0.42,8.409937492055881e-20,0.8749994277780444,-0.4193812176543625,-0.0008622250369105771,0.9304230933525649,0.055433825678206955,,0.0,0.11991521730234603,0.0,0.000581025345346224,False,False,False
35,1773751412.7667117,1773751412766716128,-0.42,8.409937492055881e-20,0.8749994277780444,-0.4193812176543625,-0.0008622250369105771,0.9304230933525649,0.055433825678206955,,0.0,0.11991521730234603,0.0,0.0,False,False,False
36,1773751412.8166327,1773751412816636886,-0.42,8.409937492055881e-20,0.8749994277780444,-0.4193812176543625,-0.0008622250369105771,0.9304230933525649,0.055433825678206955,,0.0,0.11991521730234603,0.0,0.0,False,False,False
37,1773751412.8666759,1773751412866679823,-0.42,8.409937492055881e-20,0.8749994277780444,-0.4193812176543625,-0.0008622250369105771,0.9304230933525649,0.055433825678206955,,0.0,0.11991521730234603,0.0,0.0,False,False,False
38,1773751412.9167264,1773751412916730191,-0.42,8.409937492055881e-20,0.8749994277780444,-0.4193812176543625,-0.0008622250369105771,0.9304230933525649,0.055433825678206955,,0.0,0.11991521730234603,0.0,0.0,False,False,False
39,1773751412.966697,1773751412966702858,-0.42,8.409937492055881e-20,0.8749994277780444,-0.41940553571710465,-0.00085765618038319,0.9300695680406406,0.05508002642019521,,0.0,0.12026861623401036,0.0,0.0003543901646444246,False,False,False
40,1773751413.0168338,1773751413016839385,-0.42,8.409937492055881e-20,0.8749994277780444,-0.41941356968241106,-0.0008561427420858039,0.9299535687432459,0.05496393808794496,,0.0,0.1203845750577625,0.0,0.00011628702459899859,False,False,False
41,1773751413.0670643,1773751413067069941,-0.42,8.409937492055881e-20,0.8749994277780444,-0.41941356968241106,-0.0008561427420858039,0.9299535687432459,0.05496393808794496,,0.0,0.1203845750577625,0.0,0.0,False,False,False
42,1773751413.116726,1773751413116730121,-0.42,8.409937492055881e-20,0.8749994277780444,-0.41941356968241106,-0.0008561427420858039,0.9299535687432459,0.05496393808794496,,0.0,0.1203845750577625,0.0,0.0,False,False,False
43,1773751413.1669958,1773751413167000887,-0.42,8.409937492055881e-20,0.8749994277780444,-0.4194353604382235,-0.0008520279669586405,0.9296408835947156,0.05465101520792123,,0.0,0.12069715360143513,0.0,0.0003134705257669241,False,False,False
44,1773751413.2166913,1773751413216695386,-0.42,8.409937492055881e-20,0.8749994277780444,-0.4194387894125115,-0.0008513791792971917,0.9295919347441604,0.05460202945565182,,0.0,0.12074608609700978,0.0,4.9073096099402676e-05,False,False,False
45,1773751413.2666342,1773751413266638524,-0.42,8.409937492055881e-20,0.8749994277780444,-0.4194387894125115,-0.0008513791792971917,0.9295919347441604,0.05460202945565182,,0.0,0.12074608609700978,0.0,0.0,False,False,False
46,1773751413.3187149,1773751413318721919,-0.42,8.409937492055881e-20,0.8749994277780444,-0.4194387894125115,-0.0008513791792971917,0.9295919347441604,0.05460202945565182,,0.0,0.12074608609700978,0.0,0.0,False,False,False
47,1773751413.3666167,1773751413366619930,-0.42,8.409937492055881e-20,0.8749994277780444,-0.4194555887118301,-0.000848195643448732,0.9293531085050672,0.05436302445665976,,0.0,0.12098483385147314,0.0,0.00023943751551803695,False,False,False
48,1773751413.4165785,1773751413416581317,-0.42,8.409937492055881e-20,0.8749994277780444,-0.4194555887118301,-0.000848195643448732,0.9293531085050672,0.05436302445665976,,0.0,0.12098483385147314,0.0,0.0,False,False,False
49,1773751413.471412,1773751413471417485,-0.42,8.409937492055881e-20,0.8749994277780444,-0.4194555887118301,-0.000848195643448732,0.9293531085050672,0.05436302445665976,,0.0,0.12098483385147314,0.0,0.0,False,False,False
50,1773751413.516722,1773751413516726102,-0.42,8.409937492055881e-20,0.8749994277780444,-0.4194560508337564,-0.0008481079534925745,0.9293465617028226,0.05435647278506959,,0.0,0.1209913785331676,0.0,6.563677767368061e-06,False,False,False
51,1773751413.566711,1773751413566716269,-0.42,8.409937492055881e-20,0.8749994277780444,-0.4194560508337564,-0.0008481079534925745,0.9293465617028226,0.05435647278506959,,0.0,0.1209913785331676,0.0,0.0,False,False,False
52,1773751413.6198144,1773751413619818158,-0.42,8.409937492055881e-20,0.8749994277780444,-0.41946550190746973,-0.0008463132175979243,0.9292129363432681,0.054222748410835644,,0.0,0.1211249609741826,0.0,0.00013397119312502057,False,False,False
53,1773751413.6668708,1773751413666879083,-0.42,8.409937492055881e-20,0.8749994277780444,-0.41946550190746973,-0.0008463132175979243,0.9292129363432681,0.054222748410835644,,0.0,0.1211249609741826,0.0,0.0,False,False,False
54,1773751413.716674,1773751413716678483,-0.42,8.409937492055881e-20,0.8749994277780444,-0.41946550190746973,-0.0008463132175979243,0.9292129363432681,0.054222748410835644,,0.0,0.1211249609741826,0.0,0.0,False,False,False
55,1773751413.766599,1773751413766602840,-0.42,8.409937492055881e-20,0.8749994277780444,-0.41946550190746973,-0.0008463132175979243,0.9292129363432681,0.054222748410835644,,0.0,0.1211249609741826,0.0,0.0,False,False,False
56,1773751413.8166559,1773751413816659608,-0.42,8.409937492055881e-20,0.8749994277780444,-0.41946806779333057,-0.0008458255209987983,0.9291767454289215,0.05418653080359087,,0.0,0.12116114038430968,0.0,3.628503685358281e-05,False,False,False
57,1773751413.8666835,1773751413866686305,-0.42,8.409937492055881e-20,0.8749994277780444,-0.41946869201036013,-0.0008457068480539661,0.9291679466730415,0.054177725566235756,,0.0,0.12116993635102456,0.0,8.82166850452344e-06,False,False,False
58,1773751413.916615,1773751413916617473,-0.42,8.409937492055881e-20,0.8749994277780444,-0.41946869201036013,-0.0008457068480539661,0.9291679466730415,0.054177725566235756,,0.0,0.12116993635102456,0.0,0.0,False,False,False
59,1773751413.966618,1773751413966621871,-0.42,8.409937492055881e-20,0.8749994277780444,-0.41946869201036013,-0.0008457068480539661,0.9291679466730415,0.054177725566235756,,0.0,0.12116993635102456,0.0,0.0,False,False,False
60,1773751414.0168269,1773751414016831547,-0.42,8.409937492055881e-20,0.8749994277780444,-0.41946869201036013,-0.0008457068480539661,0.9291679466730415,0.054177725566235756,,0.0,0.12116993635102456,0.0,0.0,False,False,False
61,1773751414.0666652,1773751414066668066,-0.42,8.409937492055881e-20,0.8749994277780444,-0.4194694778162645,-0.000845557438917445,0.9291568733278204,0.05416664406853071,,0.0,0.12118100619035845,0.0,1.1102197457939801e-05,False,False,False
62,1773751414.116696,1773751414116698803,-0.42,8.409937492055881e-20,0.8749994277780444,-0.4194695713599142,-0.00084553965183672,0.9291555553693045,0.05416532514003672,,0.0,0.12118232373192098,0.0,1.321393750635781e-06,False,False,False
63,1773751414.1687963,1773751414168798898,-0.42,8.409937492055881e-20,0.8749994277780444,-0.4194695713599142,-0.00084553965183672,0.9291555553693045,0.05416532514003672,,0.0,0.12118232373192098,0.0,0.0,False,False,False
64,1773751414.2166727,1773751414216675949,-0.42,8.409937492055881e-20,0.8749994277780444,-0.4194695713599142,-0.00084553965183672,0.9291555553693045,0.05416532514003672,,0.0,0.12118232373192098,0.0,0.0,False,False,False
65,1773751414.2666829,1773751414266686257,-0.42,8.409937492055881e-20,0.8749994277780444,-0.41946980049681093,-0.000845496081006089,0.9291523272131538,0.05416209460836284,,0.0,0.12118555086709032,0.0,3.236571375420632e-06,False,False,False
66,1773751414.3167367,1773751414316739214,-0.42,8.409937492055881e-20,0.8749994277780444,-0.41946980049681093,-0.000845496081006089,0.9291523272131538,0.05416209460836284,,0.0,0.12118555086709032,0.0,0.0,False,False,False
67,1773751414.3667102,1773751414366714452,-0.42,8.409937492055881e-20,0.8749994277780444,-0.4194698108872831,-0.0008454933575623685,0.9291521737238875,0.05416194100092748,,0.0,0.12118570430758865,0.0,1.5386466106790043e-07,False,False,False
68,1773751414.4167602,1773751414416764439,-0.42,8.409937492055881e-20,0.8749994277780444,-0.4194698108872831,-0.0008454933575623685,0.9291521737238875,0.05416194100092748,,0.0,0.12118570430758865,0.0,0.0,False,False,False
69,1773751414.4667437,1773751414466748587,-0.42,8.409937492055881e-20,0.8749994277780444,-0.41946987432165894,-0.000845482042750191,0.9291512872071339,0.05416105383711916,,0.0,0.12118659054427056,0.0,8.888553872042743e-07,False,False,False
70,1773751414.5166457,1773751414516649915,-0.42,8.409937492055881e-20,0.8749994277780444,-0.41946987432165894,-0.000845482042750191,0.9291512872071339,0.05416105383711916,,0.0,0.12118659054427056,0.0,0.0,False,False,False
71,1773751414.566605,1773751414566607883,-0.42,8.409937492055881e-20,0.8749994277780444,-0.41946987432165894,-0.000845482042750191,0.9291512872071339,0.05416105383711916,,0.0,0.12118659054427056,0.0,0.0,False,False,False
72,1773751414.6166718,1773751414616675081,-0.42,8.409937492055881e-20,0.8749994277780444,-0.4194698745221375,-0.0008454820282847275,0.9291512843835901,0.05416105101186656,,0.0,0.12118659336699734,0.0,2.8306890935412567e-09,False,False,False
73,1773751414.6678047,1773751414667808281,-0.42,8.409937492055881e-20,0.8749994277780444,-0.4194698745221375,-0.0008454820282847275,0.9291512843835901,0.05416105101186656,,0.0,0.12118659336699734,0.0,0.0,False,False,False
74,1773751414.7167134,1773751414716716866,-0.42,8.409937492055881e-20,0.8749994277780444,-0.419469889933768,-0.0008454787726956028,0.9291510644098546,0.054160830873805924,True,0.0,0.12118681327101485,0.0,2.2053698443071232e-07,False,True,False
75,1773751414.7666173,1773751414766622044,-0.42,8.409937492055881e-20,0.8749994277780444,-0.419469889933768,-0.0008454787726956028,0.9291510644098546,0.054160830873805924,True,0.0,0.12118681327101485,0.0,0.0,False,True,False
76,1773751414.8166213,1773751414816624472,-0.42,8.409937492055881e-20,0.8749994277780444,-0.419469889933768,-0.0008454787726956028,0.9291510644098546,0.054160830873805924,True,0.0,0.12118681327101485,0.0,0.0,False,True,False
77,1773751414.8666892,1773751414866691999,-0.42,8.409937492055881e-20,0.8749994277780444,-0.419469889933768,-0.0008454787726956028,0.9291510644098546,0.054160830873805924,True,0.0,0.12118681327101485,0.0,0.0,False,True,False
78,1773751414.9170265,1773751414917028555,-0.42,8.409937492055881e-20,0.8749994277780444,-0.419469893824337,-0.0008454783341705393,0.929151012468704,0.05416077889654754,True,0.0,0.12118686519583795,0.0,5.208850120304966e-08,False,True,False
79,1773751414.9666471,1773751414966649925,-0.42,8.409937492055881e-20,0.8749994277780444,-0.419469893824337,-0.0008454783341705393,0.929151012468704,0.05416077889654754,True,0.0,0.12118686519583795,0.0,0.0,False,True,False
80,1773751415.016675,1773751415016678352,-0.42,8.409937492055881e-20,0.8749994277780444,-0.419469893824337,-0.0008454783341705393,0.929151012468704,0.05416077889654754,True,0.0,0.12118686519583795,0.0,0.0,False,True,False
81,1773751415.0665855,1773751415066587301,-0.42,8.409937492055881e-20,0.8749994277780444,-0.41946989236891935,-0.0008454787156496723,0.929151002822537,0.05416076927221829,True,0.0,0.1211868748484641,0.0,9.762802070767365e-09,False,True,False
82,1773751415.118165,1773751415118169489,-0.42,8.409937492055881e-20,0.8749994277780444,-0.41946989236891935,-0.0008454787156496723,0.929151002822537,0.05416076927221829,True,0.0,0.1211868748484641,0.0,0.0,False,True,False
83,1773751415.1666398,1773751415166642306,-0.42,8.409937492055881e-20,0.8749994277780444,-0.41946989236891935,-0.0008454787156496723,0.929151002822537,0.05416076927221829,True,0.0,0.1211868748484641,0.0,0.0,False,True,False
84,1773751415.2166994,1773751415216703874,-0.42,8.409937492055881e-20,0.8749994277780444,-0.4194698956723312,-0.0008454779827598679,0.9291509864357304,0.054160752844419985,True,0.0,0.12118689122058106,0.0,1.6732515978521484e-08,False,True,False
85,1773751415.2667077,1773751415266711701,-0.42,8.409937492055881e-20,0.8749994277780444,-0.4194698956723312,-0.0008454779827598679,0.9291509864357304,0.054160752844419985,True,0.0,0.12118689122058106,0.0,0.0,False,True,False
86,1773751415.3166015,1773751415316604380,-0.42,8.409937492055881e-20,0.8749994277780444,-0.4194698956723312,-0.0008454779827598679,0.9291509864357304,0.054160752844419985,True,0.0,0.12118689122058106,0.0,0.0,False,True,False
87,1773751415.3667026,1773751415366706737,-0.42,8.409937492055881e-20,0.8749994277780444,-0.4194698956723312,-0.0008454779827598402,0.9291509864357302,0.05416075284441987,True,0.0,0.12118689122058118,0.0,1.1443916996305594e-16,False,True,False
88,1773751415.4166465,1773751415416649175,-0.42,8.409937492055881e-20,0.8749994277780444,-0.4194698956723312,-0.0008454779827598402,0.9291509864357302,0.05416075284441987,True,0.0,0.12118689122058118,0.0,0.0,False,True,False
89,1773751415.4666624,1773751415466665483,-0.42,8.409937492055881e-20,0.8749994277780444,-0.4194698956723312,-0.0008454779827598402,0.9291509864357302,0.05416075284441987,True,0.0,0.12118689122058118,0.0,0.0,False,True,False
90,1773751415.5166605,1773751415516665401,-0.42,8.409937492055881e-20,0.8749994277780444,-0.4194698960811591,-0.000845477905018499,0.9291509806765056,0.054160747080957854,True,0.0,0.121186896977985,0.0,5.7742404293790795e-09,False,True,False
91,1773751415.5666833,1773751415566687018,-0.42,8.409937492055881e-20,0.8749994277780444,-0.4194698960811591,-0.000845477905018499,0.9291509806765056,0.054160747080957854,True,0.0,0.121186896977985,0.0,0.0,False,True,False
92,1773751415.6166198,1773751415616622786,-0.42,8.409937492055881e-20,0.8749994277780444,-0.4194698960811591,-0.000845477905018499,0.9291509806765056,0.054160747080957854,True,0.0,0.121186896977985,0.0,0.0,False,True,False
93,1773751415.666806,1773751415666809523,-0.42,8.409937492055881e-20,0.8749994277780444,-0.4194698960811591,-0.000845477905018499,0.9291509806765056,0.054160747080957854,True,0.0,0.121186896977985,0.0,0.0,False,True,False
94,1773751415.716656,1773751415716659212,-0.42,8.409937492055881e-20,0.8749994277780444,-0.4194698960403545,-0.0008454779157136868,0.9291509804060609,0.05416074681112544,True,0.0,0.12118689724861077,0.0,2.7371466653130056e-10,False,True,False
95,1773751415.7668092,1773751415766814509,-0.42,8.409937492055881e-20,0.8749994277780444,-0.4194698960403545,-0.0008454779157136868,0.9291509804060609,0.05416074681112544,True,0.0,0.12118689724861077,0.0,0.0,False,True,False
96,1773751415.8189867,1773751415818990843,-0.42,8.409937492055881e-20,0.8749994277780444,-0.4194698960403545,-0.0008454779157136868,0.9291509804060609,0.05416074681112544,True,0.0,0.12118689724861077,0.0,0.0,False,True,False
97,1773751415.866665,1773751415866669195,-0.42,8.409937492055881e-20,0.8749994277780444,-0.4194698961886187,-0.0008454778845836785,0.9291509791626953,0.05416074556603377,True,0.0,0.12118689849131671,0.0,1.252561152448287e-09,False,True,False
98,1773751415.9166222,1773751415916626803,-0.42,8.409937492055881e-20,0.8749994277780444,-0.4194698961886187,-0.0008454778845836785,0.9291509791626953,0.05416074556603377,True,0.0,0.12118689849131671,0.0,0.0,False,True,False
99,1773751415.969993,1773751415969996870,-0.42,8.409937492055881e-20,0.8749994277780444,-0.4194698961886187,-0.0008454778845836785,0.9291509791626953,0.05416074556603377,True,0.0,0.12118689849131671,0.0,0.0,False,True,False
100,1773751416.0166538,1773751416016659669,-0.42,8.409937492055881e-20,0.8749994277780444,-0.4194698961886187,-0.0008454778845836785,0.9291509791626953,0.05416074556603377,True,0.0,0.12118689849131671,0.0,0.0,False,True,False
101,1773751416.0689154,1773751416068920303,-0.42,8.409937492055881e-20,0.8749994277780444,-0.4194698961886187,-0.0008454778845836785,0.9291509791626953,0.05416074556603377,True,0.0,0.12118689849131671,0.0,0.0,False,True,False
102,1773751416.1167078,1773751416116710794,-0.42,8.409937492055881e-20,0.8749994277780444,-0.4194698961886187,-0.0008454778845836785,0.9291509791626953,0.05416074556603377,True,0.0,0.12118689849131671,0.0,0.0,False,True,False
103,1773751416.1666174,1773751416166620903,-0.42,8.409937492055881e-20,0.8749994277780444,-0.4194698961918531,-0.0008454778849323441,0.9291509788396564,0.054160745243023466,True,0.0,0.12118689881434101,0.0,3.23055308893182e-10,False,True,False
104,1773751416.2166877,1773751416216690940,-0.42,8.409937492055881e-20,0.8749994277780444,-0.4194698961918531,-0.0008454778849323441,0.9291509788396564,0.054160745243023466,True,0.0,0.12118689881434101,0.0,0.0,False,True,False
105,1773751416.2666917,1773751416266694848,-0.42,8.409937492055881e-20,0.8749994277780444,-0.4194698961918531,-0.0008454778849323441,0.9291509788396564,0.054160745243023466,True,0.0,0.12118689881434101,0.0,0.0,False,True,False
106,1773751416.3166103,1773751416316613847,-0.42,8.409937492055881e-20,0.8749994277780444,-0.4194698961918531,-0.0008454778849323441,0.9291509788396564,0.054160745243023466,True,0.0,0.12118689881434101,0.0,0.0,False,True,False
107,1773751416.3666873,1773751416366692864,-0.42,8.409937492055881e-20,0.8749994277780444,-0.4194698961918531,-0.0008454778849323441,0.9291509788396564,0.054160745243023466,True,0.0,0.12118689881434101,0.0,0.0,False,True,False
108,1773751416.4166465,1773751416416651032,-0.42,8.409937492055881e-20,0.8749994277780444,-0.4194698961918531,-0.0008454778849323441,0.9291509788396564,0.054160745243023466,True,0.0,0.12118689881434101,0.0,0.0,False,True,False
109,1773751416.4667277,1773751416466733039,-0.42,8.409937492055881e-20,0.8749994277780444,-0.4194662535645172,-0.0008523009362265868,0.9291547060168508,0.054164614493835556,True,0.0,0.12118320720109702,0.0,8.585721443807226e-06,False,True,False
110,1773751416.5165904,1773751416516593018,-0.42,8.409937492055881e-20,0.8749994277780444,-0.41937342775105824,-0.0010261616669612105,0.9292496098709103,0.054263503919844636,True,0.0,0.12108937701306192,0.0,0.0002187485470837493,False,True,False
111,1773751416.56664,1773751416566644346,-0.42,8.409937492055881e-20,0.8749994277780444,-0.41937342775105824,-0.0010261616669612105,0.9292496098709103,0.054263503919844636,True,0.0,0.12108937701306192,0.0,0.0,False,True,False
112,1773751416.6166315,1773751416616634844,-0.42,8.409937492055881e-20,0.8749994277780444,-0.41937342775105824,-0.0010261616669612105,0.9292496098709103,0.054263503919844636,True,0.0,0.12108937701306192,0.0,0.0,False,True,False
113,1773751416.6669855,1773751416666989180,-0.42,8.409937492055881e-20,0.8749994277780444,-0.41937342775105824,-0.0010261616669612105,0.9292496098709103,0.054263503919844636,True,0.0,0.12108937701306192,0.0,0.0,False,True,False
114,1773751416.7166336,1773751416716639799,-0.42,8.409937492055881e-20,0.8749994277780444,-0.41937342775105824,-0.0010261616669612105,0.9292496098709103,0.054263503919844636,True,0.0,0.12108937701306192,0.0,0.0,False,True,False
115,1773751416.7674196,1773751416767423563,-0.42,8.409937492055881e-20,0.8749994277780444,-0.4188170495783252,-0.0020677910391543293,0.9298153257088791,0.05486763889074725,True,0.0,0.12053688006233523,0.0,0.001309420799223052,False,True,False
116,1773751416.8180597,1773751416818064767,-0.42,8.409937492055881e-20,0.8749994277780444,-0.4188170495783252,-0.0020677910391543293,0.9298153257088791,0.05486763889074725,True,0.0,0.12053688006233523,0.0,0.0,False,True,False
117,1773751416.866619,1773751416866623643,-0.42,8.409937492055881e-20,0.8749994277780444,-0.4183836377389053,-0.002878682536778418,0.9302523248337942,0.055351441473189524,True,0.0,0.12011829692543374,0.0,0.001018017229051102,False,True,False
118,1773751416.9166439,1773751416916646991,-0.42,8.409937492055881e-20,0.8749994277780444,-0.4183836377389053,-0.002878682536778418,0.9302523248337942,0.055351441473189524,True,0.0,0.12011829692543374,0.0,0.0,False,True,False
119,1773751416.9666154,1773751416966620079,-0.42,8.409937492055881e-20,0.8749994277780444,-0.4183836377389053,-0.002878682536778418,0.9302523248337942,0.055351441473189524,True,0.0,0.12011829692543374,0.0,0.0,False,True,False
120,1773751417.0166929,1773751417016697467,-0.42,8.409937492055881e-20,0.8749994277780444,-0.4183836377389053,-0.002878682536778418,0.9302523248337942,0.055351441473189524,True,0.0,0.12011829692543374,0.0,0.0,False,True,False
121,1773751417.066652,1773751417066655905,-0.42,8.409937492055881e-20,0.8749994277780444,-0.4183836377389053,-0.002878682536778418,0.9302523248337942,0.055351441473189524,True,0.0,0.12011829692543374,0.0,0.0,False,True,False
122,1773751417.1165857,1773751417116588583,-0.42,8.409937492055881e-20,0.8749994277780444,-0.41631116970549586,-0.006750317716741226,0.9322978456809023,0.05781248093957873,True,0.0,0.11826118124972491,0.0,0.004844464702336452,False,True,False
123,1773751417.1666095,1773751417166612591,-0.42,8.409937492055881e-20,0.8749994277780444,-0.41631116970549586,-0.006750317716741226,0.9322978456809023,0.05781248093957873,True,0.0,0.11826118124972491,0.0,0.0,False,True,False
124,1773751417.21679,1773751417216795048,-0.42,8.409937492055881e-20,0.8749994277780444,-0.41631116970549586,-0.006750317716741226,0.9322978456809023,0.05781248093957873,True,0.0,0.11826118124972491,0.0,0.0,False,True,False
125,1773751417.2670748,1773751417267079774,-0.42,8.409937492055881e-20,0.8749994277780444,-0.41631116970549586,-0.006750317716741226,0.9322978456809023,0.05781248093957873,True,0.0,0.11826118124972491,0.0,0.0,False,True,False
126,1773751417.3167245,1773751417316729924,-0.42,8.409937492055881e-20,0.8749994277780444,-0.4158351479125916,-0.007638336050444781,0.9327574919799376,0.05840962378649202,True,0.0,0.11786869923524086,0.0,0.001107451140470893,False,True,False
127,1773751417.3667188,1773751417366724373,-0.42,8.409937492055881e-20,0.8749994277780444,-0.4158351479125916,-0.007638336050444781,0.9327574919799376,0.05840962378649202,True,0.0,0.11786869923524086,0.0,0.0,False,True,False
128,1773751417.4166226,1773751417416625261,-0.42,8.409937492055881e-20,0.8749994277780444,-0.4115430334364533,-0.015628502612881866,0.93673421882196,0.06424137920852663,True,0.0,0.11491622766607892,0.0,0.009903502650467869,False,True,False
129,1773751417.4667654,1773751417466771358,-0.42,8.409937492055881e-20,0.8749994277780444,-0.4115430334364533,-0.015628502612881866,0.93673421882196,0.06424137920852663,True,0.0,0.11491622766607892,0.0,0.0,False,True,False
130,1773751417.516688,1773751417516690687,-0.42,8.409937492055881e-20,0.8749994277780444,-0.4115430334364533,-0.015628502612881866,0.93673421882196,0.06424137920852663,True,0.0,0.11491622766607892,0.0,0.0,False,True,False
131,1773751417.5666432,1773751417566646125,-0.42,8.409937492055881e-20,0.8749994277780444,-0.4115430334364533,-0.015628502612881866,0.93673421882196,0.06424137920852663,True,0.0,0.11491622766607892,0.0,0.0,False,True,False
132,1773751417.6168542,1773751417616861802,-0.42,8.409937492055881e-20,0.8749994277780444,-0.4115430334364533,-0.015628502612881866,0.93673421882196,0.06424137920852663,True,0.0,0.11491622766607892,0.0,0.0,False,True,False
133,1773751417.6667743,1773751417666779450,-0.42,8.409937492055881e-20,0.8749994277780444,-0.4114859152748827,-0.015734670160134724,0.9367851375691194,0.06432373914925694,True,0.0,0.11488413922904721,0.0,0.00013086921442105167,False,True,False
134,1773751417.7166307,1773751417716633729,-0.42,8.409937492055881e-20,0.8749994277780444,-0.4082855520577721,-0.021678642621941246,0.9395559552514584,0.06909947232755596,True,0.0,0.11339282557917163,0.0,0.007297298402622111,False,True,False
135,1773751417.7666576,1773751417766661077,-0.42,8.409937492055881e-20,0.8749994277780444,-0.405271222610323,-0.027271900221833578,0.9420203830026838,0.07384105812031284,True,0.0,0.11254273134643601,0.0,0.006814992057040261,False,True,False
136,1773751417.8167338,1773751417816738724,-0.42,8.409937492055881e-20,0.8749994277780444,-0.405271222610323,-0.027271900221833578,0.9420203830026838,0.07384105812031284,True,0.0,0.11254273134643601,0.0,0.0,False,True,False
137,1773751417.866798,1773751417866799912,-0.42,8.409937492055881e-20,0.8749994277780444,-0.405271222610323,-0.027271900221833578,0.9420203830026838,0.07384105812031284,True,0.0,0.11254273134643601,0.0,0.0,False,True,False
138,1773751417.9195824,1773751417919584843,-0.42,8.409937492055881e-20,0.8749994277780444,-0.405271222610323,-0.027271900221833578,0.9420203830026838,0.07384105812031284,True,0.0,0.11254273134643601,0.0,0.0,False,True,False
139,1773751417.9666462,1773751417966648519,-0.42,8.409937492055881e-20,0.8749994277780444,-0.405271222610323,-0.027271900221833578,0.9420203830026838,0.07384105812031284,True,0.0,0.11254273134643601,0.0,0.0,False,True,False
140,1773751418.0169263,1773751418016931965,-0.42,8.409937492055881e-20,0.8749994277780444,-0.405271222610323,-0.027271900221833578,0.9420203830026838,0.07384105812031284,True,0.0,0.11254273134643601,0.0,0.0,False,True,False
141,1773751418.0667067,1773751418066709975,-0.42,8.409937492055881e-20,0.8749994277780444,-0.39999765935265863,-0.03706144341967736,0.9460027332831601,0.08255370138506826,True,0.0,0.11234827310838026,0.0,0.011811212436132333,False,True,False
142,1773751418.120554,1773751418120557989,-0.42,8.409937492055881e-20,0.8749994277780444,-0.3971393195724218,-0.042376341019380315,0.9479887130789215,0.08744026965040481,True,0.0,0.11292054864373449,0.0,0.006353137692808571,False,True,False
143,1773751418.16662,1773751418166623131,-0.42,8.409937492055881e-20,0.8749994277780444,-0.3971393195724218,-0.042376341019380315,0.9479887130789215,0.08744026965040481,True,0.0,0.11292054864373449,0.0,0.0,False,True,False
144,1773751418.2166572,1773751418216659949,-0.42,8.409937492055881e-20,0.8749994277780444,-0.3971393195724218,-0.042376341019380315,0.9479887130789215,0.08744026965040481,True,0.0,0.11292054864373449,0.0,0.0,False,True,False
145,1773751418.267468,1773751418267472372,-0.42,8.409937492055881e-20,0.8749994277780444,-0.3971393195724218,-0.042376341019380315,0.9479887130789215,0.08744026965040481,True,0.0,0.11292054864373449,0.0,0.0,False,True,False
146,1773751418.3167303,1773751418316733805,-0.42,8.409937492055881e-20,0.8749994277780444,-0.3971393195724218,-0.042376341019380315,0.9479887130789215,0.08744026965040481,True,0.0,0.11292054864373449,0.0,0.0,False,True,False
147,1773751418.367027,1773751418367031711,-0.42,8.409937492055881e-20,0.8749994277780444,-0.3894706479597532,-0.0567092743174243,0.9527330779611953,0.10094802375679614,True,0.0,0.1166946192834079,0.0,0.016933708966593235,False,True,False
148,1773751418.41663,1773751418416633602,-0.42,8.409937492055881e-20,0.8749994277780444,-0.3872658533461542,-0.06085787961696382,0.9539396914009057,0.10491315975355611,True,0.0,0.1183495255084295,0.0,0.004850562978914136,False,True,False
149,1773751418.4666786,1773751418466682050,-0.42,8.409937492055881e-20,0.8749994277780444,-0.3872658533461542,-0.06085787961696382,0.9539396914009057,0.10491315975355611,True,0.0,0.1183495255084295,0.0,0.0,False,True,False
150,1773751418.5165899,1773751418516592688,-0.42,8.409937492055881e-20,0.8749994277780444,-0.3872658533461542,-0.06085787961696382,0.9539396914009057,0.10491315975355611,True,0.0,0.1183495255084295,0.0,0.0,False,True,False
151,1773751418.56665,1773751418566652316,-0.42,8.409937492055881e-20,0.8749994277780444,-0.3872658533461542,-0.06085787961696382,0.9539396914009057,0.10491315975355611,True,0.0,0.1183495255084295,0.0,0.0,False,True,False
152,1773751418.616656,1773751418616659874,-0.42,8.409937492055881e-20,0.8749994277780444,-0.37700588978184835,-0.08042526033169155,0.9586304609515476,0.12373708305329699,True,0.0,0.1290199957946453,0.0,0.022586557049564047,False,True,False
153,1773751418.6678145,1773751418667819345,-0.42,8.409937492055881e-20,0.8749994277780444,-0.37700588978184835,-0.08042526033169155,0.9586304609515476,0.12373708305329699,True,0.0,0.1290199957946453,0.0,0.0,False,True,False
154,1773751418.7174175,1773751418717422146,-0.42,8.409937492055881e-20,0.8749994277780444,-0.37700588978184835,-0.08042526033169155,0.9586304609515476,0.12373708305329699,True,0.0,0.1290199957946453,0.0,0.0,False,True,False
155,1773751418.7666545,1773751418766657388,-0.42,8.409937492055881e-20,0.8749994277780444,-0.3759178573834549,-0.08253241342736059,0.9590372569361632,0.12576641560217636,True,0.0,0.13041366003304491,0.0,0.002406115467229446,False,True,False
156,1773751418.816649,1773751418816651736,-0.42,8.409937492055881e-20,0.8749994277780444,-0.3759178573834549,-0.08253241342736059,0.9590372569361632,0.12576641560217636,True,0.0,0.13041366003304491,0.0,0.0,False,True,False
157,1773751418.8665938,1773751418866595945,-0.42,8.409937492055881e-20,0.8749994277780444,-0.3759178573834549,-0.08253241342736059,0.9590372569361632,0.12576641560217636,True,0.0,0.13041366003304491,0.0,0.0,False,True,False
158,1773751418.9175742,1773751418917577307,-0.42,8.409937492055881e-20,0.8749994277780444,-0.3759178573834549,-0.08253241342736059,0.9590372569361632,0.12576641560217636,True,0.0,0.13041366003304491,0.0,0.0,False,True,False
159,1773751418.9667702,1773751418966790530,-0.42,8.409937492055881e-20,0.8749994277780444,-0.36360526713362773,-0.10701043874893879,0.9623584807704422,0.14920859236665437,True,0.0,0.14921333694644867,0.0,0.027600799446054917,False,True,False
160,1773751419.0178692,1773751419017873211,-0.42,8.409937492055881e-20,0.8749994277780444,-0.36360526713362773,-0.10701043874893879,0.9623584807704422,0.14920859236665437,True,0.0,0.14921333694644867,0.0,0.0,False,True,False
161,1773751419.0666702,1773751419066674007,-0.42,8.409937492055881e-20,0.8749994277780444,-0.36360526713362773,-0.10701043874893879,0.9623584807704422,0.14920859236665437,True,0.0,0.14921333694644867,0.0,0.0,False,True,False
162,1773751419.1168487,1773751419116851364,-0.42,8.409937492055881e-20,0.8749994277780444,-0.36360526713362773,-0.10701043874893879,0.9623584807704422,0.14920859236665437,True,0.0,0.14921333694644867,0.0,0.0,False,True,False
163,1773751419.1666021,1773751419166605164,-0.42,8.409937492055881e-20,0.8749994277780444,-0.36360526713362773,-0.10701043874893879,0.9623584807704422,0.14920859236665437,True,0.0,0.14921333694644867,0.0,0.0,False,True,False
164,1773751419.218206,1773751419218212642,-0.4199963790423797,-6.8189079418591895e-06,0.874993042716579,-0.36360526713362773,-0.10701043874893879,0.9623584807704422,0.14920607202029476,True,1.0018874663604389e-05,0.14921333694644867,1.0018874663604389e-05,0.0,False,True,False
165,1773751419.2667727,1773751419266776159,-0.4199963790423797,-6.818907941859203e-06,0.8749875967976801,-0.3561124212300505,-0.12270730950187159,0.9631236651900534,0.16402602540275005,True,1.412731170419667e-05,0.16316269010718587,5.44591889883872e-06,0.017410341707302796,False,True,False
166,1773751419.3175378,1773751419317541882,-0.4199963790423797,-6.818907941859218e-06,0.8749918671801692,-0.350936358793658,-0.13407441207121407,0.9630019219832151,0.174611499277057,True,1.0806085315145302e-05,0.1738938743620378,4.270382489068858e-06,0.01249069511980007,False,True,False
167,1773751419.366682,1773751419366685686,-0.4199963790423797,-6.818907941859218e-06,0.8749918671801692,-0.350936358793658,-0.13407441207121407,0.9630019219832151,0.174611499277057,True,1.0806085315145302e-05,0.1738938743620378,0.0,0.0,False,True,False
168,1773751419.4167156,1773751419416719294,-0.4199963790423797,-6.818907941859221e-06,0.8749929344387507,-0.350936358793658,-0.13407441207121407,0.9630019219832151,0.1746109613453526,True,1.0088225552130769e-05,0.1738938743620378,1.0672585815107993e-06,0.0,False,True,False
169,1773751419.466714,1773751419466719622,-0.4199963790423797,-6.8189079418592226e-06,0.8749950292770969,-0.350936358793658,-0.13407441207121407,0.9630019219832151,0.17460990549545785,True,8.885699195472152e-06,0.1738938743620378,2.094838346233807e-06,0.0,False,True,False
170,1773751419.5166373,1773751419516642421,-0.4199963790423797,-6.8189079418592226e-06,0.8749950292770969,-0.350936358793658,-0.13407441207121407,0.9630019219832151,0.17460990549545785,True,8.885699195472152e-06,0.1738938743620378,0.0,0.0,False,True,False
171,1773751419.566718,1773751419566722588,-0.4199035532289207,-0.0001806796386764829,0.8750487977773724,-0.34235494141503575,-0.15434225988557926,0.9613622428663293,0.19294971060254854,True,0.0002106763117142835,0.19394007439091354,0.00020429203841015398,0.022070680253647345,False,True,False
172,1773751419.6167529,1773751419616759436,-0.4199035532289207,-0.0001806796386764829,0.8749696616364316,-0.3390054967104281,-0.16295701420305872,0.9601024784039914,0.20071927444434387,True,0.000206961674399864,0.2027187318848061,7.913614094079424e-05,0.009328439219951244,False,True,False
173,1773751419.6665838,1773751419666586476,-0.4199035532289207,-0.0001806796386764829,0.8749775582885697,-0.3390054967104281,-0.16295701420305872,0.9601024784039914,0.20071592529578178,True,0.00020597423638350458,0.2027187318848061,7.896652138073001e-06,0.0,False,True,False
174,1773751419.7166846,1773751419716688993,-0.4199035532289207,-0.0001806796386764829,0.8749786580780439,-0.3390054967104281,-0.16295701420305872,0.9601024784039914,0.2007154588704346,True,0.00020586036996468352,0.2027187318848061,1.0997894741571201e-06,0.0,False,True,False
175,1773751419.766634,1773751419766640432,-0.4199035532289207,-0.0001806796386764829,0.8749842129597568,-0.3390054967104281,-0.16295701420305872,0.9601024784039914,0.20071310309723206,True,0.00020537429775755435,0.2027187318848061,5.5548817129436046e-06,0.0,False,True,False
176,1773751419.8166282,1773751419816630990,-0.4199035532289207,-0.0001806796386764829,0.8749842129597568,-0.33065638883059334,-0.18761705432372483,0.9545901368866168,0.22233882709159214,True,0.00020537429775755435,0.22839323183412935,0.0,0.026612235722429524,False,True,False
177,1773751419.8666759,1773751419866680328,-0.4199035532289207,-0.0001806796386764829,0.8749842129597568,-0.33065638883059334,-0.18761705432372483,0.9545901368866168,0.22233882709159214,True,0.00020537429775755435,0.22839323183412935,0.0,0.0,False,True,False
178,1773751419.9166114,1773751419916615067,-0.4193471750561877,-0.0012223090108696016,0.8749215813185446,-0.33065638883059334,-0.18761705432372483,0.9545901368866168,0.22126033396852055,True,0.0013879048225916707,0.22839323183412935,0.0011825697199700747,0.0,False,True,False
179,1773751419.966748,1773751419966751554,-0.4193471750561877,-0.0012223090108696016,0.8749261702753627,-0.3292364215119662,-0.19259011928693487,0.9531247028234692,0.22551407319021313,True,0.0013876549956728158,0.23364073440113647,4.58895681809679e-06,0.005375423639836183,False,True,False
180,1773751420.0166702,1773751420016674793,-0.4193471750561877,-0.0012223090108696016,0.8749431475622542,-0.3292364215119662,-0.19259011928693487,0.9531247028234692,0.22550818676319923,True,0.0013868623536623774,0.23364073440113647,1.6977286891539656e-05,0.0,False,True,False
181,1773751420.0668054,1773751420066810910,-0.4193471750561877,-0.0012223090108696016,0.8749506094747846,-0.3292364215119662,-0.19259011928693487,0.9531247028234692,0.22550559989732488,True,0.0013865795873478455,0.23364073440113647,7.4619125304264955e-06,0.0,False,True,False
182,1773751420.1166484,1773751420116651599,-0.4193471750561877,-0.0012223090108696016,0.8749587826647813,-0.3292364215119662,-0.19259011928693487,0.9531247028234692,0.22550276669792302,True,0.0013863158913280651,0.23364073440113647,8.17318999668526e-06,0.0,False,True,False
183,1773751420.1666117,1773751420166614708,-0.4193471750561877,-0.0012223090108696016,0.8749587826647813,-0.3292364215119662,-0.19259011928693487,0.9531247028234692,0.22550276669792302,True,0.0013863158913280651,0.23364073440113647,0.0,0.0,False,True,False
184,1773751420.2167509,1773751420216754945,-0.41891376321676776,-0.0020332005084936905,0.8760910462663574,-0.3234642745751032,-0.22089115014597596,0.9424393702819951,0.24781345221993506,True,0.002550577499511112,0.2636965649814689,0.0014585649477902329,0.030796791382658978,False,True,False
185,1773751420.2666194,1773751420266622204,-0.41891376321676776,-0.0020332005084936905,0.8749454964761839,-0.3234642745751032,-0.22089115014597596,0.9424393702819951,0.24812261082535939,True,0.0023058020822061135,0.2636965649814689,0.0011455497901734502,0.0,False,True,False
186,1773751420.3167295,1773751420316736532,-0.41891376321676776,-0.0020332005084936905,0.8749521718179472,-0.3234642745751032,-0.22089115014597596,0.9424393702819951,0.24812079509384896,True,0.002305655608010527,0.2636965649814689,6.675341763240361e-06,0.0,False,True,False
187,1773751420.3666425,1773751420366646651,-0.41891376321676776,-0.0020332005084936905,0.8749646210633704,-0.3233510685362857,-0.22207361149990712,0.9419083214780839,0.2490611774425715,True,0.0023054340511869083,0.2649439873162143,1.2449245423207245e-05,0.001301169970795884,False,True,False
188,1773751420.4166296,1773751420416633849,-0.41891376321676776,-0.0020332005084936905,0.8749738297748126,-0.3227457864414812,-0.23685079957075464,0.9346254069659979,0.2606643344376302,True,0.0023053134092255513,0.28055850834332413,9.208711442276751e-06,0.016485523876596745,False,True,False
189,1773751420.4666708,1773751420466673957,-0.41891376321676776,-0.0020332005084936905,0.8749738297748126,-0.3227457864414812,-0.23685079957075464,0.9346254069659979,0.2606643344376302,True,0.0023053134092255513,0.28055850834332413,0.0,0.0,False,True,False
190,1773751420.5167398,1773751420516744675,-0.41891376321676776,-0.0020332005084936905,0.8749738297748126,-0.3227457864414812,-0.23685079957075464,0.9346254069659979,0.2606643344376302,True,0.0023053134092255513,0.28055850834332413,0.0,0.0,False,True,False
191,1773751420.566665,1773751420566669474,-0.41891376321676776,-0.00203320050849369,0.8749415612484136,-0.32412256102486936,-0.24994950284550915,0.9271980101424931,0.2705154365807308,True,0.002305897480860151,0.2942548635472479,3.2268526399037434e-05,0.015120772444135826,False,True,False
192,1773751420.6168485,1773751420616853871,-0.41891376321676776,-0.00203320050849369,0.8749471488890728,-0.32412256102486936,-0.24994950284550915,0.9271980101424931,0.27051435725145534,True,0.002305764025050653,0.2942548635472479,5.587640659165949e-06,0.0,False,True,False
193,1773751420.6665916,1773751420666595731,-0.41891376321676776,-0.00203320050849369,0.8749609056010245,-0.32412256102486936,-0.24994950284550915,0.9271980101424931,0.2705117004277637,True,0.0023054931392454923,0.2942548635472479,1.37567119516957e-05,0.0,False,True,False
194,1773751420.716678,1773751420716682628,-0.41891376321676776,-0.00203320050849369,0.874967701158706,-0.32412256102486936,-0.24994950284550915,0.9271980101424931,0.2705103882552123,True,0.002305389605979935,0.2942548635472479,6.7955576815714736e-06,0.0,False,True,False
195,1773751420.7666123,1773751420766615287,-0.41891376321676776,-0.00203320050849369,0.8749713706156332,-0.32412256102486936,-0.24994950284550915,0.9271980101424931,0.270509679778215,True,0.0023053420269773953,0.2942548635472479,3.6694569272022193e-06,0.0,False,True,False
196,1773751420.8166025,1773751420816605106,-0.41891376321676776,-0.00203320050849369,0.8749713706156332,-0.32412256102486936,-0.24994950284550915,0.9271980101424931,0.270509679778215,True,0.0023053420269773953,0.2942548635472479,0.0,0.0,False,True,False
197,1773751420.8667314,1773751420866735223,-0.41684129518335833,-0.005904835688456497,0.878136462490571,-0.3286431563365523,-0.265861798064349,0.9168061979697288,0.27722172069621404,True,0.007394963651968913,0.3108065861867565,0.005413177374982878,0.019535267629022534,False,True,False
198,1773751420.916686,1773751420916690612,-0.41684129518335833,-0.005904835688456498,0.8749798475189565,-0.33249599920375583,-0.2741176453705911,0.9107817207406121,0.28343255698252307,True,0.006696632288911395,0.31938675849069237,0.0031566149716144576,0.010922350424129933,False,True,False
199,1773751420.9713557,1773751420971362171,-0.41684129518335833,-0.005904835688456498,0.8749821369655844,-0.33249599920375583,-0.2741176453705911,0.9107817207406121,0.2834322677994461,True,0.006696625986162006,0.31938675849069237,2.2894466278344794e-06,0.0,False,True,False
200,1773751421.0167682,1773751421016774838,-0.41684129518335833,-0.005904835688456498,0.8749853894115809,-0.33249599920375583,-0.2741176453705911,0.9107817207406121,0.283431857009916,True,0.006696618378112768,0.31938675849069237,3.2524459965266317e-06,0.0,False,True,False
201,1773751421.0667095,1773751421066712636,-0.41684129518335833,-0.005904835688456498,0.8749865180345903,-0.33249599920375583,-0.2741176453705911,0.9107817207406121,0.28343171447147,True,0.006696616107245567,0.31938675849069237,1.1286230093832117e-06,0.0,False,True,False
202,1773751421.1168156,1773751421116821314,-0.41684129518335833,-0.005904835688456498,0.8749865180345903,-0.33249599920375583,-0.2741176453705911,0.9107817207406121,0.28343171447147,True,0.006696616107245567,0.31938675849069237,0.0,0.0,False,True,False
203,1773751421.1666472,1773751421166650893,-0.41475240066520574,-0.009798629784034826,0.8801254738887929,-0.33249599920375583,-0.2741176453705911,0.9107817207406121,0.2785147447678005,True,0.012240375531519746,0.31938675849069237,0.006777461179392493,0.0,False,True,True
204,1773751421.216654,1773751421216657732,-0.41475240066520574,-0.009798629784034826,0.8755869267945987,-0.3434715926017885,-0.2887959083961874,0.8985952520111646,0.2888768216739309,True,0.011130840018505323,0.33467664246346657,0.004538547094194212,0.022009658697520244,False,True,False
205,1773751421.2680147,1773751421268017362,-0.41475240066520574,-0.009798629784034826,0.8749771761774013,-0.34811931990655876,-0.2931259578518231,0.8945639981357673,0.29171559073153636,True,0.011115347028178586,0.33922696795076934,0.0006097506171973688,0.0075234104763507595,False,True,False
206,1773751421.3167007,1773751421316704908,-0.41475240066520574,-0.009798629784034826,0.8749782946941249,-0.34811931990655876,-0.2931259578518231,0.8945639981357673,0.2917155156324813,True,0.011115344845318263,0.33922696795076934,1.1185167235749915e-06,0.0,False,True,False
207,1773751421.3667154,1773751421366719487,-0.41475240066520574,-0.009798629784034826,0.8749836181982265,-0.34811931990655876,-0.2931259578518231,0.8945639981357673,0.29171515826216327,True,0.011115335998786603,0.33922696795076934,5.323504101539811e-06,0.0,False,True,False
208,1773751421.4167085,1773751421416712015,-0.41475240066520574,-0.009798629784034826,0.8749836181982265,-0.3669099177504823,-0.3050540619052612,0.8819830625294925,0.2991883446751965,True,0.011115335998786603,0.352039628070673,0.0,0.025566504930688936,False,True,False
209,1773751421.4666617,1773751421466664754,-0.41475240066520574,-0.009798629784034826,0.8749836181982265,-0.3669099177504823,-0.3050540619052612,0.8819830625294925,0.2991883446751965,True,0.011115335998786603,0.352039628070673,0.0,0.0,False,True,False
210,1773751421.5166585,1773751421516661102,-0.41201604075274517,-0.014889188131849997,0.8814678831978139,-0.3669099177504823,-0.3050540619052612,0.8819830625294925,0.29365027109467945,True,0.018090672845557557,0.352039628070673,0.008686031455613464,0.0,False,True,True
211,1773751421.5665827,1773751421566585951,-0.41201604075274517,-0.014889188131849997,0.8749966984565117,-0.36989660330429497,-0.3063986272638466,0.8803697453346108,0.29458558984916317,True,0.016894719173062466,0.3535405572609938,0.0064711847413021495,0.0036511558405746387,False,True,False
212,1773751421.6193082,1773751421619312093,-0.41201604075274517,-0.014889188131849997,0.8749976998453538,-0.36989660330429497,-0.3063986272638466,0.8803697453346108,0.2945855715861926,True,0.01689471904096661,0.3535405572609938,1.0013888420701278e-06,0.0,False,True,False
213,1773751421.6667595,1773751421666763937,-0.41201604075274517,-0.014889188131849997,0.8749976998453538,-0.36989660330429497,-0.3063986272638466,0.8803697453346108,0.2945855715861926,True,0.01689471904096661,0.3535405572609938,0.0,0.0,False,True,False
214,1773751421.7167003,1773751421716704325,-0.41201604075274517,-0.014889188131849997,0.8749976998453538,-0.3968618436141994,-0.3140468644589153,0.8696217187498284,0.2995894960926743,True,0.01689471904096661,0.3626678509781778,0.0,0.030018990533162763,False,True,False
215,1773751421.7666464,1773751421766649394,-0.41201604075274517,-0.014889188131849997,0.8749976998453538,-0.3968618436141994,-0.3140468644589153,0.8696217187498284,0.2995894960926743,True,0.01689471904096661,0.3626678509781778,0.0,0.0,False,True,False
216,1773751421.8167129,1773751421816716882,-0.4088156775356346,-0.020833160593656523,0.8853943044933775,-0.3968618436141994,-0.3140468644589153,0.8696217187498284,0.293880834252325,True,0.025829500793375128,0.3626678509781778,0.012396068794398377,0.0,False,True,True
217,1773751421.8667138,1773751421866717720,-0.4088156775356346,-0.02083316059365652,0.8840799863578845,-0.3968618436141994,-0.3140468644589153,0.8696217187498284,0.29381322601617355,True,0.025329156982219124,0.3626678509781778,0.0013143181354929867,0.0,False,True,False
218,1773751421.9166858,1773751421916688329,-0.4088156775356346,-0.02083316059365652,0.8765561283919668,-0.39686184361419924,-0.31404686445891533,0.8696217187498284,0.29353919042759846,True,0.023696686817134962,0.3626678509781778,0.007523857965917702,1.7554167342883506e-16,False,True,True
219,1773751421.9666114,1773751421966615268,-0.4088156775356346,-0.02083316059365652,0.874832010702157,-0.39686184361419924,-0.31404686445891533,0.8696217187498284,0.2935035219925537,True,0.02364609223075327,0.3626678509781778,0.0017241176898098454,0.0,False,True,False
220,1773751422.0166318,1773751422016635186,-0.4088156775356346,-0.02083316059365652,0.8748440105119082,-0.4133259993125277,-0.31585841700005135,0.8658107170281562,0.2951979764689347,True,0.02364601031537043,0.36547408450969365,1.19998097511953e-05,0.01699629017140763,False,True,False
221,1773751422.0666516,1773751422066654534,-0.4088156775356346,-0.02083316059365652,0.8748440105119082,-0.4133259993125277,-0.31585841700005135,0.8658107170281562,0.2951979764689347,True,0.02364601031537043,0.36547408450969365,0.0,0.0,False,True,False
222,1773751422.1179872,1773751422117990355,-0.40580134808818547,-0.02642641819354885,0.887859716381284,-0.4133259993125277,-0.31585841700005135,0.8658107170281562,0.29036814680961387,True,0.03263961270621664,0.36547408450969365,0.014483760280901394,0.0,False,True,True
223,1773751422.1667557,1773751422166759941,-0.40580134808818547,-0.02642641819354885,0.8856322260800568,-0.42686206800145626,-0.31611674799055134,0.8641090967433264,0.2912512423966753,True,0.03182787605833102,0.36656519962732864,0.002227490301227264,0.013645050459627786,False,True,False
224,1773751422.216682,1773751422216686650,-0.40580134808818547,-0.02642641819354885,0.8749218612882182,-0.42686206800145626,-0.31611674799055134,0.8641090967433264,0.29065608023618666,True,0.029999388513993877,0.36656519962732864,0.010710364791838511,0.0,False,True,True
225,1773751422.266678,1773751422266682478,-0.40580134808818547,-0.02642641819354885,0.8749360895170571,-0.42686206800145626,-0.31611674799055134,0.8641090967433264,0.2906566098916103,True,0.029999355099543535,0.36656519962732864,1.4228228838897294e-05,0.0,False,True,False
226,1773751422.316614,1773751422316617187,-0.40580134808818547,-0.02642641819354885,0.8749455826872871,-0.42686206800145626,-0.31611674799055134,0.8641090967433264,0.2906569636681271,True,0.029999336558447463,0.36656519962732864,9.493170229912806e-06,0.0,False,True,False
227,1773751422.3666198,1773751422366622515,-0.40580134808818547,-0.02642641819354885,0.8749593405018506,-0.45774350423151094,-0.31295631665841633,0.8657844355089575,0.291344382442383,True,0.029999315019561972,0.3648922007420862,1.3757814563586379e-05,0.031087910669835964,False,True,False
228,1773751422.416614,1773751422416616894,-0.40580134808818547,-0.02642641819354885,0.8749593405018506,-0.45774350423151094,-0.31295631665841633,0.8657844355089575,0.291344382442383,True,0.029999315019561972,0.3648922007420862,0.0,0.0,False,True,False
229,1773751422.4666355,1773751422466638332,-0.4005277848305211,-0.03621596139139263,0.8918414691909571,-0.45774350423151094,-0.31295631665841633,0.8657844355089575,0.2837918811104295,True,0.04443441663917274,0.3648922007420862,0.02021514023029738,0.0,False,True,True
230,1773751422.5166533,1773751422516657101,-0.4005277848305211,-0.03621596139139263,0.8838321846979765,-0.45774350423151094,-0.31295631665841633,0.8657844355089575,0.2831688260220059,True,0.04205687361081342,0.3648922007420862,0.00800928449298055,0.0,False,True,True
231,1773751422.5667655,1773751422566770538,-0.4005277848305211,-0.03621596139139263,0.8793726598314024,-0.45774350423151094,-0.31295631665841633,0.8657844355089575,0.2829196045171285,True,0.0413507942088401,0.3648922007420862,0.004459524866574083,0.0,False,True,True
232,1773751422.6167207,1773751422616723937,-0.4005277848305211,-0.03621596139139263,0.8745423311663386,-0.48330499400041627,-0.30660399573715486,0.8734544040088895,0.2827771897816752,True,0.04112142945499048,0.3592096364934951,0.004830328665063832,0.02743301217661848,False,True,False
233,1773751422.6667154,1773751422666719556,-0.4005277848305211,-0.03621596139139263,0.8745603308809654,-0.48330499400041627,-0.30660399573715486,0.8734544040088895,0.2827772596047427,True,0.041121233313147966,0.3592096364934951,1.799971462679295e-05,0.0,False,True,False
234,1773751422.716716,1773751422716719354,-0.4005277848305211,-0.03621596139139263,0.8745603308809654,-0.48330499400041627,-0.30660399573715486,0.8734544040088895,0.2827772596047427,True,0.041121233313147966,0.3592096364934951,0.0,0.0,False,True,False
235,1773751422.7667346,1773751422766738783,-0.4005277848305211,-0.03621596139139263,0.8745603308809654,-0.48330499400041627,-0.30660399573715486,0.8734544040088895,0.2827772596047427,True,0.041121233313147966,0.3592096364934951,0.0,0.0,False,True,False
236,1773751422.8167534,1773751422816757081,-0.3976694450502843,-0.041530858991095584,0.8929659562831271,-0.4898389932932254,-0.3044809004561995,0.8762250999302391,0.2791383280763065,True,0.05046050018999502,0.3572599662915211,0.019369700287802945,0.00740793063000918,False,True,True
237,1773751422.8666277,1773751422866631200,-0.3976694450502843,-0.041530858991095584,0.886614455886774,-0.4898389932932254,-0.3044809004561995,0.8762250999302391,0.2788294974478118,True,0.048563101330816136,0.3572599662915211,0.006351500396353127,0.0,False,True,True
238,1773751422.916732,1773751422916735908,-0.3976694450502843,-0.041530858991095584,0.8771187555696914,-0.5187230512732872,-0.29247505217415043,0.8929964677028175,0.27906820925084,True,0.04720124450890023,0.34611189089373645,0.009495700317082578,0.03549236502869645,False,True,False
239,1773751422.9666424,1773751422966645847,-0.3976694450502843,-0.041530858991095584,0.8747727341428229,-0.5187230512732872,-0.29247505217415043,0.8929964677028175,0.2792115114689111,True,0.04715418669540158,0.34611189089373645,0.002346021426868572,0.0,False,True,False
240,1773751423.0167086,1773751423016711755,-0.3976694450502843,-0.041530858991095584,0.8747767340794066,-0.5187230512732872,-0.29247505217415043,0.8929964677028175,0.27921125042733547,True,0.04715416763536337,0.34611189089373645,3.999936583731767e-06,0.0,False,True,False
241,1773751423.0666118,1773751423066613894,-0.3976694450502843,-0.041530858991095584,0.8747767340794066,-0.5187230512732872,-0.29247505217415043,0.8929964677028175,0.27921125042733547,True,0.04715416763536337,0.34611189089373645,0.0,0.0,False,True,False
242,1773751423.1165454,1773751423116552453,-0.3900007734376157,-0.05586379228913957,0.8969305210861307,-0.5216032445555907,-0.29101714174861865,0.8951133858423037,0.2694802592897367,True,0.06709463269855033,0.34476062582793043,0.02747784161771854,0.00386035731009271,False,True,True
243,1773751423.1666381,1773751423166642371,-0.3900007734376157,-0.05586379228913957,0.8931196208483185,-0.5216032445555907,-0.29101714174861865,0.8951133858423037,0.26948150820644556,True,0.06594739024532664,0.34476062582793043,0.003810900237812165,0.0,False,True,True
244,1773751423.2167208,1773751423216724019,-0.3900007734376157,-0.05586379228913957,0.8829892704836735,-0.5216032445555907,-0.29101714174861865,0.8951133858423037,0.26974673740306615,True,0.06391051924156216,0.34476062582793043,0.010130350364645047,0.0,False,True,True
245,1773751423.2666528,1773751423266657048,-0.3900007734376157,-0.05586379228913957,0.8749715284054215,-0.5485714436438418,-0.27424283916335884,0.9203677662174239,0.27366929672659307,True,0.06340912916639359,0.3292460974170518,0.00801774207825201,0.040576405920394874,False,True,False
246,1773751423.3166504,1773751423316654027,-0.3900007734376157,-0.05586379228913957,0.8749759998142128,-0.5485714436438418,-0.27424283916335884,0.9203677662174239,0.2736685550452369,True,0.06340912735667383,0.3292460974170518,4.4714087913400036e-06,0.0,False,True,False
247,1773751423.3666651,1773751423366669155,-0.3900007734376157,-0.05586379228913957,0.874979358217887,-0.5485714436438418,-0.27424283916335884,0.9203677662174239,0.27366799802694614,True,0.06340912620477149,0.3292460974170518,3.3584036741585166e-06,0.0,False,True,False
248,1773751423.4166179,1773751423416621034,-0.3900007734376157,-0.05586379228913957,0.874979358217887,-0.5485714436438418,-0.27424283916335884,0.9203677662174239,0.27366799802694614,True,0.06340912620477149,0.3292460974170518,0.0,0.0,False,True,False
249,1773751423.470212,1773751423470216761,-0.35664254670791296,-0.12186182747358686,0.9080913118440126,-0.5485714436438418,-0.27424283916335884,0.9203677662174239,0.24537193306208285,True,0.14127825265728874,0.3292460974170518,0.08102415326121273,0.0,False,True,True
250,1773751423.5185475,1773751423518551359,-0.35664254670791296,-0.12186182747358686,0.9017198186346477,-0.5485714436438418,-0.27424283916335884,0.9203677662174239,0.24577310705545224,True,0.13992301872955318,0.3292460974170518,0.00637149320936492,0.0,False,True,True
251,1773751423.56663,1773751423566633180,-0.35664254670791296,-0.12186182747358686,0.8898349051536557,-0.571370949736441,-0.2534573328898278,0.9521929890293526,0.259449792325194,True,0.1381468901996115,0.31077347948514167,0.011884913480991965,0.04432493154131623,False,True,False
252,1773751423.616721,1773751423616725908,-0.35664254670791296,-0.12186182747358686,0.8802925789564107,-0.571370949736441,-0.2534573328898278,0.9521929890293526,0.26190710773401144,True,0.13744995209987626,0.31077347948514167,0.009542326197245043,0.0,False,True,True
253,1773751423.6667387,1773751423666742046,-0.35664254670791296,-0.12186182747358686,0.8748103793820645,-0.571370949736441,-0.2534573328898278,0.9521929890293526,0.2634648598746376,True,0.13734812565942522,0.31077347948514167,0.005482199574346147,0.0,False,True,True
254,1773751423.7166533,1773751423716657186,-0.35664254670791296,-0.12186182747358686,0.8748103793820645,-0.571370949736441,-0.2534573328898278,0.9521929890293526,0.2634648598746376,True,0.13734812565942522,0.31077347948514167,0.0,0.0,False,True,False
255,1773751423.7666683,1773751423766672044,-0.35146648427152044,-0.13322893004292935,0.9088412553618154,-0.571370949736441,-0.2534573328898278,0.9521929890293526,0.2543466445513084,True,0.15359706987016125,0.31077347948514167,0.03625056086623447,0.0,False,True,True
256,1773751423.816691,1773751423816694492,-0.35146648427152044,-0.13322893004292935,0.906398945044734,-0.571370949736441,-0.2534573328898278,0.9521929890293526,0.2547742868638704,True,0.15307749757253888,0.31077347948514167,0.0024423103170814198,0.0,False,True,False
257,1773751423.8666208,1773751423866623911,-0.35146648427152044,-0.13322893004292935,0.8948737645532556,-0.5839319971841812,-0.23700540993773028,0.9768943361572973,0.26746429040033776,True,0.151134972262359,0.2970696864027728,0.011525180491478326,0.03222735222976526,False,True,False
258,1773751423.9165936,1773751423916597040,-0.35146648427152044,-0.13322893004292935,0.886578694331298,-0.5839319971841812,-0.23700540993773028,0.9768943361572973,0.270123467383981,True,0.1502693248550775,0.2970696864027728,0.008295070221957634,0.0,False,True,True
259,1773751423.9667325,1773751423966736248,-0.35146648427152044,-0.13322893004292935,0.8747462127300336,-0.58821098146806,-0.22995545309572757,0.9871754419538598,0.27936411508744186,True,0.1498227442558374,0.29151726165174363,0.011832481601264377,0.013180012684967077,False,True,False
260,1773751424.0166857,1773751424016689877,-0.35146648427152044,-0.13322893004292935,0.8747602125080767,-0.58821098146806,-0.22995545309572757,0.9871754419538598,0.27935848121378715,True,0.14982272124893106,0.29151726165174363,1.3999778043061184e-05,0.0,False,True,False
261,1773751424.0667944,1773751424066800295,-0.35146648427152044,-0.13322893004292935,0.8747602125080767,-0.58821098146806,-0.22995545309572757,0.9871754419538598,0.27935848121378715,True,0.14982272124893106,0.29151726165174363,0.0,0.0,False,True,False
262,1773751424.1166346,1773751424116638134,-0.35146648427152044,-0.13322893004292935,0.9066137650605881,-0.58821098146806,-0.22995545309572757,0.9871754419538598,0.26813086543436526,True,0.15312170616964776,0.29151726165174363,0.03185355255251143,0.0,False,True,True
263,1773751424.1671581,1773751424167162280,-0.35146648427152044,-0.13322893004292935,0.8996216147117969,-0.58821098146806,-0.22995545309572757,0.9871754419538598,0.270313983877007,True,0.15183228466926976,0.29151726165174363,0.006992150348791193,0.0,False,True,True
264,1773751424.2167013,1773751424216706371,-0.35146648427152044,-0.13322893004292935,0.8872349643471521,-0.5975126622513847,-0.20824661324763266,1.0180831847134841,0.28859596543426663,True,0.15032131895916656,0.27524105160862955,0.012386650364644813,0.038898374714635815,False,True,False
265,1773751424.2668116,1773751424266815409,-0.35146648427152044,-0.13322893004292935,0.8755574440934865,-0.5988460733740864,-0.20366292110811496,1.0243980424324433,0.29717188951148066,True,0.14982356944318811,0.2719957434857348,0.01167752025366564,0.007916163645524173,False,True,True
266,1773751424.316688,1773751424316691559,-0.35146648427152044,-0.13322893004292935,0.8747562125714929,-0.5988460733740864,-0.20366292110811496,1.0243980424324433,0.2975739999496908,True,0.14982272768884636,0.2719957434857348,0.0008012315219935173,0.0,False,True,False
267,1773751424.3666382,1773751424366643438,-0.35146648427152044,-0.13322893004292935,0.8747562125714929,-0.5988460733740864,-0.20366292110811496,1.0243980424324433,0.2975739999496908,True,0.14982272768884636,0.2719957434857348,0.0,0.0,False,True,False
268,1773751424.4167306,1773751424416734176,-0.3428850668928982,-0.15349677785729454,0.9072015762449296,-0.5988460733740864,-0.20366292110811496,1.0243980424324433,0.2859505035043053,True,0.17477114203027833,0.2719957434857348,0.03920622403590978,0.0,False,True,True
269,1773751424.4667716,1773751424466776194,-0.3428850668928982,-0.15349677785729454,0.9014162457375984,-0.5988460733740864,-0.20366292110811496,1.0243980424324433,0.2883699032246896,True,0.1737982220616558,0.2719957434857348,0.00578533050733121,0.0,False,True,True
270,1773751424.5166879,1773751424516691693,-0.3428850668928982,-0.15349677785729454,0.8868783952619745,-0.6023020769472487,-0.17753624752729882,1.0593036650020209,0.31241887723452594,True,0.1721890925383158,0.25436669460641814,0.014537850475623837,0.04373727837973042,False,True,False
271,1773751424.5667074,1773751424566711522,-0.3428850668928982,-0.15349677785729454,0.876298595024163,-0.6023020769472487,-0.17753624752729882,1.0593036650020209,0.3183801765894898,True,0.17178376394822006,0.25436669460641814,0.010579800237811576,0.0,False,True,True
272,1773751424.6166835,1773751424616689601,-0.3428850668928982,-0.15349677785729454,0.8747391834228991,-0.6022876649679458,-0.17645896781721743,1.0607109938974417,0.32000388176867395,True,0.1717790483377085,0.25366121331948194,0.001559411601263827,0.001772375213883028,False,True,False
273,1773751424.6667223,1773751424666726829,-0.3428850668928982,-0.15349677785729454,0.8747631830424015,-0.6022876649679458,-0.17645896781721743,1.0607109938974417,0.31998993486924254,True,0.1717790136549268,0.25366121331948194,2.39996195023906e-05,0.0,False,True,False
274,1773751424.716695,1773751424716698718,-0.3428850668928982,-0.15349677785729454,0.8747731828838609,-0.6022876649679458,-0.17645896781721743,1.0607109938974417,0.31998412401299287,True,0.17177900019337797,0.25366121331948194,9.999841459329417e-06,0.0,False,True,False
275,1773751424.766629,1773751424766631767,-0.3428850668928982,-0.15349677785729454,0.8747731828838609,-0.6022876649679458,-0.17645896781721743,1.0607109938974417,0.31998412401299287,True,0.17177900019337797,0.25366121331948194,0.0,0.0,False,True,False
276,1773751424.816659,1773751424816664326,-0.5993761988519488,-0.20281743907983024,0.9702373758110435,-0.5982339033170863,-0.14956382062100876,1.094706052913917,0.1353872383121322,True,0.28702090699983995,0.23664114576102882,0.27808926719365057,0.0435367197175137,False,True,True
277,1773751424.866653,1773751424866655944,-0.5993761988519488,-0.20281743907983024,0.9647845853195665,-0.5982339033170863,-0.14956382062100876,1.094706052913917,0.1404166673152321,True,0.2852579689057441,0.23664114576102882,0.005452790491477066,0.0,False,True,True
278,1773751424.916637,1773751424916641323,-0.5993761988519488,-0.20281743907983024,0.9540960649390673,-0.5982339033170863,-0.14956382062100876,1.094706052913917,0.15036097045554767,True,0.2820762526687723,0.23664114576102882,0.010688520380499167,0.0,False,True,True
279,1773751424.966635,1773751424966638582,-0.5993761988519488,-0.20281743907983024,0.9369535645427146,-0.5982339033170863,-0.14956382062100876,1.094706052913917,0.16650255344994874,True,0.2777571769940968,0.23664114576102882,0.017142500396352678,0.0,False,True,True
280,1773751425.0166352,1773751425016638530,-0.5993761988519488,-0.20281743907983024,0.919824684241487,-0.5982339033170863,-0.14956382062100876,1.094706052913917,0.18281341807096402,True,0.27444496338334934,0.23664114576102882,0.01712888030122761,0.0,False,True,True
281,1773751425.0666254,1773751425066628929,-0.5993761988519488,-0.20281743907983024,0.919824684241487,-0.5982339033170863,-0.14956382062100876,1.094706052913917,0.18281341807096402,True,0.27444496338334934,0.23664114576102882,0.0,0.0,False,True,False
282,1773751425.116596,1773751425116599168,-0.6028322024251112,-0.1766907654990141,1.004093328380621,-0.5919260725416596,-0.13312423194417825,1.1144945222961513,0.11918645113012583,True,0.28515342542047845,0.22650509445856623,0.08829355252873358,0.026488343199347498,False,True,True
283,1773751425.1666906,1773751425166696136,-0.6028322024251112,-0.1766907654990141,0.9880974081586641,-0.5871524827043169,-0.12442789450912656,1.1247096636641492,0.14710598101003314,True,0.2782775485417741,0.22106205251392438,0.01599592022195695,0.014239471826147355,False,True,False
284,1773751425.2166612,1773751425216664565,-0.6028322024251112,-0.1766907654990141,0.957660357794019,-0.5871524827043169,-0.12442789450912656,1.1247096636641492,0.1757348340151166,True,0.26735756994585036,0.22106205251392438,0.030437050364645057,0.0,False,True,True
285,1773751425.266912,1773751425266917943,-0.6028322024251112,-0.1766907654990141,0.9084255373025412,-0.5871524827043169,-0.12442789450912656,1.1247096636641492,0.22306071956001647,True,0.25644598974089666,0.22106205251392438,0.04923482049147787,0.0,False,True,True
286,1773751425.316712,1773751425316715503,-0.6028322024251112,-0.1766907654990141,0.8868359171122919,-0.5871524827043169,-0.12442789450912656,1.1247096636641492,0.24405159412150026,True,0.2545335799771892,0.22106205251392438,0.021589620190249237,0.0,False,True,True
287,1773751425.3666809,1773751425366684092,-0.6028322024251112,-0.1766907654990141,0.8793254570488755,-0.5871524827043169,-0.12442789450912656,1.1247096636641492,0.25137754504099125,True,0.2542950164385777,0.22106205251392438,0.00751046006341638,0.0,False,True,True
288,1773751425.4166358,1773751425416638311,-0.6028322024251112,-0.1766907654990141,0.8793254570488755,-0.5871524827043169,-0.12442789450912656,1.1247096636641492,0.25137754504099125,True,0.2542950164385777,0.22106205251392438,0.0,0.0,False,True,False
289,1773751425.4681277,1773751425468131730,-0.6028177904458083,-0.1756134857889327,0.9749368870540849,-0.5747013100958118,-0.10678211155716222,1.1444327637184806,0.18508686272163621,True,0.2724884156454681,0.21004249840747047,0.09561749989891988,0.029247325195097578,False,True,True
290,1773751425.5167177,1773751425516722078,-0.6028177904458083,-0.1756134857889327,0.931713406752857,-0.5698025038255962,-0.10136268149109867,1.1502972849477533,0.23319970603800358,True,0.2597670423775553,0.20649526709188645,0.04322348030122791,0.0093680912870578,False,True,True
291,1773751425.5671382,1773751425567141433,-0.6028177904458083,-0.1756134857889327,0.8975984165308989,-0.5698025038255962,-0.10136268149109867,1.1502972849477533,0.26544285484572516,True,0.2545057075726963,0.20649526709188645,0.034114990221958075,0.0,False,True,True
292,1773751425.6166823,1773751425616688315,-0.6028177904458083,-0.1756134857889327,0.8124011360235669,-0.5698025038255962,-0.10136268149109867,1.1502972849477533,0.3475298527425895,True,0.2611148923845705,0.20649526709188645,0.085197280507332,0.0,False,True,True
293,1773751425.666589,1773751425666591965,-0.6028177904458083,-0.1756134857889327,0.757062305722339,-0.5511009022752613,-0.08388708480801019,1.1678976704336197,0.42411562816808446,True,0.2795918554843998,0.19491248838718003,0.05533883030122788,0.03106316064454093,False,True,True
294,1773751425.7166018,1773751425716606093,-0.6028177904458083,-0.1756134857889327,0.757062305722339,-0.5511009022752613,-0.08388708480801019,1.1678976704336197,0.42411562816808446,True,0.2795918554843998,0.19491248838718003,0.0,0.0,False,True,False
295,1773751425.7666893,1773751425766692311,-0.6016415866589483,-0.16143735761389236,1.0216701164772972,-0.5511009022752613,-0.08388708480801019,1.1678976704336197,0.17306329225542721,True,0.2838449882609329,0.19491248838718003,0.2649898858030532,0.0,False,True,True
296,1773751425.8166814,1773751425816685030,-0.6016415866589483,-0.16143735761389236,0.9325546460333828,-0.5511009022752613,-0.08388708480801019,1.1678976704336197,0.25289275340366857,True,0.2497364402440213,0.19491248838718003,0.08911547044391444,0.0,False,True,True
297,1773751425.866709,1773751425866712799,-0.6016415866589483,-0.16143735761389236,0.878184005779718,-0.5482452049469779,-0.08173236570673795,1.1699719149467454,0.30715508013203263,True,0.2430346229951295,0.19335689914760323,0.05437064025366478,0.004135252342528112,False,True,True
298,1773751425.9166863,1773751425916691218,-0.6016415866589483,-0.16143735761389236,0.7656943052882401,-0.5482452049469779,-0.08173236570673795,1.1699719149467454,0.41550504808731836,True,0.26646443710155227,0.19335689914760323,0.11248970049147788,0.0,False,True,True
299,1773751425.9666398,1773751425966643107,-0.6016415866589483,-0.16143735761389236,0.7039465450345743,-0.522803266393082,-0.06460773548686588,1.1846111126136007,0.4966184480962608,True,0.29717801926149806,0.1809169241371724,0.061747760253665795,0.03398310324082895,False,True,True
300,1773751426.0167124,1773751426016715075,-0.6016415866589483,-0.16143735761389236,0.7039465450345743,-0.522803266393082,-0.06460773548686588,1.1846111126136007,0.4966184480962608,True,0.29717801926149806,0.1809169241371724,0.0,0.0,False,True,False
301,1773751426.0667696,1773751426066772324,-0.6016415866589483,-0.16143735761389236,0.7039465450345743,-0.522803266393082,-0.06460773548686588,1.1846111126136007,0.4966184480962608,True,0.29717801926149806,0.1809169241371724,0.0,0.0,False,True,False
302,1773751426.1168487,1773751426116853292,-0.5987640287949487,-0.14871833859272404,0.9521969059754354,-0.522803266393082,-0.06460773548686588,1.1846111126136007,0.25857493000434495,True,0.24501667874823957,0.1809169241371724,0.2485926295998924,0.0,False,True,True
303,1773751426.1666842,1773751426166689132,-0.5987640287949487,-0.14871833859272404,0.8819733057217705,-0.5228032663930822,-0.06460773548686588,1.1846111126136005,0.3231629204283818,True,0.23264212257962952,0.18091692413717236,0.07022360025366492,3.1401849173675503e-16,False,True,True
304,1773751426.2166378,1773751426216640941,-0.5987640287949487,-0.14871833859272404,0.7387684952302949,-0.5228032663930822,-0.06460773548686588,1.1846111126136005,0.4600220325752895,True,0.26950433986785977,0.18091692413717236,0.1432048104914756,0.0,False,True,True
305,1773751426.266703,1773751426266706099,-0.5987640287949487,-0.14871833859272404,0.616413744833942,-0.507406535259457,-0.05640108625855546,1.1903887448036534,0.5884861657624997,True,0.34776468717862835,0.1743533816741742,0.12235475039635291,0.018379049346503366,False,True,True
306,1773751426.316726,1773751426316728718,-0.5987640287949487,-0.14871833859272404,0.5759653047071092,-0.4948117070439962,-0.050731540593124895,1.1937033305885891,0.6340408239219111,True,0.3788075091462478,0.16938436914943159,0.040448440126832796,0.014204222074970114,False,True,True
307,1773751426.366695,1773751426366697287,-0.5987640287949487,-0.14871833859272404,0.5759653047071092,-0.4948117070439962,-0.050731540593124895,1.1937033305885891,0.6340408239219111,True,0.3788075091462478,0.16938436914943159,0.0,0.0,False,True,False
308,1773751426.417113,1773751426417116953,-0.5987640287949487,-0.14871833859272404,1.0353657062925172,-0.4948117070439962,-0.050731540593124895,1.1937033305885891,0.21325642088188534,True,0.2824731235168451,0.16938436914943159,0.45940040158540807,0.0,False,True,True
309,1773751426.4668534,1773751426466858034,-0.5987640287949487,-0.14871833859272404,0.8912936158644578,-0.4948117070439962,-0.050731540593124895,1.1937033305885891,0.33445348456722396,True,0.23310774931386727,0.16938436914943159,0.14407209042805946,0.0,False,True,True
310,1773751426.517132,1773751426517136391,-0.5987640287949487,-0.14871833859272404,0.7743009355315228,-0.4948117070439962,-0.050731540593124895,1.1937033305885891,0.44306417905223544,True,0.2534046340647782,0.16938436914943159,0.11699268033293497,0.0,False,True,True
311,1773751426.5666857,1773751426566689013,-0.5987640287949487,-0.14871833859272404,0.599663885055902,-0.47759579627848786,-0.04221259709206658,1.1971680482740115,0.6188993768026764,True,0.36039337301187724,0.1631872861768787,0.17463705047562084,0.019518305523273462,False,True,True
312,1773751426.6166556,1773751426616659322,-0.5987640287949487,-0.14871833859272404,0.47833418473882006,-0.4709906096784516,-0.0380766336481056,1.198355325278519,0.7395931829930973,True,0.45980108444864315,0.16103886028743836,0.1213297003170819,0.007883166262138138,False,True,True
313,1773751426.6666603,1773751426666662281,-0.5987640287949487,-0.14871833859272404,0.47833418473882006,-0.4709906096784516,-0.0380766336481056,1.198355325278519,0.7395931829930973,True,0.45980108444864315,0.16103886028743836,0.0,0.0,False,True,False
314,1773751426.7167015,1773751426716703329,-0.5987640287949487,-0.14871833859272404,0.47833418473882006,-0.4709906096784516,-0.0380766336481056,1.198355325278519,0.7395931829930973,True,0.45980108444864315,0.16103886028743836,0.0,0.0,False,True,False
315,1773751426.766718,1773751426766721358,-0.5924561980195221,-0.13227874991589353,0.9462016954052327,-0.4709906096784516,-0.0380766336481056,1.198355325278519,0.29531234467703266,True,0.22871067056417343,0.16103886028743836,0.46819873594675643,0.0,False,True,True
316,1773751426.8168037,1773751426816806686,-0.5924561980195221,-0.13227874991589353,0.8222713451040056,-0.4709906096784516,-0.0380766336481056,1.198355325278519,0.40628449146414153,True,0.22364941005319106,0.16103886028743836,0.12393035030122712,0.0,False,True,True
317,1773751426.866657,1773751426866659236,-0.5924561980195221,-0.13227874991589353,0.7219300448661949,-0.4709906096784516,-0.0380766336481056,1.198355325278519,0.5006086052759521,True,0.26583649843404594,0.16103886028743836,0.10034130023781063,0.0,False,True,True
318,1773751426.9166927,1773751426916696025,-0.5924561980195221,-0.13227874991589353,0.6055415845966765,-0.4586967951814539,-0.029810450414114127,1.2000227290850451,0.6178989896436016,True,0.34618829726987416,0.1573900096568654,0.11638846026951843,0.014907980936348481,False,True,True
319,1773751426.9666624,1773751426966664824,-0.5924561980195221,-0.13227874991589353,0.5287206644222824,-0.4586967951814539,-0.029810450414114127,1.2000227290850451,0.6921255610587368,True,0.4088371189922167,0.1573900096568654,0.07682092017439413,0.0,False,True,True
320,1773751427.0167506,1773751427016755172,-0.5924561980195221,-0.13227874991589353,0.5287206644222824,-0.4586967951814539,-0.029810450414114127,1.2000227290850451,0.6921255610587368,True,0.4088371189922167,0.1573900096568654,0.0,0.0,False,True,False
321,1773751427.0666332,1773751427066636492,-0.5876826081821793,-0.12358241248084183,1.0634857970427494,-0.4546966818567774,-0.026833832930812714,1.200436044377094,0.21401148214642995,True,0.28092201971357444,0.156318181119554,0.5348571402826227,0.005003197755714983,False,True,True
322,1773751427.1170404,1773751427117049208,-0.5876826081821793,-0.12358241248084183,0.8612021665988353,-0.4546966818567774,-0.026833832930812714,1.200436044377094,0.3769949178411403,True,0.20875927327285493,0.156318181119554,0.20228363044391406,0.0,False,True,True
323,1773751427.1667852,1773751427166791519,-0.5876826081821793,-0.12358241248084183,0.6588684861707754,-0.4546966818567774,-0.026833832930812714,1.200436044377094,0.5659867174652845,True,0.3001710407108053,0.156318181119554,0.20233368042805988,0.0,False,True,True
324,1773751427.2166271,1773751427216632668,-0.5876826081821793,-0.12358241248084183,0.4730126057902784,-0.4546966818567774,-0.026833832930812714,1.200436044377094,0.7457817396873165,True,0.4527510075231055,0.156318181119554,0.18585588038049705,0.0,False,True,True
325,1773751427.2667162,1773751427266719927,-0.5876826081821793,-0.12358241248084183,0.353983255552468,-0.44376266200547915,-0.018492645059622656,1.201056443555227,0.8656152701733649,True,0.5611131093477987,0.15365709065965988,0.11902935023781036,0.013766375715899254,False,True,True
326,1773751427.3166418,1773751427316645546,-0.5876826081821793,-0.12358241248084183,0.353983255552468,-0.44376266200547915,-0.018492645059622656,1.201056443555227,0.8656152701733649,True,0.5611131093477987,0.15365709065965988,0.0,0.0,False,True,False
327,1773751427.3688855,1773751427368889981,-0.5876826081821793,-0.12358241248084183,0.345969485536614,-0.44376266200547915,-0.018492645059622656,1.201056443555227,0.8734589377284288,True,0.5685620014996908,0.15365709065965988,0.008013770015854016,0.0,False,True,True
328,1773751427.4166708,1773751427416675004,-0.5749617155578249,-0.10051719946281394,0.8888942059659691,-0.4420706452318258,-0.01715438987939901,1.2010886108344963,0.3493919590162947,True,0.18522933228126426,0.15328365878139907,0.5435633148162418,0.002157517653131771,False,True,True
329,1773751427.4685626,1773751427468567801,-0.5916264260735437,-0.10051719946281394,0.8743590368383729,-0.4420706452318258,-0.01715438987939901,1.2010886108344963,0.3688746455484639,True,0.19889632378498173,0.15328365878139907,0.02211297623886329,0.0,False,True,True
330,1773751427.5167043,1773751427516707892,-0.6064395020875158,-0.10051719946281394,0.8587705665027321,-0.4420706452318258,-0.01715438987939901,1.2010886108344963,0.3887777290442582,True,0.21243062694626047,0.15328365878139907,0.021504130496276103,0.0,False,True,True
331,1773751427.5666914,1773751427566696311,-0.6369914713663335,-0.10051719946281394,0.8186879614354737,-0.4328402417651635,-0.009787006255107752,1.2009121193262566,0.44272451861456175,True,0.24568269632846335,0.15141710369949685,0.05039879022150852,0.011811428316563897,False,True,True
332,1773751427.6166656,1773751427616671340,-0.6656918061434046,-0.10051719946281394,0.7713030851601713,-0.4328402417651635,-0.009787006255107752,1.2009121193262566,0.49700678187527636,True,0.2849931621393376,0.15141710369949685,0.05539887829136683,0.0,False,True,True
333,1773751427.6666796,1773751427666684269,-0.6656918061434046,-0.10051719946281394,0.7713030851601713,-0.4328402417651635,-0.009787006255107752,1.2009121193262566,0.49700678187527636,True,0.2849931621393376,0.15141710369949685,0.0,0.0,False,True,False
334,1773751427.7168343,1773751427716838417,-0.549716587878204,-0.08304160277972547,1.1135543926604896,-0.4321848800134712,-0.009256188156604162,1.200877298139444,0.1639612136634552,True,0.28395558144374305,0.1512961309131152,0.36178944873609614,0.0008440849449736605,False,True,True
335,1773751427.76662,1773751427766625457,-0.4944846488199155,-0.08304160277972544,1.1010699008858178,-0.4321848800134712,-0.009256188156604162,1.200877298139444,0.13887787855157305,True,0.25209468362745047,0.1512961309131152,0.05662534438756503,0.0,False,True,True
336,1773751427.8166318,1773751427816635496,-0.46591145935331135,-0.08304160277972544,1.091421069414689,-0.4321848800134712,-0.009256188156604162,1.200877298139444,0.13624402949017,True,0.23630932453222558,0.1512961309131152,0.030158367082000676,0.0,False,True,True
337,1773751427.8667278,1773751427866733194,-0.43352851129116,-0.08304160277972544,1.0778174070807434,-0.42876672705958224,-0.006482236678020784,1.2006445386855238,0.1448120001423259,True,0.21957700503106142,0.15068900667192833,0.03512427869852997,0.00440825967759433,False,True,True
338,1773751427.9166358,1773751427916638634,-0.3744772530601781,-0.08304160277972544,1.0457120887070785,-0.42604410089522227,-0.0042582960541767655,1.2003986015237644,0.1810907685710158,True,0.19522049298842617,0.15023536647301639,0.0672146008433918,0.0035240729584921316,False,True,True
339,1773751427.9667366,1773751427966741762,-0.3744772530601781,-0.08304160277972544,1.0457120887070785,-0.42604410089522227,-0.0042582960541767655,1.2003986015237644,0.1810907685710158,True,0.19522049298842617,0.15023536647301639,0.0,0.0,False,True,False
340,1773751428.0167482,1773751428016751441,-0.3744772530601781,-0.08304160277972544,1.0457120887070785,-0.42604410089522227,-0.0042582960541767655,1.2003986015237644,0.1810907685710158,True,0.19522049298842617,0.15023536647301639,0.0,0.0,False,True,False
341,1773751428.0666492,1773751428066654311,-0.5576212211632741,-0.0808868836784532,1.146946820735633,-0.42604410089522227,-0.0042582960541767655,1.2003986015237644,0.16137401243306568,True,0.315337395502201,0.15023536647301639,0.20927213583238083,0.0,False,True,True
342,1773751428.119812,1773751428119820180,-0.571184920295539,-0.0808868836784532,1.1903875530737624,-0.42604410089522227,-0.0042582960541767655,1.2003986015237644,0.16443241465281433,True,0.3589836175280533,0.15023536647301639,0.04550902284408671,0.0,False,True,True
343,1773751428.1666949,1773751428166698268,-0.5764924547385992,-0.0808868836784532,1.205973460510422,-0.42604410089522227,-0.0042582960541767655,1.2003986015237644,0.16893112995595125,True,0.37493517664318604,0.15023536647301639,0.016464824095276265,0.0,False,True,True
344,1773751428.2166207,1773751428216626278,-0.5971328664616111,-0.0808868836784532,1.2590316227640985,-0.42236630738345254,-0.001237115188292792,1.1999791984245802,0.20093437887263138,True,0.43058038403755144,0.14966486604994966,0.056931495482139875,0.004778032848275974,False,True,True
345,1773751428.2666242,1773751428266627197,-0.6053890311508159,-0.0808868836784532,1.2768900576655695,-0.42236630738345254,-0.001237115188292792,1.1999791984245802,0.21390811883831806,True,0.4499198364304929,0.14966486604994966,0.01967455088446363,0.0,False,True,True
346,1773751428.3167293,1773751428316733755,-0.6053890311508159,-0.0808868836784532,1.2768900576655695,-0.42236630738345254,-0.001237115188292792,1.1999791984245802,0.21390811883831806,True,0.4499198364304929,0.14966486604994966,0.0,0.0,False,True,False
347,1773751428.3666558,1773751428366660175,-0.5334171916165537,-0.06376225345858114,1.1083826061573374,-0.42236630738345254,-0.001237115188292792,1.1999791984245802,0.15694466387757128,True,0.26720178193777694,0.14966486604994966,0.18403249674965597,0.0,False,True,True
348,1773751428.417686,1773751428417706997,-0.5411283325984901,-0.06376225345858114,1.0895875121538472,-0.42236630738345254,-0.001237115188292792,1.1999791984245802,0.1737818631117524,True,0.25453043802320274,0.14966486604994966,0.020315443727453614,0.0,False,True,True
349,1773751428.4666939,1773751428466698833,-0.559516438016954,-0.06376225345858114,1.038078021837833,-0.42236630738345254,-0.001237115188292792,1.1999791984245802,0.22120475182210333,True,0.22388633116734086,0.14966486604994966,0.05469323553691177,0.0,False,True,True
350,1773751428.5166206,1773751428516623982,-0.5690070730716451,-0.06376225345858114,1.0078039184489227,-0.42116479880678936,-0.00024598570840422525,1.1998201836220046,0.2505232532515421,True,0.20953702664170437,0.14948911780934354,0.03172685754599337,0.0015656456218242768,False,True,True
351,1773751428.5666516,1773751428566655411,-0.5796840375081725,-0.06376225345858114,0.9707436921363981,-0.4210034757365231,-0.0001127722943350782,1.199797998636278,0.2858262627240276,True,0.1968034068773966,0.14946591949563387,0.03856757632927446,0.0002103880231377071,False,True,True
352,1773751428.6165879,1773751428616589961,-0.5796840375081725,-0.06376225345858114,0.9707436921363981,-0.4210034757365231,-0.0001127722943350782,1.199797998636278,0.2858262627240276,True,0.1968034068773966,0.14946591949563387,0.0,0.0,False,True,False
353,1773751428.6668098,1773751428666813928,-0.5814635315809271,-0.06376225345858114,0.9642579727509774,-0.4210034757365231,-0.0001127722943350782,1.199797998636278,0.2920236116619939,True,0.19520037102266607,0.14946591949563387,0.006725411147386544,0.0,False,True,True
354,1773751428.7167416,1773751428716746978,-0.4508078495646918,-0.055555604230270735,1.1529947659275694,-0.4210034757365231,-0.0001127722943350782,1.199797998636278,0.07843947287145134,True,0.2851612820651849,0.14946591949563387,0.2296950879606872,0.0,False,True,True
355,1773751428.766643,1773751428766646157,-0.41906962113545426,-0.055555604230270735,1.1592145479994915,-0.4210034757365231,-0.0001127722943350782,1.199797998636278,0.06873619041147798,True,0.2895954511533524,0.14946591949563387,0.03234193613327229,0.0,False,True,True
356,1773751428.816658,1773751428816661676,-0.35559316427697923,-0.055555604230270735,1.1650323621433363,-0.4206962366498466,0.0001410264938601942,1.199755193611789,0.09244565826253595,True,0.302247859654596,0.1494219943299243,0.06374250965186547,0.00040080163596556385,False,True,True
357,1773751428.8666492,1773751428866652385,-0.3153914082666117,-0.055555604230270735,1.1641504227677717,-0.4206962366498466,0.0001410264938601942,1.199755193611789,0.12433391034507739,True,0.3124702874344735,0.1494219943299243,0.04021142876570406,0.0,False,True,True
358,1773751428.9166672,1773751428916670814,-0.3153914082666117,-0.055555604230270735,1.1641504227677717,-0.4206962366498466,0.0001410264938601942,1.199755193611789,0.12433391034507739,True,0.3124702874344735,0.1494219943299243,0.0,0.0,False,True,False
359,1773751428.9667156,1773751428966723363,-0.3153914082666117,-0.055555604230270735,1.1641504227677717,-0.4206962366498466,0.0001410264938601942,1.199755193611789,0.12433391034507739,True,0.3124702874344735,0.1494219943299243,0.0,0.0,False,True,False
360,1773751429.016631,1773751429016634392,-0.5040702722488748,-0.04988605856484017,1.1730641563407753,-0.4206994696837505,0.0001409257391176659,1.1997534106288619,0.10082512669645165,True,0.31368616789445636,0.14942022791216872,0.1889743689178515,3.693465562310864e-06,False,True,True
361,1773751429.066755,1773751429066759891,-0.5122852743448905,-0.04988605856484017,1.2020156644421702,-0.4206994696837505,0.0001409257391176659,1.1997534106288619,0.10438283655032929,True,0.34343093882469866,0.14942022791216872,0.030094452657967993,0.0,False,True,True
362,1773751429.116672,1773751429116676250,-0.5292287161679228,-0.04988605856484017,1.2537967649012962,-0.4211589855736618,-0.00017435214231985692,1.1997611220334412,0.13065286497546602,True,0.39737507959922924,0.1494301281080838,0.054482681519622156,0.0005573279657125803,False,True,True
363,1773751429.1665993,1773751429166602690,-0.5441184074669512,-0.04988605856484017,1.2904821783350728,-0.4211589855736618,-0.00017435214231985692,1.1997611220334412,0.16068784410855289,True,0.43648586909738635,0.1494301281080838,0.03959194950728595,0.0,False,True,True
364,1773751429.21668,1773751429216683839,-0.547712470883958,-0.04988605856484017,1.298101218129433,-0.4211589855736618,-0.00017435214231985692,1.1997611220334412,0.167802898961225,True,0.44476310442410893,0.1494301281080838,0.008424194871529822,0.0,False,True,True
365,1773751429.2666206,1773751429266624498,-0.547712470883958,-0.04988605856484017,1.298101218129433,-0.4211589855736618,-0.00017435214231985692,1.1997611220334412,0.167802898961225,True,0.44476310442410893,0.1494301281080838,0.0,0.0,False,True,False
366,1773751429.3166268,1773751429316630027,-0.5047774084766704,-0.04988605856484017,1.1306492416001772,-0.42139247081789233,-0.0003401602880991725,1.199769266035882,0.11910256774058195,True,0.27392089211019677,0.1494401757113518,0.17286869013060777,0.000286485645811285,False,True,True
367,1773751429.3669193,1773751429366924045,-0.527079678915317,-0.04988605856484017,1.1048889914224924,-0.42139247081789233,-0.0003401602880991725,1.199769266035882,0.15042223406860356,True,0.2584644810189144,0.1494401757113518,0.0340731823570303,0.0,False,True,True
368,1773751429.4168487,1773751429416853284,-0.5450930511926855,-0.04988605856484017,1.0792414005097464,-0.42610567588550124,-0.0036982923069465885,1.1998536014066432,0.17560924873018485,True,0.24464601717822382,0.14968035632255328,0.03134135447664378,0.005787785856448389,False,True,True
369,1773751429.4697626,1773751429469766425,-0.5673953216313321,-0.04988605856484017,1.0414933303320615,-0.42610567588550124,-0.0036982923069465885,1.1998536014066432,0.21719587749699856,True,0.2278908055749618,0.14968035632255328,0.043844133802117186,0.0,False,True,True
370,1773751429.5166936,1773751429516697894,-0.5725419994248659,-0.04988605856484017,1.0318404772141343,-0.42610567588550124,-0.0036982923069465885,1.1998536014066432,0.2276078129250987,True,0.2244031978735697,0.14968035632255328,0.010939189441029482,0.0,False,True,True
371,1773751429.566653,1773751429566655723,-0.5725419994248659,-0.04988605856484017,1.0318404772141343,-0.42610567588550124,-0.0036982923069465885,1.1998536014066432,0.2276078129250987,True,0.2244031978735697,0.14968035632255328,0.0,0.0,False,True,False
372,1773751429.6172633,1773751429617273168,-0.47620604580076925,-0.04136711506378185,1.1432248431066343,-0.42610567588550124,-0.0036982923069465885,1.1998536014066432,0.08447368548923026,True,0.27715560831679537,0.14968035632255328,0.14751157691622935,0.0,False,True,True
373,1773751429.6667056,1773751429666709541,-0.4472960744984245,-0.04136711506378186,1.1437465048615043,-0.42610567588550124,-0.0036982923069465885,1.1998536014066432,0.07082357999978531,True,0.27327880512880404,0.14968035632255328,0.02891467744397109,0.0,False,True,True
374,1773751429.7167437,1773751429716746310,-0.4164662272404987,-0.04136711506378186,1.141965458054543,-0.42610567588550124,-0.0036982923069465885,1.1998536014066432,0.0697344700906145,True,0.2701751044789441,0.14968035632255328,0.03088125013136001,0.0,False,True,True
375,1773751429.766782,1773751429766785649,-0.3548065327246471,-0.04136711506378186,1.1308692844406214,-0.4393958837846338,-0.01320039317306533,1.1992010218035407,0.11232964375379113,True,0.26726542973720036,0.15067365825659546,0.0626501635804603,0.01635070050519075,False,True,True
376,1773751429.8168058,1773751429816808688,-0.30856176183775835,-0.04136711506378186,1.1159548342301808,-0.4393958837846338,-0.01320039317306533,1.1992010218035407,0.15760983292034117,True,0.2686805296851987,0.15067365825659546,0.04859032475154433,0.0,False,True,True
377,1773751429.8666327,1773751429866635388,-0.29314683820879545,-0.04136711506378186,1.1097276708267005,-0.4393958837846338,-0.01320039317306533,1.1992010218035407,0.17374587214934759,True,0.27000057583241316,0.15067365825659546,0.016625204796946205,0.0,False,True,True
378,1773751429.9166448,1773751429916647417,-0.29314683820879545,-0.04136711506378186,1.1097276708267005,-0.4393958837846338,-0.01320039317306533,1.1992010218035407,0.17374587214934759,True,0.27000057583241316,0.15067365825659546,0.0,0.0,False,True,False
379,1773751429.9666638,1773751429966666596,-0.4754144718627669,-0.03723115161982088,1.176196618995597,-0.4393958837846338,-0.01320039317306533,1.1992010218035407,0.049030792235274706,True,0.30850716416334717,0.15067365825659546,0.19405338838089786,0.0,False,True,True
380,1773751430.016984,1773751430016988993,-0.48174179401075284,-0.03723115161982088,1.222829228269861,-0.4393958837846338,-0.01320039317306533,1.1992010218035407,0.05411973397218343,True,0.3552235604359334,0.15067365825659546,0.04705991131834568,0.0,False,True,True
381,1773751430.066646,1773751430066648834,-0.48612224780551233,-0.03723115161982088,1.2512285823828122,-0.4544289739861898,-0.02464076572145301,1.1965670308113328,0.06442721973403698,True,0.3838055328944724,0.15218223935490355,0.028735199485662593,0.01907390451902952,False,True,True
382,1773751430.1166966,1773751430116699863,-0.49244956995349826,-0.03723115161982088,1.2866385516570744,-0.4613021176142461,-0.031168204395027405,1.1941837090361203,0.0977487649044325,True,0.41962109949963233,0.15280079796075724,0.03597083442969577,0.009773831472527425,False,True,True
383,1773751430.1666582,1773751430166661103,-0.4936663626742648,-0.03723115161982088,1.292687886132894,-0.4613021176142461,-0.031168204395027405,1.1941837090361203,0.10386181489300174,True,0.42576582751959485,0.15280079796075724,0.00617049691075613,0.0,False,True,True
384,1773751430.2166605,1773751430216664782,-0.4936663626742648,-0.03723115161982088,1.292687886132894,-0.4613021176142461,-0.031168204395027405,1.1941837090361203,0.10386181489300174,True,0.42576582751959485,0.15280079796075724,0.0,0.0,False,True,False
385,1773751430.2667346,1773751430266740611,-0.46002071201472305,-0.028964968385829393,1.1450589230502897,-0.4613021176142461,-0.031168204395027405,1.1941837090361203,0.04919086142136945,True,0.2745409946992568,0.15280079796075724,0.1516399364758731,0.0,False,True,True
386,1773751430.3167586,1773751430316763740,-0.4807213648829597,-0.0289649683858294,1.122188968571338,-0.4613021176142461,-0.031168204395027405,1.1941837090361203,0.07460029536125862,True,0.2561810348648802,0.15280079796075724,0.03084723402576892,0.0,False,True,True
387,1773751430.3666801,1773751430366683229,-0.49642884335408366,-0.0289649683858294,1.1006891868692203,-0.4801632224164278,-0.05311798250233389,1.182593232587033,0.0869264701937512,True,0.24003375772725843,0.15457959916662273,0.026626405937706564,0.03117488055527589,False,True,False
388,1773751430.4166386,1773751430416642429,-0.517923287577727,-0.0289649683858294,1.06552958296106,-0.4801632224164278,-0.05311798250233389,1.182593232587033,0.1253518594822198,True,0.21617048752705892,0.15457959916662273,0.041209330005012645,0.0,False,True,True
389,1773751430.4666243,1773751430466626908,-0.5303239284759828,-0.0289649683858294,1.042228621090968,-0.48342779357147486,-0.05848883236370021,1.178929264375893,0.14750583679189774,True,0.20242515081890639,0.1547179617644957,0.026395278342138777,0.007275171208428554,False,True,True
390,1773751430.5166562,1773751430516658807,-0.5303239284759828,-0.0289649683858294,1.042228621090968,-0.48342779357147486,-0.05848883236370021,1.178929264375893,0.14750583679189774,True,0.20242515081890639,0.1547179617644957,0.0,0.0,False,True,False
391,1773751430.5666049,1773751430566607117,-0.5303239284759828,-0.0289649683858294,1.042228621090968,-0.48342779357147486,-0.05848883236370021,1.178929264375893,0.14750583679189774,True,0.20242515081890639,0.1547179617644957,0.0,0.0,False,True,False
392,1773751430.6167367,1773751430616740815,-0.42777098880226067,-0.025988350902527938,1.1455039639902964,-0.48342779357147486,-0.05848883236370021,1.178929264375893,0.07260311231754321,True,0.27186115346073875,0.1547179617644957,0.14557390610386828,0.0,False,True,True
393,1773751430.6666605,1773751430666664455,-0.39247065068920167,-0.025988350902527876,1.141675539128687,-0.48342779357147486,-0.05848883236370021,1.178929264375893,0.10352450522126914,True,0.2693499727514544,0.1547179617644957,0.0355073331555226,0.0,False,True,True
394,1773751430.7166653,1773751430716670484,-0.3316756239389334,-0.025988350902527768,1.1276314457559158,-0.49672131379485673,-0.08601533383811713,1.1557196013921462,0.17785461171252284,True,0.26888571233291875,0.15596477279131318,0.062396088308714924,0.038381172717488025,False,True,True
395,1773751430.7665715,1773751430766573724,-0.27676398687417497,-0.02598835090252767,1.1068433981934107,-0.4979040807377278,-0.0901861204217271,1.1513836548385044,0.23453811883621822,True,0.27375824454575914,0.15602600068422315,0.05871482612247715,0.006131462377215447,False,True,True
396,1773751430.8169446,1773751430816947941,-0.27676398687417497,-0.02598835090252767,1.1068433981934107,-0.4979040807377278,-0.0901861204217271,1.1513836548385044,0.23453811883621822,True,0.27375824454575914,0.15602600068422315,0.0,0.0,False,True,False
397,1773751430.8665988,1773751430866601922,-0.27676398687417497,-0.02598835090252767,1.1068433981934107,-0.4979040807377278,-0.0901861204217271,1.1513836548385044,0.23453811883621822,True,0.27375824454575914,0.15602600068422315,0.0,0.0,False,True,False
398,1773751430.916647,1773751430916650641,-0.46350387341172766,-0.025988350902527987,1.1764085275765064,-0.4979040807377278,-0.0901861204217271,1.1513836548385044,0.07701280497985515,True,0.3056393738145918,0.15602600068422315,0.1992764222133288,0.0,False,True,True
399,1773751430.966746,1773751430966751140,-0.4717809394888155,-0.025988350902527987,1.2043256173814634,-0.4979040807377278,-0.0901861204217271,1.1513836548385044,0.08721595907774511,True,0.334383610895756,0.15602600068422315,0.029118271343308,0.0,False,True,True
400,1773751431.0167408,1773751431016745329,-0.4811616143761817,-0.025988350902527987,1.2332966658270812,-0.4979040807377278,-0.0901861204217271,1.1513836548385044,0.10541065012759585,True,0.36440780486880603,0.15602600068422315,0.03045190814022658,0.0,False,True,True
401,1773751431.0666337,1773751431066637359,-0.4977157465303574,-0.025988350902527987,1.2775059954369956,-0.5032355513813076,-0.12205489157534159,1.1123976960337298,0.19110206439039942,True,0.4107635191323513,0.159937259356969,0.04720703460222818,0.05063544349556326,False,True,False
402,1773751431.1166308,1773751431116633979,-0.5070964214177243,-0.025988350902527987,1.2986388538826141,-0.5032355513813076,-0.12205489157534159,1.1123976960337298,0.20959354816208559,True,0.43327998379410043,0.159937259356969,0.023121305487039993,0.0,False,True,True
403,1773751431.1666563,1773751431166659158,-0.5070964214177243,-0.025988350902527987,1.2986388538826141,-0.5032355513813076,-0.12205489157534159,1.1123976960337298,0.20959354816208559,True,0.43327998379410043,0.159937259356969,0.0,0.0,False,True,False
404,1773751431.2167532,1773751431216758476,-0.44311647751932265,-0.016308907851114288,1.1457748973180537,-0.5032355513813076,-0.12205489157534159,1.1123976960337298,0.1261370432561411,True,0.2722493469465262,0.159937259356969,0.16599552420351577,0.0,False,True,True
405,1773751431.2667165,1773751431266720206,-0.4521775839761361,-0.016308907851114284,1.1260639469015943,-0.5032355513813076,-0.12205489157534169,1.1123976960337298,0.11821969176975351,True,0.2536429974365087,0.15993725935696906,0.021693898140763654,9.71445146547012e-17,False,True,True
406,1773751431.3202145,1773751431320218924,-0.46795115876793253,-0.016308907851114284,1.085504905421241,-0.5032355513813076,-0.12205489157534169,1.1123976960337298,0.11467529648022079,True,0.21651293314782355,0.15993725935696906,0.04351828934502621,0.0,False,True,True
407,1773751431.366692,1773751431366695495,-0.4707678685521819,-0.016308907851114284,1.0774528944426065,-0.5021444513876776,-0.13946430966977486,1.0855304382992172,0.1273459448208067,True,0.20935797839377107,0.16529762238044993,0.00853045923785671,0.032033230804207107,False,True,False
408,1773751431.4167113,1773751431416714984,-0.48597810138712844,-0.016308907851114284,1.0297341151579809,-0.49945795394619863,-0.1526348190685122,1.0621721114804008,0.1407788481970266,True,0.16900270357752567,0.17211981509851124,0.0500842597959489,0.026949786976893556,False,True,True
409,1773751431.4666963,1773751431466700183,-0.48935815312822767,-0.016308907851114284,1.0181587519836197,-0.49945795394619863,-0.1526348190685122,1.0621721114804008,0.1436103612557584,True,0.15990974325428653,0.17211981509851124,0.01205876371734947,0.0,False,True,True
410,1773751431.516607,1773751431516609863,-0.48935815312822767,-0.016308907851114284,1.0181587519836197,-0.49945795394619863,-0.1526348190685122,1.0621721114804008,0.1436103612557584,True,0.15990974325428653,0.17211981509851124,0.0,0.0,False,True,False
411,1773751431.567338,1773751431567344048,-0.41032651630158207,-0.016308907851114218,1.1686217832514045,-0.49945795394619863,-0.1526348190685122,1.0621721114804008,0.19457826154533417,True,0.2942339959893893,0.17211981509851124,0.16995623965535717,0.0,False,True,True
412,1773751431.6166008,1773751431616604402,-0.3610658122049989,-0.016308907851114118,1.194892225443569,-0.49945795394619863,-0.1526348190685122,1.0621721114804008,0.23526956372503133,True,0.3256848491481126,0.17211981509851124,0.05582788820171314,0.0,False,True,True
413,1773751431.6665869,1773751431666589841,-0.33388749270343576,-0.016308907851114062,1.205854662515108,-0.49273297020580487,-0.17181562586312973,1.0227727075514221,0.28798129679399204,True,0.3422667537771007,0.18821791393177326,0.029305905163917075,0.044333303345902686,False,True,False
414,1773751431.716745,1773751431716748649,-0.29821594835763415,-0.01630890785111399,1.2164316761715035,-0.48840065402324956,-0.1802681078056399,1.0027494786993674,0.3297164282157714,True,0.3628681798570099,0.19820906241076602,0.03720661626514921,0.02216174876122932,False,True,True
415,1773751431.7667003,1773751431766703189,-0.2795308537003095,-0.01630890785111395,1.220245456658187,-0.48840065402324956,-0.1802681078056399,1.0027494786993674,0.34324002267354614,True,0.37308495278551274,0.19820906241076602,0.01907033518199905,0.0,False,True,True
416,1773751431.8165975,1773751431816600349,-0.2795308537003095,-0.01630890785111395,1.220245456658187,-0.48840065402324956,-0.1802681078056399,1.0027494786993674,0.34324002267354614,True,0.37308495278551274,0.19820906241076602,0.0,0.0,False,True,False
417,1773751431.8667638,1773751431866768127,-0.43371975821522557,-0.008941524226823027,1.148419576182651,-0.48840065402324956,-0.1802681078056399,1.0027494786993674,0.23143590021417734,True,0.27391013156614014,0.19820906241076602,0.17025702253670294,0.0,False,True,True
418,1773751431.9166164,1773751431916619307,-0.43897897653280044,-0.00894152422682299,1.1781471594230566,-0.48840065402324956,-0.1802681078056399,1.0027494786993674,0.25011926525161654,True,0.30387283459902725,0.19820906241076602,0.030189213017684943,0.0,False,True,True
419,1773751431.968559,1773751431968563025,-0.4468310295384847,-0.008941524226822942,1.2154964948063411,-0.4756221534368635,-0.19946177336614712,0.9499878685929042,0.32805750218702295,True,0.34166958842786443,0.22973034756808489,0.038165790833901855,0.05758015609488488,False,True,False
420,1773751432.0166829,1773751432016688126,-0.451598347434793,-0.008941524226822912,1.2344205520033358,-0.4756221534368635,-0.19946177336614712,0.9499878685929042,0.34318662558292407,True,0.36091820535334745,0.22973034756808489,0.0195153083685497,0.0,False,True,True
421,1773751432.0666788,1773751432066682735,-0.46057212229843214,-0.008941524226822857,1.2623512667270886,-0.47196017547970537,-0.20379342775103082,0.936183695581841,0.3801081905577107,True,0.38957347843571705,0.238925231915139,0.0293368958869705,0.014924091422534211,False,True,True
422,1773751432.1166754,1773751432116678705,-0.46057212229843214,-0.008941524226822857,1.2623512667270886,-0.47196017547970537,-0.20379342775103082,0.936183695581841,0.3801081905577107,True,0.38957347843571705,0.238925231915139,0.0,0.0,False,True,False
423,1773751432.1666043,1773751432166607175,-0.46057212229843214,-0.008941524226822857,1.2623512667270886,-0.47196017547970537,-0.20379342775103082,0.936183695581841,0.3801081905577107,True,0.38957347843571705,0.238925231915139,0.0,0.0,False,True,False
424,1773751432.2183206,1773751432218326093,-0.4303994972998219,-0.005636754649736053,1.1456984952755567,-0.47196017547970537,-0.20379342775103082,0.936183695581841,0.29135855634603053,True,0.2709573909143152,0.238925231915139,0.12053703948823262,0.0,False,True,True
425,1773751432.266665,1773751432266668693,-0.44418255682953695,-0.00563675464973601,1.1324602852202885,-0.47196017547970537,-0.20379342775103082,0.936183695581841,0.2802894269011001,True,0.2586554893534847,0.238925231915139,0.019110806771747528,0.0,False,True,True
426,1773751432.3166373,1773751432316640573,-0.4568629715968748,-0.00563675464973597,1.1148660119694402,-0.4535988396725659,-0.22102443605636451,0.8708391567968641,0.3255020950844404,True,0.2427480790646577,0.2863632372232941,0.021687585617058316,0.07002824465072914,False,True,False
427,1773751432.3666244,1773751432366627382,-0.4734026430325328,-0.005636754649735918,1.0841180099031171,-0.4535988396725659,-0.22102443605636451,0.8708391567968641,0.3037629225425023,True,0.2159032113606517,0.2863632372232941,0.03491418568820033,0.0,False,True,True
428,1773751432.4167168,1773751432416721241,-0.48332644589392765,-0.0056367546497358865,1.0614312886633237,-0.45191000262479286,-0.22230540508254587,0.8650672358245949,0.2940937575592332,True,0.19697423817770182,0.29080080611021253,0.02476225320611843,0.006148831102745287,False,True,True
429,1773751432.4666739,1773751432466681151,-0.48332644589392765,-0.0056367546497358865,1.0614312886633237,-0.45191000262479286,-0.22230540508254587,0.8650672358245949,0.2940937575592332,True,0.19697423817770182,0.29080080611021253,0.0,0.0,False,True,False
430,1773751432.516653,1773751432516655930,-0.42508017223440003,-0.0034128140258920343,1.1463449804824382,-0.45191000262479286,-0.22230540508254587,0.8650672358245949,0.3574226851475374,True,0.2714145619195098,0.29080080611021253,0.10299470552154857,0.0,False,True,True
431,1773751432.5666242,1773751432566627120,-0.3861595621486451,-0.003412814025891944,1.1435194340589434,-0.45191000262479286,-0.22230540508254587,0.8650672358245949,0.3602398000552464,True,0.2706655063110938,0.29080080611021253,0.0390230393746911,0.0,False,True,True
432,1773751432.616659,1773751432616663599,-0.33975754026132554,-0.0034128140258918365,1.131568887146443,-0.4300194740562946,-0.2352263027555098,0.7928689638135327,0.4202408218094995,True,0.26884640061767706,0.3485803844880328,0.04791621027104663,0.07654237596956846,False,True,False
433,1773751432.6666188,1773751432666622149,-0.3217954672726857,-0.003412814025891795,1.1244118889867658,-0.4300194740562946,-0.2352263027555098,0.7928689638135327,0.4187727790027898,True,0.2680715452149993,0.3485803844880328,0.019335425744132165,0.0,False,True,True
434,1773751432.7166507,1773751432716653938,-0.28587132129540604,-0.0034128140258917116,1.1058599726674117,-0.4300194740562946,-0.2352263027555098,0.7928689638135327,0.4153065796790874,True,0.26701824083240283,0.3485803844880328,0.040431644331108005,0.0,False,True,True
435,1773751432.7666838,1773751432766687537,-0.28587132129540604,-0.0034128140258917116,1.1058599726674117,-0.4300194740562946,-0.2352263027555098,0.7928689638135327,0.4153065796790874,True,0.26701824083240283,0.3485803844880328,0.0,0.0,False,True,False
436,1773751432.8166196,1773751432816621907,-0.28587132129540604,-0.0034128140258917116,1.1058599726674117,-0.4300194740562946,-0.2352263027555098,0.7928689638135327,0.4153065796790874,True,0.26701824083240283,0.3485803844880328,0.0,0.0,False,True,False
437,1773751432.8676522,1773751432867655280,-0.4136271378985024,-0.00039163316000800474,1.178286247960738,-0.4300194740562946,-0.2352263027555098,0.7928689638135327,0.4516220916298784,True,0.3033540209794924,0.3485803844880328,0.14688853448316885,0.0,False,True,True
438,1773751432.9175754,1773751432917581140,-0.40806556092081486,-0.00039163316000796896,1.1958780716457604,-0.4069009754499656,-0.24237380252154284,0.7222603758344703,0.5318556649447566,True,0.32110074478744416,0.4078321788758723,0.01845002436431065,0.07463996534774961,False,True,False
439,1773751432.966592,1773751432966594805,-0.40018666020242416,-0.0003916331600079183,1.218381656866209,-0.4069009754499656,-0.24237380252154284,0.7222603758344703,0.5520296892475361,True,0.34395359725408153,0.4078321788758723,0.02384299528801373,0.0,False,True,True
440,1773751433.0166185,1773751433016622134,-0.385355788261924,-0.00039163316000782286,1.2530503066929364,-0.4069009754499656,-0.24237380252154284,0.7222603758344703,0.5837443927616072,True,0.37963514304106116,0.4078321788758723,0.03770769209755172,0.0,False,True,True
441,1773751433.0666857,1773751433066688934,-0.38257499977308024,-0.000391633160007805,1.2584323385354472,-0.4069009754499656,-0.24237380252154284,0.7222603758344703,0.5887507936030021,True,0.38525521550059694,0.4078321788758723,0.006057974197162511,0.0,False,True,True
442,1773751433.1166446,1773751433116647463,-0.38257499977308024,-0.000391633160007805,1.2584323385354472,-0.4069009754499656,-0.24237380252154284,0.7222603758344703,0.5887507936030021,True,0.38525521550059694,0.4078321788758723,0.0,0.0,False,True,False
443,1773751433.1666431,1773751433166646313,-0.43548918487213234,-0.0003916331600080393,1.1419708386207597,-0.4069009754499656,-0.24237380252154284,0.7222603758344703,0.48531384544350403,True,0.2674206469812774,0.4078321788758723,0.12791869271953776,0.0,False,True,True
444,1773751433.218111,1773751433218113673,-0.4660715826126887,-0.0003916331600079785,1.124600085139235,-0.3904214937825515,-0.24397174232120422,0.6758573280455996,0.5161630242113294,True,0.2538173206385024,0.44766504650936545,0.035171382231545686,0.04926834249014473,False,True,False
445,1773751433.268769,1773751433268772539,-0.48046329919647995,-0.0003916331600079499,1.1125016129126342,-0.38405077123321074,-0.24390824420268706,0.6591669205435724,0.5235533007319613,True,0.245078052607654,0.4621346570805564,0.018801450381446757,0.017865045211122754,False,True,False
446,1773751433.3165889,1773751433316592052,-0.5038498386451407,-0.00039163316000790337,1.0874853355444083,-0.38405077123321074,-0.24390824420268706,0.6591669205435724,0.5070589916718842,True,0.2284320682755463,0.4621346570805564,0.0342453553164188,0.0,False,True,True
447,1773751433.3666234,1773751433366626801,-0.5317337895262362,-0.0003916331600078479,1.0489911006053707,-0.38405077123321074,-0.24390824420268706,0.6591669205435724,0.48277686886045296,True,0.20677933966350853,0.4621346570805564,0.04753231364325925,0.0,False,True,True
448,1773751433.416642,1773751433416645381,-0.5317337895262362,-0.0003916331600078479,1.0489911006053707,-0.38405077123321074,-0.24390824420268706,0.6591669205435724,0.48277686886045296,True,0.20677933966350853,0.4621346570805564,0.0,0.0,False,True,False
449,1773751433.4666276,1773751433466632640,-0.5317337895262362,-0.0003916331600078479,1.0489911006053707,-0.38405077123321074,-0.24390824420268706,0.6591669205435724,0.48277686886045296,True,0.20677933966350853,0.4621346570805564,0.0,0.0,False,True,False
450,1773751433.5169382,1773751433516942098,-0.40123455080145154,0.0007327097339497176,1.1147634822108257,-0.3643187487729688,-0.24125436806446618,0.6132864310008384,0.5580320377461199,True,0.24049840071240228,0.5020828004085073,0.146141443939579,0.05001414889418232,False,True,True
451,1773751433.5666955,1773751433566699309,-0.3886684719743972,0.0007327097339497599,1.093477635179455,-0.3643187487729688,-0.24125436806446618,0.6132864310008384,0.5382696790753801,True,0.22071458633562752,0.5020828004085073,0.02471828515351848,0.0,False,True,True
452,1773751433.6167102,1773751433616714058,-0.3693360430096982,0.000732709733949825,1.057492878208116,-0.36053004749449524,-0.2404269880470823,0.6058985788606454,0.5120282771429577,True,0.1893970243993881,0.508563954203876,0.04084905805476377,0.008343810539317618,False,True,True
453,1773751433.6667428,1773751433666747087,-0.35483672128617394,0.0007327097339498738,1.0279291854796122,-0.36053004749449524,-0.2404269880470823,0.6058985788606454,0.48610723788103205,True,0.166235677719767,0.508563954203876,0.032927834094997145,0.0,False,True,True
454,1773751433.718025,1773751433718027089,-0.32583807783912544,0.0007327097339499713,0.962180050022604,-0.36053004749449524,-0.2404269880470823,0.6058985788606454,0.43162254260608013,True,0.12832562231890177,0.508563954203876,0.0718600733030037,0.0,False,True,True
455,1773751433.7667043,1773751433766708847,-0.32583807783912544,0.0007327097339499713,0.962180050022604,-0.36053004749449524,-0.2404269880470823,0.6058985788606454,0.43162254260608013,True,0.12832562231890177,0.508563954203876,0.0,0.0,False,True,False
456,1773751433.8166342,1773751433816637517,-0.32583807783912544,0.0007327097339499713,0.962180050022604,-0.36053004749449524,-0.2404269880470823,0.6058985788606454,0.43162254260608013,True,0.12832562231890177,0.508563954203876,0.0,0.0,False,True,False
457,1773751433.8667364,1773751433866739725,-0.4579601165115519,-0.05764335033541537,1.1574789002812036,-0.3363699501074836,-0.23279336071339976,0.5678195605407799,0.6270245861564676,True,0.29078923410113566,0.5420171878228998,0.24291076222454866,0.04573832318990371,False,True,True
458,1773751433.9167411,1773751433916746975,-0.4350208789782118,-0.05764335033541527,1.1839787583790182,-0.3363699501074836,-0.23279336071339976,0.5678195605407799,0.6481216621770383,True,0.3146690473843835,0.5420171878228998,0.035049266722933174,0.0,False,True,True
459,1773751433.966614,1773751433966616655,-0.40902307644042635,-0.05764335033541515,1.211343610889875,-0.33593215383909014,-0.23264782090472702,0.5673413696160667,0.6713477001164508,True,0.34142445460436593,0.5424482161080634,0.037745475089533916,0.0006644651751640091,False,True,True
460,1773751434.0166922,1773751434016695874,-0.36467388387596883,-0.05764335033541495,1.251481559878984,-0.33593215383909014,-0.23264782090472702,0.5673413696160667,0.7067534589216656,True,0.3848669000505635,0.5424482161080634,0.059815598552314476,0.0,False,True,True
461,1773751434.0666742,1773751434066677694,-0.3600860363693008,-0.05764335033541493,1.2551628814985467,-0.33593215383909014,-0.23264782090472702,0.5673413696160667,0.7101467503050541,True,0.389148673928786,0.5424482161080634,0.005882216725954636,0.0,False,True,True
462,1773751434.1166074,1773751434116610094,-0.3600860363693008,-0.05764335033541493,1.2551628814985467,-0.33593215383909014,-0.23264782090472702,0.5673413696160667,0.7101467503050541,True,0.389148673928786,0.5424482161080634,0.0,0.0,False,True,False
463,1773751434.16663,1773751434166633243,-0.5063868214712698,-0.05764335033541549,1.126730525244142,-0.33593215383909014,-0.23264782090472702,0.5673413696160667,0.6104077210120566,True,0.27231229166764837,0.5424482161080634,0.19467611526458722,0.0,False,True,True
464,1773751434.2166133,1773751434216616483,-0.5437683255078231,-0.05764335033541549,1.1268465210338,-0.3210670856214939,-0.22664972886576268,0.5513857047585324,0.6397766401636187,True,0.2864756754390765,0.5566740886126111,0.03738168400511228,0.022617042297073967,False,True,True
465,1773751434.2667491,1773751434266754762,-0.5512446263151337,-0.05764335033541549,1.1263988401917315,-0.3210670856214939,-0.22664972886576268,0.5513857047585324,0.6420163254500884,True,0.28939518367871586,0.5566740886126111,0.007489692376710073,0.0,False,True,True
466,1773751434.3167365,1773751434316741082,-0.6073168823699636,-0.05764335033541549,1.1180381338762186,-0.3210670856214939,-0.22664972886576268,0.5513857047585324,0.6569604840075677,True,0.3122149626788712,0.5566740886126111,0.056692145039437924,0.0,False,True,True
467,1773751434.3666303,1773751434366633372,-0.6129241079754466,-0.05764335033541549,1.116716468244667,-0.3210670856214939,-0.22664972886576268,0.5513857047585324,0.6582875888432612,True,0.3145943339094907,0.5566740886126111,0.005760883528800827,0.0,False,True,True
468,1773751434.4166186,1773751434416621482,-0.6129241079754466,-0.05764335033541549,1.116716468244667,-0.3210670856214939,-0.22664972886576268,0.5513857047585324,0.6582875888432612,True,0.3145943339094907,0.5566740886126111,0.0,0.0,False,True,False
469,1773751434.4667113,1773751434466715151,-0.49648759026361816,-0.08934063839344236,1.0973858456466548,-0.3210670856214939,-0.22664972886576268,0.5513857047585324,0.589696781087605,True,0.25157070573760204,0.5566740886126111,0.12221233038084683,0.0,False,True,True
470,1773751434.5166864,1773751434516689420,-0.4594077448111958,-0.08934063839344238,1.0966390149359275,-0.3210670856214939,-0.22664972886576268,0.5513857047585324,0.579044986655427,True,0.24219584351340348,0.5566740886126111,0.03708736570432057,0.0,False,True,True
471,1773751434.5667243,1773751434566728970,-0.4028193757748238,-0.08934063839344238,1.08880947415523,-0.30549806811815317,-0.21923984231488558,0.5378520970716314,0.5743685850273044,True,0.23236105407130697,0.5688563288669899,0.0571274471601281,0.021919380961586164,False,True,True
472,1773751434.6167052,1773751434616708589,-0.37354952972152794,-0.08934063839344238,1.081522411682456,-0.29420765490666534,-0.21350024869078046,0.5302786599029017,0.5705965438068505,True,0.2297632232068938,0.5758906315885667,0.03016330829776057,0.014757144574906884,False,True,True
473,1773751434.6666934,1773751434666696449,-0.330620422176694,-0.08934063839344238,1.066842050055721,-0.29420765490666534,-0.21350024869078046,0.5302786599029017,0.5519436294602327,True,0.22972603318473842,0.5758906315885667,0.04536982799270493,0.0,False,True,True
474,1773751434.7167296,1773751434716733269,-0.3111071914744968,-0.08934063839344238,1.0585995584072052,-0.29420765490666534,-0.21350024869078046,0.5302786599029017,0.5429771403676116,True,0.2314052751865537,0.5758906315885667,0.02118265424853611,0.0,False,True,True
475,1773751434.7666209,1773751434766623219,-0.3111071914744968,-0.08934063839344238,1.0585995584072052,-0.29420765490666534,-0.21350024869078046,0.5302786599029017,0.5429771403676116,True,0.2314052751865537,0.5758906315885667,0.0,0.0,False,True,False
476,1773751434.8166935,1773751434816697328,-0.4999495971250132,-0.12120940954705686,1.0790461792987271,-0.29420765490666534,-0.21350024869078046,0.5302786599029017,0.5932900944070096,True,0.25043708960403877,0.5758906315885667,0.19260097884641517,0.0,False,True,True
477,1773751434.86662,1773751434866623538,-0.48964618184278963,-0.12120940954705686,1.1303070019491925,-0.26902419390262655,-0.19907572483571995,0.5182228999475267,0.6552741201531529,True,0.29107433593015614,0.5876754478831123,0.05228606224683996,0.031426341573412196,False,True,True
478,1773751434.9166095,1773751434916611628,-0.48659331805546413,-0.12120940954705686,1.1441219938456269,-0.26902419390262655,-0.19907572483571995,0.5182228999475267,0.6671949959222785,True,0.3025778355054822,0.5876754478831123,0.014148285352031501,0.0,False,True,True
479,1773751434.9666402,1773751434966642937,-0.47705311872007194,-0.12120940954705686,1.1832472185219844,-0.2597477054587062,-0.19361369558797586,0.5158361015093431,0.7056214441057257,True,0.3361004013936202,0.5904691936325923,0.04027156080082418,0.011026504801518726,False,True,True
480,1773751435.0166545,1773751435016658127,-0.47094739114542095,-0.12120940954705686,1.2050696823148537,-0.2597477054587062,-0.19361369558797586,0.5158361015093431,0.7244933517854036,True,0.355293865071246,0.5904691936325923,0.02266053475112496,0.0,False,True,True
481,1773751435.066632,1773751435066635686,-0.47094739114542095,-0.12120940954705686,1.2050696823148537,-0.2597477054587062,-0.19361369558797586,0.5158361015093431,0.7244933517854036,True,0.355293865071246,0.5904691936325923,0.0,0.0,False,True,False
482,1773751435.116696,1773751435116700106,-0.5049170743085573,-0.12120940954705697,1.057769099861905,-0.2597477054587062,-0.19361369558797586,0.5158361015093431,0.5992009468973888,True,0.23517521873172167,0.5904691936325923,0.15116679848823225,0.0,False,True,True
483,1773751435.1669827,1773751435166988174,-0.5283385842198847,-0.12120940954705696,1.0469772981583974,-0.22706211071817684,-0.17215888239416305,0.5134940338539323,0.6147908226071457,True,0.2366545112480992,0.5957128074985932,0.025788177728064406,0.03916812982037878,False,True,False
484,1773751435.216735,1773751435216738485,-0.5458906609061094,-0.12120940954705696,1.0362796401085486,-0.22706211071817684,-0.17215888239416305,0.5134940338539323,0.6144528324496061,True,0.23780556418110932,0.5957128074985932,0.020555176568217745,0.0,False,True,True
485,1773751435.2666626,1773751435266665925,-0.5634427375923341,-0.12120940954705696,1.0233747320586999,-0.22706211071817684,-0.17215888239416305,0.5134940338539323,0.6129650082357314,True,0.23933819346503496,0.5957128074985932,0.021785592665203357,0.0,False,True,True
486,1773751435.3196063,1773751435319612096,-0.6043975831935251,-0.12120940954705696,0.9846795299423866,-0.22212187019388852,-0.16894925125278323,0.5142744951403628,0.6080252544118225,True,0.24642222801756286,0.5957133367111581,0.05634374894378017,0.005942796338522158,False,True,True
487,1773751435.366663,1773751435366666744,-0.6043975831935251,-0.12120940954705696,0.9846795299423866,-0.22212187019388852,-0.16894925125278323,0.5142744951403628,0.6080252544118225,True,0.24642222801756286,0.5957133367111581,0.0,0.0,False,True,False
488,1773751435.4166439,1773751435416646664,-0.6043975831935251,-0.12120940954705696,0.9846795299423866,-0.22212187019388852,-0.16894925125278323,0.5142744951403628,0.6080252544118225,True,0.24642222801756286,0.5957133367111581,0.0,0.0,False,True,False
489,1773751435.4671493,1773751435467152811,-0.4737091527678618,-0.13861882764149014,1.0263069212783322,-0.22212187019388852,-0.16894925125278323,0.5142744951403628,0.5713084112509914,True,0.21211744401883198,0.5957133367111581,0.1382584297428051,0.0,False,True,True
490,1773751435.5166066,1773751435516609094,-0.42120932159082003,-0.13861882764149014,1.0107135117755304,-0.18229178001520052,-0.13963261380977643,0.5283085036277415,0.5383281632248131,True,0.19399730521501543,0.590210172236696,0.05476665676796383,0.051408702656563346,False,True,True
491,1773751435.5666785,1773751435566682093,-0.3940542364992467,-0.13861882764149014,0.9994106551361497,-0.18229178001520052,-0.13963261380977643,0.5283085036277415,0.5165090540294562,True,0.1880598721500372,0.590210172236696,0.029413486949713734,0.0,False,True,True
492,1773751435.616678,1773751435616682823,-0.3596577953832538,-0.13861882764149014,0.9819250733929343,-0.18229178001520052,-0.13963261380977643,0.5283085036277415,0.48706028737259577,True,0.18517412001916317,0.590210172236696,0.03858575812841614,0.0,False,True,True
493,1773751435.6667175,1773751435666720552,-0.3325027102916805,-0.13861882764149014,0.965619116753554,-0.18229178001520063,-0.13963261380977626,0.5283085036277413,0.46239044506714755,True,0.1873042527894678,0.5902101722366961,0.03167464077548375,2.9893669801409083e-16,False,True,True
494,1773751435.7166226,1773751435716627162,-0.3325027102916805,-0.13861882764149014,0.965619116753554,-0.18229178001520063,-0.13963261380977626,0.5283085036277413,0.46239044506714755,True,0.1873042527894678,0.5902101722366961,0.0,0.0,False,True,False
495,1773751435.76669,1773751435766693902,-0.5041838139043929,-0.15178933704022748,1.0408089853022449,-0.18229178001520063,-0.13963261380977626,0.5283085036277413,0.6053255414383412,True,0.24004109383389416,0.5902101722366961,0.18788661471182702,0.0,False,True,True
496,1773751435.8166628,1773751435816667712,-0.5117885826499944,-0.15178933704022748,1.0938375342018893,-0.14355202245862164,-0.10629136899085188,0.5606902629655557,0.6495492607839264,True,0.28170066305775837,0.5721285220216716,0.053571069674555334,0.060506080350904407,False,True,False
497,1773751435.866593,1773751435866597412,-0.5165087839403677,-0.15178933704022748,1.1226021759327036,-0.14355202245862164,-0.10629136899085188,0.5606902629655557,0.6759525197571007,True,0.3060409598575001,0.5721285220216716,0.029149355295164662,0.0,False,True,True
498,1773751435.916592,1773751435916594561,-0.5209667518257203,-0.15178933704022748,1.1468503070118061,-0.14355202245862164,-0.10629136899085188,0.5606902629655557,0.6986383472700054,True,0.32731817602069957,0.5721285220216716,0.024654519636289243,0.0,False,True,True
499,1773751435.96665,1773751435966655561,-0.5285715205713217,-0.15178933704022748,1.1816714959114494,-0.14355202245862164,-0.10629136899085188,0.5606902629655557,0.7320708781904794,True,0.358992388904696,0.5721285220216716,0.035641937434133894,0.0,False,True,True
500,1773751436.0166137,1773751436016617511,-0.5285715205713217,-0.15178933704022748,1.1816714959114494,-0.14355202245862164,-0.10629136899085188,0.5606902629655557,0.7320708781904794,True,0.358992388904696,0.5721285220216716,0.0,0.0,False,True,False
501,1773751436.0669084,1773751436066912529,-0.5285715205713217,-0.15178933704022748,1.1816714959114494,-0.14355202245862164,-0.10629136899085188,0.5606902629655557,0.7320708781904794,True,0.358992388904696,0.5721285220216716,0.0,0.0,False,True,False
502,1773751436.1166346,1773751436116638090,-0.5143310813152034,-0.15178933704022748,1.0026746907878832,-0.12150482522655026,-0.08215963426585168,0.5915773042954074,0.5728541037314998,True,0.21963453400100544,0.5533391069003022,0.17956237455171706,0.04497142257856212,False,True,True
503,1773751436.16677,1773751436166774859,-0.5337965838817538,-0.15178933704022748,0.9923445616698493,-0.11225574442602404,-0.07024209428324162,0.6092748431188129,0.5754033727752023,True,0.223068477805257,0.5422727942699,0.02203672747400641,0.0232545938536392,False,True,False
504,1773751436.216713,1773751436216716469,-0.5614580875289569,-0.15178933704022748,0.9715728945021173,-0.11225574442602404,-0.07024209428324162,0.6092748431188129,0.5828315158659244,True,0.22885984322630173,0.5422727942699,0.03459220925224736,0.0,False,True,True
505,1773751436.2675953,1773751436267597824,-0.5952665919866496,-0.15178933704022748,0.936473401297111,-0.11225574442602404,-0.07024209428324162,0.6092748431188129,0.5890741278790452,True,0.23986961150998132,0.5422727942699,0.04873386293855749,0.0,False,True,True
506,1773751436.3166816,1773751436316686289,-0.5952665919866496,-0.15178933704022748,0.936473401297111,-0.11225574442602404,-0.07024209428324162,0.6092748431188129,0.5890741278790452,True,0.23986961150998132,0.5422727942699,0.0,0.0,False,True,False
507,1773751436.3665905,1773751436366593439,-0.5952665919866496,-0.15178933704022748,0.936473401297111,-0.11225574442602404,-0.07024209428324162,0.6092748431188129,0.5890741278790452,True,0.23986961150998132,0.5422727942699,0.0,0.0,False,True,False
508,1773751436.4167066,1773751436416711658,-0.477315357268304,-0.17097014383484502,0.9693567494893983,-0.11225574442602404,-0.07024209428324162,0.6092748431188129,0.5225644842414193,True,0.2035169389074061,0.5422727942699,0.12394237253340724,0.0,False,True,True
509,1773751436.466625,1773751436466627749,-0.43904078507143196,-0.17097014383484502,0.9671204259938512,-0.09557267651337076,-0.03920965991444622,0.6581135583862826,0.4804335655926126,True,0.19514000074644033,0.510429995185052,0.038339848977666895,0.06022090041512811,False,True,False
510,1773751436.5166433,1773751436516646368,-0.4167139512899233,-0.17097014383484502,0.9632064439547816,-0.09269118135585874,-0.03076864116911475,0.6725846358697768,0.4572835576751802,True,0.19241118964820048,0.5006904516456934,0.022667306017903326,0.01699899689202557,False,True,True
511,1773751436.5666847,1773751436566688358,-0.3816289267761239,-0.17097014383484502,0.9531711407505284,-0.09269118135585874,-0.03076864116911475,0.6725846358697768,0.42646250573698835,True,0.19186960690091615,0.5006904516456934,0.036492002624344905,0.0,False,True,True
512,1773751436.6166239,1773751436616626938,-0.34175958073771556,-0.17097014383484502,0.9360040121093323,-0.09269118135585874,-0.03076864116911475,0.6725846358697768,0.38869177595982835,True,0.19767122349669125,0.5006904516456934,0.04340823722882244,0.0,False,True,True
513,1773751436.66676,1773751436666763357,-0.34175958073771556,-0.17097014383484502,0.9360040121093323,-0.09269118135585874,-0.03076864116911475,0.6725846358697768,0.38869177595982835,True,0.19767122349669125,0.5006904516456934,0.0,0.0,False,True,False
514,1773751436.7167206,1773751436716724297,-0.4890787514775893,-0.17942262577735518,0.9503905304815514,-0.09269118135585874,-0.03076864116911475,0.6725846358697768,0.5063568188224241,True,0.20651433585442472,0.5006904516456934,0.14826110221277436,0.0,False,True,True
515,1773751436.7666175,1773751436766621047,-0.49084583330402004,-0.17942262577735518,0.9918892017924098,-0.08952263258679216,0.006321629722525786,0.7357793057064413,0.5110318177553047,True,0.22555449453848453,0.4562362647151333,0.04153627690041516,0.07334367179165678,False,True,False
516,1773751436.8168905,1773751436816896896,-0.4915087365434882,-0.17942262577735518,1.0053296736111519,-0.08952263258679216,0.006321629722525786,0.7357793057064413,0.5184121498026966,True,0.23300633257876294,0.4562362647151333,0.013456809555585512,0.0,False,True,True
517,1773751436.866597,1773751436866599377,-0.4936447580928856,-0.17942262577735518,1.0432325505826534,-0.08952263258679216,0.006321629722525786,0.7357793057064413,0.5406876349239733,True,0.2567458132939876,0.4562362647151333,0.0379630171453254,0.0,False,True,True
518,1773751436.916655,1773751436916658706,-0.49430766133235376,-0.17942262577735518,1.0533180024013955,-0.08994333146398614,0.009634895634241601,0.7415812878141567,0.5444566437227449,True,0.26365056652552116,0.45201013636278825,0.010107214210308677,0.006694603418071828,False,True,True
519,1773751436.9666636,1773751436966666876,-0.4955598118957936,-0.17942262577735518,1.0702002902812413,-0.08994333146398614,0.009634895634241601,0.7415812878141567,0.5552098021312709,True,0.27569029822712393,0.45201013636278825,0.01692865987287568,0.0,False,True,True
520,1773751437.0166323,1773751437016639026,-0.4955598118957936,-0.17942262577735518,1.0702002902812413,-0.08994333146398614,0.009634895634241601,0.7415812878141567,0.5552098021312709,True,0.27569029822712393,0.45201013636278825,0.0,0.0,False,True,False
521,1773751437.0667658,1773751437066769765,-0.475443594135248,-0.2029479457227461,0.8786490040449678,-0.08994333146398614,0.009634895634241601,0.7415812878141567,0.46107426277309416,True,0.21041668234872657,0.45201013636278825,0.19403607436323142,0.0,False,True,True
522,1773751437.116645,1773751437116648806,-0.4984910372402969,-0.2029479457227461,0.8920992961033593,-0.10504401085524173,0.051701481821754665,0.810773196429864,0.47566882177423353,True,0.21826845190472097,0.3990677153685987,0.026685108021825478,0.08237201229442773,False,True,False
523,1773751437.1666603,1773751437166664246,-0.5159753044234374,-0.2029479457227461,0.8967995559407602,-0.10504401085524173,0.051701481821754665,0.810773196429864,0.49103094964886945,True,0.22555348217255486,0.3990677153685987,0.018105028071520035,0.0,False,True,True
524,1773751437.2166152,1773751437216618606,-0.5277998843765306,-0.2029479457227461,0.9042358081298828,-0.10504401085524173,0.051701481821754665,0.810773196429864,0.5022988346903449,True,0.23165372796644873,0.3990677153685987,0.013968483728999476,0.0,False,True,True
525,1773751437.266646,1773751437266648946,-0.5475877465385042,-0.2029479457227461,0.9119828600877348,-0.10504401085524173,0.051701481821754665,0.810773196429864,0.5205138662504376,True,0.24255777869460657,0.3990677153685987,0.021250324773492854,0.0,False,True,True
526,1773751437.3166847,1773751437316690705,-0.5475877465385042,-0.2029479457227461,0.9119828600877348,-0.10504401085524173,0.051701481821754665,0.810773196429864,0.5205138662504376,True,0.24255777869460657,0.3990677153685987,0.0,0.0,False,True,False
527,1773751437.366708,1773751437366712045,-0.4540518254857983,-0.2201789540280798,0.8162770252209567,-0.10504401085524173,0.051701481821754665,0.810773196429864,0.44244289823937116,True,0.23040533669577015,0.3990677153685987,0.1349276954592477,0.0,False,True,True
528,1773751437.416752,1773751437416756714,-0.45214304733358507,-0.2201789540280798,0.8011853874312237,-0.12208517228972082,0.07719248144669187,0.8481963529495604,0.4467415386929714,True,0.23443647293266984,0.36822939649955433,0.01521186922146202,0.04838062513870839,False,True,False
529,1773751437.4668465,1773751437466852624,-0.4513628653341109,-0.2201789540280798,0.7929911052754717,-0.13605407925891588,0.09417893226053,0.8705614717575608,0.45194875041781146,True,0.23703958757673965,0.3490733879626427,0.008231339137733268,0.031366676783824925,False,True,False
530,1773751437.5166957,1773751437516699144,-0.4494478731535834,-0.2201789540280798,0.7678453372568081,-0.13605407925891588,0.09417893226053,0.8705614717575608,0.45561733396602966,True,0.24663322595628132,0.3490733879626427,0.025218581330041605,0.0,False,True,True
531,1773751437.566651,1773751437566654955,-0.4483130629725301,-0.2201789540280798,0.7495695013938968,-0.13605407925891588,0.09417893226053,0.8705614717575608,0.4593099285604258,True,0.25497660238641195,0.3490733879626427,0.018311034122492912,0.0,False,True,True
532,1773751437.6166432,1773751437616645675,-0.44583066570147595,-0.2201789540280798,0.700835685443779,-0.16498352097496494,0.12464283292153167,0.9035881472990547,0.48875939299877613,True,0.28192020898005354,0.31964865837428386,0.0487969990191127,0.05343896648335151,False,True,False
533,1773751437.666795,1773751437666800384,-0.44583066570147595,-0.2201789540280798,0.700835685443779,-0.16498352097496494,0.12464283292153167,0.9035881472990547,0.48875939299877613,True,0.28192020898005354,0.31964865837428386,0.0,0.0,False,True,False
534,1773751437.7165952,1773751437716598375,-0.44583066570147595,-0.2201789540280798,0.700835685443779,-0.16498352097496494,0.12464283292153167,0.9035881472990547,0.48875939299877613,True,0.28192020898005354,0.31964865837428386,0.0,0.0,False,True,False
535,1773751437.7667508,1773751437766755714,-0.34004993715563864,-0.23194787868511504,0.5147797474440404,-0.16498352097496494,0.12464283292153167,0.9035881472990547,0.5558571376498607,True,0.4358325929474231,0.31964865837428386,0.21434757331081142,0.0,False,True,True
536,1773751437.8167512,1773751437816754734,-0.387297860710028,-0.23194787868511504,0.5267516000761343,-0.17699727074796234,0.1363741123045409,0.9136641635788694,0.5740982137067099,True,0.41969726927842266,0.3105016110047196,0.04874106621367645,0.019582625044704906,False,True,True
537,1773751437.8674033,1773751437867405539,-0.43769564583470993,-0.23194787868511504,0.5297900562170355,-0.17699727074796234,0.1363741123045409,0.9136641635788694,0.5924390788277724,True,0.4162721039435372,0.3105016110047196,0.05048929551096742,0.0,False,True,True
538,1773751437.916784,1773751437916789923,-0.4439953689752952,-0.23194787868511504,0.5294635432346482,-0.17699727074796234,0.1363741123045409,0.9136641635788694,0.5954487300989743,True,0.416858061773996,0.3105016110047196,0.006308179006313364,0.0,False,True,True
539,1773751437.9665782,1773751437966580794,-0.4613196076119046,-0.23194787868511504,0.5277563075330828,-0.21308458118189644,0.17112788504514254,0.9343944692790798,0.624055521761967,True,0.4196247287245873,0.2926821794692169,0.01740815607923166,0.05422051519936609,False,True,False
540,1773751438.0166578,1773751438016660404,-0.4613196076119046,-0.23194787868511504,0.5277563075330828,-0.21308458118189644,0.17112788504514254,0.9343944692790798,0.624055521761967,True,0.4196247287245873,0.2926821794692169,0.0,0.0,False,True,False
541,1773751438.066751,1773751438066755323,-0.33918958141363875,-0.2318023388764423,0.5205984431385712,-0.21308458118189644,0.17112788504514254,0.9343944692790798,0.5911703541980287,True,0.43111797222352033,0.2926821794692169,0.12233968899631562,0.0,False,True,True
542,1773751438.116689,1773751438116692523,-0.35391701273574394,-0.2318023388764423,0.5563687458300396,-0.21308458118189644,0.17112788504514254,0.9343944692790798,0.5701666306581242,True,0.3995307209627407,0.2926821794692169,0.038683482107827336,0.0,False,True,True
543,1773751438.1665962,1773751438166599234,-0.3702808253158608,-0.2318023388764423,0.5877259765983376,-0.21977250519446423,0.17774805081907508,0.9366337085485328,0.5586777976080168,True,0.3724652418582979,0.2911056246098764,0.03537018919391704,0.009673112993141825,False,True,True
544,1773751438.21661,1773751438216612924,-0.38173549412194263,-0.2318023388764423,0.6044227831361467,-0.21977250519446423,0.17774805081907508,0.9366337085485328,0.5516589802091747,True,0.3583409233458393,0.2911056246098764,0.02024827859394595,0.0,False,True,True
545,1773751438.2666569,1773751438266659293,-0.3888264795733266,-0.2318023388764423,0.6125908914690764,-0.2545855725087618,0.2158049557079279,0.9402102460107747,0.5707077647666757,True,0.3515143704206077,0.2936509946931362,0.0108166569886548,0.05170173387583654,False,True,False
546,1773751438.3165781,1773751438316579884,-0.3888264795733266,-0.2318023388764423,0.6125908914690764,-0.2545855725087618,0.2158049557079279,0.9402102460107747,0.5707077647666757,True,0.3515143704206077,0.2936509946931362,0.0,0.0,False,True,False
547,1773751438.36826,1773751438368262994,-0.32110351023708045,-0.22580424683747796,0.4977759196358233,-0.2545855725087618,0.2158049557079279,0.9402102460107747,0.6286425510314068,True,0.45062806023636864,0.2936509946931362,0.13343483593461167,0.0,False,True,True
548,1773751438.416732,1773751438416737083,-0.3095529802147441,-0.22580424683747796,0.5071198681441664,-0.2545855725087618,0.2158049557079279,0.9402102460107747,0.6209729294287687,True,0.4455574850293746,0.2936509946931362,0.01485678691788576,0.0,False,True,True
549,1773751438.4667459,1773751438466750793,-0.29349400570192774,-0.22580424683747796,0.5115114681324044,-0.255829778442324,0.21738398939836953,0.9399516762467168,0.6175721971413056,True,0.44622283815436314,0.29421680129188854,0.016648627957281562,0.0020268828588613902,False,True,True
550,1773751438.5166385,1773751438516640613,-0.2859663613990451,-0.22580424683747796,0.5101120056268909,-0.255829778442324,0.21738398939836953,0.9399516762467168,0.618131190613052,True,0.4495502252369208,0.29421680129188854,0.007656626153539182,0.0,False,True,True
551,1773751438.5667083,1773751438566711873,-0.27191475870033077,-0.22580424683747796,0.5015940556165994,-0.27913295331034693,0.2550673519592315,0.9270668572651315,0.6421189156265238,True,0.4608127261042702,0.3167139278224889,0.01643176834002777,0.04614208852025721,False,True,False
552,1773751438.6166773,1773751438616679823,-0.26990738688622873,-0.22580424683747796,0.4997493656151293,-0.27913295331034693,0.2550673519592315,0.9270668572651315,0.6433683581551078,True,0.4629556777429482,0.3167139278224889,0.00272624701771047,0.0,False,True,False
553,1773751438.6666183,1773751438666620583,-0.26990738688622873,-0.22580424683747796,0.4997493656151293,-0.27913295331034693,0.2550673519592315,0.9270668572651315,0.6433683581551078,True,0.4629556777429482,0.3167139278224889,0.0,0.0,False,True,False
554,1773751438.7167408,1773751438716745213,-0.3141366051764596,-0.21839436028660086,0.4762323593882416,-0.27913295331034693,0.2550673519592315,0.9270668572651315,0.6547083267246773,True,0.4668172338300677,0.3167139278224889,0.05063773050934683,0.0,False,True,True
555,1773751438.7665744,1773751438766576194,-0.3297742560816015,-0.21839436028660086,0.45640018230954277,-0.27913295331034693,0.2550673519592315,0.9270668572651315,0.6695204652756143,True,0.48068920289249367,0.3167139278224889,0.02525571961976045,0.0,False,True,True
556,1773751438.81659,1773751438816592733,-0.33904101217353744,-0.21839436028660086,0.4412731410777213,-0.27913295331034693,0.2550673519592315,0.9270668572651315,0.6809922930303139,True,0.4923098070216861,0.3167139278224889,0.017739789877466373,0.0,False,True,True
557,1773751438.866621,1773751438866623563,-0.35352031856718735,-0.21839436028660086,0.41260951415299985,-0.2856321319812617,0.2778195958214679,0.9128625960830808,0.7078772789791251,True,0.5156743903574988,0.33818462554986534,0.03211314095694796,0.02759827820518987,False,True,True
558,1773751438.9165883,1773751438916591474,-0.36915796947232926,-0.21839436028660086,0.3747661770743011,-0.286680414893395,0.2836813185013767,0.9072624652314084,0.7365017522999023,True,0.5481918585520987,0.3449003176444282,0.04094696920509625,0.008174359632159624,False,True,True
559,1773751438.9665911,1773751438966594173,-0.36915796947232926,-0.21839436028660086,0.3747661770743011,-0.286680414893395,0.2836813185013767,0.9072624652314084,0.7365017522999023,True,0.5481918585520987,0.3449003176444282,0.0,0.0,False,True,False
560,1773751439.0166795,1773751439016684093,-0.2962163167227199,-0.21265476666249572,0.4768365228300783,-0.286680414893395,0.2836813185013767,0.9072624652314084,0.6570440888947792,True,0.4680578478207299,0.3449003176444282,0.12558576003480001,0.0,False,True,True
561,1773751439.0667057,1773751439066710193,-0.3343638731512567,-0.21265476666249575,0.4921826362758999,-0.286680414893395,0.2836813185013767,0.9072624652314084,0.6487792274980467,True,0.4462110396011409,0.3449003176444282,0.04111859991974951,0.0,False,True,True
562,1773751439.116689,1773751439116691873,-0.3593136352636416,-0.21265476666249575,0.4986229244475758,-0.286680414893395,0.2836813185013767,0.9072624652314084,0.6470018303136191,True,0.4365365470478561,0.3449003176444282,0.02576757538455691,0.0,False,True,True
563,1773751439.1666074,1773751439166610493,-0.4048102602921081,-0.21265476666249575,0.5030683393488677,-0.2860281404585756,0.2982390669866137,0.898360487091506,0.6567934099241703,True,0.4287021256266244,0.3608902135714506,0.045713286937448666,0.01707626181870729,False,True,True
564,1773751439.2209525,1773751439220958117,-0.4459039861242714,-0.21265476666249575,0.4989804928080992,-0.2860281404585756,0.2982390669866137,0.898360487091506,0.6678900920973595,True,0.43276241257454284,0.3608902135714506,0.04129654697562351,0.0,False,True,True
565,1773751439.2666414,1773751439266644633,-0.4547097845168778,-0.21265476666249575,0.4971039056922202,-0.2854574890796584,0.30544434873227183,0.8938908136470337,0.674175706480106,True,0.4350078672139232,0.3689576048198618,0.009003536223879649,0.008498217973833991,False,True,False
566,1773751439.3166168,1773751439316619544,-0.4547097845168778,-0.21265476666249575,0.4971039056922202,-0.2854574890796584,0.30544434873227183,0.8938908136470337,0.674175706480106,True,0.4350078672139232,0.3689576048198618,0.0,0.0,False,True,False
567,1773751439.3667424,1773751439366745653,-0.2971346990370404,-0.21265476666249575,0.4931551898049007,-0.2854574890796584,0.30544434873227183,0.8938908136470337,0.6550970087104452,True,0.4540076585678814,0.3689576048198618,0.15762455367466344,0.0,False,True,True
568,1773751439.4166644,1773751439416667673,-0.30112956345789466,-0.21265476666249575,0.5183966339841422,-0.2854574890796584,0.30544434873227183,0.8938908136470337,0.640053268290121,True,0.43187704617125416,0.3689576048198618,0.02555561476456338,0.0,False,True,True
569,1773751439.4666862,1773751439466690443,-0.3063228872050052,-0.21265476666249575,0.5453441314171554,-0.2808517856539674,0.33483372869411526,0.8758435947421969,0.6400174410281407,True,0.40843255278744867,0.40274833496798634,0.02744336403294173,0.03479439996301311,False,True,False
570,1773751439.516683,1773751439516687183,-0.3101180084048168,-0.21265476666249575,0.5608427583874336,-0.2808517856539674,0.33483372869411526,0.8758435947421969,0.6323177138481482,True,0.39495634541529523,0.40274833496798634,0.01595651537413769,0.0,False,True,True
571,1773751439.5667765,1773751439566781613,-0.3143126160467138,-0.21265476666249575,0.5738526197756362,-0.2805065513279734,0.33987264615120744,0.8730730895378103,0.6292553388308026,True,0.3835117636803455,0.40826620699506855,0.013669353554931022,0.0057606922298249885,False,True,True
572,1773751439.6169128,1773751439616916092,-0.3143126160467138,-0.21265476666249575,0.5738526197756362,-0.2805065513279734,0.33987264615120744,0.8730730895378103,0.6292553388308026,True,0.3835117636803455,0.40826620699506855,0.0,0.0,False,True,False
573,1773751439.666774,1773751439666780183,-0.3143126160467138,-0.21265476666249575,0.5738526197756362,-0.2805065513279734,0.33987264615120744,0.8730730895378103,0.6292553388308026,True,0.3835117636803455,0.40826620699506855,0.0,0.0,False,True,False
574,1773751439.7166412,1773751439716644454,-0.26199534505307226,-0.19823024280743523,0.4653308642077429,-0.2805065513279734,0.33987264615120744,0.8730730895378103,0.6753895958485774,True,0.48175619573197664,0.40826620699506855,0.121334806070661,0.0,False,True,True
575,1773751439.7683048,1773751439768310504,-0.24865597859292515,-0.19823024280743523,0.46063802750026456,-0.2805065513279734,0.33987264615120744,0.8730730895378103,0.6787281182381515,True,0.4902543960798366,0.40826620699506855,0.014140771334023954,0.0,False,True,True
576,1773751439.8166788,1773751439816682224,-0.24109700426550887,-0.19823024280743523,0.45405965836602635,-0.2782689191289417,0.3854071332438372,0.8521165503925237,0.7074345392108186,True,0.49848951896595883,0.45633964482233863,0.010020630386798846,0.05017542272462624,False,True,False
577,1773751439.8695939,1773751439869598166,-0.22998086554872021,-0.19823024280743523,0.43923533610979415,-0.2782689191289417,0.3854071332438372,0.8521165503925237,0.716543941395196,True,0.515065863951945,0.45633964482233863,0.018529141111436036,0.0,False,True,True
578,1773751439.9166179,1773751439916621654,-0.2268683467080194,-0.19823024280743523,0.43398580587804925,-0.2782689191289417,0.3854071332438372,0.8521165503925237,0.7197971416152203,True,0.5206611944135461,0.45633964482233863,0.006102896131159476,0.0,False,True,True
579,1773751439.9665968,1773751439966599504,-0.2268683467080194,-0.19823024280743523,0.43398580587804925,-0.2782689191289417,0.3854071332438372,0.8521165503925237,0.7197971416152203,True,0.5206611944135461,0.45633964482233863,0.0,0.0,False,True,False
580,1773751440.0167897,1773751440016795283,-0.22342599637807317,-0.16810376922449852,0.45961005770244534,-0.2782689191289419,0.3854071332438371,0.8521165503925237,0.6807667824821034,True,0.48933479837350596,0.45633964482233846,0.039699577679082824,2.482534153247273e-16,False,True,True
581,1773751440.0669088,1773751440066913233,-0.24453860740996247,-0.16810376922449852,0.44211693539039687,-0.2782689191289419,0.3854071332438371,0.8521165503925237,0.6896460957490175,True,0.496420013429012,0.45633964482233846,0.027418090247282756,0.0,False,True,True
582,1773751440.1165984,1773751440116601545,-0.2679885485580462,-0.16810376922449852,0.41429041059280325,-0.2836597419042238,0.41714888566309494,0.8414016228319617,0.7247001062331048,True,0.5134385621598399,0.4864297692043522,0.0363897680970858,0.033932425340197095,False,True,False
583,1773751440.1666803,1773751440166683624,-0.2828401779518326,-0.16810376922449852,0.3921003898876609,-0.2946405191107161,0.44741533920722215,0.8324146149436937,0.7568881275873873,True,0.529398880625211,0.513588573683824,0.026701459034012096,0.03342756331205166,False,True,False
584,1773751440.2166529,1773751440216655665,-0.29456514852587445,-0.16810376922449852,0.3720804024888643,-0.2946405191107161,0.44741533920722215,0.8324146149436937,0.7686165270677657,True,0.544903959601725,0.513588573683824,0.023200750643246892,0.0,False,True,True
585,1773751440.2666137,1773751440266616605,-0.29456514852587445,-0.16810376922449852,0.3720804024888643,-0.2946405191107161,0.44741533920722215,0.8324146149436937,0.7686165270677657,True,0.544903959601725,0.513588573683824,0.0,0.0,False,True,False
586,1773751440.318236,1773751440318240935,-0.18434749099781378,-0.1387871317814917,0.4747961483604027,-0.2946405191107161,0.44741533920722215,0.8324146149436937,0.6954774307516901,True,0.484723258987841,0.513588573683824,0.15348590069411597,0.0,False,True,True
587,1773751440.3666937,1773751440366697815,-0.2207153771356296,-0.1387871317814917,0.48753094484990983,-0.2946405191107161,0.44741533920722215,0.8324146149436937,0.6841366891979034,True,0.4572833411802332,0.513588573683824,0.03853307908488887,0.0,False,True,True
588,1773751440.4166386,1773751440416643775,-0.26618754310670956,-0.1387871317814917,0.4954868522431665,-0.32046631047864105,0.49367197493115184,0.819292772223944,0.7126015577205602,True,0.4323770748233535,0.5544678533191241,0.04616291087606497,0.05457866437205809,False,True,False
589,1773751440.4667592,1773751440466764135,-0.2949865815550602,-0.1387871317814917,0.4959590385922294,-0.34061416818322277,0.5184978917839931,0.8119700566398951,0.7307314434130452,True,0.4225657811200013,0.5765598394228256,0.0288029091499074,0.03280067805995988,False,True,False
590,1773751440.5166428,1773751440516645836,-0.3162069256748975,-0.1387871317814917,0.494040855375749,-0.34061416818322277,0.5184978917839931,0.8119700566398951,0.7305465712100756,True,0.4185263481703205,0.5765598394228256,0.02130686348143013,0.0,False,True,True
591,1773751440.56661,1773751440566613416,-0.34349022525754547,-0.1387871317814917,0.48874933981170304,-0.34061416818322277,0.5184978917839931,0.8119700566398951,0.7324639961764025,True,0.4174981964431472,0.5765598394228256,0.027791699715581614,0.0,False,True,True
592,1773751440.6166072,1773751440616609976,-0.34349022525754547,-0.1387871317814917,0.48874933981170304,-0.34061416818322277,0.5184978917839931,0.8119700566398951,0.7324639961764025,True,0.4174981964431472,0.5765598394228256,0.0,0.0,False,True,False
593,1773751440.6668055,1773751440666809975,-0.34500596412324813,-0.1387871317814917,0.4883621717248116,-0.34061416818322277,0.5184978917839931,0.8119700566398951,0.7326424457088687,True,0.41758153830550243,0.5765598394228256,0.0015644051382262755,0.0,False,True,False
594,1773751440.716675,1773751440716678626,-0.15282901583477682,-0.10544588696256674,0.5477931963943447,-0.34061416818322277,0.5184978917839931,0.8119700566398951,0.703106333329648,True,0.43538843314155645,0.5765598394228256,0.20390111513382148,0.0,False,True,True
595,1773751440.7667139,1773751440766717946,-0.1574940120471996,-0.10544588696256652,0.5661856710793235,-0.40603984801613546,0.5790899921035237,0.792189629646741,0.7625235678944128,True,0.41880086570442393,0.6345918791700416,0.018974860070617293,0.09134105043605731,False,True,False
596,1773751440.8166294,1773751440816633587,-0.16682400447204515,-0.10544588696256607,0.5954365404492812,-0.40603984801613546,0.5790899921035237,0.792189629646741,0.7513490318354304,True,0.39162779237496415,0.6345918791700416,0.030702803089392414,0.0,False,True,True
597,1773751440.866738,1773751440866742976,-0.1711974384211915,-0.10544588696256586,0.6056898604664479,-0.42847667593579064,0.5938868393450163,0.7864329436224781,0.7667639338477239,True,0.3815090991982476,0.6503558836751154,0.011147084635992394,0.027486312400288038,False,True,False
598,1773751440.9168856,1773751440916888576,-0.18052743084603706,-0.10544588696256542,0.6201864898364043,-0.42847667593579064,0.5938868393450163,0.7864329436224781,0.7603834385504584,True,0.3652335962051846,0.6503558836751154,0.017239519185219727,0.0,False,True,True
599,1773751440.9666092,1773751440966612467,-0.18635867611156554,-0.10544588696256514,0.6241456831926276,-0.5479479152616552,0.6492405905903487,0.758793420410748,0.8476015988707934,True,0.3586568059833633,0.7235305251446806,0.0070483071285742755,0.13454128751561695,False,True,False
600,1773751441.0166347,1773751441016638027,-0.18635867611156554,-0.10544588696256514,0.6241456831926276,-0.5479479152616552,0.6492405905903487,0.758793420410748,0.8476015988707934,True,0.3586568059833633,0.7235305251446806,0.0,0.0,False,True,False
601,1773751441.0667279,1773751441066732657,-0.18635867611156554,-0.10544588696256514,0.6241456831926276,-0.5479479152616552,0.6492405905903487,0.758793420410748,0.8476015988707934,True,0.3586568059833633,0.7235305251446806,0.0,0.0,False,True,False
602,1773751441.1166575,1773751441116662558,-0.3376150660471972,0.5193433738122778,0.7596286038535595,-0.5479479152616552,0.6492405905903487,0.758793420410748,0.2472122406288657,True,0.5383449120017217,0.7235305251446806,0.656959464249318,0.0,False,True,True
603,1773751441.1666393,1773751441166642748,-0.3345010416820019,0.5193433738122778,0.7588716189881568,-0.5606644388759787,0.6527632550928015,0.7561595092320804,0.2625987480750024,True,0.5389928383295299,0.7301005841901461,0.003204711193458583,0.013455728375959415,False,True,False
604,1773751441.2173202,1773751441217327674,-0.3299338059463821,0.5193433738122778,0.7537687045189,-0.5606644388759787,0.6527632550928015,0.7561595092320804,0.2665393134983616,True,0.5408570490397241,0.7301005841901461,0.0068483120800145346,0.0,False,True,True
605,1773751441.266626,1773751441266628658,-0.3249513669620696,0.5193433738122778,0.7427867687342568,-0.5606644388759787,0.6527632550928015,0.7561595092320804,0.2711832354339458,True,0.5442719630630696,0.7301005841901461,0.012059337121518108,0.0,False,True,True
606,1773751441.3166034,1773751441316606289,-0.3230829523429524,0.5193433738122778,0.7372117578150157,-0.6378809624994505,0.66822230504665,0.7407166290642169,0.34824561373612883,True,0.5459815894726838,0.7684433759320268,0.005879772099204859,0.0802487152161874,False,True,False
607,1773751441.366591,1773751441366593759,-0.3230829523429524,0.5193433738122778,0.7372117578150157,-0.6378809624994505,0.66822230504665,0.7407166290642169,0.34824561373612883,True,0.5459815894726838,0.7684433759320268,0.0,0.0,False,True,False
608,1773751441.4166958,1773751441416700319,-0.4342057229139136,0.594732321373301,0.7292195757907579,-0.7316316230157496,0.6712059609759055,0.723672526642628,0.30715005023556174,True,0.6125031443960246,0.8093251755475899,0.1345200302082707,0.095334096614507,False,True,True
609,1773751441.4691346,1773751441469137704,-0.4530518133523582,0.594732321373301,0.712858532595876,-0.7316316230157496,0.6712059609759055,0.723672526642628,0.2890879976294477,True,0.6173237613622445,0.8093251755475899,0.024957140445949055,0.0,False,True,True
610,1773751441.516737,1773751441516741459,-0.4634496563528794,0.594732321373301,0.7003001501435269,-0.7316316230157496,0.6712059609759055,0.723672526642628,0.279850054101209,True,0.6213809172554955,0.8093251755475899,0.01630423591840342,0.0,False,True,True
611,1773751441.5666203,1773751441566622760,-0.48294561197885655,0.594732321373301,0.6699842830453712,-0.7316316230157496,0.6712059609759055,0.723672526642628,0.26566026639313056,True,0.6322182326722531,0.8093251755475899,0.03604364137657446,0.0,False,True,True
612,1773751441.6166303,1773751441616633070,-0.4881445334791171,0.594732321373301,0.6604089318191965,-0.8212319965414708,0.6585693194146446,0.7089583460141953,0.3426068679797924,True,0.6359239675346623,0.8437472928165121,0.010895693455236203,0.09167561702799007,False,True,False
613,1773751441.66662,1773751441666622061,-0.4881445334791171,0.594732321373301,0.6604089318191965,-0.8212319965414708,0.6585693194146446,0.7089583460141953,0.3426068679797924,True,0.6359239675346623,0.8437472928165121,0.0,0.0,False,True,False
614,1773751441.7167456,1773751441716748640,-0.4881445334791171,0.594732321373301,0.6604089318191965,-0.8212319965414708,0.6585693194146446,0.7089583460141953,0.3426068679797924,True,0.6359239675346623,0.8437472928165121,0.0,0.0,False,True,False
615,1773751441.7666173,1773751441766622181,-0.5848069757974853,0.6500860726186334,0.7161250312367905,-0.9077902369412347,0.6306861308751718,0.6963603675250929,0.3241684541258412,True,0.6892128226901902,0.8727326987352715,0.1245469761423103,0.09180691829183132,False,True,True
616,1773751441.816802,1773751441816805700,-0.6292090075350013,0.6500860726186334,0.7204484803198437,-0.9077902369412347,0.6306861308751718,0.6963603675250929,0.2802928759265044,True,0.700190192738178,0.8727326987352715,0.04461202342859076,0.0,False,True,True
617,1773751441.866863,1773751441866866910,-0.6345910719880336,0.6500860726186334,0.7202465947541532,-0.9077902369412347,0.6306861308751718,0.6963603675250929,0.27492670536347397,True,0.7018615741858311,0.8727326987352715,0.005385849566988239,0.0,False,True,True
618,1773751441.9167612,1773751441916765431,-0.6736110392725173,0.6500860726186334,0.7140888394028947,-0.9077902369412347,0.6306861308751718,0.6963603675250929,0.23564921615727036,True,0.7161163861446281,0.8727326987352715,0.0395028580972078,0.0,False,True,True
619,1773751441.9666362,1773751441966639372,-0.6776475876122915,0.6500860726186334,0.7129809502286266,-1.0095653880253,0.5741711724522085,0.6839119831058331,0.34172723501043056,True,0.7178051046646183,0.9011943937376224,0.004185826193452626,0.11707725730637542,False,True,False
620,1773751442.0167532,1773751442016758621,-0.6776475876122915,0.6500860726186334,0.7129809502286266,-1.0095653880253,0.5741711724522085,0.6839119831058331,0.34172723501043056,True,0.7178051046646183,0.9011943937376224,0.0,0.0,False,True,False
621,1773751442.0667367,1773751442066740772,-0.6427544872374978,0.6690677870749348,0.6994596006036576,-1.0600471019968254,0.5328159234030189,0.679243105398201,0.4394387367599028,True,0.72669491274551,0.9120628747304373,0.04196022918367623,0.0654252129417416,False,True,False
622,1773751442.1166384,1773751442116641113,-0.6544816652399971,0.6690677870749348,0.7293755415951215,-1.0600471019968254,0.5328159234030189,0.679243105398201,0.4307680988709187,True,0.7237676915019688,0.9120628747304373,0.032132385988392624,0.0,False,True,True
623,1773751442.1681297,1773751442168134724,-0.6622997839083299,0.6690677870749348,0.7453464522560979,-1.0600471019968254,0.5328159234030189,0.679243105398201,0.42560210510108687,True,0.7233054562527979,0.9120628747304373,0.01778181562307465,0.0,False,True,True
624,1773751442.2166655,1773751442216669023,-0.6696835626506442,0.6690677870749348,0.7575116151025758,-1.0600471019968254,0.5328159234030189,0.679243105398201,0.42080188071857727,True,0.7237381925023263,0.9120628747304373,0.014230649162873086,0.0,False,True,True
625,1773751442.266682,1773751442266685674,-0.6831481003572174,0.6690677870749348,0.7723965073520344,-1.1437718454208419,0.43085920734844696,0.675320884881276,0.5275805516220576,True,0.726240996985786,0.922300566464639,0.0200712180230728,0.1319863190782794,False,True,False
626,1773751442.316648,1773751442316650534,-0.6831481003572174,0.6690677870749348,0.7723965073520344,-1.1437718454208419,0.43085920734844696,0.675320884881276,0.5275805516220576,True,0.726240996985786,0.922300566464639,0.0,0.0,False,True,False
627,1773751442.367344,1773751442367347810,-0.6831481003572174,0.6690677870749348,0.7723965073520344,-1.1437718454208419,0.43085920734844696,0.675320884881276,0.5275805516220576,True,0.726240996985786,0.922300566464639,0.0,0.0,False,True,False
628,1773751442.4167151,1773751442416718784,-0.7268206387133653,0.6720514430041902,0.6749672043262944,-1.1628117558852473,0.3962769641688236,0.6759998376098353,0.5158884411975151,True,0.7653789498043062,0.9216401570645242,0.10681133786848122,0.039483043330457726,False,True,True
629,1773751442.4667253,1773751442466729045,-0.7164722385141373,0.6720514430041902,0.6783732795116435,-1.1628117558852473,0.3962769641688236,0.6759998376098353,0.52466766735759,True,0.7604017178016358,0.9216401570645242,0.010894527747985817,0.0,False,True,True
630,1773751442.5165975,1773751442516600146,-0.7111311287338906,0.6720514430041902,0.6764426938008558,-1.1628117558852473,0.3962769641688236,0.6759998376098353,0.5292137075344581,True,0.7588380939104017,0.9216401570645242,0.005679314648031477,0.0,False,True,True
631,1773751442.5666847,1773751442566688525,-0.7047885608698476,0.6720514430041902,0.6708882982692942,-1.20369436619114,0.27002627697778486,0.6850226554817787,0.6408829977114824,True,0.7579043604807081,0.906048961433075,0.008430864536393742,0.13301140960076785,False,True,False
632,1773751442.6169071,1773751442616910245,-0.6997812704508664,0.6720514430041902,0.6640016991654301,-1.20369436619114,0.27002627697778486,0.6850226554817787,0.6449763738165598,True,0.7579252884148923,0.906048961433075,0.008514587750288566,0.0,False,True,True
633,1773751442.6666594,1773751442666662826,-0.6997812704508664,0.6720514430041902,0.6640016991654301,-1.20369436619114,0.27002627697778486,0.6850226554817787,0.6449763738165598,True,0.7579252884148923,0.906048961433075,0.0,0.0,False,True,False
634,1773751442.7166636,1773751442716666247,-0.8266708680582804,0.6594148014429293,0.6527163314283125,-1.20369436619114,0.27002627697778486,0.6850226554817787,0.5429676230709602,True,0.8059893611035553,0.906048961433075,0.1280156795704386,0.0,False,True,True
635,1773751442.7666295,1773751442766632497,-0.8442021039116628,0.6594148014429293,0.6413274814985375,-1.2058882930734147,0.25365547497979124,0.6870749374961165,0.5454817688726366,True,0.8181551709811238,0.9023776099004062,0.020905744025742305,0.016644168188547442,False,True,True
636,1773751442.8166811,1773751442816686327,-0.8547208454236923,0.6594148014429293,0.6315511715406712,-1.2058882930734147,0.25365547497979124,0.6870749374961165,0.5394831747946501,True,0.8264848136977021,0.9023776099004062,0.01436036766204707,0.0,False,True,True
637,1773751442.866608,1773751442866610888,-0.8792645756184277,0.6594148014429293,0.6001560316389841,-1.2010559930818794,0.13401757506808867,0.7088801633174953,0.6256300013944018,True,0.8492883627963148,0.8630506094504352,0.039850338785491796,0.12170474966743113,False,True,False
638,1773751442.9165926,1773751442916595639,-0.8932895643011337,0.6594148014429293,0.5768204516951635,-1.2010559930818794,0.13401757506808867,0.7088801633174953,0.6230587352734915,True,0.8647205293134945,0.8630506094504352,0.027225899413324692,0.0,False,True,True
639,1773751442.9665961,1773751442966599779,-0.8932895643011337,0.6594148014429293,0.5768204516951635,-1.2010559930818794,0.13401757506808867,0.7088801633174953,0.6230587352734915,True,0.8647205293134945,0.8630506094504352,0.0,0.0,False,True,False
640,1773751443.0166702,1773751443016674549,-0.8960945620376749,0.6594148014429293,0.5716824557063994,-1.2010559930818794,0.13401757506808867,0.7088801633174953,0.6227896361377928,True,0.8680409540514632,0.8630506094504352,0.005853803471466817,0.0,False,True,True
641,1773751443.066644,1773751443066648549,-0.9374046374574098,0.6315316129034565,0.65680728477593,-1.2010559930818796,0.13401757506808873,0.7088801633174953,0.5654589638917019,True,0.8450725106325078,0.8630506094504354,0.0986419335700024,2.2887833992611187e-16,False,True,True
642,1773751443.1166368,1773751443116641170,-0.9753406483769479,0.6315316129034565,0.6680502137190387,-1.2010559930818796,0.13401757506808873,0.7088801633174953,0.5478455251827201,True,0.8660620018427146,0.8630506094504354,0.03956696065794173,0.0,False,True,True
643,1773751443.1667128,1773751443166718170,-0.9854569179554914,0.6315316129034565,0.6695572081038679,-1.2010559930818796,0.13401757506808873,0.7088801633174953,0.543644620910884,True,0.8722271549228544,0.8630506094504354,0.010227900188292382,0.0,False,True,True
644,1773751443.2166517,1773751443216654610,-1.0158057266911205,0.6315316129034565,0.6703111512583547,-1.1703288928783768,0.049090346712570426,0.7362753704105631,0.606190164600959,True,0.89202798868588,0.8149905885308968,0.030358172243269067,0.09437842006909486,False,True,False
645,1773751443.266675,1773751443266677731,-1.027186529966981,0.6315316129034565,0.6691370949412868,-1.1703288928783768,0.049090346712570426,0.7362753704105631,0.603518941421799,True,0.8999371980037145,0.8149905885308968,0.011441201485835427,0.0,False,True,True
646,1773751443.3170898,1773751443317093129,-1.027186529966981,0.6315316129034565,0.6691370949412868,-1.1703288928783768,0.049090346712570426,0.7362753704105631,0.603518941421799,True,0.8999371980037145,0.8149905885308968,0.0,0.0,False,True,False
647,1773751443.3666782,1773751443366681512,-1.0646677961591227,0.5336614054313036,0.6414188811830135,-1.1703288928783768,0.049090346712570426,0.7362753704105631,0.5049466623875097,True,0.8688791255400303,0.8149905885308968,0.10840536056836755,0.0,False,True,True
648,1773751443.4189322,1773751443418937998,-1.07460203439275,0.5336614054313036,0.6730667427024556,-1.1703288928783768,0.049090346712570426,0.7362753704105631,0.49796392740846535,True,0.8683749929494045,0.8149905885308968,0.033170411936487135,0.0,False,True,True
649,1773751443.4666173,1773751443466621143,-1.0786926030771848,0.5336614054313036,0.6828020550928139,-1.1451150328400852,0.010410052954481393,0.7553398662419919,0.5324149238054329,True,0.8692584604492598,0.7829786365409137,0.010559785012013382,0.049953567085336215,False,True,False
650,1773751443.5166743,1773751443516681183,-1.0842440891489178,0.5336614054313036,0.692938829765442,-1.1451150328400852,0.010410052954481393,0.7553398662419919,0.5304631363327943,True,0.8712983225996112,0.7829786365409137,0.011557387177397797,0.0,False,True,True
651,1773751443.566624,1773751443566628434,-1.092717409995247,0.5336614054313036,0.7015829890026118,-1.1339537434633955,-0.0027812698416047124,0.7636868781887853,0.5415977031929695,True,0.8760230993502288,0.7694310236882465,0.01210448904672919,0.019190049142736962,False,True,False
652,1773751443.6165867,1773751443616589984,-1.092717409995247,0.5336614054313036,0.7015829890026118,-1.1339537434633955,-0.0027812698416047124,0.7636868781887853,0.5415977031929695,True,0.8760230993502288,0.7694310236882465,0.0,0.0,False,True,False
653,1773751443.6666658,1773751443666669534,-1.092717409995247,0.5336614054313036,0.7015829890026118,-1.1339537434633955,-0.0027812698416047124,0.7636868781887853,0.5415977031929695,True,0.8760230993502288,0.7694310236882465,0.0,0.0,False,True,False
654,1773751443.7166214,1773751443716624825,-1.1387247875429314,0.4317046893767317,0.6243671127441097,-1.1339537434633955,-0.0027812698416047124,0.7636868781887853,0.4563012257961249,True,0.8750718921310191,0.7694310236882465,0.13591961699407515,0.0,False,True,True
655,1773751443.7666302,1773751443766632875,-1.1358462412947905,0.4317046893767317,0.6223291769858543,-1.1082953013219017,-0.02700051551633697,0.7832654903831261,0.48689836337708786,True,0.8732966481334553,0.7388493201059791,0.0035269265171622042,0.040351574562064015,False,True,False
656,1773751443.8165936,1773751443816596736,-1.1300891487985087,0.4317046893767317,0.6107192254693431,-1.1029946090798497,-0.03106875842525955,0.7874701127135095,0.496119193556053,True,0.8720318591677595,0.7325523680956791,0.012958977128866504,0.007894731632684419,False,True,True
657,1773751443.867845,1773751443867850409,-1.1241521471617182,0.4317046893767317,0.5882252379679396,-1.1029946090798497,-0.03106875842525955,0.7874701127135095,0.5042870467507627,True,0.8743218063868479,0.7325523680956791,0.02326429586616693,0.0,False,True,True
658,1773751443.9167275,1773751443916731566,-1.1241521471617182,0.4317046893767317,0.5882252379679396,-1.1029946090798497,-0.03106875842525955,0.7874701127135095,0.5042870467507627,True,0.8743218063868479,0.7325523680956791,0.0,0.0,False,True,False
659,1773751443.9666674,1773751443966672557,-1.1241521471617182,0.4317046893767317,0.5882252379679396,-1.1029946090798497,-0.03106875842525955,0.7874701127135095,0.5042870467507627,True,0.8743218063868479,0.7325523680956791,0.0,0.0,False,True,False
660,1773751444.0167358,1773751444016740137,-1.1643295396866038,0.3971224461971083,0.6220072670763929,-1.1029946090798497,-0.03106875842525955,0.7874701127135095,0.46312809752251277,True,0.8807597483423826,0.7325523680956791,0.06286000241900828,0.0,False,True,True
661,1773751444.066739,1773751444066743497,-1.1800891972846674,0.3971224461971083,0.6233085477980198,-1.1029946090798497,-0.03106875842525955,0.7874701127135095,0.4650164541625677,True,0.8937505939396877,0.7325523680956791,0.015813289952589966,0.0,False,True,True
662,1773751444.1169038,1773751444116908957,-1.204717603051664,0.3971224461971083,0.620306190141741,-1.082763046452018,-0.044177620817650955,0.8042180692771025,0.4933986646817633,True,0.9156181513657244,0.7084156495797456,0.024810734010102246,0.029353917091974782,False,True,False
663,1773751444.166597,1773751444166599709,-1.2411676435868189,0.3971224461971083,0.6046106308104496,-1.0812767618803156,-0.044986354587771026,0.8055133861575723,0.511260406143868,True,0.951384589781171,0.7066258044213399,0.03968571578964556,0.002130947667082166,False,True,True
664,1773751444.2166286,1773751444216631669,-1.2569298232776966,0.3971224461971083,0.5936639219104322,-1.0812767618803156,-0.044986354587771026,0.8055133861575723,0.520763271757443,True,0.9681463903909352,0.7066258044213399,0.019190537885875998,0.0,False,True,True
665,1773751444.2666104,1773751444266613400,-1.2569298232776966,0.3971224461971083,0.5936639219104322,-1.0812767618803156,-0.044986354587771026,0.8055133861575723,0.520763271757443,True,0.9681463903909352,0.7066258044213399,0.0,0.0,False,True,False
666,1773751444.316658,1773751444316661580,-1.1642130809346103,0.39712244619710835,0.6227498442396311,-1.0812767618803156,-0.044986354587771026,0.8055133861575723,0.4855318084370075,False,0.8804482946221561,0.7066258044213399,0.09717193621851143,0.0,True,False,True
667,1773751444.3668716,1773751444366874840,-1.1779186960772587,0.39712244619710924,0.6359009721660779,-1.0812767618803156,-0.044986354587771026,0.8055133861575723,0.48328896755129147,False,0.8884340485444351,0.7066258044213399,0.018994632193758406,0.0,True,False,True
668,1773751444.4168887,1773751444416892900,-1.206214865816489,0.39712244619711107,0.6550870579507244,-1.0691255040757937,-0.05088173920948015,0.8164879973336007,0.4955315393372752,False,0.9078554416356633,0.6918825733745123,0.03418741156693718,0.017402606601737793,True,False,True
669,1773751444.466768,1773751444466773191,-1.214789462707165,0.3971224461971116,0.658791873340011,-1.0691255040757937,-0.05088173920948015,0.8164879973336007,0.4967834603814697,False,0.9144081331112476,0.6918825733745123,0.009340737064401434,0.0,True,False,True
670,1773751444.5166926,1773751444516695662,-1.2345110355557194,0.3971224461971129,0.6635900537353705,-1.0687463169628788,-0.05104288388,0.8168450724018472,0.5018139154704194,False,0.9304989993271054,0.6914178887658455,0.02029687095902354,0.0005452092037016005,True,False,True
671,1773751444.5668545,1773751444566860292,-1.2610922859168145,0.3971224461971146,0.6618461964421603,-1.0687463169628788,-0.05104288388,0.8168450724018472,0.5117360514999153,False,0.9542414635359762,0.6914178887658455,0.026638391637227348,0.0,True,False,True
672,1773751444.616641,1773751444616644814,-1.2825287781435042,0.397122446197116,0.6535728599153785,-1.0627543739261882,-0.053426052284914614,0.822609484157139,0.529025631296385,False,0.9750342841945341,0.6840374419536559,0.022977625992915512,0.008649353495243086,True,False,True
673,1773751444.666668,1773751444666673514,-1.2971055928576531,0.39712244619711695,0.6444448210771657,-1.0627543739261882,-0.053426052284914614,0.822609484157139,0.5381980030337133,False,0.9900383249989639,0.6840374419536559,0.017198971487927713,0.0,True,False,True
674,1773751444.7166853,1773751444716688624,-1.3193995447734104,0.3971224461971184,0.6250005010893109,-1.0627543739261882,-0.053426052284914614,0.822609484157139,0.554896389781656,False,1.0144581025146973,0.6840374419536559,0.029582120813291674,0.0,True,False,True
675,1773751444.7667477,1773751444766752165,-1.3356912788656945,0.39712244619711945,0.606597415328956,-1.0627543739261882,-0.053426052284914614,0.822609484157139,0.5693414770081345,False,1.0335552214327959,0.6840374419536559,0.02457832714479717,0.0,True,False,True
676,1773751444.8166127,1773751444816617346,-1.361415069537722,0.3971224461971211,0.5703295614968172,-1.061055852108332,-0.054040497567057755,0.8242943956701569,0.5985497459004115,False,1.0662046228778603,0.6819290764313968,0.04446426237021897,0.002470110559708235,True,False,True
677,1773751444.8694146,1773751444869418629,-1.3794217230081414,0.3971224461971223,0.5396888088143198,-1.060639317543146,-0.05418727956893865,0.8247110666689963,0.6217237152286081,False,1.0911597000638051,0.6814109476254961,0.03554005197173658,0.0006071743747429778,True,False,True
678,1773751444.9166696,1773751444916673466,-1.394855997411358,0.3971224461971233,0.5099819965150354,-1.060639317543146,-0.05418727956893865,0.8247110666689963,0.6437667631006945,False,1.1141311314599938,0.6814109476254961,0.033477029786686575,0.0,True,False,True
679,1773751444.966691,1773751444966694797,-1.406860433058304,0.39712244619712406,0.48467925806003664,-1.060639317543146,-0.05418727956893865,0.8247110666689963,0.6626999021166966,False,1.1331149926191542,0.6814109476254961,0.0280059823702677,0.0,True,False,True
680,1773751445.0166821,1773751445016686287,-1.430011844663129,0.39712244619712556,0.43045128461111104,-1.060639317543146,-0.05418727956893865,0.8247110666689963,0.7039583141851324,False,1.17279717565595,0.6814109476254961,0.05896321703972229,0.0,True,False,True
681,1773751445.0666735,1773751445066676578,-1.4488759578226158,0.3971224461971268,0.3809779384675423,-1.0600999730642575,-0.05437525737244124,0.8252524304349118,0.7432205371666535,False,1.2084490910913714,0.6807394997413291,0.05294777373917901,0.0007869579712814998,True,False,True
682,1773751445.1184502,1773751445118453598,-1.4737422888055758,0.3971224461971284,0.3085085780964739,-1.0600356768438979,-0.05439750977543858,0.8253171075211583,0.8013204649254778,False,1.260551836008243,0.6806594129951331,0.07661685590746915,9.387384554296313e-05,True,False,True
683,1773751445.1667452,1773751445166750159,-1.4874616438306572,0.3971224461971293,0.2649938827193331,-1.0600356768438979,-0.05439750977543858,0.8253171075211583,0.8369739208292888,False,1.2920090415030447,0.6806594129951331,0.045626192215322825,0.0,True,False,True
684,1773751445.2167091,1773751445216715580,-1.5037533779229413,0.39712244619713033,0.21005835695897823,-1.0600356768438979,-0.05439750977543858,0.8253171075211583,0.8827791337790425,False,1.3320563986164342,0.6806594129951331,0.05730037164190392,0.0,True,False,True
685,1773751445.2666795,1773751445266683800,-1.531192087973104,0.3971224461971321,0.10953040620469597,-1.0598822821377585,-0.054450463498098026,0.8254715323747561,0.9688254342185808,False,1.406554981732346,0.6804683094205403,0.10420533427839623,0.00022401131226748792,True,False,True
686,1773751445.3167117,1773751445316715221,-1.545768902687253,0.39712244619713305,0.05203906736648348,-1.0598822821377585,-0.054450463498098026,0.8254715323747561,1.0189218216960507,False,1.4499398657668472,0.6804683094205403,0.0593105181955173,0.0,True,False,True
687,1773751445.3667538,1773751445366760031,-1.556079580384275,0.3971224461971334,0.032330762335169703,-1.0598747750959654,-0.05445305010137784,0.8254790962955175,1.0388570244805257,False,1.4691744382335887,0.6804589549189599,0.022242467529012527,1.0966270573674022e-05,True,False,True
688,1773751445.4166403,1773751445416645033,-1.5638551553710998,0.3971224461971334,0.03262404893281201,-1.0598747750959654,-0.05445305010137784,0.8254790962955175,1.0423702694762709,False,1.475027841305813,0.6804589549189599,0.007781104253516354,0.0,True,False,True
689,1773751445.466739,1773751445466742253,-1.5655609404842228,0.3971224461971334,0.0324386189478744,-1.0598747750959654,-0.05445305010137784,0.8254790962955175,1.0433370143123,False,1.476456847392853,0.6804589549189599,0.001715834237759026,0.0,False,False,False
690,1773751445.5208786,1773751445520882968,-1.572727302416898,0.3971224461971334,0.030622304896194635,-1.0598788788195426,-0.054451494832698885,0.8254828453988377,1.0482059953328167,False,1.4830573814445496,0.6804614521127094,0.007392952054790099,5.7719306619705514e-06,True,False,True
691,1773751445.5666895,1773751445566695634,-1.5765032782425819,0.3971224461971334,0.028910548010431872,-1.0598788788195426,-0.054451494832698885,0.8254828453988377,1.0513549444707402,False,1.486967539096213,0.6804614521127094,0.004145853961743638,0.0,True,False,True
692,1773751445.6168084,1773751445616811304,-1.582038162872966,0.3971224461971334,0.025177171538889785,-1.059919399765124,-0.05443734965484118,0.8254518577057502,1.0568603622705353,False,1.4933977355166241,0.6805086790946714,0.006676304947343804,5.29364733460247e-05,True,False,True
693,1773751445.6667333,1773751445666736695,-1.5864368746933324,0.3971224461971334,0.028544129608145126,-1.059919399765124,-0.05443734965484118,0.8254518577057502,1.0564983803756351,False,1.4949139746881215,0.6805086790946714,0.005539410827764458,0.0,True,False,True
694,1773751445.7187364,1773751445718740573,-1.5885491524113966,0.3971224461971334,0.029980654822841915,-1.059919399765124,-0.05443734965484118,0.8254518577057502,1.0564705860688774,False,1.4957506762564758,0.6805086790946714,0.002554470953189764,0.0,False,False,False
695,1773751445.7666757,1773751445766678957,-1.5908719422311424,0.3971224461971334,0.031318994560456885,-1.0610321444097996,-0.05404379620988656,0.8245937847818438,1.0552564060188485,False,1.4968112826177986,0.6818078615098839,0.002680765898021284,0.0014592375067245017,False,False,False
696,1773751445.8167424,1773751445816746937,-1.5922270269532326,0.3971224461971334,0.031995384573206366,-1.0610321444097996,-0.05404379620988656,0.8245937847818438,1.0554293939157147,False,1.4974906533440915,0.6818078615098839,0.0015145157818225571,0.0,False,False,False
697,1773751445.866625,1773751445866628398,-1.594770512118922,0.3971224461971334,0.0330768028767263,-1.0610321444097996,-0.05404379620988656,0.8245937847818438,1.055900921534144,False,1.4988748112295687,0.6818078615098839,0.002763834715620631,0.0,False,False,False
698,1773751445.9165885,1773751445916591659,-1.5960539807602976,0.3971224461971334,0.03353564392980857,-1.0610321444097996,-0.05404379620988656,0.8245937847818438,1.0562065734825774,False,1.499623453558902,0.6818078615098839,0.0013630212270497658,0.0,False,False,False
699,1773751445.966587,1773751445966589939,-1.5967141611406088,0.3971224461971334,0.03375072581025717,-1.0631220907220893,-0.053277317405472355,0.8229821848427806,1.0537868572882332,False,1.5000206108133745,0.68424760056817,0.0006943330251725007,0.0027482029964064863,False,False,False
