{
  "timestamp": "2026-03-16T14:16:15",
  "status": "OK",
  "source": "infer_model",
  "grasp": {
    "cx": 155.26843070983887,
    "cy": 129.4624900817871,
    "w": 22.11495876312256,
    "h": 16.69952630996704,
    "angle_deg": -0.36513062193989754
  },
  "grasp_base": {
    "x": 0.5841163232774895,
    "y": 0.014242081352962946,
    "z": 0.07499999999999996,
    "yaw_deg": -90.0
  },
  "frame": "/camera_overhead/image",
  "cornell": {
    "iou": 0.17325328051995095,
    "dtheta": 0.36513062193989754,
    "success": false
  },
  "cornell_reason": "Ref box_lightblue: pred 22.1x16.7px vs ref 18.5x21.6px",
  "perf": {
    "infer_ms": 217.35477447509766,
    "total_ms": 256.9150924682617
  },
  "frame_info": {
    "w": 320,
    "h": 240,
    "ts": 1773666974.7859435
  },
  "artifacts": {
    "image_path": "/home/laboratorio/TFM/agarre_ros2_ws/log/panel_infer/frame_20260316_141614.png",
    "grasp_path": "/home/laboratorio/TFM/agarre_ros2_ws/log/panel_infer/grasp_20260316_141614.json"
  }
}